Provinsi;Kab_Kota;Kecamatan 
Aceh;Aceh Barat;Bubon
Aceh;Aceh Barat;Arongan Lambalek
Aceh;Aceh Barat;Woyla
Aceh;Aceh Barat;Samatiga
Aceh;Aceh Barat;Pante Ceureumen
Aceh;Aceh Barat;Meureubo
Aceh;Aceh Barat;Kaway XVI
Aceh;Aceh Barat;Sungai Mas
Aceh;Aceh Barat;Johan Pahlawan
Aceh;Aceh Barat;Woyla Barat
Aceh;Aceh Barat;Woyla Timur
Aceh;Aceh Barat;Panton Reu
Aceh;Aceh Barat Daya;Jeumpa
Aceh;Aceh Barat Daya;Lembah Sabil
Aceh;Aceh Barat Daya;Tangan-Tangan
Aceh;Aceh Barat Daya;Manggeng
Aceh;Aceh Barat Daya;Blang Pidie
Aceh;Aceh Barat Daya;Babah Rot
Aceh;Aceh Barat Daya;Setia
Aceh;Aceh Barat Daya;Susoh
Aceh;Aceh Barat Daya;Kuala Batee
Aceh;Aceh Besar;Krueng Barona Jaya
Aceh;Aceh Besar;Leupung
Aceh;Aceh Besar;Baitussalam
Aceh;Aceh Besar;Blang Bintang
Aceh;Aceh Besar;Darul Imarah
Aceh;Aceh Besar;Peukan Bada
Aceh;Aceh Besar;Montasik
Aceh;Aceh Besar;Sukamakmur
Aceh;Aceh Besar;Mesjid Raya
Aceh;Aceh Besar;Indrapuri
Aceh;Aceh Besar;Seulimeum
Aceh;Aceh Besar;Lhoong
Aceh;Aceh Besar;Lhoknga
Aceh;Aceh Besar;Simpang Tiga
Aceh;Aceh Besar;Darul Kamal
Aceh;Aceh Besar;Kota Cot Glie
Aceh;Aceh Besar;Kuta Malaka
Aceh;Aceh Besar;Ingin Jaya
Aceh;Aceh Besar;Kuta Baro
Aceh;Aceh Besar;Lembah Seulawah
Aceh;Aceh Besar;Kota Jantho
Aceh;Aceh Besar;Darussalam
Aceh;Aceh Besar;Pulo Aceh
Aceh;Aceh Jaya;Sampoiniet
Aceh;Aceh Jaya;Jaya
Aceh;Aceh Jaya;Krueng Sabee
Aceh;Aceh Jaya;Setia Bhakti
Aceh;Aceh Jaya;Darul Hikmah
Aceh;Aceh Jaya;Pasie Raya
Aceh;Aceh Jaya;Panga
Aceh;Aceh Jaya;Indra Jaya
Aceh;Aceh Jaya;Teunom
Aceh;Aceh Selatan;Tapaktuan
Aceh;Aceh Selatan;Trumon
Aceh;Aceh Selatan;Kluet Tengah
Aceh;Aceh Selatan;Kluet Timur
Aceh;Aceh Selatan;Labuhan Haji Timur
Aceh;Aceh Selatan;Labuhan Haji Barat
Aceh;Aceh Selatan;Kota Bahagia
Aceh;Aceh Selatan;Trumon Tengah
Aceh;Aceh Selatan;Bakongan Timur
Aceh;Aceh Selatan;Trumon Timur
Aceh;Aceh Selatan;Pasi Raja
Aceh;Aceh Selatan;Kluet Utara
Aceh;Aceh Selatan;Kluet Selatan
Aceh;Aceh Selatan;Bakongan
Aceh;Aceh Selatan;Samadua
Aceh;Aceh Selatan;Sawang
Aceh;Aceh Selatan;Labuhanhaji
Aceh;Aceh Selatan;Meukek
Aceh;Aceh Singkil;Pulau Banyak
Aceh;Aceh Singkil;Singkil
Aceh;Aceh Singkil;Simpang Kanan
Aceh;Aceh Singkil;Kota Baharu
Aceh;Aceh Singkil;Gunung Meriah
Aceh;Aceh Singkil;Danau Paris
Aceh;Aceh Singkil;Suro Makmur
Aceh;Aceh Singkil;Singkil Utara
Aceh;Aceh Singkil;Pulau Banyak Barat
Aceh;Aceh Singkil;Singkohor
Aceh;Aceh Singkil;Kuala Baru
Aceh;Aceh Tamiang;Kejuruan Muda
Aceh;Aceh Tamiang;Tamiang Hulu
Aceh;Aceh Tamiang;Seruway
Aceh;Aceh Tamiang;Kota Kualasinpang
Aceh;Aceh Tamiang;Rantau
Aceh;Aceh Tamiang;Banda Mulia
Aceh;Aceh Tamiang;Bendahara
Aceh;Aceh Tamiang;Karang Baru
Aceh;Aceh Tamiang;Manyak Payed
Aceh;Aceh Tamiang;Bandar Pusaka
Aceh;Aceh Tamiang;Tenggulun
Aceh;Aceh Tamiang;Sekerak
Aceh;Aceh Tengah;Bebesen
Aceh;Aceh Tengah;Pegasing
Aceh;Aceh Tengah;Bintang
Aceh;Aceh Tengah;Linge
Aceh;Aceh Tengah;Silih Nara
Aceh;Aceh Tengah;Laut Tawar
Aceh;Aceh Tengah;Atu Lintang
Aceh;Aceh Tengah;Jagong Jeget
Aceh;Aceh Tengah;Kute Panang
Aceh;Aceh Tengah;Celala
Aceh;Aceh Tengah;Ketol
Aceh;Aceh Tengah;Kebayakan
Aceh;Aceh Tengah;Bies
Aceh;Aceh Tengah;Rusip Antara
Aceh;Aceh Tenggara;Bambel
Aceh;Aceh Tenggara;Babussalam
Aceh;Aceh Tenggara;Lawe Alas
Aceh;Aceh Tenggara;Lawe Sigala-Gala
Aceh;Aceh Tenggara;Darul Hasanah
Aceh;Aceh Tenggara;Lawe Bulan
Aceh;Aceh Tenggara;Badar
Aceh;Aceh Tenggara;Babul Makmur
Aceh;Aceh Tenggara;Bukit Tusam
Aceh;Aceh Tenggara;Lawe Sumur
Aceh;Aceh Tenggara;Tanoh Alas
Aceh;Aceh Tenggara;Ketambe
Aceh;Aceh Tenggara;Deleng Pokhkisen
Aceh;Aceh Tenggara;Leuser
Aceh;Aceh Tenggara;Semadam
Aceh;Aceh Tenggara;Babul Rahmah
Aceh;Aceh Timur;Birem Bayeun
Aceh;Aceh Timur;Serbajadi
Aceh;Aceh Timur;Julok
Aceh;Aceh Timur;Idi Rayeuk
Aceh;Aceh Timur;Rantau Selamat
Aceh;Aceh Timur;Simpang Ulim
Aceh;Aceh Timur;Nurussalam
Aceh;Aceh Timur;Peureulak
Aceh;Aceh Timur;Darul Aman
Aceh;Aceh Timur;Banda Alam
Aceh;Aceh Timur;Peudawa
Aceh;Aceh Timur;Indra Makmu
Aceh;Aceh Timur;Idi Tunong
Aceh;Aceh Timur;Sungai Raya
Aceh;Aceh Timur;Peureulak Timur
Aceh;Aceh Timur;Peureulak Barat
Aceh;Aceh Timur;Pante Bidari
Aceh;Aceh Timur;Madat
Aceh;Aceh Timur;Rantau Peureulak
Aceh;Aceh Timur;Peunaron
Aceh;Aceh Timur;Darul Falah
Aceh;Aceh Timur;Idi Timur
Aceh;Aceh Timur;Simpang Jernih
Aceh;Aceh Timur;Darul Ihsan
Aceh;Aceh Utara;Seunuddon
Aceh;Aceh Utara;Meurah Mulia
Aceh;Aceh Utara;Samudera
Aceh;Aceh Utara;Baktiya
Aceh;Aceh Utara;Dewantara
Aceh;Aceh Utara;Matangkuli
Aceh;Aceh Utara;Muara Batu
Aceh;Aceh Utara;Kuta Makmur
Aceh;Aceh Utara;Lhoksukon
Aceh;Aceh Utara;Langkahan
Aceh;Aceh Utara;Baktiya Barat
Aceh;Aceh Utara;Tanah Luas
Aceh;Aceh Utara;Tanah Pasir
Aceh;Aceh Utara;Syamtalira Aron
Aceh;Aceh Utara;Syamtalira Bayu
Aceh;Aceh Utara;Nisam
Aceh;Aceh Utara;Cot Girek
Aceh;Aceh Utara;T. Jambo Aye
Aceh;Aceh Utara;Sawang
Aceh;Aceh Utara;Paya Bakong
Aceh;Aceh Utara;Lapang
Aceh;Aceh Utara;Pirak Timur
Aceh;Aceh Utara;Nibong
Aceh;Aceh Utara;Simpang Kramat
Aceh;Aceh Utara;Nisam Antara
Aceh;Aceh Utara;Geuredong Pase
Aceh;Aceh Utara;Banda Baro
Aceh;Bener Meriah;Timang Gajah
Aceh;Bener Meriah;Bener Kelipah
Aceh;Bener Meriah;Bukit
Aceh;Bener Meriah;Wih Pesam
Aceh;Bener Meriah;Mesidah
Aceh;Bener Meriah;Syiah Utama
Aceh;Bener Meriah;Bandar
Aceh;Bener Meriah;Pintu Rime Gayo
Aceh;Bener Meriah;Permata
Aceh;Bener Meriah;Gajah Putih
Aceh;Bireuen;Samalanga
Aceh;Bireuen;Jeunieb
Aceh;Bireuen;Peusangan
Aceh;Bireuen;Makmur
Aceh;Bireuen;Peudada
Aceh;Bireuen;Jeumpa
Aceh;Bireuen;Juli
Aceh;Bireuen;Gandapura
Aceh;Bireuen;Pandrah
Aceh;Bireuen;Peulimbang
Aceh;Bireuen;Kota Juang
Aceh;Bireuen;Jangka
Aceh;Bireuen;Simpang Mamplam
Aceh;Bireuen;Peusangan Selatan
Aceh;Bireuen;Kuta Blang
Aceh;Bireuen;Kuala
Aceh;Bireuen;Peusangan Siblah Krueng
Aceh;Gayo Lues;Rikit Gaib
Aceh;Gayo Lues;Terangun
Aceh;Gayo Lues;Blangkejeren
Aceh;Gayo Lues;Kutapanjang
Aceh;Gayo Lues;Puteri Betung
Aceh;Gayo Lues;Dabun Gelang
Aceh;Gayo Lues;Pining
Aceh;Gayo Lues;Blangpegayon
Aceh;Gayo Lues;Blangjerango
Aceh;Gayo Lues;Teripe Jaya
Aceh;Gayo Lues;Pantan Cuaca
Aceh;Kota Banda Aceh;Ulee Kareng
Aceh;Kota Banda Aceh;Meuraxa
Aceh;Kota Banda Aceh;Syiah Kuala
Aceh;Kota Banda Aceh;Baiturrahman
Aceh;Kota Banda Aceh;Kuta Alam
Aceh;Kota Banda Aceh;Banda Raya
Aceh;Kota Banda Aceh;Jaya Baru
Aceh;Kota Banda Aceh;Lueng Bata
Aceh;Kota Banda Aceh;Kuta Raja
Aceh;Kota Langsa;Langsa Barat
Aceh;Kota Langsa;Langsa Kota
Aceh;Kota Langsa;Langsa Timur
Aceh;Kota Langsa;Langsa Lama
Aceh;Kota Langsa;Langsa Baro
Aceh;Kota Lhokseumawe;Muara Dua
Aceh;Kota Lhokseumawe;Banda Sakti
Aceh;Kota Lhokseumawe;Blang Mangat
Aceh;Kota Lhokseumawe;Muara Satu
Aceh;Kota Sabang;Sukakarya
Aceh;Kota Sabang;Sukajaya
Aceh;Kota Sabang;Sukamakmue
Aceh;Kota Subulussalam;Longkib
Aceh;Kota Subulussalam;Rundeng
Aceh;Kota Subulussalam;Sultan Daulat
Aceh;Kota Subulussalam;Simpang Kiri
Aceh;Kota Subulussalam;Penanggalan
Aceh;Nagan Raya;Beutong Ateuh Banggalang
Aceh;Nagan Raya;Darul Makmur
Aceh;Nagan Raya;Suka Makmue
Aceh;Nagan Raya;Seunagan Timur
Aceh;Nagan Raya;Beutong
Aceh;Nagan Raya;Tripa Makmur
Aceh;Nagan Raya;Kuala Pesisir
Aceh;Nagan Raya;Tadu Raya
Aceh;Nagan Raya;Kuala
Aceh;Nagan Raya;Seunagan
Aceh;Pidie;Kembang Tanjong
Aceh;Pidie;Kota Sigli
Aceh;Pidie;Glumpang Tiga
Aceh;Pidie;Indrajaya
Aceh;Pidie;Delima
Aceh;Pidie;Geumpang
Aceh;Pidie;Batee
Aceh;Pidie;Tangse
Aceh;Pidie;Sakti
Aceh;Pidie;Simpang Tiga
Aceh;Pidie;Mila
Aceh;Pidie;Muara Tiga
Aceh;Pidie;Peukan Baro
Aceh;Pidie;Pidie
Aceh;Pidie;Mutiara
Aceh;Pidie;Padang Tiji
Aceh;Pidie;Glumpang Baro
Aceh;Pidie;Keumala
Aceh;Pidie;Tiro/Truseb
Aceh;Pidie;Mane
Aceh;Pidie;Mutiara Timur
Aceh;Pidie;Grong-Grong
Aceh;Pidie;Titeue
Aceh;Pidie Jaya;Trienggadeng
Aceh;Pidie Jaya;Bandar Baru
Aceh;Pidie Jaya;Panteraja
Aceh;Pidie Jaya;Meureudu
Aceh;Pidie Jaya;Bandar Dua
Aceh;Pidie Jaya;Meurah Dua
Aceh;Pidie Jaya;Ulim
Aceh;Pidie Jaya;Jangka Buaya
Aceh;Simeulue;Simeulue Cut
Aceh;Simeulue;Alafan
Aceh;Simeulue;Teupah Tengah
Aceh;Simeulue;Salang
Aceh;Simeulue;Teupah Barat
Aceh;Simeulue;Simeulue Tengah
Aceh;Simeulue;Simeulue Barat
Aceh;Simeulue;Teupah Selatan
Aceh;Simeulue;Simeulue Timur
Aceh;Simeulue;Teluk Dalam
Bali;Badung;Kuta Utara
Bali;Badung;Kuta
Bali;Badung;Petang
Bali;Badung;Kuta Selatan
Bali;Badung;Mengwi
Bali;Badung;Abiansemal
Bali;Bangli;Tembuku
Bali;Bangli;Kintamani
Bali;Bangli;Susut
Bali;Bangli;Bangli
Bali;Buleleng;Gerokgak
Bali;Buleleng;Seririt
Bali;Buleleng;Sukasada
Bali;Buleleng;Buleleng
Bali;Buleleng;Busungbiu
Bali;Buleleng;Banjar
Bali;Buleleng;Tejakula
Bali;Buleleng;Sawan
Bali;Buleleng;Kubutambahan
Bali;Gianyar;Payangan
Bali;Gianyar;Sukawati
Bali;Gianyar;Blahbatuh
Bali;Gianyar;Ubud
Bali;Gianyar;Tegallalang
Bali;Gianyar;Gianyar
Bali;Gianyar;Tampaksiring
Bali;Jembrana;Melaya
Bali;Jembrana;Jembrana
Bali;Jembrana;Mendoyo
Bali;Jembrana;Pekutatan
Bali;Jembrana;Negara
Bali;Karangasem;Rendang
Bali;Karangasem;Karangasem
Bali;Karangasem;Abang
Bali;Karangasem;Sidemen
Bali;Karangasem;Manggis
Bali;Karangasem;Kubu
Bali;Karangasem;Bebandem
Bali;Karangasem;Selat
Bali;Klungkung;Banjarangkan
Bali;Klungkung;Klungkung
Bali;Klungkung;Nusa Penida
Bali;Klungkung;Dawan
Bali;Kota Denpasar;Denpasar Barat
Bali;Kota Denpasar;Denpasar Utara
Bali;Kota Denpasar;Denpasar Selatan
Bali;Kota Denpasar;Denpasar Timur
Bali;Tabanan;Marga
Bali;Tabanan;Penebel
Bali;Tabanan;Tabanan
Bali;Tabanan;Kediri
Bali;Tabanan;Baturiti
Bali;Tabanan;Selemadeg Barat
Bali;Tabanan;Kerambitan
Bali;Tabanan;Selemadeg
Bali;Tabanan;Selemadeg Timur
Bali;Tabanan;Pupuan
Bengkulu;Bengkulu Selatan;Kedurang
Bengkulu;Bengkulu Selatan;Manna
Bengkulu;Bengkulu Selatan;Kota Manna
Bengkulu;Bengkulu Selatan;Seginim
Bengkulu;Bengkulu Selatan;Pino
Bengkulu;Bengkulu Selatan;Air Nipis
Bengkulu;Bengkulu Selatan;Ulu Manna
Bengkulu;Bengkulu Selatan;Pino Raya
Bengkulu;Bengkulu Selatan;Kedurang Ilir
Bengkulu;Bengkulu Selatan;Pasar Manna
Bengkulu;Bengkulu Selatan;Bunga Mas
Bengkulu;Bengkulu Tengah;Pematang Tiga
Bengkulu;Bengkulu Tengah;Pagar Jati
Bengkulu;Bengkulu Tengah;Talang Empat
Bengkulu;Bengkulu Tengah;Pondok Kelapa
Bengkulu;Bengkulu Tengah;Merigi Sakti
Bengkulu;Bengkulu Tengah;Pondok Kubang
Bengkulu;Bengkulu Tengah;Taba Penanjung
Bengkulu;Bengkulu Tengah;Merigi Kelindang
Bengkulu;Bengkulu Tengah;Karang Tinggi
Bengkulu;Bengkulu Tengah;Semidang Lagan
Bengkulu;Bengkulu Tengah;Bang Haji
Bengkulu;Bengkulu Utara;Enggano
Bengkulu;Bengkulu Utara;Kerkap
Bengkulu;Bengkulu Utara;Kota Arga Makmur
Bengkulu;Bengkulu Utara;Giri Mulya
Bengkulu;Bengkulu Utara;Padang Jaya
Bengkulu;Bengkulu Utara;Lais
Bengkulu;Bengkulu Utara;Napal Putih
Bengkulu;Bengkulu Utara;Putri Hijau
Bengkulu;Bengkulu Utara;Batik Nau
Bengkulu;Bengkulu Utara;Ketahun
Bengkulu;Bengkulu Utara;Air Besi
Bengkulu;Bengkulu Utara;Air Napal
Bengkulu;Bengkulu Utara;Hulu Palik
Bengkulu;Bengkulu Utara;Air Padang
Bengkulu;Bengkulu Utara;Arma Jaya
Bengkulu;Bengkulu Utara;Pinang Raya
Bengkulu;Bengkulu Utara;Marga Sakti Sebelat
Bengkulu;Bengkulu Utara;Tanjung Agung Palik
Bengkulu;Bengkulu Utara;Ulok Kupai
Bengkulu;Kaur;Kaur Utara
Bengkulu;Kaur;Kaur Tengah
Bengkulu;Kaur;Kinal
Bengkulu;Kaur;Tanjung Kemuning
Bengkulu;Kaur;Nasal
Bengkulu;Kaur;Semidang Gumay
Bengkulu;Kaur;Kaur Selatan
Bengkulu;Kaur;Maje
Bengkulu;Kaur;Kelam Tengah
Bengkulu;Kaur;Luas
Bengkulu;Kaur;Muara Sahung
Bengkulu;Kaur;Padang Guci Hilir
Bengkulu;Kaur;Padang Guci Hulu
Bengkulu;Kaur;Tetap
Bengkulu;Kaur;Lungkang Kule
Bengkulu;Kepahiang;Tebat Karai
Bengkulu;Kepahiang;Kepahiang
Bengkulu;Kepahiang;Bermani Ilir
Bengkulu;Kepahiang;Ujan Mas
Bengkulu;Kepahiang;Seberang Musi
Bengkulu;Kepahiang;Muara Kemumu
Bengkulu;Kepahiang;Merigi
Bengkulu;Kepahiang;Kebawetan
Bengkulu;Kota Bengkulu;Kampung Melayu
Bengkulu;Kota Bengkulu;Ratu Agung
Bengkulu;Kota Bengkulu;Teluk Segara
Bengkulu;Kota Bengkulu;Muara Bangka Hulu
Bengkulu;Kota Bengkulu;Singaran Pati
Bengkulu;Kota Bengkulu;Ratu Samban
Bengkulu;Kota Bengkulu;Sungai Serut
Bengkulu;Kota Bengkulu;Selebar
Bengkulu;Kota Bengkulu;Gading Cempaka
Bengkulu;Lebong;Lebong Atas
Bengkulu;Lebong;Lebong Tengah
Bengkulu;Lebong;Lebong Utara
Bengkulu;Lebong;Topos
Bengkulu;Lebong;Bingin Kuning
Bengkulu;Lebong;Lebong Selatan
Bengkulu;Lebong;Rimbo Pengadang
Bengkulu;Lebong;Lebong Sakti
Bengkulu;Lebong;Tubei
Bengkulu;Lebong;Uram Jaya
Bengkulu;Lebong;Pinang Belapis
Bengkulu;Lebong;Amen
Bengkulu;Muko Muko;Lubuk Pinang
Bengkulu;Muko Muko;Kota Mukomuko
Bengkulu;Muko Muko;Ipuh
Bengkulu;Muko Muko;Malin Deman
Bengkulu;Muko Muko;Teras Terunjam
Bengkulu;Muko Muko;Pondok Suguh
Bengkulu;Muko Muko;Selagan Raya
Bengkulu;Muko Muko;Air Rami
Bengkulu;Muko Muko;Teramang Jaya
Bengkulu;Muko Muko;V Koto
Bengkulu;Muko Muko;Air Majunto
Bengkulu;Muko Muko;Penarik
Bengkulu;Muko Muko;XIV Koto
Bengkulu;Muko Muko;Air Dikit
Bengkulu;Muko Muko;Sungai Rumbai
Bengkulu;Rejang Lebong;Curup Utara
Bengkulu;Rejang Lebong;Curup Timur
Bengkulu;Rejang Lebong;Curup Selatan
Bengkulu;Rejang Lebong;Curup Tengah
Bengkulu;Rejang Lebong;Binduriang
Bengkulu;Rejang Lebong;Sindang Beliti Ilir
Bengkulu;Rejang Lebong;Bermani Ulu Raya
Bengkulu;Rejang Lebong;Sindang Beliti Ulu
Bengkulu;Rejang Lebong;Sindang Dataran
Bengkulu;Rejang Lebong;Kota Padang
Bengkulu;Rejang Lebong;Curup
Bengkulu;Rejang Lebong;Padang Ulak Tanding
Bengkulu;Rejang Lebong;Sindang Kelingi
Bengkulu;Rejang Lebong;Bermani Ulu
Bengkulu;Rejang Lebong;Selupu Rejang
Bengkulu;Seluma;Seluma Barat
Bengkulu;Seluma;Seluma Timur
Bengkulu;Seluma;Air Periukan
Bengkulu;Seluma;Lubuk Sandi
Bengkulu;Seluma;Seluma Selatan
Bengkulu;Seluma;Talo Kecil
Bengkulu;Seluma;Seluma Utara
Bengkulu;Seluma;Ulu Talo
Bengkulu;Seluma;Ilir Talo
Bengkulu;Seluma;Sukaraja
Bengkulu;Seluma;Semidang Alas
Bengkulu;Seluma;Semidang Alas Maras
Bengkulu;Seluma;Seluma
Bengkulu;Seluma;Talo
Gorontalo;Boalemo;Mananggu
Gorontalo;Boalemo;Botumoito
Gorontalo;Boalemo;Dulupi
Gorontalo;Boalemo;Tilamuta
Gorontalo;Boalemo;Paguyaman Pantai
Gorontalo;Boalemo;Paguyaman
Gorontalo;Boalemo;Wonosari
Gorontalo;Bone Bolango;Bulawa
Gorontalo;Bone Bolango;Pinogu
Gorontalo;Bone Bolango;Bulango Selatan
Gorontalo;Bone Bolango;Bulango Timur
Gorontalo;Bone Bolango;Bone Raya
Gorontalo;Bone Bolango;Suwawa Tengah
Gorontalo;Bone Bolango;Bulango Ulu
Gorontalo;Bone Bolango;Suwawa Timur
Gorontalo;Bone Bolango;Suwawa Selatan
Gorontalo;Bone Bolango;Tilongkabila
Gorontalo;Bone Bolango;Botupingge
Gorontalo;Bone Bolango;Bonepantai
Gorontalo;Bone Bolango;Bulango Utara
Gorontalo;Bone Bolango;Kabila Bone
Gorontalo;Bone Bolango;Bone
Gorontalo;Bone Bolango;Kabila
Gorontalo;Bone Bolango;Suwawa
Gorontalo;Bone Bolango;Tapa
Gorontalo;Gorontalo;Tibawa
Gorontalo;Gorontalo;Batudaa Pantai
Gorontalo;Gorontalo;Telaga
Gorontalo;Gorontalo;Batudaa
Gorontalo;Gorontalo;Boliyohuto
Gorontalo;Gorontalo;Limboto
Gorontalo;Gorontalo;Pulubala
Gorontalo;Gorontalo;Tolangohula
Gorontalo;Gorontalo;Mootilango
Gorontalo;Gorontalo;Tabongo
Gorontalo;Gorontalo;Limboto Barat
Gorontalo;Gorontalo;Tilango
Gorontalo;Gorontalo;Bongomeme
Gorontalo;Gorontalo;Telaga Biru
Gorontalo;Gorontalo;Dungaliyo
Gorontalo;Gorontalo;Talaga Jaya
Gorontalo;Gorontalo;Bilato
Gorontalo;Gorontalo;Biluhu
Gorontalo;Gorontalo;Asparaga
Gorontalo;Gorontalo Utara;Ponelo Kepulauan
Gorontalo;Gorontalo Utara;Monano
Gorontalo;Gorontalo Utara;Gentuma Raya
Gorontalo;Gorontalo Utara;Tomolito
Gorontalo;Gorontalo Utara;Atinggola
Gorontalo;Gorontalo Utara;Sumalata
Gorontalo;Gorontalo Utara;Tolinggula
Gorontalo;Gorontalo Utara;Kwandang
Gorontalo;Gorontalo Utara;Anggrek
Gorontalo;Gorontalo Utara;Sumalata Timur
Gorontalo;Gorontalo Utara;Biau
Gorontalo;Kota Gorontalo;Kota Barat
Gorontalo;Kota Gorontalo;Kota Selatan
Gorontalo;Kota Gorontalo;Kota Timur
Gorontalo;Kota Gorontalo;Kota Tengah
Gorontalo;Kota Gorontalo;Kota Utara
Gorontalo;Kota Gorontalo;Dungingi
Gorontalo;Kota Gorontalo;Hulonthalangi
Gorontalo;Kota Gorontalo;Sipatana
Gorontalo;Kota Gorontalo;Dumbo Raya
Gorontalo;Pohuwato;Lemito
Gorontalo;Pohuwato;Taluditi
Gorontalo;Pohuwato;Dengilo
Gorontalo;Pohuwato;Paguat
Gorontalo;Pohuwato;Patilanggio
Gorontalo;Pohuwato;Buntulia
Gorontalo;Pohuwato;Randangan
Gorontalo;Pohuwato;Marisa
Gorontalo;Pohuwato;Popayato
Gorontalo;Pohuwato;Duhiadaa
Gorontalo;Pohuwato;Wanggarasi
Gorontalo;Pohuwato;Popayato Timur
Gorontalo;Pohuwato;Popayato Barat
Jambi;Batanghari;Mersam
Jambi;Batanghari;Muara Tembesi
Jambi;Batanghari;Pemayung
Jambi;Batanghari;Maro Sebo Ulu
Jambi;Batanghari;Muara Bulian
Jambi;Batanghari;Batin XXIV
Jambi;Batanghari;Bajubang
Jambi;Batanghari;Maro Sebo Ilir
Jambi;Bungo;Tanah Sepenggal
Jambi;Bungo;Pelepat
Jambi;Bungo;Pasar Muaro Bungo
Jambi;Bungo;Jujuhan
Jambi;Bungo;Pelepat Ilir
Jambi;Bungo;Limbur Lubuk Mengkuang
Jambi;Bungo;Muko-muko Bathin VII
Jambi;Bungo;Tanah Tumbuh
Jambi;Bungo;Rantau Pandan
Jambi;Bungo;Jujuhan Ilir
Jambi;Bungo;Tanah Sepenggal Lintas
Jambi;Bungo;Bathin III Ulu
Jambi;Bungo;Bathin II Pelayang
Jambi;Bungo;Bungo Dani
Jambi;Bungo;Rimbo Tengah
Jambi;Bungo;Bathin II Babeko
Jambi;Bungo;Bathin III
Jambi;Kerinci;Gunung Kerinci
Jambi;Kerinci;Batang Merangin
Jambi;Kerinci;Sitinjau Laut
Jambi;Kerinci;Air Hangat
Jambi;Kerinci;Keliling Danau
Jambi;Kerinci;Kayu Aro
Jambi;Kerinci;Air Hangat Timur
Jambi;Kerinci;Depati Tujuh
Jambi;Kerinci;Siulak Mukai
Jambi;Kerinci;Gunung Tujuh
Jambi;Kerinci;Siulak
Jambi;Kerinci;Kayu Aro Barat
Jambi;Kerinci;Bukitkerman
Jambi;Kerinci;Air Hangat Barat
Jambi;Kerinci;Tanah Cogok
Jambi;Kerinci;Danau Kerinci Barat
Jambi;Kerinci;Danau Kerinci
Jambi;Kerinci;Gunung Raya
Jambi;Kota Jambi;Kota Baru
Jambi;Kota Jambi;Jelutung
Jambi;Kota Jambi;Pelayangan
Jambi;Kota Jambi;Danau Teluk
Jambi;Kota Jambi;Alam Barajo
Jambi;Kota Jambi;Jambi Timur
Jambi;Kota Jambi;Pasar Jambi
Jambi;Kota Jambi;Telanaipura
Jambi;Kota Jambi;Jambi Selatan
Jambi;Kota Jambi;Danau Sipin
Jambi;Kota Jambi;Paal Merah
Jambi;Kota Sungai Penuh;Sungai Bungkal
Jambi;Kota Sungai Penuh;Pondok Tinggi
Jambi;Kota Sungai Penuh;Koto Baru
Jambi;Kota Sungai Penuh;Sungai Penuh
Jambi;Kota Sungai Penuh;Tanah Kampung
Jambi;Kota Sungai Penuh;Kumun Debai
Jambi;Kota Sungai Penuh;Pesisir Bukit
Jambi;Kota Sungai Penuh;Hamparan Rawang
Jambi;Merangin;Muara Siau
Jambi;Merangin;Sungai Manau
Jambi;Merangin;Jangkat
Jambi;Merangin;Bangko
Jambi;Merangin;Tabir Ulu
Jambi;Merangin;Tabir Selatan
Jambi;Merangin;Tabir
Jambi;Merangin;Pamenang
Jambi;Merangin;Lembah Masurai
Jambi;Merangin;Bangko Barat
Jambi;Merangin;Nalo Tantan
Jambi;Merangin;Tabir Ilir
Jambi;Merangin;Tabir Timur
Jambi;Merangin;Batang Masumai
Jambi;Merangin;Pamenang Barat
Jambi;Merangin;Jangkat Timur
Jambi;Merangin;Renah Pamenang
Jambi;Merangin;Renah Pembarap
Jambi;Merangin;Pangkalan Jambu
Jambi;Merangin;Margo Tabir
Jambi;Merangin;Tabir Lintas
Jambi;Merangin;Pamenang Selatan
Jambi;Merangin;Tabir Barat
Jambi;Merangin;Tiang Pumpung
Jambi;Muaro Jambi;Sekernan
Jambi;Muaro Jambi;Kumpeh
Jambi;Muaro Jambi;Jambi Luar Kota
Jambi;Muaro Jambi;Kumpeh Ulu
Jambi;Muaro Jambi;Sungai Bahar
Jambi;Muaro Jambi;Maro Sebo
Jambi;Muaro Jambi;Mestong
Jambi;Muaro Jambi;Sungai Gelam
Jambi;Muaro Jambi;Bahar Utara
Jambi;Muaro Jambi;Taman Rajo
Jambi;Muaro Jambi;Bahar Selatan
Jambi;Sarolangun;Batang Asai
Jambi;Sarolangun;Pauh
Jambi;Sarolangun;Pelawan
Jambi;Sarolangun;Limun
Jambi;Sarolangun;Sarolangun
Jambi;Sarolangun;Bathin VIII
Jambi;Sarolangun;Singkut
Jambi;Sarolangun;Mandiangin
Jambi;Sarolangun;Air Hitam
Jambi;Sarolangun;Mandiangin Timur
Jambi;Sarolangun;Cermin Nan Gedang
Jambi;Tanjung Jabung Barat;Pengabuan
Jambi;Tanjung Jabung Barat;Betara
Jambi;Tanjung Jabung Barat;Tungkal Ulu
Jambi;Tanjung Jabung Barat;Tungkal Ilir
Jambi;Tanjung Jabung Barat;Batang Asam
Jambi;Tanjung Jabung Barat;Renah Mendaluh
Jambi;Tanjung Jabung Barat;Merlung
Jambi;Tanjung Jabung Barat;Tebing Tinggi
Jambi;Tanjung Jabung Barat;Muara Papalik
Jambi;Tanjung Jabung Barat;Kuala Betara
Jambi;Tanjung Jabung Barat;Senyerang
Jambi;Tanjung Jabung Barat;Seberang Kota
Jambi;Tanjung Jabung Barat;Bram Itam
Jambi;Tanjung Jabung Timur;Rantau Rasau
Jambi;Tanjung Jabung Timur;Sadu
Jambi;Tanjung Jabung Timur;Nipah Panjang
Jambi;Tanjung Jabung Timur;Mendahara
Jambi;Tanjung Jabung Timur;Kuala Jambi
Jambi;Tanjung Jabung Timur;Mendahara Ulu
Jambi;Tanjung Jabung Timur;Dendang
Jambi;Tanjung Jabung Timur;Muara Sabak Barat
Jambi;Tanjung Jabung Timur;Muara Sabak Timur
Jambi;Tanjung Jabung Timur;Berbak
Jambi;Tanjung Jabung Timur;Geragai
Jambi;Tebo;Serai Serumpun
Jambi;Tebo;VII Koto Ilir
Jambi;Tebo;Muara Tabir
Jambi;Tebo;VII Koto
Jambi;Tebo;Rimbo Ulu
Jambi;Tebo;Rimbo Bujang
Jambi;Tebo;Sumay
Jambi;Tebo;Rimbo Ilir
Jambi;Tebo;Tengah Ilir
Jambi;Tebo;Tebo Ilir
Jambi;Tebo;Tebo Ulu
Jambi;Tebo;Tebo Tengah
Kalimantan Barat;Bengkayang;Sungai Raya
Kalimantan Barat;Bengkayang;Samalantan
Kalimantan Barat;Bengkayang;Seluas
Kalimantan Barat;Bengkayang;Sanggau Ledo
Kalimantan Barat;Bengkayang;Ledo
Kalimantan Barat;Bengkayang;Bengkayang
Kalimantan Barat;Bengkayang;Teriak
Kalimantan Barat;Bengkayang;Jagoi Babang
Kalimantan Barat;Bengkayang;Monterado
Kalimantan Barat;Bengkayang;Siding
Kalimantan Barat;Bengkayang;Lumar
Kalimantan Barat;Bengkayang;Suti Semarang
Kalimantan Barat;Bengkayang;Capkala
Kalimantan Barat;Bengkayang;Lembah Bawang
Kalimantan Barat;Bengkayang;Tujuh Belas
Kalimantan Barat;Bengkayang;Sungai Betung
Kalimantan Barat;Bengkayang;Sungai Raya Kepulauan
Kalimantan Barat;Kapuas Hulu;Putussibau Utara
Kalimantan Barat;Kapuas Hulu;Embaloh Hulu
Kalimantan Barat;Kapuas Hulu;Bunut Hilir
Kalimantan Barat;Kapuas Hulu;Bika
Kalimantan Barat;Kapuas Hulu;Embaloh Hilir
Kalimantan Barat;Kapuas Hulu;Hulu Gurung
Kalimantan Barat;Kapuas Hulu;Selimbau
Kalimantan Barat;Kapuas Hulu;Bunut Hulu
Kalimantan Barat;Kapuas Hulu;Jongkong
Kalimantan Barat;Kapuas Hulu;Seberuang
Kalimantan Barat;Kapuas Hulu;Batang Lupar
Kalimantan Barat;Kapuas Hulu;Semitau
Kalimantan Barat;Kapuas Hulu;Silat Hilir
Kalimantan Barat;Kapuas Hulu;Silat Hulu
Kalimantan Barat;Kapuas Hulu;Empanang
Kalimantan Barat;Kapuas Hulu;Badau
Kalimantan Barat;Kapuas Hulu;Boyan Tanjung
Kalimantan Barat;Kapuas Hulu;Putussibau Selatan
Kalimantan Barat;Kapuas Hulu;Kalis
Kalimantan Barat;Kapuas Hulu;Suhaid
Kalimantan Barat;Kapuas Hulu;Puring Kencana
Kalimantan Barat;Kapuas Hulu;Mentebah
Kalimantan Barat;Kapuas Hulu;Pengkadan
Kalimantan Barat;Kayong Utara;Kepulauan Karimata
Kalimantan Barat;Kayong Utara;Pulau Maya
Kalimantan Barat;Kayong Utara;Seponti
Kalimantan Barat;Kayong Utara;Simpang Hilir
Kalimantan Barat;Kayong Utara;Teluk Batang
Kalimantan Barat;Kayong Utara;Sukadana
Kalimantan Barat;Ketapang;Simpang Hulu
Kalimantan Barat;Ketapang;Marau
Kalimantan Barat;Ketapang;Manis Mata
Kalimantan Barat;Ketapang;Matan Hilir Utara
Kalimantan Barat;Ketapang;Sungai Laur
Kalimantan Barat;Ketapang;Kendawangan
Kalimantan Barat;Ketapang;Sandai
Kalimantan Barat;Ketapang;Hulu Sungai
Kalimantan Barat;Ketapang;Tumbang Titi
Kalimantan Barat;Ketapang;Jelai Hulu
Kalimantan Barat;Ketapang;Nanga Tayap
Kalimantan Barat;Ketapang;Matan Hilir Selatan
Kalimantan Barat;Ketapang;Muara Pawan
Kalimantan Barat;Ketapang;Benua Kayong
Kalimantan Barat;Ketapang;Delta Pawan
Kalimantan Barat;Ketapang;Simpang Dua
Kalimantan Barat;Ketapang;Air Upas
Kalimantan Barat;Ketapang;Pemahan
Kalimantan Barat;Ketapang;Sungai Melayu Rayak
Kalimantan Barat;Ketapang;Singkup
Kalimantan Barat;Kota Pontianak;Pontianak Selatan
Kalimantan Barat;Kota Pontianak;Pontianak Utara
Kalimantan Barat;Kota Pontianak;Pontianak Kota
Kalimantan Barat;Kota Pontianak;Pontianak Timur
Kalimantan Barat;Kota Pontianak;Pontianak Barat
Kalimantan Barat;Kota Pontianak;Pontianak Tenggara
Kalimantan Barat;Kota Singkawang;Singkawang Tengah
Kalimantan Barat;Kota Singkawang;Singkawang Barat
Kalimantan Barat;Kota Singkawang;Singkawang Selatan
Kalimantan Barat;Kota Singkawang;Singkawang Timur
Kalimantan Barat;Kota Singkawang;Singkawang Utara
Kalimantan Barat;Kubu Raya;Rasau Jaya
Kalimantan Barat;Kubu Raya;Teluk Pakedai
Kalimantan Barat;Kubu Raya;Batu Ampar
Kalimantan Barat;Kubu Raya;Kubu
Kalimantan Barat;Kubu Raya;Sungai Kakap
Kalimantan Barat;Kubu Raya;Sungai Ambawang
Kalimantan Barat;Kubu Raya;Terentang
Kalimantan Barat;Kubu Raya;Sungai Raya
Kalimantan Barat;Kubu Raya;Kuala Mandor B
Kalimantan Barat;Landak;Sebangki
Kalimantan Barat;Landak;Sompak
Kalimantan Barat;Landak;Jelimpo
Kalimantan Barat;Landak;Banyuke Hulu
Kalimantan Barat;Landak;Mempawah Hulu
Kalimantan Barat;Landak;Menjalin
Kalimantan Barat;Landak;Ngabang
Kalimantan Barat;Landak;Menyuke
Kalimantan Barat;Landak;Sengah Temila
Kalimantan Barat;Landak;Mandor
Kalimantan Barat;Landak;Air Besar
Kalimantan Barat;Landak;Meranti
Kalimantan Barat;Landak;Kuala Behe
Kalimantan Barat;Melawi;Sayan
Kalimantan Barat;Melawi;Tanah Pinoh
Kalimantan Barat;Melawi;Ella Hilir
Kalimantan Barat;Melawi;Menukung
Kalimantan Barat;Melawi;Pinoh Selatan
Kalimantan Barat;Melawi;Sokan
Kalimantan Barat;Melawi;Pinoh Utara
Kalimantan Barat;Melawi;Belimbing
Kalimantan Barat;Melawi;Nanga Pinoh
Kalimantan Barat;Melawi;Belimbing Hulu
Kalimantan Barat;Melawi;Tanah Pinoh Barat
Kalimantan Barat;Mempawah;Jongkat
Kalimantan Barat;Mempawah;Toho
Kalimantan Barat;Mempawah;Sungai Pinyuh
Kalimantan Barat;Mempawah;Mempawah Hilir
Kalimantan Barat;Mempawah;Sadaniang
Kalimantan Barat;Mempawah;Mempawah Timur
Kalimantan Barat;Mempawah;Sungai Kunyit
Kalimantan Barat;Mempawah;Segedong
Kalimantan Barat;Mempawah;Anjongan
Kalimantan Barat;Mempawah; Sungai Raya
Kalimantan Barat;Sambas;Selakau
Kalimantan Barat;Sambas;Paloh
Kalimantan Barat;Sambas;Pemangkat
Kalimantan Barat;Sambas;Sejangkung
Kalimantan Barat;Sambas;Sajingan Besar
Kalimantan Barat;Sambas;Jawai
Kalimantan Barat;Sambas;Tebas
Kalimantan Barat;Sambas;Sambas
Kalimantan Barat;Sambas;Teluk Keramat
Kalimantan Barat;Sambas;Salatiga
Kalimantan Barat;Sambas;Selakau Timur
Kalimantan Barat;Sambas;Jawai Selatan
Kalimantan Barat;Sambas;Tangaran
Kalimantan Barat;Sambas;Subah
Kalimantan Barat;Sambas;Galing
Kalimantan Barat;Sambas;Sajad
Kalimantan Barat;Sambas;Sebawi
Kalimantan Barat;Sambas;Tekarang
Kalimantan Barat;Sambas;Semparuk
Kalimantan Barat;Sanggau;Parindu
Kalimantan Barat;Sanggau;Sekayam
Kalimantan Barat;Sanggau;Kembayan
Kalimantan Barat;Sanggau;Kapuas
Kalimantan Barat;Sanggau;Mukok
Kalimantan Barat;Sanggau;Bonti
Kalimantan Barat;Sanggau;Beduai
Kalimantan Barat;Sanggau;Noyan
Kalimantan Barat;Sanggau;Jangkang
Kalimantan Barat;Sanggau;Balai
Kalimantan Barat;Sanggau;Toba
Kalimantan Barat;Sanggau;Tayan Hulu
Kalimantan Barat;Sanggau;Tayan Hilir
Kalimantan Barat;Sanggau;Meliau
Kalimantan Barat;Sanggau;Entikong
Kalimantan Barat;Sekadau;Nanga Taman
Kalimantan Barat;Sekadau;Nanga Mahap
Kalimantan Barat;Sekadau;Sekadau Hilir
Kalimantan Barat;Sekadau;Sekadau Hulu
Kalimantan Barat;Sekadau;Belitang
Kalimantan Barat;Sekadau;Belitang Hilir
Kalimantan Barat;Sekadau;Belitang Hulu
Kalimantan Barat;Sintang;Binjai Hulu
Kalimantan Barat;Sintang;Sungai Tebelian
Kalimantan Barat;Sintang;Kayan Hulu
Kalimantan Barat;Sintang;Sepauk
Kalimantan Barat;Sintang;Ketungau Hilir
Kalimantan Barat;Sintang;Sintang
Kalimantan Barat;Sintang;Tempunak
Kalimantan Barat;Sintang;Dedai
Kalimantan Barat;Sintang;Kayan Hilir
Kalimantan Barat;Sintang;Ketungau Tengah
Kalimantan Barat;Sintang;Ketungau Hulu
Kalimantan Barat;Sintang;Serawai
Kalimantan Barat;Sintang;Ambalau
Kalimantan Barat;Sintang;Kelam Permai
Kalimantan Selatan;Balangan;Batu Mandi
Kalimantan Selatan;Balangan;Lampihong
Kalimantan Selatan;Balangan;Halong
Kalimantan Selatan;Balangan;Awayan
Kalimantan Selatan;Balangan;Tebing Tinggi
Kalimantan Selatan;Balangan;Paringin
Kalimantan Selatan;Balangan;Paringin Selatan
Kalimantan Selatan;Balangan;Juai
Kalimantan Selatan;Banjar;Astambul
Kalimantan Selatan;Banjar;Simpang Empat
Kalimantan Selatan;Banjar;Martapura
Kalimantan Selatan;Banjar;Karang Intan
Kalimantan Selatan;Banjar;Pengaron
Kalimantan Selatan;Banjar;Gambut
Kalimantan Selatan;Banjar;Sungai Tabuk
Kalimantan Selatan;Banjar;Aluh Aluh
Kalimantan Selatan;Banjar;Kertak Hanyar
Kalimantan Selatan;Banjar;Telaga Bauntung
Kalimantan Selatan;Banjar;Tatah Makmur
Kalimantan Selatan;Banjar;Sambung Makmur
Kalimantan Selatan;Banjar;Paramasan
Kalimantan Selatan;Banjar;Sungai Pinang
Kalimantan Selatan;Banjar;Aranio
Kalimantan Selatan;Banjar;Martapura Barat
Kalimantan Selatan;Banjar;Martapura Timur
Kalimantan Selatan;Banjar;Mataraman
Kalimantan Selatan;Banjar;Beruntung Baru
Kalimantan Selatan;Banjar;Cintapuri Darussalam
Kalimantan Selatan;Barito Kuala;Jejangkit
Kalimantan Selatan;Barito Kuala;Kuripan
Kalimantan Selatan;Barito Kuala;Tabukan
Kalimantan Selatan;Barito Kuala;Bakumpai
Kalimantan Selatan;Barito Kuala;Marabahan
Kalimantan Selatan;Barito Kuala;Wanaraya
Kalimantan Selatan;Barito Kuala;Mekarsari
Kalimantan Selatan;Barito Kuala;Barambai
Kalimantan Selatan;Barito Kuala;Belawang
Kalimantan Selatan;Barito Kuala;Cerbon
Kalimantan Selatan;Barito Kuala;Mandastana
Kalimantan Selatan;Barito Kuala;Rantau Badauh
Kalimantan Selatan;Barito Kuala;Tabunganen
Kalimantan Selatan;Barito Kuala;Anjir Muara
Kalimantan Selatan;Barito Kuala;Alalak
Kalimantan Selatan;Barito Kuala;Tamban
Kalimantan Selatan;Barito Kuala;Anjir Pasar
Kalimantan Selatan;Hulu Sungai Selatan;Daha Utara
Kalimantan Selatan;Hulu Sungai Selatan;Kalumpang
Kalimantan Selatan;Hulu Sungai Selatan;Padang Batung
Kalimantan Selatan;Hulu Sungai Selatan;Telaga Langsat
Kalimantan Selatan;Hulu Sungai Selatan;Sungai Raya
Kalimantan Selatan;Hulu Sungai Selatan;Simpur
Kalimantan Selatan;Hulu Sungai Selatan;Daha Selatan
Kalimantan Selatan;Hulu Sungai Selatan;Angkinang
Kalimantan Selatan;Hulu Sungai Selatan;Kandangan
Kalimantan Selatan;Hulu Sungai Selatan;Loksado
Kalimantan Selatan;Hulu Sungai Selatan;Daha Barat
Kalimantan Selatan;Hulu Sungai Tengah;Hantakan
Kalimantan Selatan;Hulu Sungai Tengah;Labuan Amas Selatan
Kalimantan Selatan;Hulu Sungai Tengah;Labuan Amas Utara
Kalimantan Selatan;Hulu Sungai Tengah;Haruyan
Kalimantan Selatan;Hulu Sungai Tengah;Batu Benawa
Kalimantan Selatan;Hulu Sungai Tengah;Batang Alai Selatan
Kalimantan Selatan;Hulu Sungai Tengah;Batang Alai Utara
Kalimantan Selatan;Hulu Sungai Tengah;Pandawan
Kalimantan Selatan;Hulu Sungai Tengah;Barabai
Kalimantan Selatan;Hulu Sungai Tengah;Batang Alai Timur
Kalimantan Selatan;Hulu Sungai Tengah;Limpasu
Kalimantan Selatan;Hulu Sungai Utara;Danau Panggang
Kalimantan Selatan;Hulu Sungai Utara;Amuntai Selatan
Kalimantan Selatan;Hulu Sungai Utara;Amuntai Tengah
Kalimantan Selatan;Hulu Sungai Utara;Babirik
Kalimantan Selatan;Hulu Sungai Utara;Sungai Pandan
Kalimantan Selatan;Hulu Sungai Utara;Haur Gading
Kalimantan Selatan;Hulu Sungai Utara;Paminggir
Kalimantan Selatan;Hulu Sungai Utara;Amuntai Utara
Kalimantan Selatan;Hulu Sungai Utara;Banjang
Kalimantan Selatan;Hulu Sungai Utara;Sungai Tabukan
Kalimantan Selatan;Kota Banjarbaru;Cempaka
Kalimantan Selatan;Kota Banjarbaru;Banjarbaru Utara
Kalimantan Selatan;Kota Banjarbaru;Landasan Ulin
Kalimantan Selatan;Kota Banjarbaru;Banjarbaru Selatan
Kalimantan Selatan;Kota Banjarbaru;Liang Anggang
Kalimantan Selatan;Kota Banjarmasin;Banjarmasin Timur
Kalimantan Selatan;Kota Banjarmasin;Banjarmasin Barat
Kalimantan Selatan;Kota Banjarmasin;Banjarmasin Selatan
Kalimantan Selatan;Kota Banjarmasin;Banjarmasin Utara
Kalimantan Selatan;Kota Banjarmasin;Banjarmasin Tengah
Kalimantan Selatan;Kotabaru;Pulaulaut Utara
Kalimantan Selatan;Kotabaru;Kelumpang Selatan
Kalimantan Selatan;Kotabaru;Pulau Laut Timur
Kalimantan Selatan;Kotabaru;Pulau Sebuku
Kalimantan Selatan;Kotabaru;Kelumpang Hulu
Kalimantan Selatan;Kotabaru;Kelumpang Tengah
Kalimantan Selatan;Kotabaru;Pulau Laut Barat
Kalimantan Selatan;Kotabaru;Pulau Laut Selatan
Kalimantan Selatan;Kotabaru;Pulau Sembilan
Kalimantan Selatan;Kotabaru;Kelumpang Hilir
Kalimantan Selatan;Kotabaru;Kelumpang Barat
Kalimantan Selatan;Kotabaru;Sungai Durian
Kalimantan Selatan;Kotabaru;Pulau Laut Tengah
Kalimantan Selatan;Kotabaru;Pamukan Barat
Kalimantan Selatan;Kotabaru;Kelumpang Utara
Kalimantan Selatan;Kotabaru;Pamukan Utara
Kalimantan Selatan;Kotabaru;Hampang
Kalimantan Selatan;Kotabaru;Pamukan Selatan
Kalimantan Selatan;Kotabaru;Sampanahan
Kalimantan Selatan;Kotabaru;Pulau Laut Kepulauan
Kalimantan Selatan;Kotabaru;Pulau Laut Tanjung Selayar
Kalimantan Selatan;Kotabaru;Pulaulaut Sigam
Kalimantan Selatan;Tabalong;Banua Lawas
Kalimantan Selatan;Tabalong;Kelua
Kalimantan Selatan;Tabalong;Haruai
Kalimantan Selatan;Tabalong;Murung Pudak
Kalimantan Selatan;Tabalong;Tanta
Kalimantan Selatan;Tabalong;Tanjung
Kalimantan Selatan;Tabalong;Pugaan
Kalimantan Selatan;Tabalong;Muara Uya
Kalimantan Selatan;Tabalong;Muara Harus
Kalimantan Selatan;Tabalong;Bintang Ara
Kalimantan Selatan;Tabalong;Upau
Kalimantan Selatan;Tabalong;Jaro
Kalimantan Selatan;Tanah Bumbu;Angsana
Kalimantan Selatan;Tanah Bumbu;Teluk Kepayang
Kalimantan Selatan;Tanah Bumbu;Kuranji
Kalimantan Selatan;Tanah Bumbu;Kusan Tengah
Kalimantan Selatan;Tanah Bumbu;Sungai Loban
Kalimantan Selatan;Tanah Bumbu;Satui
Kalimantan Selatan;Tanah Bumbu;Batu Licin
Kalimantan Selatan;Tanah Bumbu;Kusan Hilir
Kalimantan Selatan;Tanah Bumbu;Karang Bintang
Kalimantan Selatan;Tanah Bumbu;Mantewe
Kalimantan Selatan;Tanah Bumbu;Kusan Hulu
Kalimantan Selatan;Tanah Bumbu;Simpang Empat
Kalimantan Selatan;Tanah Laut;Bati Bati
Kalimantan Selatan;Tanah Laut;Panyipatan
Kalimantan Selatan;Tanah Laut;Pelaihari
Kalimantan Selatan;Tanah Laut;Kurau
Kalimantan Selatan;Tanah Laut;Batu Ampar
Kalimantan Selatan;Tanah Laut;Kintap
Kalimantan Selatan;Tanah Laut;Tambang Ulang
Kalimantan Selatan;Tanah Laut;Takisung
Kalimantan Selatan;Tanah Laut;Jorong
Kalimantan Selatan;Tanah Laut;Bajuin
Kalimantan Selatan;Tanah Laut;Bumi Makmur
Kalimantan Selatan;Tapin;Bungur
Kalimantan Selatan;Tapin;Bakarangan
Kalimantan Selatan;Tapin;Piani
Kalimantan Selatan;Tapin;Binuang
Kalimantan Selatan;Tapin;Tapin Selatan
Kalimantan Selatan;Tapin;Candi Laras Selatan
Kalimantan Selatan;Tapin;Candi Laras Utara
Kalimantan Selatan;Tapin;Tapin Tengah
Kalimantan Selatan;Tapin;Tapin Utara
Kalimantan Selatan;Tapin;Hatungun
Kalimantan Selatan;Tapin;Lokpaikat
Kalimantan Selatan;Tapin;Salam Babaris
Kalimantan Tengah;Barito Selatan;Jenamas
Kalimantan Tengah;Barito Selatan;Dusun Hilir
Kalimantan Tengah;Barito Selatan;Gn. Bintang Awai
Kalimantan Tengah;Barito Selatan;Dusun Selatan
Kalimantan Tengah;Barito Selatan;Karau Kuala
Kalimantan Tengah;Barito Selatan;Dusun Utara
Kalimantan Tengah;Barito Timur;Paju Epat
Kalimantan Tengah;Barito Timur;Raren Batuah
Kalimantan Tengah;Barito Timur;Dusun Tengah
Kalimantan Tengah;Barito Timur;Pematang Karau
Kalimantan Tengah;Barito Timur;Paku
Kalimantan Tengah;Barito Timur;Patangkep Tutui
Kalimantan Tengah;Barito Timur;Awang
Kalimantan Tengah;Barito Timur;Dusun Timur
Kalimantan Tengah;Barito Timur;Banua Lima
Kalimantan Tengah;Barito Timur;Karusen Janang
Kalimantan Tengah;Barito Utara;Teweh Selatan
Kalimantan Tengah;Barito Utara;Lahei Barat
Kalimantan Tengah;Barito Utara;Gunung Timang
Kalimantan Tengah;Barito Utara;Gunung Purei
Kalimantan Tengah;Barito Utara;Montallat
Kalimantan Tengah;Barito Utara;Lahei
Kalimantan Tengah;Barito Utara;Teweh Baru
Kalimantan Tengah;Barito Utara;Teweh Timur
Kalimantan Tengah;Barito Utara;Teweh Tengah
Kalimantan Tengah;Gunung Mas;Kahayan Hulu Utara
Kalimantan Tengah;Gunung Mas;Rungan
Kalimantan Tengah;Gunung Mas;Kurun
Kalimantan Tengah;Gunung Mas;Tewah
Kalimantan Tengah;Gunung Mas;Damang Batu
Kalimantan Tengah;Gunung Mas;Miri Manasa
Kalimantan Tengah;Gunung Mas;Manuhing
Kalimantan Tengah;Gunung Mas;Mihing Raya
Kalimantan Tengah;Gunung Mas;Sepang
Kalimantan Tengah;Gunung Mas;Manuhing Raya
Kalimantan Tengah;Gunung Mas;Rungan Barat
Kalimantan Tengah;Gunung Mas;Rungan Hulu
Kalimantan Tengah;Kapuas;Basarang
Kalimantan Tengah;Kapuas;Mantangai
Kalimantan Tengah;Kapuas;Pulau Petak
Kalimantan Tengah;Kapuas;Kapuas Murung
Kalimantan Tengah;Kapuas;Selat
Kalimantan Tengah;Kapuas;Kapuas Kuala
Kalimantan Tengah;Kapuas;Kapuas Barat
Kalimantan Tengah;Kapuas;Kapuas Hilir
Kalimantan Tengah;Kapuas;Kapuas Timur
Kalimantan Tengah;Kapuas;Bataguh
Kalimantan Tengah;Kapuas;Kapuas Tengah
Kalimantan Tengah;Kapuas;Kapuas Hulu
Kalimantan Tengah;Kapuas;Timpah
Kalimantan Tengah;Kapuas;Mandau Talawang
Kalimantan Tengah;Kapuas;Dadahup
Kalimantan Tengah;Kapuas;Tamban Catur
Kalimantan Tengah;Kapuas;Pasak Talawang
Kalimantan Tengah;Katingan;Mendawai
Kalimantan Tengah;Katingan;Tewang Sangalang Garing
Kalimantan Tengah;Katingan;Pulau Malan
Kalimantan Tengah;Katingan;Kamipang
Kalimantan Tengah;Katingan;Katingan Hilir
Kalimantan Tengah;Katingan;Marikit
Kalimantan Tengah;Katingan;Katingan Hulu
Kalimantan Tengah;Katingan;Katingan Tengah
Kalimantan Tengah;Katingan;Sanaman Mantikei
Kalimantan Tengah;Katingan;Katingan Kuala
Kalimantan Tengah;Katingan;Tasik Payawan
Kalimantan Tengah;Katingan;Petak Malai
Kalimantan Tengah;Katingan;Bukit Raya
Kalimantan Tengah;Kota Palangkaraya;Jekan Raya
Kalimantan Tengah;Kota Palangkaraya;Sabangau
Kalimantan Tengah;Kota Palangkaraya;Pahandut
Kalimantan Tengah;Kota Palangkaraya;Bukit Batu
Kalimantan Tengah;Kota Palangkaraya;Rakumpit
Kalimantan Tengah;Kotawaringin Barat;Pangkalan Banteng
Kalimantan Tengah;Kotawaringin Barat;Arut Utara
Kalimantan Tengah;Kotawaringin Barat;Pangkalan Lada
Kalimantan Tengah;Kotawaringin Barat;Arut Selatan
Kalimantan Tengah;Kotawaringin Barat;Kotawaringin Lama
Kalimantan Tengah;Kotawaringin Barat;Kumai
Kalimantan Tengah;Kotawaringin Timur;Tualan Hulu
Kalimantan Tengah;Kotawaringin Timur;Telaga Antang
Kalimantan Tengah;Kotawaringin Timur;Antang Kalang
Kalimantan Tengah;Kotawaringin Timur;Teluk Sampit
Kalimantan Tengah;Kotawaringin Timur;Telawang
Kalimantan Tengah;Kotawaringin Timur;Bukit Santuai
Kalimantan Tengah;Kotawaringin Timur;Seranau
Kalimantan Tengah;Kotawaringin Timur;Cempaga Hulu
Kalimantan Tengah;Kotawaringin Timur;Mentaya Hilir Utara
Kalimantan Tengah;Kotawaringin Timur;Mentaya Hilir Selatan
Kalimantan Tengah;Kotawaringin Timur;Baamang
Kalimantan Tengah;Kotawaringin Timur;Mentawa Baru Ketapang
Kalimantan Tengah;Kotawaringin Timur;Pulau Hanaut
Kalimantan Tengah;Kotawaringin Timur;Mentaya Hulu
Kalimantan Tengah;Kotawaringin Timur;Parenggean
Kalimantan Tengah;Kotawaringin Timur;Kota Besi
Kalimantan Tengah;Kotawaringin Timur;Cempaga
Kalimantan Tengah;Lamandau;Delang
Kalimantan Tengah;Lamandau;Bulik
Kalimantan Tengah;Lamandau;Lamandau
Kalimantan Tengah;Lamandau;Sematu Jaya
Kalimantan Tengah;Lamandau;Belantikan Raya
Kalimantan Tengah;Lamandau;Bulik Timur
Kalimantan Tengah;Lamandau;Menthobi Raya
Kalimantan Tengah;Lamandau;Batang Kawa
Kalimantan Tengah;Murung Raya;Barito Tuhup Raya
Kalimantan Tengah;Murung Raya;Tanah Siang Selatan
Kalimantan Tengah;Murung Raya;Permata Intan
Kalimantan Tengah;Murung Raya;Sumber Barito
Kalimantan Tengah;Murung Raya;Sungai Babuat
Kalimantan Tengah;Murung Raya;Seribu Riam
Kalimantan Tengah;Murung Raya;Tanah Siang
Kalimantan Tengah;Murung Raya;Laung Tuhup
Kalimantan Tengah;Murung Raya;Murung
Kalimantan Tengah;Murung Raya;Uut Murung
Kalimantan Tengah;Pulang Pisau;Kahayan Kuala
Kalimantan Tengah;Pulang Pisau;Sebangau Kuala
Kalimantan Tengah;Pulang Pisau;Pandih Batu
Kalimantan Tengah;Pulang Pisau;Maliku
Kalimantan Tengah;Pulang Pisau;Kahayan Hilir
Kalimantan Tengah;Pulang Pisau;Jabiren Raya
Kalimantan Tengah;Pulang Pisau;Kahayan Tengah
Kalimantan Tengah;Pulang Pisau;Banama Tingang
Kalimantan Tengah;Seruyan;Seruyan Hilir
Kalimantan Tengah;Seruyan;Hanau
Kalimantan Tengah;Seruyan;Seruyan Hulu
Kalimantan Tengah;Seruyan;Seruyan Tengah
Kalimantan Tengah;Seruyan;Danau Sembuluh
Kalimantan Tengah;Seruyan;Danau Seluluk
Kalimantan Tengah;Seruyan;Batu Ampar
Kalimantan Tengah;Seruyan;Seruyan Hilir Timur
Kalimantan Tengah;Seruyan;Seruyan Raya
Kalimantan Tengah;Seruyan;Suling Tambun
Kalimantan Tengah;Sukamara;Sukamara
Kalimantan Tengah;Sukamara;Jelai
Kalimantan Tengah;Sukamara;Permata Kecubung
Kalimantan Tengah;Sukamara;Balai Riam
Kalimantan Tengah;Sukamara;Pantai Lunci
Kalimantan Timur;Berau;Gunung Tabur
Kalimantan Timur;Berau;Pulau Derawan
Kalimantan Timur;Berau;Segah
Kalimantan Timur;Berau;Tanjung Redeb
Kalimantan Timur;Berau;Biduk-Biduk
Kalimantan Timur;Berau;Teluk Bayur
Kalimantan Timur;Berau;Talisayan
Kalimantan Timur;Berau;Sambaliung
Kalimantan Timur;Berau;Kelay
Kalimantan Timur;Berau;Tabalar
Kalimantan Timur;Berau;Biatan
Kalimantan Timur;Berau;Maratua
Kalimantan Timur;Berau;Batu Putih
Kalimantan Timur;Kota Balikpapan;Balikpapan Timur
Kalimantan Timur;Kota Balikpapan;Balikpapan Barat
Kalimantan Timur;Kota Balikpapan;Balikpapan Selatan
Kalimantan Timur;Kota Balikpapan;Balikpapan Kota
Kalimantan Timur;Kota Balikpapan;Balikpapan Utara
Kalimantan Timur;Kota Balikpapan;Balikpapan Tengah
Kalimantan Timur;Kota Bontang;Bontang Utara
Kalimantan Timur;Kota Bontang;Bontang Selatan
Kalimantan Timur;Kota Bontang;Bontang Barat
Kalimantan Timur;Kota Samarinda;Sungai Kunjang
Kalimantan Timur;Kota Samarinda;Sambutan
Kalimantan Timur;Kota Samarinda;Samarinda Ilir
Kalimantan Timur;Kota Samarinda;Samarinda Utara
Kalimantan Timur;Kota Samarinda;Sungai Pinang
Kalimantan Timur;Kota Samarinda;Samarinda Kota
Kalimantan Timur;Kota Samarinda;Loa Janan Ilir
Kalimantan Timur;Kota Samarinda;Samarinda Seberang
Kalimantan Timur;Kota Samarinda;Samarinda Ulu
Kalimantan Timur;Kota Samarinda;Palaran
Kalimantan Timur;Kutai Barat;Sekolaq Darat
Kalimantan Timur;Kutai Barat;Damai
Kalimantan Timur;Kutai Barat;Muara Lawa
Kalimantan Timur;Kutai Barat;Melak
Kalimantan Timur;Kutai Barat;Barong Tongkok
Kalimantan Timur;Kutai Barat;Long Iram
Kalimantan Timur;Kutai Barat;Muara Pahu
Kalimantan Timur;Kutai Barat;Tering
Kalimantan Timur;Kutai Barat;Penyinggahan
Kalimantan Timur;Kutai Barat;Bentian Besar
Kalimantan Timur;Kutai Barat;Jempang
Kalimantan Timur;Kutai Barat;Bongan
Kalimantan Timur;Kutai Barat;Siluq Ngurai
Kalimantan Timur;Kutai Barat;Mook Manaar Bulatn
Kalimantan Timur;Kutai Barat;Linggang Bigung
Kalimantan Timur;Kutai Barat;Nyuatan
Kalimantan Timur;Kutai Kartanegara;Muara Badak
Kalimantan Timur;Kutai Kartanegara;Tenggarong
Kalimantan Timur;Kutai Kartanegara;Loa Janan
Kalimantan Timur;Kutai Kartanegara;Anggana
Kalimantan Timur;Kutai Kartanegara;Kenohan
Kalimantan Timur;Kutai Kartanegara;Sebulu
Kalimantan Timur;Kutai Kartanegara;Kota Bangun
Kalimantan Timur;Kutai Kartanegara;Muara Muntai
Kalimantan Timur;Kutai Kartanegara;Loa Kulu
Kalimantan Timur;Kutai Kartanegara;Tenggarong Seberang
Kalimantan Timur;Kutai Kartanegara;Marang Kayu
Kalimantan Timur;Kutai Kartanegara;Muara Jawa
Kalimantan Timur;Kutai Kartanegara;Sanga Sanga
Kalimantan Timur;Kutai Kartanegara;Muara Wis
Kalimantan Timur;Kutai Kartanegara;Kota Bangun Darat
Kalimantan Timur;Kutai Kartanegara;Tabang
Kalimantan Timur;Kutai Kartanegara;Samboja
Kalimantan Timur;Kutai Kartanegara;Kembang Janggut
Kalimantan Timur;Kutai Kartanegara;Muara Kaman
Kalimantan Timur;Kutai Kartanegara;Samboja Barat
Kalimantan Timur;Kutai Timur;Bengalon
Kalimantan Timur;Kutai Timur;Muara Bengkal
Kalimantan Timur;Kutai Timur;Sangatta Utara
Kalimantan Timur;Kutai Timur;Muara Ancalong
Kalimantan Timur;Kutai Timur;Muara Wahau
Kalimantan Timur;Kutai Timur;Telen
Kalimantan Timur;Kutai Timur;Kombeng
Kalimantan Timur;Kutai Timur;Sangkulirang
Kalimantan Timur;Kutai Timur;Busang
Kalimantan Timur;Kutai Timur;Kaliorang
Kalimantan Timur;Kutai Timur;Sandaran
Kalimantan Timur;Kutai Timur;Rantau Pulung
Kalimantan Timur;Kutai Timur;Kaubun
Kalimantan Timur;Kutai Timur;Sangatta Selatan
Kalimantan Timur;Kutai Timur;Teluk Pandan
Kalimantan Timur;Kutai Timur;Long Mesangat
Kalimantan Timur;Kutai Timur;Karangan
Kalimantan Timur;Kutai Timur;Batu Ampar
Kalimantan Timur;Mahakam Ulu;Laham
Kalimantan Timur;Mahakam Ulu;Long Apari
Kalimantan Timur;Mahakam Ulu;Long Bagun
Kalimantan Timur;Mahakam Ulu;Long Hubung
Kalimantan Timur;Mahakam Ulu;Long Pahangai
Kalimantan Timur;Paser;Tanah Grogot
Kalimantan Timur;Paser;Kuaro
Kalimantan Timur;Paser;Tanjung Harapan
Kalimantan Timur;Paser;Paser Belengkong
Kalimantan Timur;Paser;Long Kali
Kalimantan Timur;Paser;Batu Engau
Kalimantan Timur;Paser;Long Ikis
Kalimantan Timur;Paser;Muara Komam
Kalimantan Timur;Paser;Batu Sopang
Kalimantan Timur;Paser;Muara Samu
Kalimantan Timur;Penajam Paser Utara;Penajam
Kalimantan Timur;Penajam Paser Utara;Sepaku
Kalimantan Timur;Penajam Paser Utara;Waru
Kalimantan Timur;Penajam Paser Utara;Babulu
Kalimantan Utara;Bulungan;Tanjung Palas Utara
Kalimantan Utara;Bulungan;Tanjung Palas Timur
Kalimantan Utara;Bulungan;Tanjung Palas
Kalimantan Utara;Bulungan;Tanjung Palas Barat
Kalimantan Utara;Bulungan;Peso
Kalimantan Utara;Bulungan;Peso Hilir
Kalimantan Utara;Bulungan;Tanjung Selor
Kalimantan Utara;Bulungan;Tanjung Palas Tengah
Kalimantan Utara;Bulungan;Sekatak
Kalimantan Utara;Bulungan;Bunyu
Kalimantan Utara;Kota Tarakan;Tarakan Barat
Kalimantan Utara;Kota Tarakan;Tarakan Utara
Kalimantan Utara;Kota Tarakan;Tarakan Tengah
Kalimantan Utara;Kota Tarakan;Tarakan Timur
Kalimantan Utara;Malinau;Kayan Hilir
Kalimantan Utara;Malinau;Kayan Hulu
Kalimantan Utara;Malinau;Malinau Kota
Kalimantan Utara;Malinau;Pujungan
Kalimantan Utara;Malinau;Malinau Barat
Kalimantan Utara;Malinau;Sungai Boh
Kalimantan Utara;Malinau;Malinau Selatan
Kalimantan Utara;Malinau;Malinau Utara
Kalimantan Utara;Malinau;Mentarang
Kalimantan Utara;Malinau;Sungai Tubu
Kalimantan Utara;Malinau;Malinau Selatan Hilir
Kalimantan Utara;Malinau;Malinau Selatan Hulu
Kalimantan Utara;Malinau;Bahau Hulu
Kalimantan Utara;Malinau;Mentarang Hulu
Kalimantan Utara;Malinau;Kayan Selatan
Kalimantan Utara;Nunukan;Krayan
Kalimantan Utara;Nunukan;Sebuku
Kalimantan Utara;Nunukan;Sembakung
Kalimantan Utara;Nunukan;Lumbis
Kalimantan Utara;Nunukan;Nunukan Selatan
Kalimantan Utara;Nunukan;Krayan Selatan
Kalimantan Utara;Nunukan;Sebatik Barat
Kalimantan Utara;Nunukan;Sebatik
Kalimantan Utara;Nunukan;Nunukan
Kalimantan Utara;Nunukan;Sembakung Atulai
Kalimantan Utara;Nunukan;Krayan Tengah
Kalimantan Utara;Nunukan;Tulin Onsoi
Kalimantan Utara;Nunukan;Lumbis Ogong
Kalimantan Utara;Nunukan;Krayan Timur
Kalimantan Utara;Nunukan;Krayan Barat
Kalimantan Utara;Nunukan;Sebatik Tengah
Kalimantan Utara;Nunukan;Sei Menggaris
Kalimantan Utara;Nunukan;Sebatik Timur
Kalimantan Utara;Nunukan;Sebatik Utara
Kalimantan Utara;Nunukan;Lumbis Pansiangan
Kalimantan Utara;Nunukan;Lumbis Hulu
Kalimantan Utara;Tana Tidung;Betayau
Kalimantan Utara;Tana Tidung;Muruk Rian
Kalimantan Utara;Tana Tidung;Sesayap Hilir
Kalimantan Utara;Tana Tidung;Tana Lia
Kalimantan Utara;Tana Tidung;Sesayap
Kepulauan Bangka Belitung;Bangka;Puding Besar
Kepulauan Bangka Belitung;Bangka;Belinyu
Kepulauan Bangka Belitung;Bangka;Merawang
Kepulauan Bangka Belitung;Bangka;Sungailiat
Kepulauan Bangka Belitung;Bangka;Bakam
Kepulauan Bangka Belitung;Bangka;Riau Silip
Kepulauan Bangka Belitung;Bangka;Mendo Barat
Kepulauan Bangka Belitung;Bangka;Pemali
Kepulauan Bangka Belitung;Bangka Barat;Simpang Teritip
Kepulauan Bangka Belitung;Bangka Barat;Jebus
Kepulauan Bangka Belitung;Bangka Barat;Muntok
Kepulauan Bangka Belitung;Bangka Barat;Parittiga
Kepulauan Bangka Belitung;Bangka Barat;Kelapa
Kepulauan Bangka Belitung;Bangka Barat;Tempilang
Kepulauan Bangka Belitung;Bangka Selatan;Toboali
Kepulauan Bangka Belitung;Bangka Selatan;Simpang Rimba
Kepulauan Bangka Belitung;Bangka Selatan;Payung
Kepulauan Bangka Belitung;Bangka Selatan;Lepar Pongok
Kepulauan Bangka Belitung;Bangka Selatan;Air Gegas
Kepulauan Bangka Belitung;Bangka Selatan;Kepulauan Pongok
Kepulauan Bangka Belitung;Bangka Selatan;Tukak Sadai
Kepulauan Bangka Belitung;Bangka Selatan;Pulaubesar
Kepulauan Bangka Belitung;Bangka Tengah;Koba
Kepulauan Bangka Belitung;Bangka Tengah;Pangkalan Baru
Kepulauan Bangka Belitung;Bangka Tengah;Namang
Kepulauan Bangka Belitung;Bangka Tengah;Lubuk Besar
Kepulauan Bangka Belitung;Bangka Tengah;Sungai Selan
Kepulauan Bangka Belitung;Bangka Tengah;Simpang Katis
Kepulauan Bangka Belitung;Belitung;Selat Nasik
Kepulauan Bangka Belitung;Belitung;Sijuk
Kepulauan Bangka Belitung;Belitung;Tanjung Pandan
Kepulauan Bangka Belitung;Belitung;Membalong
Kepulauan Bangka Belitung;Belitung;Badau
Kepulauan Bangka Belitung;Belitung Timur;Dendang
Kepulauan Bangka Belitung;Belitung Timur;Kelapa Kampit
Kepulauan Bangka Belitung;Belitung Timur;Manggar
Kepulauan Bangka Belitung;Belitung Timur;Gantung
Kepulauan Bangka Belitung;Belitung Timur;Simpang Pesak
Kepulauan Bangka Belitung;Belitung Timur;Damar
Kepulauan Bangka Belitung;Belitung Timur;Simpang Renggiang
Kepulauan Bangka Belitung;Kota Pangkal Pinang;Pangkal Balam
Kepulauan Bangka Belitung;Kota Pangkal Pinang;Rangkui
Kepulauan Bangka Belitung;Kota Pangkal Pinang;Bukitintan
Kepulauan Bangka Belitung;Kota Pangkal Pinang;Taman Sari
Kepulauan Bangka Belitung;Kota Pangkal Pinang;Girimaya
Kepulauan Bangka Belitung;Kota Pangkal Pinang;Gerunggang
Kepulauan Bangka Belitung;Kota Pangkal Pinang;Gabek
Kepulauan Riau;Bintan;Gunung Kijang
Kepulauan Riau;Bintan;Bintan Utara
Kepulauan Riau;Bintan;Teluk Bintan
Kepulauan Riau;Bintan;Bintan Timur
Kepulauan Riau;Bintan;Tambelan
Kepulauan Riau;Bintan;Bintan Pesisir
Kepulauan Riau;Bintan;Seri Kuala Lobam
Kepulauan Riau;Bintan;Toapaya
Kepulauan Riau;Bintan;Mantang
Kepulauan Riau;Bintan;Telok Sebong
Kepulauan Riau;Karimun;Meral
Kepulauan Riau;Karimun;Tebing
Kepulauan Riau;Karimun;Kundur
Kepulauan Riau;Karimun;Karimun
Kepulauan Riau;Karimun;Kundur Barat
Kepulauan Riau;Karimun;Durai
Kepulauan Riau;Karimun;Buru
Kepulauan Riau;Karimun;Kundur Utara
Kepulauan Riau;Karimun;Moro
Kepulauan Riau;Karimun;Ungar
Kepulauan Riau;Karimun;Belat
Kepulauan Riau;Karimun;Meral Barat
Kepulauan Riau;Karimun;Selat Gelam
Kepulauan Riau;Karimun;Sugie Besar
Kepulauan Riau;Kepulauan Anambas;Siantan Tengah
Kepulauan Riau;Kepulauan Anambas;Siantan Utara
Kepulauan Riau;Kepulauan Anambas;Jemaja Timur
Kepulauan Riau;Kepulauan Anambas;Jemaja
Kepulauan Riau;Kepulauan Anambas;Jemaja Barat
Kepulauan Riau;Kepulauan Anambas;Siantan Timur
Kepulauan Riau;Kepulauan Anambas;Siantan Selatan
Kepulauan Riau;Kepulauan Anambas;Siantan
Kepulauan Riau;Kepulauan Anambas;Palmatak
Kepulauan Riau;Kepulauan Anambas;Kute Siantan
Kepulauan Riau;Kota Batam;Belakang Padang
Kepulauan Riau;Kota Batam;Nongsa
Kepulauan Riau;Kota Batam;Bulang
Kepulauan Riau;Kota Batam;Batu Ampar
Kepulauan Riau;Kota Batam;Sekupang
Kepulauan Riau;Kota Batam;Galang
Kepulauan Riau;Kota Batam;Bengkong
Kepulauan Riau;Kota Batam;Lubuk Baja
Kepulauan Riau;Kota Batam;Sei Beduk
Kepulauan Riau;Kota Batam;Sagulung
Kepulauan Riau;Kota Batam;Batu Aji
Kepulauan Riau;Kota Batam;Batam Kota
Kepulauan Riau;Kota Tanjung Pinang;Tanjung Pinang Barat
Kepulauan Riau;Kota Tanjung Pinang;Tanjung Pinang Timur
Kepulauan Riau;Kota Tanjung Pinang;Tanjung Pinang Kota
Kepulauan Riau;Kota Tanjung Pinang;Bukit Bestari
Kepulauan Riau;Lingga;Kepulauan Posek
Kepulauan Riau;Lingga;Bakung Serumpun
Kepulauan Riau;Lingga;Katang Bidare
Kepulauan Riau;Lingga;Temiang Pesisir
Kepulauan Riau;Lingga;Singkep Pesisir
Kepulauan Riau;Lingga;Lingga Timur
Kepulauan Riau;Lingga;Singkep Barat
Kepulauan Riau;Lingga;Lingga Utara
Kepulauan Riau;Lingga;Selayar
Kepulauan Riau;Lingga;Singkep Selatan
Kepulauan Riau;Lingga;Lingga
Kepulauan Riau;Lingga;Senayang
Kepulauan Riau;Lingga;Singkep
Kepulauan Riau;Natuna;Bunguran Barat
Kepulauan Riau;Natuna;Serasan
Kepulauan Riau;Natuna;Midai
Kepulauan Riau;Natuna;Subi
Kepulauan Riau;Natuna;Bunguran Timur
Kepulauan Riau;Natuna;Bunguran Utara
Kepulauan Riau;Natuna;Bunguran Tengah
Kepulauan Riau;Natuna;Bunguran Timur Laut
Kepulauan Riau;Natuna;Bunguran Selatan
Kepulauan Riau;Natuna;Serasan Timur
Kepulauan Riau;Natuna;Pulau Laut
Kepulauan Riau;Natuna;Pulau Tiga
Kepulauan Riau;Natuna;Bunguran Batubi
Kepulauan Riau;Natuna;Pulau Tiga Barat
Kepulauan Riau;Natuna;Suak Midai
Kepulauan Riau;Natuna;Pulau Panjang
Kepulauan Riau;Natuna;Pulau Seluan
Lampung;Kota Bandar Lampung;Panjang
Lampung;Kota Bandar Lampung;Tanjungkarang Timur
Lampung;Kota Bandar Lampung;Sukarame
Lampung;Kota Bandar Lampung;Tanjungkarang Barat
Lampung;Kota Bandar Lampung;Telukbetung Barat
Lampung;Kota Bandar Lampung;Telukbetung Utara
Lampung;Kota Bandar Lampung;Tanjungkarang Pusat
Lampung;Kota Bandar Lampung;Telukbetung Selatan
Lampung;Kota Bandar Lampung;Kedaton
Lampung;Kota Bandar Lampung;Way Halim
Lampung;Kota Bandar Lampung;Langkapura
Lampung;Kota Bandar Lampung;Kemiling
Lampung;Kota Bandar Lampung;Labuhan Ratu
Lampung;Kota Bandar Lampung;Telukbetung Timur
Lampung;Kota Bandar Lampung;Enggal
Lampung;Kota Bandar Lampung;Kedamaian
Lampung;Kota Bandar Lampung;Tanjung Senang
Lampung;Kota Bandar Lampung;Sukabumi
Lampung;Kota Bandar Lampung;Rajabasa
Lampung;Kota Bandar Lampung;Bumi Waras
Lampung;Kota Metro;Metro Selatan
Lampung;Kota Metro;Metro Barat
Lampung;Kota Metro;Metro Timur
Lampung;Kota Metro;Metro Pusat
Lampung;Kota Metro;Metro Utara
Lampung;Lampung Barat;Kebun Tebu
Lampung;Lampung Barat;Gedung Surian
Lampung;Lampung Barat;Air Hitam
Lampung;Lampung Barat;Pagar Dewa
Lampung;Lampung Barat;Batu Ketulis
Lampung;Lampung Barat;Lumbok Seminung
Lampung;Lampung Barat;Bandar Negeri Suoh
Lampung;Lampung Barat;Belalau
Lampung;Lampung Barat;Way Tenong
Lampung;Lampung Barat;Balik Bukit
Lampung;Lampung Barat;Sumber Jaya
Lampung;Lampung Barat;Sekincau
Lampung;Lampung Barat;Suoh
Lampung;Lampung Barat;Batu Brak
Lampung;Lampung Barat;Sukau
Lampung;Lampung Selatan;Way Sulan
Lampung;Lampung Selatan;Way Panji
Lampung;Lampung Selatan;Penengahan
Lampung;Lampung Selatan;Natar
Lampung;Lampung Selatan;Sidomulyo
Lampung;Lampung Selatan;Katibung
Lampung;Lampung Selatan;Tanjung Bintang
Lampung;Lampung Selatan;Kalianda
Lampung;Lampung Selatan;Palas
Lampung;Lampung Selatan;Ketapang
Lampung;Lampung Selatan;Sragi
Lampung;Lampung Selatan;Jati Agung
Lampung;Lampung Selatan;Merbau Mataram
Lampung;Lampung Selatan;Raja Basa
Lampung;Lampung Selatan;Candipuro
Lampung;Lampung Selatan;Bakauheni
Lampung;Lampung Selatan;Tanjung Sari
Lampung;Lampung Tengah;Kalirejo
Lampung;Lampung Tengah;Gunung Sugih
Lampung;Lampung Tengah;Trimurjo
Lampung;Lampung Tengah;Bangun Rejo
Lampung;Lampung Tengah;Padang Ratu
Lampung;Lampung Tengah;Seputih Raman
Lampung;Lampung Tengah;Rumbia
Lampung;Lampung Tengah;Punggur
Lampung;Lampung Tengah;Terbanggi Besar
Lampung;Lampung Tengah;Seputih Mataram
Lampung;Lampung Tengah;Seputih Surabaya
Lampung;Lampung Tengah;Seputih Banyak
Lampung;Lampung Tengah;Bekri
Lampung;Lampung Tengah;Seputih Agung
Lampung;Lampung Tengah;Terusan Nunyai
Lampung;Lampung Tengah;Bumi Ratu Nuban
Lampung;Lampung Tengah;Pubian
Lampung;Lampung Tengah;Way Pangubuan
Lampung;Lampung Tengah;Bandar Mataram
Lampung;Lampung Tengah;Sendang Agung
Lampung;Lampung Tengah;Kota Gajah
Lampung;Lampung Tengah;Selagai Lingga
Lampung;Lampung Tengah;Anak Tuha
Lampung;Lampung Tengah;Bandar Surabaya
Lampung;Lampung Tengah;Anak Ratu Aji
Lampung;Lampung Tengah;Bumi Nabung
Lampung;Lampung Tengah;Way Seputih
Lampung;Lampung Tengah;Putra Rumbia
Lampung;Lampung Timur;Raman Utara
Lampung;Lampung Timur;Way Jepara
Lampung;Lampung Timur;Purbolinggo
Lampung;Lampung Timur;Sekampung Udik
Lampung;Lampung Timur;Batanghari Nuban
Lampung;Lampung Timur;Metro Kibang
Lampung;Lampung Timur;Marga Tiga
Lampung;Lampung Timur;Mataram Baru
Lampung;Lampung Timur;Melinting
Lampung;Lampung Timur;Bumi Agung
Lampung;Lampung Timur;Bandar Sribhawono
Lampung;Lampung Timur;Gunung Pelindung
Lampung;Lampung Timur;Pasir Sakti
Lampung;Lampung Timur;Way Bungur
Lampung;Lampung Timur;Marga Sekampung
Lampung;Lampung Timur;Labuhan Ratu
Lampung;Lampung Timur;Braja Selebah
Lampung;Lampung Timur;Waway Karya
Lampung;Lampung Timur;Sukadana
Lampung;Lampung Timur;Labuhan Maringgai
Lampung;Lampung Timur;Sekampung
Lampung;Lampung Timur;Batanghari
Lampung;Lampung Timur;Jabung
Lampung;Lampung Timur;Pekalongan
Lampung;Lampung Utara;Bukit Kemuning
Lampung;Lampung Utara;Kotabumi
Lampung;Lampung Utara;Abung Timur
Lampung;Lampung Utara;Abung Barat
Lampung;Lampung Utara;Sungkai Selatan
Lampung;Lampung Utara;Tanjung Raja
Lampung;Lampung Utara;Kotabumi Utara
Lampung;Lampung Utara;Abung Selatan
Lampung;Lampung Utara;Sungkai Utara
Lampung;Lampung Utara;Abung Tinggi
Lampung;Lampung Utara;Abung Semuli
Lampung;Lampung Utara;Kotabumi Selatan
Lampung;Lampung Utara;Abung Tengah
Lampung;Lampung Utara;Bunga Mayang
Lampung;Lampung Utara;Hulu Sungkai
Lampung;Lampung Utara;Abung Surakarta
Lampung;Lampung Utara;Muara Sungkai
Lampung;Lampung Utara;Sungkai Tengah
Lampung;Lampung Utara;Abung Pekurun
Lampung;Lampung Utara;Sungkai Jaya
Lampung;Lampung Utara;Blambangan Pagar
Lampung;Lampung Utara;Sungkai Barat
Lampung;Lampung Utara;Abung Kunang
Lampung;Mesuji;Mesuji Timur
Lampung;Mesuji;Rawa Jitu Utara
Lampung;Mesuji;Mesuji
Lampung;Mesuji;Panca Jaya
Lampung;Mesuji;Tanjung Raya
Lampung;Mesuji;Way Serdang
Lampung;Mesuji;Simpang Pematang
Lampung;Pesawaran;Tegineneng
Lampung;Pesawaran;Way Lima
Lampung;Pesawaran;Gedong Tataan
Lampung;Pesawaran;Negeri Katon
Lampung;Pesawaran;Kedondong
Lampung;Pesawaran;Marga Punduh
Lampung;Pesawaran;Padang Cermin
Lampung;Pesawaran;Punduh Pidada
Lampung;Pesawaran;Way Khilau
Lampung;Pesawaran;Teluk Pandan
Lampung;Pesawaran;Way Ratai
Lampung;Pesisir Barat;Pesisir Utara
Lampung;Pesisir Barat;Karya Penggawa
Lampung;Pesisir Barat;Pesisir Selatan
Lampung;Pesisir Barat;Lemong
Lampung;Pesisir Barat;Krui Selatan
Lampung;Pesisir Barat;Ngambur
Lampung;Pesisir Barat;Pulaupisang
Lampung;Pesisir Barat;Way Krui
Lampung;Pesisir Barat;Bangkunat
Lampung;Pesisir Barat;Ngaras
Lampung;Pesisir Barat;Pesisir Tengah
Lampung;Pringsewu;Pagelaran Utara
Lampung;Pringsewu;Adiluwih
Lampung;Pringsewu;Sukoharjo
Lampung;Pringsewu;Pringsewu
Lampung;Pringsewu;Gading Rejo
Lampung;Pringsewu;Pagelaran
Lampung;Pringsewu;Banyumas
Lampung;Pringsewu;Ambarawa
Lampung;Pringsewu;Pardasuka
Lampung;Tanggamus;Kota Agung
Lampung;Tanggamus;Pulau Panggung
Lampung;Tanggamus;Talang Padang
Lampung;Tanggamus;Wonosobo
Lampung;Tanggamus;Cukuh Balak
Lampung;Tanggamus;Pugung
Lampung;Tanggamus;Semaka
Lampung;Tanggamus;Ulu Belu
Lampung;Tanggamus;Pematang Sawa
Lampung;Tanggamus;Sumber Rejo
Lampung;Tanggamus;Kota Agung Timur
Lampung;Tanggamus;Klumbayan
Lampung;Tanggamus;Kota Agung Barat
Lampung;Tanggamus;Gisting
Lampung;Tanggamus;Gunung Alip
Lampung;Tanggamus;Air Naningan
Lampung;Tanggamus;Bulok
Lampung;Tanggamus;Limau
Lampung;Tanggamus;Bandar Negeri Semuong
Lampung;Tanggamus;Klumbayan Barat
Lampung;Tulang Bawang;Banjar Baru
Lampung;Tulang Bawang;Gedung Aji Baru
Lampung;Tulang Bawang;Menggala Timur
Lampung;Tulang Bawang;Menggala
Lampung;Tulang Bawang;Banjar Agung
Lampung;Tulang Bawang;Gedung Aji
Lampung;Tulang Bawang;Gedung Meneng
Lampung;Tulang Bawang;Rawa Jitu Selatan
Lampung;Tulang Bawang;Penawar Tama
Lampung;Tulang Bawang;Rawa Jitu Timur
Lampung;Tulang Bawang;Rawa Pitu
Lampung;Tulang Bawang;Banjar Margo
Lampung;Tulang Bawang;Dente Teladas
Lampung;Tulang Bawang;Meraksa Aji
Lampung;Tulang Bawang;Penawar Aji
Lampung;Tulang Bawang Barat;Batu Putih
Lampung;Tulang Bawang Barat;Tulang Bawang Udik
Lampung;Tulang Bawang Barat;Gunung Terang
Lampung;Tulang Bawang Barat;Tulang Bawang Tengah
Lampung;Tulang Bawang Barat;Tumijajar
Lampung;Tulang Bawang Barat;Lambu Kibang
Lampung;Tulang Bawang Barat;Pagar Dewa
Lampung;Tulang Bawang Barat;Gunung Agung
Lampung;Tulang Bawang Barat;Way Kenanga
Lampung;Way Kanan;Kasui
Lampung;Way Kanan;Banjit
Lampung;Way Kanan;Blambangan Umpu
Lampung;Way Kanan;Pakuan Ratu
Lampung;Way Kanan;Negeri Agung
Lampung;Way Kanan;Baradatu
Lampung;Way Kanan;Bahuga
Lampung;Way Kanan;Way Tuba
Lampung;Way Kanan;Rebang Tangkas
Lampung;Way Kanan;Buay Bahuga
Lampung;Way Kanan;Bumi Agung
Lampung;Way Kanan;Negara Batin
Lampung;Way Kanan;Negeri Besar
Lampung;Way Kanan;Umpu Semenguk
Lampung;Way Kanan;Gunung Labuhan
Maluku;Buru;Namlea
Maluku;Buru;Air Buaya
Maluku;Buru;Waeapo
Maluku;Buru;Waplau
Maluku;Buru;Lolong Guba
Maluku;Buru;Waelata
Maluku;Buru;Batabual
Maluku;Buru;Lilialy
Maluku;Buru;Fena Leisela
Maluku;Buru;Teluk Kaiely
Maluku;Buru Selatan;Namrole
Maluku;Buru Selatan;Waesama
Maluku;Buru Selatan;Leksula
Maluku;Buru Selatan;Fena Fafan
Maluku;Buru Selatan;Ambalau
Maluku;Buru Selatan;Kepala Madan
Maluku;Kepulauan Aru;Aru Tengah
Maluku;Kepulauan Aru;Aru Utara
Maluku;Kepulauan Aru;Pulau-Pulau Aru
Maluku;Kepulauan Aru;Aru Selatan
Maluku;Kepulauan Aru;Aru Tengah Timur
Maluku;Kepulauan Aru;Aru Tengah Selatan
Maluku;Kepulauan Aru;Aru Utara Timur Batuley
Maluku;Kepulauan Aru;Sir-Sir
Maluku;Kepulauan Aru;Aru Selatan Timur
Maluku;Kepulauan Aru;Aru Selatan Utara
Maluku;Kepulauan Tanimbar;Tanimbar Selatan
Maluku;Kepulauan Tanimbar;Wertamrian
Maluku;Kepulauan Tanimbar;Wermaktian
Maluku;Kepulauan Tanimbar;Selaru
Maluku;Kepulauan Tanimbar;Tanimbar Utara
Maluku;Kepulauan Tanimbar;Fordata
Maluku;Kepulauan Tanimbar;Wuarlabobar
Maluku;Kepulauan Tanimbar;Nirunmas
Maluku;Kepulauan Tanimbar;Kormomolin
Maluku;Kepulauan Tanimbar;Molu Maru
Maluku;Kota Ambon;Sirimau
Maluku;Kota Ambon;Baguala
Maluku;Kota Ambon;Nusaniwe
Maluku;Kota Ambon;Teluk Ambon
Maluku;Kota Ambon;Leitimur Selatan
Maluku;Kota Tual;Tayando Tam
Maluku;Kota Tual;Pulau-Pulau Kur
Maluku;Kota Tual;Pulau Dullah Utara
Maluku;Kota Tual;Pulau Dullah Selatan
Maluku;Kota Tual;Kur Selatan
Maluku;Maluku Barat Daya;Wetar Selatan
Maluku;Maluku Barat Daya;Wetar Barat
Maluku;Maluku Barat Daya;Wetar Utara
Maluku;Maluku Barat Daya;Wetar Timur
Maluku;Maluku Barat Daya;Kisar Selatan
Maluku;Maluku Barat Daya;Kisar Utara
Maluku;Maluku Barat Daya;Kepulauan Roma
Maluku;Maluku Barat Daya;Letti
Maluku;Maluku Barat Daya;Moa
Maluku;Maluku Barat Daya;Lakor
Maluku;Maluku Barat Daya;Damer
Maluku;Maluku Barat Daya;Luang Sermata
Maluku;Maluku Barat Daya;Babar Barat
Maluku;Maluku Barat Daya;Pulau Wetang
Maluku;Maluku Barat Daya;Babar Timur
Maluku;Maluku Barat Daya;Pulau Masela
Maluku;Maluku Barat Daya;Dawelor Dawera
Maluku;Maluku Tengah;Banda
Maluku;Maluku Tengah;Amahai
Maluku;Maluku Tengah;Teon Nila Serua
Maluku;Maluku Tengah;Seram Utara
Maluku;Maluku Tengah;Saparua
Maluku;Maluku Tengah;Pulau Haruku
Maluku;Maluku Tengah;Tehoru
Maluku;Maluku Tengah;Nusa Laut
Maluku;Maluku Tengah;Kota Masohi
Maluku;Maluku Tengah;Salahutu
Maluku;Maluku Tengah;Leihitu
Maluku;Maluku Tengah;Seram Utara Barat
Maluku;Maluku Tengah;Telutih
Maluku;Maluku Tengah;Seram Utara Timur Seti
Maluku;Maluku Tengah;Teluk Elpaputih
Maluku;Maluku Tengah;Leihitu Barat
Maluku;Maluku Tengah;Seram Utara Timur Kobi
Maluku;Maluku Tengah;Saparua Timur
Maluku;Maluku Tenggara;Kei Besar
Maluku;Maluku Tenggara;Kei Kecil
Maluku;Maluku Tenggara;Kei Besar Selatan
Maluku;Maluku Tenggara;Kei Besar Utara Timur
Maluku;Maluku Tenggara;Kei Kecil Timur Selatan
Maluku;Maluku Tenggara;Kei Kecil Timur
Maluku;Maluku Tenggara;Kei Kecil Barat
Maluku;Maluku Tenggara;Kei Besar Utara Barat
Maluku;Maluku Tenggara;Kei Besar Selatan Barat
Maluku;Maluku Tenggara;Manyeuw
Maluku;Maluku Tenggara;Hoat Sorbay
Maluku;Seram Bagian Barat;Taniwel Timur
Maluku;Seram Bagian Barat;Elpaputih
Maluku;Seram Bagian Barat;Seram Barat
Maluku;Seram Bagian Barat;Taniwel
Maluku;Seram Bagian Barat;Kairatu
Maluku;Seram Bagian Barat;Inamosol
Maluku;Seram Bagian Barat;Kairatu Barat
Maluku;Seram Bagian Barat;Huamual Belakang
Maluku;Seram Bagian Barat;Amalatu
Maluku;Seram Bagian Barat;Huamual
Maluku;Seram Bagian Barat;Kepulauan Manipa
Maluku;Seram Bagian Timur;Bula
Maluku;Seram Bagian Timur;Seram Timur
Maluku;Seram Bagian Timur;Wakate
Maluku;Seram Bagian Timur;Tutuk Tolu
Maluku;Seram Bagian Timur;Werinama
Maluku;Seram Bagian Timur;Pulau Gorom
Maluku;Seram Bagian Timur;Pulau Panjang
Maluku;Seram Bagian Timur;Siwalalat
Maluku;Seram Bagian Timur;Kilmury
Maluku;Seram Bagian Timur;Bula Barat
Maluku;Seram Bagian Timur;Kian Darat
Maluku;Seram Bagian Timur;Teor
Maluku;Seram Bagian Timur;Gorom Timur
Maluku;Seram Bagian Timur;Siritaun Wida Timur
Maluku;Seram Bagian Timur;Teluk Waru
Maluku;Seram Bagian Timur;Ukar Sengan
Maluku Utara;Halmahera Barat;Ibu Selatan
Maluku Utara;Halmahera Barat;Sahu Timur
Maluku Utara;Halmahera Barat;Ibu Utara
Maluku Utara;Halmahera Barat;Jailolo
Maluku Utara;Halmahera Barat;Sahu
Maluku Utara;Halmahera Barat;Jailolo Selatan
Maluku Utara;Halmahera Barat;Loloda
Maluku Utara;Halmahera Barat;Ibu
Maluku Utara;Halmahera Barat;Loloda Tengah
Maluku Utara;Halmahera Selatan;Bacan Barat
Maluku Utara;Halmahera Selatan;Gane Timur
Maluku Utara;Halmahera Selatan;Gane Barat
Maluku Utara;Halmahera Selatan;Pulau Makian
Maluku Utara;Halmahera Selatan;Kayoa
Maluku Utara;Halmahera Selatan;Bacan Timur
Maluku Utara;Halmahera Selatan;Bacan
Maluku Utara;Halmahera Selatan;Obi Selatan
Maluku Utara;Halmahera Selatan;Obi
Maluku Utara;Halmahera Selatan;Makian Barat
Maluku Utara;Halmahera Selatan;Kayoa Barat
Maluku Utara;Halmahera Selatan;Bacan Barat Utara
Maluku Utara;Halmahera Selatan;Kasiruta Barat
Maluku Utara;Halmahera Selatan;Kayoa Selatan
Maluku Utara;Halmahera Selatan;Kayoa Utara
Maluku Utara;Halmahera Selatan;Kepulauan Botanglomang
Maluku Utara;Halmahera Selatan;Mandioli Selatan
Maluku Utara;Halmahera Selatan;Kasiruta Timur
Maluku Utara;Halmahera Selatan;Bacan Selatan
Maluku Utara;Halmahera Selatan;Bacan Timur Selatan
Maluku Utara;Halmahera Selatan;Bacan Timur Tengah
Maluku Utara;Halmahera Selatan;Mandioli Utara
Maluku Utara;Halmahera Selatan;Kepulauan Joronga
Maluku Utara;Halmahera Selatan;Gane Timur Selatan
Maluku Utara;Halmahera Selatan;Gane Barat Selatan
Maluku Utara;Halmahera Selatan;Gane Barat Utara
Maluku Utara;Halmahera Selatan;Obi Timur
Maluku Utara;Halmahera Selatan;Gane Timur Tengah
Maluku Utara;Halmahera Selatan;Obi Barat
Maluku Utara;Halmahera Selatan;Obi Utara
Maluku Utara;Halmahera Tengah;Weda Timur
Maluku Utara;Halmahera Tengah;Weda Tengah
Maluku Utara;Halmahera Tengah;Patani Barat
Maluku Utara;Halmahera Tengah;Weda
Maluku Utara;Halmahera Tengah;Patani
Maluku Utara;Halmahera Tengah;Weda Selatan
Maluku Utara;Halmahera Tengah;Patani Utara
Maluku Utara;Halmahera Tengah;Pulau Gebe
Maluku Utara;Halmahera Tengah;Weda Utara
Maluku Utara;Halmahera Tengah;Patani Timur
Maluku Utara;Halmahera Timur;Wasile
Maluku Utara;Halmahera Timur;Maba
Maluku Utara;Halmahera Timur;Wasile Tengah
Maluku Utara;Halmahera Timur;Wasile Utara
Maluku Utara;Halmahera Timur;Maba Selatan
Maluku Utara;Halmahera Timur;Wasile Selatan
Maluku Utara;Halmahera Timur;Maba Utara
Maluku Utara;Halmahera Timur;Wasile Timur
Maluku Utara;Halmahera Timur;Maba Tengah
Maluku Utara;Halmahera Timur;Kota Maba
Maluku Utara;Halmahera Utara;Malifut
Maluku Utara;Halmahera Utara;Loloda Utara
Maluku Utara;Halmahera Utara;Tobelo Selatan
Maluku Utara;Halmahera Utara;Kao
Maluku Utara;Halmahera Utara;Galela
Maluku Utara;Halmahera Utara;Tobelo
Maluku Utara;Halmahera Utara;Tobelo Utara
Maluku Utara;Halmahera Utara;Loloda Kepulauan
Maluku Utara;Halmahera Utara;Tobelo Barat
Maluku Utara;Halmahera Utara;Galela Barat
Maluku Utara;Halmahera Utara;Tobelo Tengah
Maluku Utara;Halmahera Utara;Tobelo Timur
Maluku Utara;Halmahera Utara;Galela Utara
Maluku Utara;Halmahera Utara;Galela Selatan
Maluku Utara;Halmahera Utara;Kao Utara
Maluku Utara;Halmahera Utara;Kao Barat
Maluku Utara;Halmahera Utara;Kao Teluk
Maluku Utara;Kepulauan Sula;Mangoli Timur
Maluku Utara;Kepulauan Sula;Sanana
Maluku Utara;Kepulauan Sula;Sulabesi Barat
Maluku Utara;Kepulauan Sula;Sulabesi Timur
Maluku Utara;Kepulauan Sula;Sulabesi Selatan
Maluku Utara;Kepulauan Sula;Mangoli Barat
Maluku Utara;Kepulauan Sula;Sulabesi Tengah
Maluku Utara;Kepulauan Sula;Mangoli Tengah
Maluku Utara;Kepulauan Sula;Mangoli Selatan
Maluku Utara;Kepulauan Sula;Mangoli Utara Timur
Maluku Utara;Kepulauan Sula;Mangoli Utara
Maluku Utara;Kepulauan Sula;Sanana Utara
Maluku Utara;Kota Ternate;Pulau Ternate
Maluku Utara;Kota Ternate;Kota Ternate Selatan
Maluku Utara;Kota Ternate;Pulau Batang Dua
Maluku Utara;Kota Ternate;Kota Ternate Tengah
Maluku Utara;Kota Ternate;Kota Ternate Utara
Maluku Utara;Kota Ternate;Moti
Maluku Utara;Kota Ternate;Pulau Hiri
Maluku Utara;Kota Tidore Kepulauan;Oba Utara
Maluku Utara;Kota Tidore Kepulauan;Oba
Maluku Utara;Kota Tidore Kepulauan;Tidore
Maluku Utara;Kota Tidore Kepulauan;Oba Tengah
Maluku Utara;Kota Tidore Kepulauan;Oba Selatan
Maluku Utara;Kota Tidore Kepulauan;Tidore Selatan
Maluku Utara;Kota Tidore Kepulauan;Tidore Utara
Maluku Utara;Kota Tidore Kepulauan;Tidore Timur
Maluku Utara;Pulau Morotai;Morotai Selatan Barat
Maluku Utara;Pulau Morotai;Morotai Jaya
Maluku Utara;Pulau Morotai;Morotai Selatan
Maluku Utara;Pulau Morotai;Pulau Rao
Maluku Utara;Pulau Morotai;Morotai Utara
Maluku Utara;Pulau Morotai;Morotai Timur
Maluku Utara;Pulau Taliabu;Lede
Maluku Utara;Pulau Taliabu;Taliabu Utara
Maluku Utara;Pulau Taliabu;Taliabu Barat
Maluku Utara;Pulau Taliabu;Taliabu Barat Laut
Maluku Utara;Pulau Taliabu;Taliabu Selatan
Maluku Utara;Pulau Taliabu;Tabona
Maluku Utara;Pulau Taliabu;Taliabu Timur
Maluku Utara;Pulau Taliabu;Taliabu Timur Selatan
Nusa Tenggara Barat;Bima;Donggo
Nusa Tenggara Barat;Bima;Sanggar
Nusa Tenggara Barat;Bima;Bolo
Nusa Tenggara Barat;Bima;Woha
Nusa Tenggara Barat;Bima;Monta
Nusa Tenggara Barat;Bima;Sape
Nusa Tenggara Barat;Bima;Wera
Nusa Tenggara Barat;Bima;Belo
Nusa Tenggara Barat;Bima;Wawo
Nusa Tenggara Barat;Bima;Ambalawi
Nusa Tenggara Barat;Bima;Madapangga
Nusa Tenggara Barat;Bima;Tambora
Nusa Tenggara Barat;Bima;Langgudu
Nusa Tenggara Barat;Bima;Lambu
Nusa Tenggara Barat;Bima;Lambitu
Nusa Tenggara Barat;Bima;Palibelo
Nusa Tenggara Barat;Bima;Soromandi
Nusa Tenggara Barat;Bima;Parado
Nusa Tenggara Barat;Dompu;Manggalewa
Nusa Tenggara Barat;Dompu;Pajo
Nusa Tenggara Barat;Dompu;Dompu
Nusa Tenggara Barat;Dompu;Kempo
Nusa Tenggara Barat;Dompu;Woja
Nusa Tenggara Barat;Dompu;Pekat
Nusa Tenggara Barat;Dompu;Hu'u
Nusa Tenggara Barat;Dompu;Kilo
Nusa Tenggara Barat;Kota Bima;Asakota
Nusa Tenggara Barat;Kota Bima;Raba
Nusa Tenggara Barat;Kota Bima;Rasanae Barat
Nusa Tenggara Barat;Kota Bima;Rasanae Timur
Nusa Tenggara Barat;Kota Bima;Mpunda
Nusa Tenggara Barat;Kota Mataram;Mataram
Nusa Tenggara Barat;Kota Mataram;Cakranegara
Nusa Tenggara Barat;Kota Mataram;Ampenan
Nusa Tenggara Barat;Kota Mataram;Sandubaya
Nusa Tenggara Barat;Kota Mataram;Sekarbela
Nusa Tenggara Barat;Kota Mataram;Selaparang
Nusa Tenggara Barat;Lombok Barat;Narmada
Nusa Tenggara Barat;Lombok Barat;Gunungsari
Nusa Tenggara Barat;Lombok Barat;Sekotong
Nusa Tenggara Barat;Lombok Barat;Labuapi
Nusa Tenggara Barat;Lombok Barat;Gerung
Nusa Tenggara Barat;Lombok Barat;Kediri
Nusa Tenggara Barat;Lombok Barat;Batu Layar
Nusa Tenggara Barat;Lombok Barat;Kuripan
Nusa Tenggara Barat;Lombok Barat;Lingsar
Nusa Tenggara Barat;Lombok Barat;Lembar
Nusa Tenggara Barat;Lombok Tengah;Praya Timur
Nusa Tenggara Barat;Lombok Tengah;Janapria
Nusa Tenggara Barat;Lombok Tengah;Pujut
Nusa Tenggara Barat;Lombok Tengah;Praya Barat
Nusa Tenggara Barat;Lombok Tengah;Pringgarata
Nusa Tenggara Barat;Lombok Tengah;Kopang
Nusa Tenggara Barat;Lombok Tengah;Jonggat
Nusa Tenggara Barat;Lombok Tengah;Batukliang
Nusa Tenggara Barat;Lombok Tengah;Praya
Nusa Tenggara Barat;Lombok Tengah;Praya Tengah
Nusa Tenggara Barat;Lombok Tengah;Praya Barat Daya
Nusa Tenggara Barat;Lombok Tengah;Batukliang Utara
Nusa Tenggara Barat;Lombok Timur;Selong
Nusa Tenggara Barat;Lombok Timur;Pringgabaya
Nusa Tenggara Barat;Lombok Timur;Masbagik
Nusa Tenggara Barat;Lombok Timur;Sukamulia
Nusa Tenggara Barat;Lombok Timur;Aikmel
Nusa Tenggara Barat;Lombok Timur;Terara
Nusa Tenggara Barat;Lombok Timur;Sikur
Nusa Tenggara Barat;Lombok Timur;Keruak
Nusa Tenggara Barat;Lombok Timur;Sakra
Nusa Tenggara Barat;Lombok Timur;Sakra Timur
Nusa Tenggara Barat;Lombok Timur;Sakra Barat
Nusa Tenggara Barat;Lombok Timur;Suwela
Nusa Tenggara Barat;Lombok Timur;Labuhan Haji
Nusa Tenggara Barat;Lombok Timur;Sambelia
Nusa Tenggara Barat;Lombok Timur;Montong Gading
Nusa Tenggara Barat;Lombok Timur;Wanasaba
Nusa Tenggara Barat;Lombok Timur;Sembalun
Nusa Tenggara Barat;Lombok Timur;Pringgasela
Nusa Tenggara Barat;Lombok Timur;Suralaga
Nusa Tenggara Barat;Lombok Timur;Lenek
Nusa Tenggara Barat;Lombok Timur;Jerowaru
Nusa Tenggara Barat;Lombok Utara;Tanjung
Nusa Tenggara Barat;Lombok Utara;Bayan
Nusa Tenggara Barat;Lombok Utara;Pemenang
Nusa Tenggara Barat;Lombok Utara;Gangga
Nusa Tenggara Barat;Lombok Utara;Kayangan
Nusa Tenggara Barat;Sumbawa;Orong Telu
Nusa Tenggara Barat;Sumbawa;Lantung
Nusa Tenggara Barat;Sumbawa;Unter Iwes
Nusa Tenggara Barat;Sumbawa;Moyo Utara
Nusa Tenggara Barat;Sumbawa;Buer
Nusa Tenggara Barat;Sumbawa;Rhee
Nusa Tenggara Barat;Sumbawa;Lopok
Nusa Tenggara Barat;Sumbawa;Lenangguar
Nusa Tenggara Barat;Sumbawa;Maronge
Nusa Tenggara Barat;Sumbawa;Tarano
Nusa Tenggara Barat;Sumbawa;Sumbawa
Nusa Tenggara Barat;Sumbawa;Moyo Hilir
Nusa Tenggara Barat;Sumbawa;Utan
Nusa Tenggara Barat;Sumbawa;Batu Lanteh
Nusa Tenggara Barat;Sumbawa;Alas
Nusa Tenggara Barat;Sumbawa;Lunyuk
Nusa Tenggara Barat;Sumbawa;Labangka
Nusa Tenggara Barat;Sumbawa;Alas Barat
Nusa Tenggara Barat;Sumbawa;Labuhan Badas
Nusa Tenggara Barat;Sumbawa;Ropang
Nusa Tenggara Barat;Sumbawa;Lape
Nusa Tenggara Barat;Sumbawa;Moyo Hulu
Nusa Tenggara Barat;Sumbawa;Plampang
Nusa Tenggara Barat;Sumbawa;Empang
Nusa Tenggara Barat;Sumbawa Barat;Seteluk
Nusa Tenggara Barat;Sumbawa Barat;Sekongkang
Nusa Tenggara Barat;Sumbawa Barat;Jereweh
Nusa Tenggara Barat;Sumbawa Barat;Taliwang
Nusa Tenggara Barat;Sumbawa Barat;Brang Ene
Nusa Tenggara Barat;Sumbawa Barat;Maluk
Nusa Tenggara Barat;Sumbawa Barat;Brang Rea
Nusa Tenggara Barat;Sumbawa Barat;Poto Tano
Nusa Tenggara Timur;Alor;Alor Timur Laut
Nusa Tenggara Timur;Alor;Pantar Barat
Nusa Tenggara Timur;Alor;Pantar
Nusa Tenggara Timur;Alor;Alor Tengah Utara
Nusa Tenggara Timur;Alor;Teluk Mutiara
Nusa Tenggara Timur;Alor;Alor Selatan
Nusa Tenggara Timur;Alor;Alor Timur
Nusa Tenggara Timur;Alor;Alor Barat Laut
Nusa Tenggara Timur;Alor;Alor Barat Daya
Nusa Tenggara Timur;Alor;Pantar Baru Laut
Nusa Tenggara Timur;Alor;Abad Selatan
Nusa Tenggara Timur;Alor;Pulau Pura
Nusa Tenggara Timur;Alor;Mataru
Nusa Tenggara Timur;Alor;Kabola
Nusa Tenggara Timur;Alor;Lembur
Nusa Tenggara Timur;Alor;Pantar Tengah
Nusa Tenggara Timur;Alor;Pureman
Nusa Tenggara Timur;Alor;Pantar Timur
Nusa Tenggara Timur;Belu;Kakuluk Mesak
Nusa Tenggara Timur;Belu;Raihat
Nusa Tenggara Timur;Belu;Tasifeto Barat
Nusa Tenggara Timur;Belu;Lamaknen
Nusa Tenggara Timur;Belu;TasifetoTimur
Nusa Tenggara Timur;Belu;Lamaknen Selatan
Nusa Tenggara Timur;Belu;Lasiolat
Nusa Tenggara Timur;Belu;Kota Atambua
Nusa Tenggara Timur;Belu;Raimanuk
Nusa Tenggara Timur;Belu;Atambua Barat
Nusa Tenggara Timur;Belu;Atambua Selatan
Nusa Tenggara Timur;Belu;Nanaet Duabesi
Nusa Tenggara Timur;Ende;Wolojita
Nusa Tenggara Timur;Ende;Ende
Nusa Tenggara Timur;Ende;Ende Selatan
Nusa Tenggara Timur;Ende;Nangapanda
Nusa Tenggara Timur;Ende;Pulau Ende
Nusa Tenggara Timur;Ende;Wewaria
Nusa Tenggara Timur;Ende;Wolowaru
Nusa Tenggara Timur;Ende;Ndona
Nusa Tenggara Timur;Ende;Detusoko
Nusa Tenggara Timur;Ende;Maurole
Nusa Tenggara Timur;Ende;Maukaro
Nusa Tenggara Timur;Ende;Kelimutu
Nusa Tenggara Timur;Ende;Detukeli
Nusa Tenggara Timur;Ende;Lio Timur
Nusa Tenggara Timur;Ende;Kota Baru
Nusa Tenggara Timur;Ende;Ende Utara
Nusa Tenggara Timur;Ende;Ende Tengah
Nusa Tenggara Timur;Ende;Ndona Timur
Nusa Tenggara Timur;Ende;Ndori
Nusa Tenggara Timur;Ende;Lepembusu Kelisoke
Nusa Tenggara Timur;Ende;Ende Timur
Nusa Tenggara Timur;Flores Timur;Wotan Ulumando
Nusa Tenggara Timur;Flores Timur;Solor Timur
Nusa Tenggara Timur;Flores Timur;Adonara Barat
Nusa Tenggara Timur;Flores Timur;Wulanggitang
Nusa Tenggara Timur;Flores Timur;Titehena
Nusa Tenggara Timur;Flores Timur;Tanjung Bunga
Nusa Tenggara Timur;Flores Timur;Solor Barat
Nusa Tenggara Timur;Flores Timur;Larantuka
Nusa Tenggara Timur;Flores Timur;Ile Mandiri
Nusa Tenggara Timur;Flores Timur;Adonara Tengah
Nusa Tenggara Timur;Flores Timur;Solor Selatan
Nusa Tenggara Timur;Flores Timur;Witihama
Nusa Tenggara Timur;Flores Timur;Ile Boleng
Nusa Tenggara Timur;Flores Timur;Adonara Timur
Nusa Tenggara Timur;Flores Timur;Kelubagolit
Nusa Tenggara Timur;Flores Timur;Ile Bura
Nusa Tenggara Timur;Flores Timur;Adonara
Nusa Tenggara Timur;Flores Timur;Demon Pagong
Nusa Tenggara Timur;Flores Timur;Lewolema
Nusa Tenggara Timur;Kota Kupang;Alak
Nusa Tenggara Timur;Kota Kupang;Maulafa
Nusa Tenggara Timur;Kota Kupang;Kota Raja
Nusa Tenggara Timur;Kota Kupang;Kota Lama
Nusa Tenggara Timur;Kota Kupang;Kelapa Lima
Nusa Tenggara Timur;Kota Kupang;Oebobo
Nusa Tenggara Timur;Kupang;Nekamese
Nusa Tenggara Timur;Kupang;Amfoang Utara
Nusa Tenggara Timur;Kupang;Amarasi Timur
Nusa Tenggara Timur;Kupang;Amarasi Barat
Nusa Tenggara Timur;Kupang;Amarasi Selatan
Nusa Tenggara Timur;Kupang;Takari
Nusa Tenggara Timur;Kupang;Amfoang Selatan
Nusa Tenggara Timur;Kupang;Fatuleu
Nusa Tenggara Timur;Kupang;Amfoang Timur
Nusa Tenggara Timur;Kupang;Fatuleu Barat
Nusa Tenggara Timur;Kupang;Taebenu
Nusa Tenggara Timur;Kupang;Amabi Oefeto
Nusa Tenggara Timur;Kupang;Fatuleu Tengah
Nusa Tenggara Timur;Kupang;Amfoang Barat Laut
Nusa Tenggara Timur;Kupang;Semau Selatan
Nusa Tenggara Timur;Kupang;Amabi Oefeto Timur
Nusa Tenggara Timur;Kupang;Amfoang Barat Daya
Nusa Tenggara Timur;Kupang;Amfoang Tengah
Nusa Tenggara Timur;Kupang;Semau
Nusa Tenggara Timur;Kupang;Kupang Barat
Nusa Tenggara Timur;Kupang;Kupang Tengah
Nusa Tenggara Timur;Kupang;Amarasi
Nusa Tenggara Timur;Kupang;Kupang Timur
Nusa Tenggara Timur;Kupang;Sulamu
Nusa Tenggara Timur;Lembata;Nubatukan
Nusa Tenggara Timur;Lembata;Omesuri
Nusa Tenggara Timur;Lembata;Ile Ape
Nusa Tenggara Timur;Lembata;Lebatukan
Nusa Tenggara Timur;Lembata;Ile Ape Timur
Nusa Tenggara Timur;Lembata;Buyasuri
Nusa Tenggara Timur;Lembata;Wulandoni
Nusa Tenggara Timur;Lembata;Naga Wutung
Nusa Tenggara Timur;Lembata;Atadei
Nusa Tenggara Timur;Malaka;Laenmanen
Nusa Tenggara Timur;Malaka;Malaka Timur
Nusa Tenggara Timur;Malaka;Kobalima
Nusa Tenggara Timur;Malaka;Botin Leobele
Nusa Tenggara Timur;Malaka;Kobalima Timur
Nusa Tenggara Timur;Malaka;Malaka Barat
Nusa Tenggara Timur;Malaka;Wewiku
Nusa Tenggara Timur;Malaka;Malaka Tengah
Nusa Tenggara Timur;Malaka;Io Kufeu
Nusa Tenggara Timur;Malaka;Sasitamean
Nusa Tenggara Timur;Malaka;Weliman
Nusa Tenggara Timur;Malaka;Rinhat
Nusa Tenggara Timur;Manggarai;Ruteng
Nusa Tenggara Timur;Manggarai;Wae Rii
Nusa Tenggara Timur;Manggarai;Cibal
Nusa Tenggara Timur;Manggarai;Satar Mese
Nusa Tenggara Timur;Manggarai;Satar Mese Barat
Nusa Tenggara Timur;Manggarai;Rahong Utara
Nusa Tenggara Timur;Manggarai;Reok
Nusa Tenggara Timur;Manggarai;Langke Rembong
Nusa Tenggara Timur;Manggarai;Cibal barat
Nusa Tenggara Timur;Manggarai;Satar Mese Utara
Nusa Tenggara Timur;Manggarai;Lelak
Nusa Tenggara Timur;Manggarai;Reok Barat
Nusa Tenggara Timur;Manggarai Barat;Mbeliling
Nusa Tenggara Timur;Manggarai Barat;Pacar
Nusa Tenggara Timur;Manggarai Barat;Kuwus Barat
Nusa Tenggara Timur;Manggarai Barat;Welak
Nusa Tenggara Timur;Manggarai Barat;Ndoso
Nusa Tenggara Timur;Manggarai Barat;Komodo
Nusa Tenggara Timur;Manggarai Barat;Boleng
Nusa Tenggara Timur;Manggarai Barat;Lembor Selatan
Nusa Tenggara Timur;Manggarai Barat;Lembor
Nusa Tenggara Timur;Manggarai Barat;Sano Nggoang
Nusa Tenggara Timur;Manggarai Barat;Macang Pacar
Nusa Tenggara Timur;Manggarai Barat;Kuwus
Nusa Tenggara Timur;Manggarai Timur;Lamba Leda Utara
Nusa Tenggara Timur;Manggarai Timur;Elar Selatan
Nusa Tenggara Timur;Manggarai Timur;Lamba Leda
Nusa Tenggara Timur;Manggarai Timur;Sambi Rampas
Nusa Tenggara Timur;Manggarai Timur;Borong
Nusa Tenggara Timur;Manggarai Timur;Lamba Leda Selatan
Nusa Tenggara Timur;Manggarai Timur;Rana Mese
Nusa Tenggara Timur;Manggarai Timur;Lamba Leda Timur
Nusa Tenggara Timur;Manggarai Timur;Elar
Nusa Tenggara Timur;Manggarai Timur;Kota Komba
Nusa Tenggara Timur;Nagekeo;Keo Tengah
Nusa Tenggara Timur;Nagekeo;Aesesa Selatan
Nusa Tenggara Timur;Nagekeo;Aesesa
Nusa Tenggara Timur;Nagekeo;Mauponggo
Nusa Tenggara Timur;Nagekeo;Wolowae
Nusa Tenggara Timur;Nagekeo;Nangaroro
Nusa Tenggara Timur;Nagekeo;Boawae
Nusa Tenggara Timur;Ngada;Jerebuu
Nusa Tenggara Timur;Ngada;Bajawa Utara
Nusa Tenggara Timur;Ngada;Wolomeze
Nusa Tenggara Timur;Ngada;Riung Barat
Nusa Tenggara Timur;Ngada;Golewa Barat
Nusa Tenggara Timur;Ngada;Golewa Selatan
Nusa Tenggara Timur;Ngada;Inerie
Nusa Tenggara Timur;Ngada;Aimere
Nusa Tenggara Timur;Ngada;Golewa
Nusa Tenggara Timur;Ngada;Riung
Nusa Tenggara Timur;Ngada;Bajawa
Nusa Tenggara Timur;Ngada;Soa
Nusa Tenggara Timur;Rote Ndao;Rote Timur
Nusa Tenggara Timur;Rote Ndao;Rote Barat
Nusa Tenggara Timur;Rote Ndao;Rote Tengah
Nusa Tenggara Timur;Rote Ndao;Pantai Baru
Nusa Tenggara Timur;Rote Ndao;Rote Selatan
Nusa Tenggara Timur;Rote Ndao;Ndao Nuse
Nusa Tenggara Timur;Rote Ndao;Rote Barat Laut
Nusa Tenggara Timur;Rote Ndao;Lobalain
Nusa Tenggara Timur;Rote Ndao;Rote Barat Daya
Nusa Tenggara Timur;Rote Ndao;Landu Leko
Nusa Tenggara Timur;Rote Ndao;Loaholu
Nusa Tenggara Timur;Sabu Raijua;Sabu Barat
Nusa Tenggara Timur;Sabu Raijua;Sabu Tengah
Nusa Tenggara Timur;Sabu Raijua;Hawu Mehara
Nusa Tenggara Timur;Sabu Raijua;Raijua
Nusa Tenggara Timur;Sabu Raijua;Sabu Timur
Nusa Tenggara Timur;Sabu Raijua;Sabu Liae
Nusa Tenggara Timur;Sikka;Talibura
Nusa Tenggara Timur;Sikka;Waigete
Nusa Tenggara Timur;Sikka;Mego
Nusa Tenggara Timur;Sikka;Lela
Nusa Tenggara Timur;Sikka;Paga
Nusa Tenggara Timur;Sikka;Palue
Nusa Tenggara Timur;Sikka;Nelle
Nusa Tenggara Timur;Sikka;Nita
Nusa Tenggara Timur;Sikka;Alok
Nusa Tenggara Timur;Sikka;Kewapante
Nusa Tenggara Timur;Sikka;Kangae
Nusa Tenggara Timur;Sikka;Waiblama
Nusa Tenggara Timur;Sikka;Alok Barat
Nusa Tenggara Timur;Sikka;Bola
Nusa Tenggara Timur;Sikka;Magepanda
Nusa Tenggara Timur;Sikka;Tana Wawo
Nusa Tenggara Timur;Sikka;Hewokloang
Nusa Tenggara Timur;Sikka;Alok Timur
Nusa Tenggara Timur;Sikka;Koting
Nusa Tenggara Timur;Sikka;Doreng
Nusa Tenggara Timur;Sikka;Mapitara
Nusa Tenggara Timur;Sumba Barat;Tana Righu
Nusa Tenggara Timur;Sumba Barat;Kota Waikabubak
Nusa Tenggara Timur;Sumba Barat;Laboya Barat
Nusa Tenggara Timur;Sumba Barat;Wanokaka
Nusa Tenggara Timur;Sumba Barat;Lamboya
Nusa Tenggara Timur;Sumba Barat;Loli
Nusa Tenggara Timur;Sumba Barat Daya;Kodi Utara
Nusa Tenggara Timur;Sumba Barat Daya;Kota Tambolaka
Nusa Tenggara Timur;Sumba Barat Daya;Wewewa Utara
Nusa Tenggara Timur;Sumba Barat Daya;Wewewa Timur
Nusa Tenggara Timur;Sumba Barat Daya;Loura
Nusa Tenggara Timur;Sumba Barat Daya;Kodi Bangedo
Nusa Tenggara Timur;Sumba Barat Daya;Kodi
Nusa Tenggara Timur;Sumba Barat Daya;Wewewa Barat
Nusa Tenggara Timur;Sumba Barat Daya;Wewewa Selatan
Nusa Tenggara Timur;Sumba Barat Daya;Wewewa Tengah
Nusa Tenggara Timur;Sumba Barat Daya;Kodi Balaghar
Nusa Tenggara Timur;Sumba Tengah;Katiku Tana
Nusa Tenggara Timur;Sumba Tengah;Umbu Ratu Nggay Barat
Nusa Tenggara Timur;Sumba Tengah;Katiku Tana Selatan
Nusa Tenggara Timur;Sumba Tengah;Umbu Ratu Nggay Tengah
Nusa Tenggara Timur;Sumba Tengah;Mamboro
Nusa Tenggara Timur;Sumba Tengah;Umbu Ratu Nggay
Nusa Tenggara Timur;Sumba Timur;Lewa
Nusa Tenggara Timur;Sumba Timur;Nggaha Ori Angu
Nusa Tenggara Timur;Sumba Timur;Kota Waingapu
Nusa Tenggara Timur;Sumba Timur;Haharu
Nusa Tenggara Timur;Sumba Timur;Pandawai
Nusa Tenggara Timur;Sumba Timur;Umalulu
Nusa Tenggara Timur;Sumba Timur;Tabundung
Nusa Tenggara Timur;Sumba Timur;Pinu Pahar
Nusa Tenggara Timur;Sumba Timur;Rindi
Nusa Tenggara Timur;Sumba Timur;Kahaungu Eti
Nusa Tenggara Timur;Sumba Timur;Matawai La Pawu
Nusa Tenggara Timur;Sumba Timur;Paberiwai
Nusa Tenggara Timur;Sumba Timur;Karera
Nusa Tenggara Timur;Sumba Timur;Lewa Tidahu
Nusa Tenggara Timur;Sumba Timur;Katala Hamu Lingu
Nusa Tenggara Timur;Sumba Timur;Kambera
Nusa Tenggara Timur;Sumba Timur;Kambata Mapambuhang
Nusa Tenggara Timur;Sumba Timur;Pahunga Lodu
Nusa Tenggara Timur;Sumba Timur;Wulla Waijelu
Nusa Tenggara Timur;Sumba Timur;Ngadu Ngala
Nusa Tenggara Timur;Sumba Timur;Mahu
Nusa Tenggara Timur;Sumba Timur;Kanatang
Nusa Tenggara Timur;Timor Tengah Selatan;Amanuban Tengah
Nusa Tenggara Timur;Timor Tengah Selatan;Amanuban Selatan
Nusa Tenggara Timur;Timor Tengah Selatan;Mollo Utara
Nusa Tenggara Timur;Timor Tengah Selatan;Amanuban Timur
Nusa Tenggara Timur;Timor Tengah Selatan;Amanatun Utara
Nusa Tenggara Timur;Timor Tengah Selatan;Amanuban Barat
Nusa Tenggara Timur;Timor Tengah Selatan;Amanatun Selatan
Nusa Tenggara Timur;Timor Tengah Selatan;Kota Soe
Nusa Tenggara Timur;Timor Tengah Selatan;Mollo Selatan
Nusa Tenggara Timur;Timor Tengah Selatan;Toianas
Nusa Tenggara Timur;Timor Tengah Selatan;Nunkolo
Nusa Tenggara Timur;Timor Tengah Selatan;Batu Putih
Nusa Tenggara Timur;Timor Tengah Selatan;Boking
Nusa Tenggara Timur;Timor Tengah Selatan;Oenino
Nusa Tenggara Timur;Timor Tengah Selatan;Kolbano
Nusa Tenggara Timur;Timor Tengah Selatan;Fatumnasi
Nusa Tenggara Timur;Timor Tengah Selatan;Polen
Nusa Tenggara Timur;Timor Tengah Selatan;KI'E
Nusa Tenggara Timur;Timor Tengah Selatan;Kuanfatu
Nusa Tenggara Timur;Timor Tengah Selatan;Kuatnana
Nusa Tenggara Timur;Timor Tengah Selatan;Fautmolo
Nusa Tenggara Timur;Timor Tengah Selatan;Santian
Nusa Tenggara Timur;Timor Tengah Selatan;Noebeba
Nusa Tenggara Timur;Timor Tengah Selatan;Fatukopa
Nusa Tenggara Timur;Timor Tengah Selatan;Kot olin
Nusa Tenggara Timur;Timor Tengah Selatan;Kok Baun
Nusa Tenggara Timur;Timor Tengah Selatan;Noebana
Nusa Tenggara Timur;Timor Tengah Selatan;Kualin
Nusa Tenggara Timur;Timor Tengah Selatan;Mollo Barat
Nusa Tenggara Timur;Timor Tengah Selatan;Mollo Tengah
Nusa Tenggara Timur;Timor Tengah Selatan;Tobu
Nusa Tenggara Timur;Timor Tengah Selatan;Nunbena
Nusa Tenggara Timur;Timor Tengah Utara;Biboki Utara
Nusa Tenggara Timur;Timor Tengah Utara;Biboki Anleu
Nusa Tenggara Timur;Timor Tengah Utara;Noemuti
Nusa Tenggara Timur;Timor Tengah Utara;Kota Kefamenanu
Nusa Tenggara Timur;Timor Tengah Utara;Insana
Nusa Tenggara Timur;Timor Tengah Utara;Insana Utara
Nusa Tenggara Timur;Timor Tengah Utara;Miomafo Barat
Nusa Tenggara Timur;Timor Tengah Utara;Biboki Selatan
Nusa Tenggara Timur;Timor Tengah Utara;Miomafo Timur
Nusa Tenggara Timur;Timor Tengah Utara;Bikomi Utara
Nusa Tenggara Timur;Timor Tengah Utara;Naibenu
Nusa Tenggara Timur;Timor Tengah Utara;Bikomi Tengah
Nusa Tenggara Timur;Timor Tengah Utara;Bikomi Nilulat
Nusa Tenggara Timur;Timor Tengah Utara;Insana Fafinesu
Nusa Tenggara Timur;Timor Tengah Utara;Noemuti Timur
Nusa Tenggara Timur;Timor Tengah Utara;Mutis
Nusa Tenggara Timur;Timor Tengah Utara;Bikomi Selatan
Nusa Tenggara Timur;Timor Tengah Utara;Miomaffo Tengah
Nusa Tenggara Timur;Timor Tengah Utara;Musi
Nusa Tenggara Timur;Timor Tengah Utara;Insana Barat
Nusa Tenggara Timur;Timor Tengah Utara;Insana Tengah
Nusa Tenggara Timur;Timor Tengah Utara;Biboki Feotleu
Nusa Tenggara Timur;Timor Tengah Utara;Biboki Tan Pah
Nusa Tenggara Timur;Timor Tengah Utara;Biboki Moenleu
Papua;Biak Numfor;Bondifuar
Papua;Biak Numfor;Oridek
Papua;Biak Numfor;Biak Timur
Papua;Biak Numfor;Numfor Barat
Papua;Biak Numfor;Biak Kota
Papua;Biak Numfor;Biak Utara
Papua;Biak Numfor;Biak Barat
Papua;Biak Numfor;Numfor Timur
Papua;Biak Numfor;Warsa
Papua;Biak Numfor;Padaido
Papua;Biak Numfor;Yendidori
Papua;Biak Numfor;Andey
Papua;Biak Numfor;Swandiwe
Papua;Biak Numfor;Samofa
Papua;Biak Numfor;Yawosi
Papua;Biak Numfor;Poiru
Papua;Biak Numfor;Aimando Padaido
Papua;Biak Numfor;Bruyadori
Papua;Biak Numfor;Orkeri
Papua;Jayapura;Sentani
Papua;Jayapura;Sentani Barat
Papua;Jayapura;Kemtuk
Papua;Jayapura;Sentani Timur
Papua;Jayapura;Depapre
Papua;Jayapura;Nimbokrang
Papua;Jayapura;Unurum Guay
Papua;Jayapura;Kemtuk Gresi
Papua;Jayapura;Nimboran
Papua;Jayapura;Kaureh
Papua;Jayapura;Ebungfao
Papua;Jayapura;Demta
Papua;Jayapura;Yapsi
Papua;Jayapura;Airu
Papua;Jayapura;Waibu
Papua;Jayapura;Nambluong
Papua;Jayapura;Yokari
Papua;Jayapura;Raveni Rara
Papua;Jayapura;Gresi Selatan
Papua;Keerom;Mannem
Papua;Keerom;Towe
Papua;Keerom;Arso Barat
Papua;Keerom;Waris
Papua;Keerom;Arso
Papua;Keerom;Skanto
Papua;Keerom;Arso Timur
Papua;Keerom;Senggi
Papua;Keerom;Web
Papua;Keerom;Yaffi
Papua;Keerom;Kaisenar
Papua;Kepulauan Yapen;Kepulauan Ambai
Papua;Kepulauan Yapen;Pulau Kurudu
Papua;Kepulauan Yapen;Pulau Yerui
Papua;Kepulauan Yapen;Wonawa
Papua;Kepulauan Yapen;Windesi
Papua;Kepulauan Yapen;Anotaurei
Papua;Kepulauan Yapen;Yawakukat
Papua;Kepulauan Yapen;Yapen Barat
Papua;Kepulauan Yapen;Yapen Timur
Papua;Kepulauan Yapen;Yapen Selatan
Papua;Kepulauan Yapen;Kosiwo
Papua;Kepulauan Yapen;Yapen Utara
Papua;Kepulauan Yapen;Angkaisera
Papua;Kepulauan Yapen;Poom
Papua;Kepulauan Yapen;Raimbawi
Papua;Kepulauan Yapen;Teluk Ampimoi
Papua;Kota Jayapura;Abepura
Papua;Kota Jayapura;Muara Tami
Papua;Kota Jayapura;Jayapura Utara
Papua;Kota Jayapura;Jayapura Selatan
Papua;Kota Jayapura;Heram
Papua;Mamberamo Raya;Benuki
Papua;Mamberamo Raya;Sawai
Papua;Mamberamo Raya;Mamberamo Hilir
Papua;Mamberamo Raya;Waropen Atas
Papua;Mamberamo Raya;Rufaer
Papua;Mamberamo Raya;Mamberamo Tengah Timur
Papua;Mamberamo Raya;Mamberamo Tengah
Papua;Mamberamo Raya;Mamberamo Hulu
Papua;Sarmi;Apawer Hulu
Papua;Sarmi;Sarmi
Papua;Sarmi;Pantai Timur
Papua;Sarmi;Bonggo
Papua;Sarmi;Tor Atas
Papua;Sarmi;Pantai Barat
Papua;Sarmi;Sarmi Selatan
Papua;Sarmi;Bonggo Timur
Papua;Sarmi;Sarmi Timur
Papua;Sarmi;Pantai Timur Bagian Barat
Papua;Supiori;Supiori Selatan
Papua;Supiori;Supiori Utara
Papua;Supiori;Supiori Barat
Papua;Supiori;Supiori Timur
Papua;Supiori;Kepulauan Aruri
Papua;Waropen;Wapoga
Papua;Waropen;Demba
Papua;Waropen;Kirihi
Papua;Waropen;Oudate
Papua;Waropen;Wonti
Papua;Waropen;Soyoi Mambai
Papua;Waropen;Walani
Papua;Waropen;Waropen Bawah
Papua;Waropen;Masirei
Papua;Waropen;Inggerus
Papua;Waropen;Risei Sayati
Papua;Waropen;Urei Faisei
Papua Barat;Fakfak;Pariwari
Papua Barat;Fakfak;Wartutin
Papua Barat;Fakfak;Mbahamdandara
Papua Barat;Fakfak;Kayauni
Papua Barat;Fakfak;Fakfak Timur Tengah
Papua Barat;Fakfak;Arguni
Papua Barat;Fakfak;Furwagi
Papua Barat;Fakfak;Tomage
Papua Barat;Fakfak;Teluk Patipi
Papua Barat;Fakfak;Fak-Fak Timur
Papua Barat;Fakfak;Kokas
Papua Barat;Fakfak;Fak-Fak
Papua Barat;Fakfak;Fak-Fak Barat
Papua Barat;Fakfak;Bomberay
Papua Barat;Fakfak;Kramongmongga
Papua Barat;Fakfak;Fak-Fak Tengah
Papua Barat;Fakfak;Karas
Papua Barat;Kaimana;Kaimana
Papua Barat;Kaimana;Teluk Etna
Papua Barat;Kaimana;Kambrau
Papua Barat;Kaimana;Buruway
Papua Barat;Kaimana;Teluk Arguni Atas
Papua Barat;Kaimana;Teluk Arguni Bawah
Papua Barat;Kaimana;Yamor
Papua Barat;Manokwari;Warmare
Papua Barat;Manokwari;Prafi
Papua Barat;Manokwari;Masni
Papua Barat;Manokwari;Manokwari Timur
Papua Barat;Manokwari;Manokwari Utara
Papua Barat;Manokwari;Manokwari Barat
Papua Barat;Manokwari;Tanah Rubuh
Papua Barat;Manokwari;Manokwari Selatan
Papua Barat;Manokwari;Sidey
Papua Barat;Manokwari Selatan;Tahota
Papua Barat;Manokwari Selatan;Ransiki
Papua Barat;Manokwari Selatan;Dataran Isim
Papua Barat;Manokwari Selatan;Momi Waren
Papua Barat;Manokwari Selatan;Oransbari
Papua Barat;Manokwari Selatan;Neney
Papua Barat;Pegunungan Arfak;Minyambaouw
Papua Barat;Pegunungan Arfak;Catubouw
Papua Barat;Pegunungan Arfak;Testega
Papua Barat;Pegunungan Arfak;Anggi
Papua Barat;Pegunungan Arfak;Anggi Gida
Papua Barat;Pegunungan Arfak;Didohu
Papua Barat;Pegunungan Arfak;Taige
Papua Barat;Pegunungan Arfak;Membey
Papua Barat;Pegunungan Arfak;Sururey
Papua Barat;Pegunungan Arfak;Hingk
Papua Barat;Teluk Bintuni;Merdey
Papua Barat;Teluk Bintuni;Babo
Papua Barat;Teluk Bintuni;Bintuni
Papua Barat;Teluk Bintuni;Moskona Utara
Papua Barat;Teluk Bintuni;Wamesa
Papua Barat;Teluk Bintuni;Aranday
Papua Barat;Teluk Bintuni;Moskona Selatan
Papua Barat;Teluk Bintuni;Fafurwar
Papua Barat;Teluk Bintuni;Tembuni
Papua Barat;Teluk Bintuni;Kuri
Papua Barat;Teluk Bintuni;Dataran Beimes
Papua Barat;Teluk Bintuni;Sumuri
Papua Barat;Teluk Bintuni;Manimeri
Papua Barat;Teluk Bintuni;Tuhiba
Papua Barat;Teluk Bintuni;Masyeta
Papua Barat;Teluk Bintuni;Biscoop
Papua Barat;Teluk Bintuni;Kaitaro
Papua Barat;Teluk Bintuni;Aroba
Papua Barat;Teluk Bintuni;Tomu
Papua Barat;Teluk Bintuni;Kamundan
Papua Barat;Teluk Bintuni;Weriagar
Papua Barat;Teluk Bintuni;Moskona Timur
Papua Barat;Teluk Bintuni;Moskona Barat
Papua Barat;Teluk Bintuni;Meyado
Papua Barat;Teluk Wondama;Roon
Papua Barat;Teluk Wondama;Roswar
Papua Barat;Teluk Wondama;Nikiwar
Papua Barat;Teluk Wondama;Soug Jaya
Papua Barat;Teluk Wondama;Teluk Duairi
Papua Barat;Teluk Wondama;Wondiboy
Papua Barat;Teluk Wondama;Wasior
Papua Barat;Teluk Wondama;Windesi
Papua Barat;Teluk Wondama;Naikere
Papua Barat;Teluk Wondama;Rasiei
Papua Barat;Teluk Wondama;Wamesa
Papua Barat;Teluk Wondama;Rumberpon
Papua Barat;Teluk Wondama;Kuri Wamesa
Papua Barat Daya;Kota Sorong;Sorong Timur
Papua Barat Daya;Kota Sorong;Sorong Barat
Papua Barat Daya;Kota Sorong;Sorong
Papua Barat Daya;Kota Sorong;Sorong Manoi
Papua Barat Daya;Kota Sorong;Sorong Kota
Papua Barat Daya;Kota Sorong;Sorong Kepulauan
Papua Barat Daya;Kota Sorong;Sorong Utara
Papua Barat Daya;Kota Sorong;Klaurung
Papua Barat Daya;Kota Sorong;Malaimsimsa
Papua Barat Daya;Kota Sorong;Maladum Mes
Papua Barat Daya;Maybrat;Aitinyo Utara
Papua Barat Daya;Maybrat;Ayamaru
Papua Barat Daya;Maybrat;Aitinyo Barat
Papua Barat Daya;Maybrat;Aitinyo
Papua Barat Daya;Maybrat;Ayamaru Utara
Papua Barat Daya;Maybrat;Aifat Timur
Papua Barat Daya;Maybrat;Aifat Selatan
Papua Barat Daya;Maybrat;Aifat
Papua Barat Daya;Maybrat;Aifat Utara
Papua Barat Daya;Maybrat;Ayamaru Timur Selatan
Papua Barat Daya;Maybrat;Ayamaru Utara Timur
Papua Barat Daya;Maybrat;Ayamaru Jaya
Papua Barat Daya;Maybrat;Ayamaru Selatan Jaya
Papua Barat Daya;Maybrat;Ayamaru Timur
Papua Barat Daya;Maybrat;Mare
Papua Barat Daya;Maybrat;Aifat Timur Selatan
Papua Barat Daya;Maybrat;Ayamaru Selatan
Papua Barat Daya;Maybrat;Aifat Timur Tengah
Papua Barat Daya;Maybrat;Aifat Timur Jauh
Papua Barat Daya;Maybrat;Ayamaru Barat
Papua Barat Daya;Maybrat;Aitinyo Tengah
Papua Barat Daya;Maybrat;Ayamaru Tengah
Papua Barat Daya;Maybrat;Aitinyo Raya
Papua Barat Daya;Maybrat;Mare Selatan
Papua Barat Daya;Raja Ampat;Misool (Misool Utara)
Papua Barat Daya;Raja Ampat;Waigeo Utara
Papua Barat Daya;Raja Ampat;Kepulauan Ayau
Papua Barat Daya;Raja Ampat;Misool Timur
Papua Barat Daya;Raja Ampat;Waigeo Selatan
Papua Barat Daya;Raja Ampat;Salawati Utara
Papua Barat Daya;Raja Ampat;Teluk Mayalibit
Papua Barat Daya;Raja Ampat;Waigeo Barat
Papua Barat Daya;Raja Ampat;Waigeo Timur
Papua Barat Daya;Raja Ampat;Misool Selatan
Papua Barat Daya;Raja Ampat;Kofiau
Papua Barat Daya;Raja Ampat;Meos Mansar
Papua Barat Daya;Raja Ampat;Misool Barat
Papua Barat Daya;Raja Ampat;Kepulauan Sembilan
Papua Barat Daya;Raja Ampat;Warwarbomi
Papua Barat Daya;Raja Ampat;Waigeo Barat Kepulauan
Papua Barat Daya;Raja Ampat;Kota Waisai
Papua Barat Daya;Raja Ampat;Tiplol Mayalibit
Papua Barat Daya;Raja Ampat;Batanta Utara
Papua Barat Daya;Raja Ampat;Supnin
Papua Barat Daya;Raja Ampat;Ayau
Papua Barat Daya;Raja Ampat;Salawati Barat
Papua Barat Daya;Raja Ampat;Salawati Tengah
Papua Barat Daya;Raja Ampat;Batanta Selatan
Papua Barat Daya;Sorong;Mariat
Papua Barat Daya;Sorong;Klaso
Papua Barat Daya;Sorong;Moisegen
Papua Barat Daya;Sorong;Klayili
Papua Barat Daya;Sorong;Wemak
Papua Barat Daya;Sorong;Sunook
Papua Barat Daya;Sorong;Sorong
Papua Barat Daya;Sorong;Bagun
Papua Barat Daya;Sorong;Malabotom
Papua Barat Daya;Sorong;Buk
Papua Barat Daya;Sorong;Saengkeduk
Papua Barat Daya;Sorong;Hobard
Papua Barat Daya;Sorong;Salawati Tengah
Papua Barat Daya;Sorong;Konhir
Papua Barat Daya;Sorong;Klasafet
Papua Barat Daya;Sorong;Botain
Papua Barat Daya;Sorong;Sayosa Timur
Papua Barat Daya;Sorong;Aimas
Papua Barat Daya;Sorong;Klamono
Papua Barat Daya;Sorong;Makbon
Papua Barat Daya;Sorong;Salawati
Papua Barat Daya;Sorong;Seget
Papua Barat Daya;Sorong;Beraur
Papua Barat Daya;Sorong;Klawak
Papua Barat Daya;Sorong;Segun
Papua Barat Daya;Sorong;Mayamuk
Papua Barat Daya;Sorong;Sayosa
Papua Barat Daya;Sorong;Klabot
Papua Barat Daya;Sorong;Salawati Selatan
Papua Barat Daya;Sorong;Maudus
Papua Barat Daya;Sorong Selatan;Teminabuan
Papua Barat Daya;Sorong Selatan;Inanwatan
Papua Barat Daya;Sorong Selatan;Kokoda
Papua Barat Daya;Sorong Selatan;Sawiat
Papua Barat Daya;Sorong Selatan;Seremuk
Papua Barat Daya;Sorong Selatan;Wayer
Papua Barat Daya;Sorong Selatan;Moswaren
Papua Barat Daya;Sorong Selatan;Konda
Papua Barat Daya;Sorong Selatan;Kais
Papua Barat Daya;Sorong Selatan;Saifi
Papua Barat Daya;Sorong Selatan;Matemani
Papua Barat Daya;Sorong Selatan;Kokoda Utara
Papua Barat Daya;Sorong Selatan;Kais Darat
Papua Barat Daya;Sorong Selatan;Fokour
Papua Barat Daya;Sorong Selatan;Salkma
Papua Barat Daya;Tambrauw;Fef
Papua Barat Daya;Tambrauw;Miyah
Papua Barat Daya;Tambrauw;Sausapor
Papua Barat Daya;Tambrauw;Abun
Papua Barat Daya;Tambrauw;Yembun
Papua Barat Daya;Tambrauw;Kwoor
Papua Barat Daya;Tambrauw;Kebar
Papua Barat Daya;Tambrauw;Syujak
Papua Barat Daya;Tambrauw;Moraid
Papua Barat Daya;Tambrauw;Mubrani
Papua Barat Daya;Tambrauw;Bikar
Papua Barat Daya;Tambrauw;Amberbaken
Papua Barat Daya;Tambrauw;Senopi
Papua Barat Daya;Tambrauw;Miyah Selatan
Papua Barat Daya;Tambrauw;Ireres
Papua Barat Daya;Tambrauw;Bamusbama
Papua Barat Daya;Tambrauw;Ases
Papua Barat Daya;Tambrauw;Tobouw
Papua Barat Daya;Tambrauw;Wilhem Roumbouts
Papua Barat Daya;Tambrauw;Kebar Timur
Papua Barat Daya;Tambrauw;Kebar Selatan
Papua Barat Daya;Tambrauw;Kwesefo
Papua Barat Daya;Tambrauw;Mawabuan
Papua Barat Daya;Tambrauw;Amberbaken Barat
Papua Barat Daya;Tambrauw;Kasi
Papua Barat Daya;Tambrauw;Manekar
Papua Barat Daya;Tambrauw;Mpur
Papua Barat Daya;Tambrauw;Tinggouw
Papua Barat Daya;Tambrauw;Selemkai
Papua Pegunungan;Jayawijaya;Womena
Papua Pegunungan;Jayawijaya;Asolokobal
Papua Pegunungan;Jayawijaya;Walelagama
Papua Pegunungan;Jayawijaya;Trikora
Papua Pegunungan;Jayawijaya;Napua
Papua Pegunungan;Jayawijaya;Walaik
Papua Pegunungan;Jayawijaya;Wouma
Papua Pegunungan;Jayawijaya;Walesi
Papua Pegunungan;Jayawijaya;Asotipo
Papua Pegunungan;Jayawijaya;Maima
Papua Pegunungan;Jayawijaya;Hubikosi
Papua Pegunungan;Jayawijaya;Pekebaga
Papua Pegunungan;Jayawijaya;Ibele
Papua Pegunungan;Jayawijaya;Tallarek
Papua Pegunungan;Jayawijaya;Hubikiak
Papua Pegunungan;Jayawijaya;Asologaima
Papua Pegunungan;Jayawijaya;Mucafiak
Papua Pegunungan;Jayawijaya;Silo Karno Doga
Papua Pegunungan;Jayawijaya;Pyramid
Papua Pegunungan;Jayawijaya;Muliama
Papua Pegunungan;Jayawijaya;Wame
Papua Pegunungan;Jayawijaya;Kurulu
Papua Pegunungan;Jayawijaya;Usilimo
Papua Pegunungan;Jayawijaya;Wita Waya
Papua Pegunungan;Jayawijaya;Libarek
Papua Pegunungan;Jayawijaya;Wadangku
Papua Pegunungan;Jayawijaya;Pisugi
Papua Pegunungan;Jayawijaya;Bolakme
Papua Pegunungan;Jayawijaya;Wollo
Papua Pegunungan;Jayawijaya;Yalengga
Papua Pegunungan;Jayawijaya;Tagime
Papua Pegunungan;Jayawijaya;Molegalome
Papua Pegunungan;Jayawijaya;Tagineri
Papua Pegunungan;Jayawijaya;Bugi
Papua Pegunungan;Jayawijaya;Bpiri
Papua Pegunungan;Jayawijaya;Koragi
Papua Pegunungan;Jayawijaya;Wesaput
Papua Pegunungan;Jayawijaya;Siepkosi
Papua Pegunungan;Jayawijaya;Itlay Hisage
Papua Pegunungan;Jayawijaya;Popugoba
Papua Pegunungan;Lanny Jaya;Lannyna
Papua Pegunungan;Lanny Jaya;Karu
Papua Pegunungan;Lanny Jaya;Kuly Lanny
Papua Pegunungan;Lanny Jaya;Kelulome
Papua Pegunungan;Lanny Jaya;Nikogwe
Papua Pegunungan;Lanny Jaya;Yiluk
Papua Pegunungan;Lanny Jaya;Guna
Papua Pegunungan;Lanny Jaya;Melagi
Papua Pegunungan;Lanny Jaya;Muara
Papua Pegunungan;Lanny Jaya;Buguk Gona
Papua Pegunungan;Lanny Jaya;Tiomneri
Papua Pegunungan;Lanny Jaya;Kuyawage
Papua Pegunungan;Lanny Jaya;Pirime
Papua Pegunungan;Lanny Jaya;Makki
Papua Pegunungan;Lanny Jaya;Tiom
Papua Pegunungan;Lanny Jaya;Melagineri
Papua Pegunungan;Lanny Jaya;Balingga
Papua Pegunungan;Lanny Jaya;Gamelia
Papua Pegunungan;Lanny Jaya;Dimba
Papua Pegunungan;Lanny Jaya;Poga
Papua Pegunungan;Lanny Jaya;Wiringgambut
Papua Pegunungan;Lanny Jaya;Yiginua
Papua Pegunungan;Lanny Jaya;Tiom Ollo
Papua Pegunungan;Lanny Jaya;Niname
Papua Pegunungan;Lanny Jaya;Nogi
Papua Pegunungan;Lanny Jaya;Wereka
Papua Pegunungan;Lanny Jaya;Milimbo
Papua Pegunungan;Lanny Jaya;Yugungwi
Papua Pegunungan;Lanny Jaya;Mokoni
Papua Pegunungan;Lanny Jaya;Gollo
Papua Pegunungan;Lanny Jaya;Awina
Papua Pegunungan;Lanny Jaya;Goa Balim
Papua Pegunungan;Lanny Jaya;Bruwa
Papua Pegunungan;Lanny Jaya;Ayumnati
Papua Pegunungan;Lanny Jaya;Wano Barat
Papua Pegunungan;Lanny Jaya;Kolawa
Papua Pegunungan;Lanny Jaya;Gelok Beam
Papua Pegunungan;Lanny Jaya;Balingga Barat
Papua Pegunungan;Lanny Jaya;Gupura
Papua Pegunungan;Mamberamo Tengah;Kobagma
Papua Pegunungan;Mamberamo Tengah;Megambilis
Papua Pegunungan;Mamberamo Tengah;Ilugwa
Papua Pegunungan;Mamberamo Tengah;Kelila
Papua Pegunungan;Mamberamo Tengah;Eragayam
Papua Pegunungan;Nduga;Koroptak
Papua Pegunungan;Nduga;Yigi
Papua Pegunungan;Nduga;Wosak
Papua Pegunungan;Nduga;Kenyam
Papua Pegunungan;Nduga;Mapenduma
Papua Pegunungan;Nduga;Mbuwa
Papua Pegunungan;Nduga;Gearek
Papua Pegunungan;Nduga;Geselma
Papua Pegunungan;Nduga;Mugi
Papua Pegunungan;Nduga;Kegayem
Papua Pegunungan;Nduga;Paro
Papua Pegunungan;Nduga;Kilmid
Papua Pegunungan;Nduga;Alama
Papua Pegunungan;Nduga;Mebarok
Papua Pegunungan;Nduga;Yenggelo
Papua Pegunungan;Nduga;Dal
Papua Pegunungan;Nduga;Nirkuri
Papua Pegunungan;Nduga;Yal
Papua Pegunungan;Nduga;Mam
Papua Pegunungan;Nduga;Iniye
Papua Pegunungan;Nduga;Mbulmu Yalma
Papua Pegunungan;Nduga;Inikgal
Papua Pegunungan;Nduga;Kora
Papua Pegunungan;Nduga;Wusi
Papua Pegunungan;Nduga;Mbua Tengah
Papua Pegunungan;Nduga;Embetpen
Papua Pegunungan;Nduga;Wutpaga
Papua Pegunungan;Nduga;Pija
Papua Pegunungan;Nduga;Moba
Papua Pegunungan;Nduga;Pasir Putih
Papua Pegunungan;Nduga;Nenggeagin
Papua Pegunungan;Nduga;Krepkuri
Papua Pegunungan;Pegunungan Bintang;Okhika
Papua Pegunungan;Pegunungan Bintang;Oksamol
Papua Pegunungan;Pegunungan Bintang;Oksebang
Papua Pegunungan;Pegunungan Bintang;Okbab
Papua Pegunungan;Pegunungan Bintang;Oklip
Papua Pegunungan;Pegunungan Bintang;Okbemtau
Papua Pegunungan;Pegunungan Bintang;Murkim
Papua Pegunungan;Pegunungan Bintang;Mofinop
Papua Pegunungan;Pegunungan Bintang;Batani
Papua Pegunungan;Pegunungan Bintang;Weime
Papua Pegunungan;Pegunungan Bintang;Teiraplu
Papua Pegunungan;Pegunungan Bintang;Eipumek
Papua Pegunungan;Pegunungan Bintang;Jetfa
Papua Pegunungan;Pegunungan Bintang;Pamek
Papua Pegunungan;Pegunungan Bintang;Nongme
Papua Pegunungan;Pegunungan Bintang;Aboy
Papua Pegunungan;Pegunungan Bintang;Pepera
Papua Pegunungan;Pegunungan Bintang;Kiwirok
Papua Pegunungan;Pegunungan Bintang;Okbibab
Papua Pegunungan;Pegunungan Bintang;Oksibil
Papua Pegunungan;Pegunungan Bintang;Borme
Papua Pegunungan;Pegunungan Bintang;Kiwirok Timur
Papua Pegunungan;Pegunungan Bintang;Iwur
Papua Pegunungan;Pegunungan Bintang;Batom
Papua Pegunungan;Pegunungan Bintang;Bime
Papua Pegunungan;Pegunungan Bintang;Tarup
Papua Pegunungan;Pegunungan Bintang;Kalomdol
Papua Pegunungan;Pegunungan Bintang;Oksop
Papua Pegunungan;Pegunungan Bintang;Alemsom
Papua Pegunungan;Pegunungan Bintang;Okbape
Papua Pegunungan;Pegunungan Bintang;Kawor
Papua Pegunungan;Pegunungan Bintang;Awinbon
Papua Pegunungan;Pegunungan Bintang;Serambakon
Papua Pegunungan;Pegunungan Bintang;Ok Aom
Papua Pegunungan;Tolikara;Danime
Papua Pegunungan;Tolikara;Tagime
Papua Pegunungan;Tolikara;Bogonuk
Papua Pegunungan;Tolikara;Li Anogomma
Papua Pegunungan;Tolikara;Kai
Papua Pegunungan;Tolikara;Aweku
Papua Pegunungan;Tolikara;Biuk
Papua Pegunungan;Tolikara;Yuko
Papua Pegunungan;Tolikara;Karubaga
Papua Pegunungan;Tolikara;Kembu
Papua Pegunungan;Tolikara;Goyage
Papua Pegunungan;Tolikara;Bokondini
Papua Pegunungan;Tolikara;Kanggime
Papua Pegunungan;Tolikara;Umagi
Papua Pegunungan;Tolikara;Panaga
Papua Pegunungan;Tolikara;Wunim
Papua Pegunungan;Tolikara;Wina
Papua Pegunungan;Tolikara;Kubu
Papua Pegunungan;Tolikara;Konda/ Kondaga
Papua Pegunungan;Tolikara;Woniki
Papua Pegunungan;Tolikara;Bokoneri
Papua Pegunungan;Tolikara;Bewani
Papua Pegunungan;Tolikara;Nelawi
Papua Pegunungan;Tolikara;Kuari
Papua Pegunungan;Tolikara;Gilubandu
Papua Pegunungan;Tolikara;Nabunage
Papua Pegunungan;Tolikara;Numba
Papua Pegunungan;Tolikara;Timori
Papua Pegunungan;Tolikara;Nunggawi
Papua Pegunungan;Tolikara;Gundagi
Papua Pegunungan;Tolikara;Egiam
Papua Pegunungan;Tolikara;Poganeri
Papua Pegunungan;Tolikara;Dundu
Papua Pegunungan;Tolikara;Geya
Papua Pegunungan;Tolikara;Kamboneri
Papua Pegunungan;Tolikara;Airgaram
Papua Pegunungan;Tolikara;Wari/Taiyeve II
Papua Pegunungan;Tolikara;Yuneri
Papua Pegunungan;Tolikara;Wakuwo
Papua Pegunungan;Tolikara;Dow
Papua Pegunungan;Tolikara;Tagineri
Papua Pegunungan;Tolikara;Anawi
Papua Pegunungan;Tolikara;Wenam
Papua Pegunungan;Tolikara;Gika
Papua Pegunungan;Tolikara;Telenggeme
Papua Pegunungan;Tolikara;Wugi
Papua Pegunungan;Yahukimo;Dekai
Papua Pegunungan;Yahukimo;Ninia
Papua Pegunungan;Yahukimo;Kurima
Papua Pegunungan;Yahukimo;Anggruk
Papua Pegunungan;Yahukimo;Samenage
Papua Pegunungan;Yahukimo;Nalca
Papua Pegunungan;Yahukimo;Silimo
Papua Pegunungan;Yahukimo;Obio
Papua Pegunungan;Yahukimo;Suru Suru
Papua Pegunungan;Yahukimo;Musaik
Papua Pegunungan;Yahukimo;Pasema
Papua Pegunungan;Yahukimo;Wusama
Papua Pegunungan;Yahukimo;Amuma
Papua Pegunungan;Yahukimo;Soba
Papua Pegunungan;Yahukimo;Werima
Papua Pegunungan;Yahukimo;Hogio
Papua Pegunungan;Yahukimo;Mugi
Papua Pegunungan;Yahukimo;Ukha
Papua Pegunungan;Yahukimo;Panggema
Papua Pegunungan;Yahukimo;Tangma
Papua Pegunungan;Yahukimo;Ubahak
Papua Pegunungan;Yahukimo;Pronggoli
Papua Pegunungan;Yahukimo;Kosarek
Papua Pegunungan;Yahukimo;Nipsan
Papua Pegunungan;Yahukimo;Hereapini
Papua Pegunungan;Yahukimo;Walma
Papua Pegunungan;Yahukimo;Yahuliambut
Papua Pegunungan;Yahukimo;Puldama
Papua Pegunungan;Yahukimo;Endomen
Papua Pegunungan;Yahukimo;Ubalihi
Papua Pegunungan;Yahukimo;Talambo
Papua Pegunungan;Yahukimo;Holuon
Papua Pegunungan;Yahukimo;Lolat
Papua Pegunungan;Yahukimo;Kona
Papua Pegunungan;Yahukimo;Dirwemna
Papua Pegunungan;Yahukimo;Soloikma
Papua Pegunungan;Yahukimo;Sela
Papua Pegunungan;Yahukimo;Korupun
Papua Pegunungan;Yahukimo;Suntamon
Papua Pegunungan;Yahukimo;Seredela
Papua Pegunungan;Yahukimo;Langda
Papua Pegunungan;Yahukimo;Bomela
Papua Pegunungan;Yahukimo;Kwelemdua
Papua Pegunungan;Yahukimo;Kwikma
Papua Pegunungan;Yahukimo;Sobaham
Papua Pegunungan;Yahukimo;Kabianggama
Papua Pegunungan;Yahukimo;Hilipuk
Papua Pegunungan;Yahukimo;Duram
Papua Pegunungan;Yahukimo;Yogosem
Papua Pegunungan;Yahukimo;Kayo
Papua Pegunungan;Yahukimo;Sumo
Papua Pegunungan;Yalimo;Elelim
Papua Pegunungan;Yalimo;Apalapsili
Papua Pegunungan;Yalimo;Welarek
Papua Pegunungan;Yalimo;Abenaho
Papua Pegunungan;Yalimo;Benawa
Papua Selatan;Asmat;Safan
Papua Selatan;Asmat;Kopay
Papua Selatan;Asmat;Pantai Kasuari
Papua Selatan;Asmat;Der Koumur
Papua Selatan;Asmat;Fayit
Papua Selatan;Asmat;Aswi
Papua Selatan;Asmat;Awyu
Papua Selatan;Asmat;Bectbamu
Papua Selatan;Asmat;Atsy
Papua Selatan;Asmat;Ayip
Papua Selatan;Asmat;Agats
Papua Selatan;Asmat;Jetsy
Papua Selatan;Asmat;Sirets
Papua Selatan;Asmat;Suator
Papua Selatan;Asmat;Juuku
Papua Selatan;Asmat;Joerat
Papua Selatan;Asmat;Unir Sirau
Papua Selatan;Asmat;Akat
Papua Selatan;Asmat;Sor Ep
Papua Selatan;Asmat;Kolf Braza
Papua Selatan;Asmat;Koroway Buluanop
Papua Selatan;Asmat;Pulau Tiga
Papua Selatan;Asmat;Sawa Erma
Papua Selatan;Asmat;Tomor Birip
Papua Selatan;Asmat;Suru-Suru
Papua Selatan;Boven Digoel;Kawagit
Papua Selatan;Boven Digoel;Mindiptana
Papua Selatan;Boven Digoel;Waropko
Papua Selatan;Boven Digoel;Mandobo
Papua Selatan;Boven Digoel;Bomakia
Papua Selatan;Boven Digoel;Kombut
Papua Selatan;Boven Digoel;Kouh
Papua Selatan;Boven Digoel;Jair
Papua Selatan;Boven Digoel;Iniyandit
Papua Selatan;Boven Digoel;Arimop
Papua Selatan;Boven Digoel;Fofi
Papua Selatan;Boven Digoel;Firiwage
Papua Selatan;Boven Digoel;Yaniruma
Papua Selatan;Boven Digoel;Ambatkwi
Papua Selatan;Boven Digoel;Manggelum
Papua Selatan;Boven Digoel;Ninati
Papua Selatan;Boven Digoel;Sesnuk
Papua Selatan;Boven Digoel;Subur
Papua Selatan;Boven Digoel;Kombay
Papua Selatan;Boven Digoel;Ki
Papua Selatan;Mappi;Citak-Mitak
Papua Selatan;Mappi;Edera
Papua Selatan;Mappi;Obaa
Papua Selatan;Mappi;Mambioman Bapai
Papua Selatan;Mappi;Kaibar
Papua Selatan;Mappi;Passue
Papua Selatan;Mappi;Haju
Papua Selatan;Mappi;Assue
Papua Selatan;Mappi;Minyamur
Papua Selatan;Mappi;Venaha
Papua Selatan;Mappi;Syahcame
Papua Selatan;Mappi;Passue Bawah
Papua Selatan;Mappi;Ti Zain
Papua Selatan;Mappi;Yakomi
Papua Selatan;Mappi;Bamgi
Papua Selatan;Merauke;Elikobal
Papua Selatan;Merauke;Waan
Papua Selatan;Merauke;Animha
Papua Selatan;Merauke;Malind
Papua Selatan;Merauke;Kurik
Papua Selatan;Merauke;Naukenjerai
Papua Selatan;Merauke;Kaptel
Papua Selatan;Merauke;Tabonji
Papua Selatan;Merauke;Tubang
Papua Selatan;Merauke;Ngguti
Papua Selatan;Merauke;Ilwayab
Papua Selatan;Merauke;Padua
Papua Selatan;Merauke;Kontuar
Papua Selatan;Merauke;Sota
Papua Selatan;Merauke;Ulilin
Papua Selatan;Merauke;Muting
Papua Selatan;Merauke;Okaba
Papua Selatan;Merauke;Merauke
Papua Selatan;Merauke;Tanah Miring
Papua Selatan;Merauke;Jagebob
Papua Selatan;Merauke;Kimaam
Papua Selatan;Merauke;Semangga
Papua Tengah;Deiyai;Bowobado
Papua Tengah;Deiyai;Tigi Barat
Papua Tengah;Deiyai;Tigi
Papua Tengah;Deiyai;Tigi Timur
Papua Tengah;Deiyai;Kapiraya
Papua Tengah;Dogiyai;Kamu
Papua Tengah;Dogiyai;Mapia
Papua Tengah;Dogiyai;Sukikai Selatan
Papua Tengah;Dogiyai;Mapia Barat
Papua Tengah;Dogiyai;Piyaiye
Papua Tengah;Dogiyai;Kamu Utara
Papua Tengah;Dogiyai;Mapia Tengah
Papua Tengah;Dogiyai;Kamu Selatan
Papua Tengah;Dogiyai;Kamu Timur
Papua Tengah;Dogiyai;Dogiyai
Papua Tengah;Intan Jaya;Homeyo
Papua Tengah;Intan Jaya;Wandai
Papua Tengah;Intan Jaya;Sugapa
Papua Tengah;Intan Jaya;Hitadipa
Papua Tengah;Intan Jaya;Ugimba
Papua Tengah;Intan Jaya;Biandoga
Papua Tengah;Intan Jaya;Agisiga
Papua Tengah;Intan Jaya;Tomosiga
Papua Tengah;Mimika;Kwamki Narama
Papua Tengah;Mimika;Hoya
Papua Tengah;Mimika;Mimika Barat Jauh
Papua Tengah;Mimika;Mimika Barat Tengah
Papua Tengah;Mimika;Amar
Papua Tengah;Mimika;Alama
Papua Tengah;Mimika;Iwaka
Papua Tengah;Mimika;Wania
Papua Tengah;Mimika;Tembagapura
Papua Tengah;Mimika;Agimuga
Papua Tengah;Mimika;Mimika Timur
Papua Tengah;Mimika;Mimika Baru
Papua Tengah;Mimika;Jila
Papua Tengah;Mimika;Mimika Timur Jauh
Papua Tengah;Mimika;Mimika Barat
Papua Tengah;Mimika;Jita
Papua Tengah;Mimika;Mimika Tengah
Papua Tengah;Mimika;Kuala Kencana
Papua Tengah;Nabire;Nabire
Papua Tengah;Nabire;Napan
Papua Tengah;Nabire;Uwapa
Papua Tengah;Nabire;Yaur
Papua Tengah;Nabire;Wanggar
Papua Tengah;Nabire;Teluk Umar
Papua Tengah;Nabire;Siriwo
Papua Tengah;Nabire;Makimi
Papua Tengah;Nabire;Teluk Kimi
Papua Tengah;Nabire;Yaro
Papua Tengah;Nabire;Moora
Papua Tengah;Nabire;Dipa
Papua Tengah;Nabire;Wapoga
Papua Tengah;Nabire;Nabire Barat
Papua Tengah;Nabire;Menou
Papua Tengah;Paniai;Bibida
Papua Tengah;Paniai;Pugo Dagi
Papua Tengah;Paniai;Paniai Timur
Papua Tengah;Paniai;Wege Muka
Papua Tengah;Paniai;Yatamo
Papua Tengah;Paniai;Deiyai Miyo
Papua Tengah;Paniai;Tiyage
Papua Tengah;Paniai;Paniai Barat
Papua Tengah;Paniai;Nakama
Papua Tengah;Paniai;Siriwo
Papua Tengah;Paniai;Baya Biru
Papua Tengah;Paniai;Youtadi
Papua Tengah;Paniai;Bogobaida
Papua Tengah;Paniai;Aradide
Papua Tengah;Paniai;Teluk Deya
Papua Tengah;Paniai;Yagai
Papua Tengah;Paniai;Kebo
Papua Tengah;Paniai;Ekadide
Papua Tengah;Paniai;Aweida
Papua Tengah;Paniai;Fajar Timur
Papua Tengah;Paniai;Topiyai
Papua Tengah;Paniai;Wegee Bino
Papua Tengah;Paniai;Dumadama
Papua Tengah;Paniai;Dogomo
Papua Tengah;Puncak;Ilaga
Papua Tengah;Puncak;Doufo
Papua Tengah;Puncak;Pogoma
Papua Tengah;Puncak;Wangbe
Papua Tengah;Puncak;Beoga
Papua Tengah;Puncak;Gome
Papua Tengah;Puncak;Dervos
Papua Tengah;Puncak;Sinak
Papua Tengah;Puncak;Agandugume
Papua Tengah;Puncak;Beoga Timur
Papua Tengah;Puncak;Ogamanim
Papua Tengah;Puncak;Beoga Barat
Papua Tengah;Puncak;Sinak Barat
Papua Tengah;Puncak;Mageabume
Papua Tengah;Puncak;Kembru
Papua Tengah;Puncak;Bina
Papua Tengah;Puncak;Mabugi
Papua Tengah;Puncak;Yugumuak
Papua Tengah;Puncak;Ilaga Utara
Papua Tengah;Puncak;Oneri
Papua Tengah;Puncak;Amungkalpia
Papua Tengah;Puncak;Omukia
Papua Tengah;Puncak;Lambewi
Papua Tengah;Puncak;Gome Utara
Papua Tengah;Puncak;Erelmakawia
Papua Tengah;Puncak Jaya;Mulia
Papua Tengah;Puncak Jaya;Ilu
Papua Tengah;Puncak Jaya;Yamo
Papua Tengah;Puncak Jaya;Fawi
Papua Tengah;Puncak Jaya;Mewoluk
Papua Tengah;Puncak Jaya;Torere
Papua Tengah;Puncak Jaya;Tingginambut
Papua Tengah;Puncak Jaya;Nume
Papua Tengah;Puncak Jaya;Irimuli
Papua Tengah;Puncak Jaya;Pagaleme
Papua Tengah;Puncak Jaya;Gurage
Papua Tengah;Puncak Jaya;Yambi
Papua Tengah;Puncak Jaya;Lumo
Papua Tengah;Puncak Jaya;Muara
Papua Tengah;Puncak Jaya;Ilamburawi
Papua Tengah;Puncak Jaya;Kalome
Papua Tengah;Puncak Jaya;Wanwi
Papua Tengah;Puncak Jaya;Molanikime
Papua Tengah;Puncak Jaya;Dokome
Papua Tengah;Puncak Jaya;Yamoneri
Papua Tengah;Puncak Jaya;Waegi
Papua Tengah;Puncak Jaya;Dagai
Papua Tengah;Puncak Jaya;Kiyage
Papua Tengah;Puncak Jaya;Gubume
Papua Tengah;Puncak Jaya;Taganombak
Papua Tengah;Puncak Jaya;Nioga
Riau;Bengkalis;Mandau
Riau;Bengkalis;Siak Kecil
Riau;Bengkalis;Pinggir
Riau;Bengkalis;Rupat
Riau;Bengkalis;Rupat Utara
Riau;Bengkalis;Bathin Solapan
Riau;Bengkalis;Bandar Laksamana
Riau;Bengkalis;Talang Muandau
Riau;Bengkalis;Bengkalis
Riau;Bengkalis;Bantan
Riau;Bengkalis;Bukit Batu
Riau;Indragiri Hilir;Kempas
Riau;Indragiri Hilir;Sungai Batang
Riau;Indragiri Hilir;Enok
Riau;Indragiri Hilir;Kuala Indragiri
Riau;Indragiri Hilir;Reteh
Riau;Indragiri Hilir;Gaung Anak Serka
Riau;Indragiri Hilir;Mandah
Riau;Indragiri Hilir;Tembilahan
Riau;Indragiri Hilir;Tempuling
Riau;Indragiri Hilir;Kateman
Riau;Indragiri Hilir;Keritang
Riau;Indragiri Hilir;Tembilahan Hulu
Riau;Indragiri Hilir;Kemuning
Riau;Indragiri Hilir;Batang Tuaka
Riau;Indragiri Hilir;Gaung
Riau;Indragiri Hilir;Pulau Burung
Riau;Indragiri Hilir;Concong
Riau;Indragiri Hilir;Pelangiran
Riau;Indragiri Hilir;Teluk Belengkong
Riau;Indragiri Hilir;Tanah Merah
Riau;Indragiri Hulu;Rengat
Riau;Indragiri Hulu;Pasir Penyu
Riau;Indragiri Hulu;Peranap
Riau;Indragiri Hulu;Rengat Barat
Riau;Indragiri Hulu;Kelayang
Riau;Indragiri Hulu;Batang Gangsal
Riau;Indragiri Hulu;Lirik
Riau;Indragiri Hulu;Siberida
Riau;Indragiri Hulu;Batang Cenaku
Riau;Indragiri Hulu;Sungai Lala
Riau;Indragiri Hulu;Lubuk Batu Jaya
Riau;Indragiri Hulu;Kuala Cenaku
Riau;Indragiri Hulu;Rakit Kulim
Riau;Indragiri Hulu;Batang Peranap
Riau;Kampar;Tambang
Riau;Kampar;Xiii Koto Kampar
Riau;Kampar;Bangkinang Kota
Riau;Kampar;Kampar
Riau;Kampar;Kampar Kiri
Riau;Kampar;Kampar Kiri Hilir
Riau;Kampar;Kuok
Riau;Kampar;Siak Hulu
Riau;Kampar;Kampar Kiri Hulu
Riau;Kampar;Tapung
Riau;Kampar;Tapung Hilir
Riau;Kampar;Rumbio Jaya
Riau;Kampar;Bangkinang
Riau;Kampar;Tapung Hulu
Riau;Kampar;Salo
Riau;Kampar;Kampar Utara
Riau;Kampar;Kampar Kiri Tengah
Riau;Kampar;Perhentian Raja
Riau;Kampar;Kampa
Riau;Kampar;Koto Kampar Hulu
Riau;Kampar;Gunung Sahilan
Riau;Kepulauan Meranti;Tebing Tinggi
Riau;Kepulauan Meranti;Rangsang Barat
Riau;Kepulauan Meranti;Merbau
Riau;Kepulauan Meranti;Pulaumerbau
Riau;Kepulauan Meranti;Rangsang
Riau;Kepulauan Meranti;Tebing Tinggi Barat
Riau;Kepulauan Meranti;Rangsang Pesisir
Riau;Kepulauan Meranti;Tebing Tinggi Timur
Riau;Kepulauan Meranti;Tasik Putri Puyu
Riau;Kota Dumai;Dumai Selatan
Riau;Kota Dumai;Dumai Barat
Riau;Kota Dumai;Dumai Timur
Riau;Kota Dumai;Medang Kampai
Riau;Kota Dumai;Dumai Kota
Riau;Kota Dumai;Bukit Kapur
Riau;Kota Dumai;Sungai Sembilan
Riau;Kota Pekanbaru;Binawidya
Riau;Kota Pekanbaru;Marpoyan Damai
Riau;Kota Pekanbaru;Rumbai Barat
Riau;Kota Pekanbaru;Bukit Raya
Riau;Kota Pekanbaru;Sukajadi
Riau;Kota Pekanbaru;Lima Puluh
Riau;Kota Pekanbaru;Senapelan
Riau;Kota Pekanbaru;Pekanbaru Kota
Riau;Kota Pekanbaru;Sail
Riau;Kota Pekanbaru;Payung Sekaki
Riau;Kota Pekanbaru;Rumbai
Riau;Kota Pekanbaru;Tenayan Raya
Riau;Kota Pekanbaru;Rumbai Timur
Riau;Kota Pekanbaru;Tuahmadani
Riau;Kota Pekanbaru;Kulim
Riau;Kuantan Singingi;Gunungtoar
Riau;Kuantan Singingi;Singingi Hilir
Riau;Kuantan Singingi;Cerenti
Riau;Kuantan Singingi;Benai
Riau;Kuantan Singingi;Pangean
Riau;Kuantan Singingi;Singingi
Riau;Kuantan Singingi;Kuantan Hilir
Riau;Kuantan Singingi;Kuantan Mudik
Riau;Kuantan Singingi;Kuantan Tengah
Riau;Kuantan Singingi;Logas Tanah Darat
Riau;Kuantan Singingi;Inuman
Riau;Kuantan Singingi;Sentajo Raya
Riau;Kuantan Singingi;Pucuk Rantau
Riau;Kuantan Singingi;Hulu Kuantan
Riau;Kuantan Singingi;Kuantan Hilir Seberang
Riau;Pelalawan;Pangkalan Kuras
Riau;Pelalawan;Pangkalan Lesung
Riau;Pelalawan;Ukui
Riau;Pelalawan;Pangkalan Kerinci
Riau;Pelalawan;Kerumutan
Riau;Pelalawan;Bunut
Riau;Pelalawan;Langgam
Riau;Pelalawan;Pelalawan
Riau;Pelalawan;Teluk Meranti
Riau;Pelalawan;Bandar Petalangan
Riau;Pelalawan;Kuala Kampar
Riau;Pelalawan;Bandar Sei Kijang
Riau;Rokan Hilir;Tanjung Medan
Riau;Rokan Hilir;Bagan Sinembah Raya
Riau;Rokan Hilir;Pekaitan
Riau;Rokan Hilir;Kubu Babussalam
Riau;Rokan Hilir;Balai Jaya
Riau;Rokan Hilir;Batu Hampar
Riau;Rokan Hilir;Rantau Kopar
Riau;Rokan Hilir;Bangko Pusako
Riau;Rokan Hilir;Simpang Kanan
Riau;Rokan Hilir;Bagansinembah
Riau;Rokan Hilir;Pasir Limau Kapas
Riau;Rokan Hilir;Tanah Putih
Riau;Rokan Hilir;Rimba Melintang
Riau;Rokan Hilir;Tanah Putih Tanjung Melawan
Riau;Rokan Hilir;Sinaboi
Riau;Rokan Hilir;Pujud
Riau;Rokan Hilir;Kubu
Riau;Rokan Hilir;Bangko
Riau;Rokan Hulu;Tambusai
Riau;Rokan Hulu;Kepenuhan
Riau;Rokan Hulu;Rokan Iv Koto
Riau;Rokan Hulu;Rambah
Riau;Rokan Hulu;Rambah Hilir
Riau;Rokan Hulu;Tambusai Utara
Riau;Rokan Hulu;Kunto Darussalam
Riau;Rokan Hulu;Rambah Samo
Riau;Rokan Hulu;Ujung Batu
Riau;Rokan Hulu;Kepenuhan Hulu
Riau;Rokan Hulu;Pendalian Iv Koto
Riau;Rokan Hulu;Bonai Darussalam
Riau;Rokan Hulu;Pagaran Tapah Darussalam
Riau;Rokan Hulu;Tandun
Riau;Rokan Hulu;Kabun
Riau;Rokan Hulu;Bangun Purba
Riau;Siak;Dayun
Riau;Siak;Kerinci Kanan
Riau;Siak;Tualang
Riau;Siak;Sungai Mandau
Riau;Siak;Bunga Raya
Riau;Siak;Koto Gasib
Riau;Siak;Sungai Apit
Riau;Siak;Minas
Riau;Siak;Siak
Riau;Siak;Kandis
Riau;Siak;Mempura
Riau;Siak;Pusako
Riau;Siak;Lubuk Dalam
Riau;Siak;Sabak Auh
Sulawesi Barat;Majene;Tubo Sendana
Sulawesi Barat;Majene;Banggae Timur
Sulawesi Barat;Majene;Ulumanda
Sulawesi Barat;Majene;Tammerodo Sendana
Sulawesi Barat;Majene;Sendana
Sulawesi Barat;Majene;Malunda
Sulawesi Barat;Majene;Banggae
Sulawesi Barat;Majene;Pamboang
Sulawesi Barat;Mamasa;Tabulahan
Sulawesi Barat;Mamasa;Sumarorong
Sulawesi Barat;Mamasa;Mamasa
Sulawesi Barat;Mamasa;Pana
Sulawesi Barat;Mamasa;Tanduk Kalua
Sulawesi Barat;Mamasa;Messawa
Sulawesi Barat;Mamasa;Sesenapadang
Sulawesi Barat;Mamasa;Mambi
Sulawesi Barat;Mamasa;Aralle
Sulawesi Barat;Mamasa;Buntumalangka
Sulawesi Barat;Mamasa;Mehalaan
Sulawesi Barat;Mamasa;Tawalian
Sulawesi Barat;Mamasa;Rantebulahan Timur
Sulawesi Barat;Mamasa;Balla
Sulawesi Barat;Mamasa;Nosu
Sulawesi Barat;Mamasa;Tabang
Sulawesi Barat;Mamasa;Bambang
Sulawesi Barat;Mamuju;Kalumpang
Sulawesi Barat;Mamuju;Tapalang
Sulawesi Barat;Mamuju;Kalukku
Sulawesi Barat;Mamuju;Sampaga
Sulawesi Barat;Mamuju;Papalang
Sulawesi Barat;Mamuju;Mamuju
Sulawesi Barat;Mamuju;Bonehau
Sulawesi Barat;Mamuju;Kep. Bala Balakang
Sulawesi Barat;Mamuju;Tapalang Barat
Sulawesi Barat;Mamuju;Tommo
Sulawesi Barat;Mamuju;Simboro dan Kepulauan
Sulawesi Barat;Mamuju Tengah;Tobadak
Sulawesi Barat;Mamuju Tengah;Topoyo
Sulawesi Barat;Mamuju Tengah;Karossa
Sulawesi Barat;Mamuju Tengah;Pangale
Sulawesi Barat;Mamuju Tengah;Budong-Budong
Sulawesi Barat;Pasangkayu;Baras
Sulawesi Barat;Pasangkayu;Sarudu
Sulawesi Barat;Pasangkayu;Bambalamotu
Sulawesi Barat;Pasangkayu;Pasangkayu
Sulawesi Barat;Pasangkayu;Bulu Taba
Sulawesi Barat;Pasangkayu;Tikke Raya
Sulawesi Barat;Pasangkayu;Dapurang
Sulawesi Barat;Pasangkayu;Duripoku
Sulawesi Barat;Pasangkayu;Pedongga
Sulawesi Barat;Pasangkayu;Lariang
Sulawesi Barat;Pasangkayu;Bambaira
Sulawesi Barat;Pasangkayu;Sarjo
Sulawesi Barat;Polewali Mandar;Binuang
Sulawesi Barat;Polewali Mandar;Tapango
Sulawesi Barat;Polewali Mandar;Polewali
Sulawesi Barat;Polewali Mandar;Tutar
Sulawesi Barat;Polewali Mandar;Mapilli
Sulawesi Barat;Polewali Mandar;Matangnga
Sulawesi Barat;Polewali Mandar;Campalagian
Sulawesi Barat;Polewali Mandar;Wonomulyo
Sulawesi Barat;Polewali Mandar;Tinambung
Sulawesi Barat;Polewali Mandar;Allu
Sulawesi Barat;Polewali Mandar;Bulo
Sulawesi Barat;Polewali Mandar;Luyo
Sulawesi Barat;Polewali Mandar;Anreapi
Sulawesi Barat;Polewali Mandar;Matakali
Sulawesi Barat;Polewali Mandar;Limboro
Sulawesi Barat;Polewali Mandar;Balanipa
Sulawesi Selatan;Bantaeng;Sinoa
Sulawesi Selatan;Bantaeng;Uluere
Sulawesi Selatan;Bantaeng;Gantarang Keke
Sulawesi Selatan;Bantaeng;Bissappu
Sulawesi Selatan;Bantaeng;Tompo Bulu
Sulawesi Selatan;Bantaeng;Pajukukang
Sulawesi Selatan;Bantaeng;Bantaeng
Sulawesi Selatan;Bantaeng;Eremerasa
Sulawesi Selatan;Barru;Mallusetasi
Sulawesi Selatan;Barru;Pujananting
Sulawesi Selatan;Barru;Barru
Sulawesi Selatan;Barru;Soppeng Riaja
Sulawesi Selatan;Barru;Balusu
Sulawesi Selatan;Barru;Tanete Riaja
Sulawesi Selatan;Barru;Tanete Rilau
Sulawesi Selatan;Bone;Bontocani
Sulawesi Selatan;Bone;Kahu
Sulawesi Selatan;Bone;Tonra
Sulawesi Selatan;Bone;Libureng
Sulawesi Selatan;Bone;Kajuara
Sulawesi Selatan;Bone;Salomekko
Sulawesi Selatan;Bone;Barebbo
Sulawesi Selatan;Bone;Mare
Sulawesi Selatan;Bone;Sibulue
Sulawesi Selatan;Bone;Lappariaja
Sulawesi Selatan;Bone;Lamuru
Sulawesi Selatan;Bone;Cina
Sulawesi Selatan;Bone;Ponre
Sulawesi Selatan;Bone;Awangpone
Sulawesi Selatan;Bone;Tellu Siattinge
Sulawesi Selatan;Bone;Ulaweng
Sulawesi Selatan;Bone;Palakka
Sulawesi Selatan;Bone;Ajangale
Sulawesi Selatan;Bone;Dua Boccoe
Sulawesi Selatan;Bone;Cenrana
Sulawesi Selatan;Bone;Tanete Riattang Timur
Sulawesi Selatan;Bone;Amali
Sulawesi Selatan;Bone;Tanete Riattang
Sulawesi Selatan;Bone;Tanete Riattang Barat
Sulawesi Selatan;Bone;Patimpeng
Sulawesi Selatan;Bone;Tellulimpoe
Sulawesi Selatan;Bone;Bengo
Sulawesi Selatan;Bulukumba;Bulukumpa
Sulawesi Selatan;Bulukumba;Kindang
Sulawesi Selatan;Bulukumba;Herlang
Sulawesi Selatan;Bulukumba;Kajang
Sulawesi Selatan;Bulukumba;Ujungloe
Sulawesi Selatan;Bulukumba;Bonto Bahari
Sulawesi Selatan;Bulukumba;Bonto Tiro
Sulawesi Selatan;Bulukumba;Gantorang
Sulawesi Selatan;Bulukumba;Ujung Bulu
Sulawesi Selatan;Bulukumba;Rilauale
Sulawesi Selatan;Enrekang;Curio
Sulawesi Selatan;Enrekang;Malua
Sulawesi Selatan;Enrekang;Enrekang
Sulawesi Selatan;Enrekang;Baraka
Sulawesi Selatan;Enrekang;Maiwa
Sulawesi Selatan;Enrekang;Bungin
Sulawesi Selatan;Enrekang;Cendana
Sulawesi Selatan;Enrekang;Anggeraja
Sulawesi Selatan;Enrekang;Alla
Sulawesi Selatan;Enrekang;Buntu Batu
Sulawesi Selatan;Enrekang;Masalle
Sulawesi Selatan;Enrekang;Baroko
Sulawesi Selatan;Gowa;Bungaya
Sulawesi Selatan;Gowa;Tompobullu
Sulawesi Selatan;Gowa;Tinggimoncong
Sulawesi Selatan;Gowa;Bontonompo
Sulawesi Selatan;Gowa;Bajeng
Sulawesi Selatan;Gowa;Palangga
Sulawesi Selatan;Gowa;Somba Opu
Sulawesi Selatan;Gowa;Parangloe
Sulawesi Selatan;Gowa;Bontomarannu
Sulawesi Selatan;Gowa;Tombolopao
Sulawesi Selatan;Gowa;Biringbulu
Sulawesi Selatan;Gowa;Manuju
Sulawesi Selatan;Gowa;Bontolempangang
Sulawesi Selatan;Gowa;Barombong
Sulawesi Selatan;Gowa;Pattalasang
Sulawesi Selatan;Gowa;Bajeng Barat
Sulawesi Selatan;Gowa;Bontonompo Selatan
Sulawesi Selatan;Gowa;Parigi
Sulawesi Selatan;Jeneponto;Arungkeke
Sulawesi Selatan;Jeneponto;Bontoramba
Sulawesi Selatan;Jeneponto;Turatea
Sulawesi Selatan;Jeneponto;Bangkala
Sulawesi Selatan;Jeneponto;Tamalatea
Sulawesi Selatan;Jeneponto;Kelara
Sulawesi Selatan;Jeneponto;Bangkala Barat
Sulawesi Selatan;Jeneponto;Binamu
Sulawesi Selatan;Jeneponto;Batang
Sulawesi Selatan;Jeneponto;Rumbia
Sulawesi Selatan;Jeneponto;Tarowang
Sulawesi Selatan;Kepulauan Selayar;Pasimasunggu
Sulawesi Selatan;Kepulauan Selayar;Pasimarannu
Sulawesi Selatan;Kepulauan Selayar;Bontomanai
Sulawesi Selatan;Kepulauan Selayar;Bontosikuyu
Sulawesi Selatan;Kepulauan Selayar;Taka Bonerate
Sulawesi Selatan;Kepulauan Selayar;Pasilambena
Sulawesi Selatan;Kepulauan Selayar;Bontoharu
Sulawesi Selatan;Kepulauan Selayar;Bontomatene
Sulawesi Selatan;Kepulauan Selayar;Benteng
Sulawesi Selatan;Kepulauan Selayar;Pasimasunggu Timur
Sulawesi Selatan;Kepulauan Selayar;Buki
Sulawesi Selatan;Kota Makassar;Makassar
Sulawesi Selatan;Kota Makassar;Ujung Pandang
Sulawesi Selatan;Kota Makassar;Mariso
Sulawesi Selatan;Kota Makassar;Mamajang
Sulawesi Selatan;Kota Makassar;Tallo
Sulawesi Selatan;Kota Makassar;Ujung Tanah
Sulawesi Selatan;Kota Makassar;Wajo
Sulawesi Selatan;Kota Makassar;Bontoala
Sulawesi Selatan;Kota Makassar;Panakkukang
Sulawesi Selatan;Kota Makassar;Tamalate
Sulawesi Selatan;Kota Makassar;Biringkanaya
Sulawesi Selatan;Kota Makassar;Tamalanrea
Sulawesi Selatan;Kota Makassar;Kepulauan Sangkarrang
Sulawesi Selatan;Kota Makassar;Manggala
Sulawesi Selatan;Kota Makassar;Rappocini
Sulawesi Selatan;Kota Palopo;Bara
Sulawesi Selatan;Kota Palopo;Sendana
Sulawesi Selatan;Kota Palopo;Mungkajang
Sulawesi Selatan;Kota Palopo;Wara
Sulawesi Selatan;Kota Palopo;Wara Utara
Sulawesi Selatan;Kota Palopo;Wara Timur
Sulawesi Selatan;Kota Palopo;Wara Barat
Sulawesi Selatan;Kota Palopo;Wara Selatan
Sulawesi Selatan;Kota Palopo;Telluwanua
Sulawesi Selatan;Kota Pare Pare;Bacukiki
Sulawesi Selatan;Kota Pare Pare;Bacukiki Barat
Sulawesi Selatan;Kota Pare Pare;Ujung
Sulawesi Selatan;Kota Pare Pare;Soreang
Sulawesi Selatan;Luwu;Lamasi
Sulawesi Selatan;Luwu;Suli
Sulawesi Selatan;Luwu;Bajo
Sulawesi Selatan;Luwu;Basse Sangtempe
Sulawesi Selatan;Luwu;Larompong
Sulawesi Selatan;Luwu;Belopa
Sulawesi Selatan;Luwu;Bua
Sulawesi Selatan;Luwu;Bua Ponrang
Sulawesi Selatan;Luwu;Walenrang
Sulawesi Selatan;Luwu;Larompong Selatan
Sulawesi Selatan;Luwu;Ponrang
Sulawesi Selatan;Luwu;Belopa Utara
Sulawesi Selatan;Luwu;Walenrang Barat
Sulawesi Selatan;Luwu;Latimojong
Sulawesi Selatan;Luwu;Kamanre
Sulawesi Selatan;Luwu;Lamasi Timur
Sulawesi Selatan;Luwu;Suli Barat
Sulawesi Selatan;Luwu;Walenrang Utara
Sulawesi Selatan;Luwu;Walenrang Timur
Sulawesi Selatan;Luwu;Ponrang Selatan
Sulawesi Selatan;Luwu;Basse Sangtempe Utara
Sulawesi Selatan;Luwu;Bajo Barat
Sulawesi Selatan;Luwu Timur;Burau
Sulawesi Selatan;Luwu Timur;Tomoni
Sulawesi Selatan;Luwu Timur;Angkona
Sulawesi Selatan;Luwu Timur;Wotu
Sulawesi Selatan;Luwu Timur;Tomoni Timur
Sulawesi Selatan;Luwu Timur;Towuti
Sulawesi Selatan;Luwu Timur;Malili
Sulawesi Selatan;Luwu Timur;Mangkutana
Sulawesi Selatan;Luwu Timur;Nuha
Sulawesi Selatan;Luwu Timur;Kalaena
Sulawesi Selatan;Luwu Timur;Wasuponda
Sulawesi Selatan;Luwu Utara;Limbong
Sulawesi Selatan;Luwu Utara;Sukamaju
Sulawesi Selatan;Luwu Utara;Masamba
Sulawesi Selatan;Luwu Utara;Sabbang
Sulawesi Selatan;Luwu Utara;Rampi
Sulawesi Selatan;Luwu Utara;Seko
Sulawesi Selatan;Luwu Utara;Malangke Barat
Sulawesi Selatan;Luwu Utara;Malangke
Sulawesi Selatan;Luwu Utara;Bone Bone
Sulawesi Selatan;Luwu Utara;Baebunta Selatan
Sulawesi Selatan;Luwu Utara;Sabbang Selatan
Sulawesi Selatan;Luwu Utara;Tana Lili
Sulawesi Selatan;Luwu Utara;Sukamaju Selatan
Sulawesi Selatan;Luwu Utara;Mappedeceng
Sulawesi Selatan;Luwu Utara;Baebunta
Sulawesi Selatan;Maros;Camba
Sulawesi Selatan;Maros;Bantimurung
Sulawesi Selatan;Maros;Mandai
Sulawesi Selatan;Maros;Malllawa
Sulawesi Selatan;Maros;Tanralili
Sulawesi Selatan;Maros;Maros Baru
Sulawesi Selatan;Maros;Bontoa
Sulawesi Selatan;Maros;Marusu
Sulawesi Selatan;Maros;Simbang
Sulawesi Selatan;Maros;Cenrana
Sulawesi Selatan;Maros;Moncong Loe
Sulawesi Selatan;Maros;Turikale
Sulawesi Selatan;Maros;Tompobulu
Sulawesi Selatan;Maros;Lau
Sulawesi Selatan;Pangkajene Kepulauan;Pangkajene
Sulawesi Selatan;Pangkajene Kepulauan;Balocci
Sulawesi Selatan;Pangkajene Kepulauan;Liukang Kalmas
Sulawesi Selatan;Pangkajene Kepulauan;Liukang Tupabbiring
Sulawesi Selatan;Pangkajene Kepulauan;Marang
Sulawesi Selatan;Pangkajene Kepulauan;Segeri
Sulawesi Selatan;Pangkajene Kepulauan;Bungoro
Sulawesi Selatan;Pangkajene Kepulauan;Labakkang
Sulawesi Selatan;Pangkajene Kepulauan;Liukang Tangaya
Sulawesi Selatan;Pangkajene Kepulauan;Liukang Tupabbiring Utara
Sulawesi Selatan;Pangkajene Kepulauan;Mandalle
Sulawesi Selatan;Pangkajene Kepulauan;Tondong Tallasa
Sulawesi Selatan;Pangkajene Kepulauan;Minasa Tene
Sulawesi Selatan;Pinrang;Tiroang
Sulawesi Selatan;Pinrang;Lembang
Sulawesi Selatan;Pinrang;Cempa
Sulawesi Selatan;Pinrang;Matirro Sompe
Sulawesi Selatan;Pinrang;Suppa
Sulawesi Selatan;Pinrang;Patampanua
Sulawesi Selatan;Pinrang;Duampanua
Sulawesi Selatan;Pinrang;Mattiro Bulu
Sulawesi Selatan;Pinrang;Watang Sawito
Sulawesi Selatan;Pinrang;BatuLappa
Sulawesi Selatan;Pinrang;Lanrisang
Sulawesi Selatan;Pinrang;Paleteang
Sulawesi Selatan;Sidenreng Rappang;Watang Sidenreng
Sulawesi Selatan;Sidenreng Rappang;Dua Pitue
Sulawesi Selatan;Sidenreng Rappang;Kulo
Sulawesi Selatan;Sidenreng Rappang;Maritengngae
Sulawesi Selatan;Sidenreng Rappang;Panca Lautang
Sulawesi Selatan;Sidenreng Rappang;Baranti
Sulawesi Selatan;Sidenreng Rappang;Panca Rijang
Sulawesi Selatan;Sidenreng Rappang;Tellu Limpoe
Sulawesi Selatan;Sidenreng Rappang;Watang Pulu
Sulawesi Selatan;Sidenreng Rappang;Pitu Riase
Sulawesi Selatan;Sidenreng Rappang;Pitu Riawa
Sulawesi Selatan;Sinjai;Sinjai Barat
Sulawesi Selatan;Sinjai;Sinjai Tengah
Sulawesi Selatan;Sinjai;Sinjai Utara
Sulawesi Selatan;Sinjai;Sinjai Selatan
Sulawesi Selatan;Sinjai;Sinjai Timur
Sulawesi Selatan;Sinjai;Tellu Limpoe
Sulawesi Selatan;Sinjai;Pulau Sembilan
Sulawesi Selatan;Sinjai;Bulupoddo
Sulawesi Selatan;Sinjai;Sinjai Borong
Sulawesi Selatan;Soppeng;Donri Donri
Sulawesi Selatan;Soppeng;Ganra
Sulawesi Selatan;Soppeng;Lalabata
Sulawesi Selatan;Soppeng;Marioriawa
Sulawesi Selatan;Soppeng;Citta
Sulawesi Selatan;Soppeng;Liliraja
Sulawesi Selatan;Soppeng;Lilirilau
Sulawesi Selatan;Soppeng;Marioriwawo
Sulawesi Selatan;Takalar;Sanrobone
Sulawesi Selatan;Takalar;Galesong
Sulawesi Selatan;Takalar;Mangarabombang
Sulawesi Selatan;Takalar;Polombangkeng Selatan
Sulawesi Selatan;Takalar;Mappakasunggu
Sulawesi Selatan;Takalar;Galesong Utara
Sulawesi Selatan;Takalar;Pattallassang
Sulawesi Selatan;Takalar;Polombangkeng Utara
Sulawesi Selatan;Takalar;Galesong Selatan
Sulawesi Selatan;Takalar;Kepulauan Tanakeke
Sulawesi Selatan;Tana Toraja;Rembon
Sulawesi Selatan;Tana Toraja;Makale Utara
Sulawesi Selatan;Tana Toraja;Mappak
Sulawesi Selatan;Tana Toraja;Makale Selatan
Sulawesi Selatan;Tana Toraja;Sangalla Selatan
Sulawesi Selatan;Tana Toraja;Sangalla Utara
Sulawesi Selatan;Tana Toraja;Masanda
Sulawesi Selatan;Tana Toraja;Rano
Sulawesi Selatan;Tana Toraja;Kurra
Sulawesi Selatan;Tana Toraja;Malimbong Balepe
Sulawesi Selatan;Tana Toraja;Saluputi
Sulawesi Selatan;Tana Toraja;Makale
Sulawesi Selatan;Tana Toraja;Bittuang
Sulawesi Selatan;Tana Toraja;Bonggakaradeng
Sulawesi Selatan;Tana Toraja;Simbuang
Sulawesi Selatan;Tana Toraja;Rantetayo
Sulawesi Selatan;Tana Toraja;Mengkendek
Sulawesi Selatan;Tana Toraja;Sangalla
Sulawesi Selatan;Tana Toraja;Gandangbatu Sillanan
Sulawesi Selatan;Toraja Utara;Tikala
Sulawesi Selatan;Toraja Utara;Sanggalangi
Sulawesi Selatan;Toraja Utara;Sopai
Sulawesi Selatan;Toraja Utara;Rantepao
Sulawesi Selatan;Toraja Utara;Sesean
Sulawesi Selatan;Toraja Utara;Buntao
Sulawesi Selatan;Toraja Utara;Sa'Dan
Sulawesi Selatan;Toraja Utara;Nanggala
Sulawesi Selatan;Toraja Utara;Rindingallo
Sulawesi Selatan;Toraja Utara;Rantebua
Sulawesi Selatan;Toraja Utara;Sesean Suloara
Sulawesi Selatan;Toraja Utara;Dende' Piongan Napo
Sulawesi Selatan;Toraja Utara;Buntu Pepasan
Sulawesi Selatan;Toraja Utara;Balusu
Sulawesi Selatan;Toraja Utara;Tallunglipu
Sulawesi Selatan;Toraja Utara;Tondon
Sulawesi Selatan;Toraja Utara;Bangkelekila
Sulawesi Selatan;Toraja Utara;Baruppu
Sulawesi Selatan;Toraja Utara;Kesu
Sulawesi Selatan;Toraja Utara;Kapala Pitu
Sulawesi Selatan;Toraja Utara;Awan Rante Karua
Sulawesi Selatan;Wajo;Pitumpanua
Sulawesi Selatan;Wajo;Bola
Sulawesi Selatan;Wajo;Keera
Sulawesi Selatan;Wajo;Penrang
Sulawesi Selatan;Wajo;Gilireng
Sulawesi Selatan;Wajo;Belawa
Sulawesi Selatan;Wajo;Tanasitolo
Sulawesi Selatan;Wajo;Majauleng
Sulawesi Selatan;Wajo;Tempe
Sulawesi Selatan;Wajo;Maniangpajo
Sulawesi Selatan;Wajo;Takkalalla
Sulawesi Selatan;Wajo;Sajoanging
Sulawesi Selatan;Wajo;Sabangparu
Sulawesi Selatan;Wajo;Pammana
Sulawesi Tengah;Banggai;Toili
Sulawesi Tengah;Banggai;Toili Barat
Sulawesi Tengah;Banggai;Moilong
Sulawesi Tengah;Banggai;Toili Jaya
Sulawesi Tengah;Banggai;Batui
Sulawesi Tengah;Banggai;Batui Selatan
Sulawesi Tengah;Banggai;Bunta
Sulawesi Tengah;Banggai;Nuhon
Sulawesi Tengah;Banggai;Simpang Raya
Sulawesi Tengah;Banggai;Kintom
Sulawesi Tengah;Banggai;Luwuk
Sulawesi Tengah;Banggai;Luwuk Timur
Sulawesi Tengah;Banggai;Luwuk Utara
Sulawesi Tengah;Banggai;Luwuk Selatan
Sulawesi Tengah;Banggai;Nambo
Sulawesi Tengah;Banggai;Pagimana
Sulawesi Tengah;Banggai;Bualemo
Sulawesi Tengah;Banggai;Lobu
Sulawesi Tengah;Banggai;Lamala
Sulawesi Tengah;Banggai;Masama
Sulawesi Tengah;Banggai;Mantoh
Sulawesi Tengah;Banggai;Balantak
Sulawesi Tengah;Banggai;Balantak Selatan
Sulawesi Tengah;Banggai;Balantak Utara
Sulawesi Tengah;Banggai Kepulauan;Liang
Sulawesi Tengah;Banggai Kepulauan;Bulagi
Sulawesi Tengah;Banggai Kepulauan;Totikum
Sulawesi Tengah;Banggai Kepulauan;Tinangkung
Sulawesi Tengah;Banggai Kepulauan;Bulagi Selatan
Sulawesi Tengah;Banggai Kepulauan;Buko
Sulawesi Tengah;Banggai Kepulauan;Tinangkung Selatan
Sulawesi Tengah;Banggai Kepulauan;Peling Tengah
Sulawesi Tengah;Banggai Kepulauan;Bulagi Utara
Sulawesi Tengah;Banggai Kepulauan;Totikum Selatan
Sulawesi Tengah;Banggai Kepulauan;Buko Selatan
Sulawesi Tengah;Banggai Kepulauan;Tinangkung Utara
Sulawesi Tengah;Banggai Laut;Banggai Selatan
Sulawesi Tengah;Banggai Laut;Banggai Tengah
Sulawesi Tengah;Banggai Laut;Bangkurung
Sulawesi Tengah;Banggai Laut;Labobo
Sulawesi Tengah;Banggai Laut;Banggai Utara
Sulawesi Tengah;Banggai Laut;Bokan Kepulauan
Sulawesi Tengah;Banggai Laut;Banggai
Sulawesi Tengah;Buol;Karamat
Sulawesi Tengah;Buol;Paleleh Barat
Sulawesi Tengah;Buol;Gadung
Sulawesi Tengah;Buol;Bokat
Sulawesi Tengah;Buol;Bunobogu
Sulawesi Tengah;Buol;Momunu
Sulawesi Tengah;Buol;Lakea
Sulawesi Tengah;Buol;Tiloan
Sulawesi Tengah;Buol;Bukal
Sulawesi Tengah;Buol;Paleleh
Sulawesi Tengah;Buol;Biau
Sulawesi Tengah;Donggala;Labuan
Sulawesi Tengah;Donggala;Banawa
Sulawesi Tengah;Donggala;Dampelas
Sulawesi Tengah;Donggala;Rio Pakava
Sulawesi Tengah;Donggala;Banawa Selatan
Sulawesi Tengah;Donggala;Tanantovea
Sulawesi Tengah;Donggala;Balaesang
Sulawesi Tengah;Donggala;Sindue
Sulawesi Tengah;Donggala;Sirenja
Sulawesi Tengah;Donggala;Sojol
Sulawesi Tengah;Donggala;Sindue Tombusabora
Sulawesi Tengah;Donggala;Pinembani
Sulawesi Tengah;Donggala;Banawa Tengah
Sulawesi Tengah;Donggala;Sindue Tobata
Sulawesi Tengah;Donggala;Sojol Utara
Sulawesi Tengah;Donggala;Balaesang Tanjung
Sulawesi Tengah;Kota Palu;Mantikulore
Sulawesi Tengah;Kota Palu;Tatanga
Sulawesi Tengah;Kota Palu;Tawaeli
Sulawesi Tengah;Kota Palu;Palu Timur
Sulawesi Tengah;Kota Palu;Palu Utara
Sulawesi Tengah;Kota Palu;Ulujadi
Sulawesi Tengah;Kota Palu;Palu Barat
Sulawesi Tengah;Kota Palu;Palu Selatan
Sulawesi Tengah;Morowali;Bungku Tengah
Sulawesi Tengah;Morowali;Bungku Barat
Sulawesi Tengah;Morowali;Bumi Raya
Sulawesi Tengah;Morowali;Bungku Selatan
Sulawesi Tengah;Morowali;Menui Kepulauan
Sulawesi Tengah;Morowali;Wita Ponda
Sulawesi Tengah;Morowali;Bahodopi
Sulawesi Tengah;Morowali;Bungku Pesisir
Sulawesi Tengah;Morowali;Bungku Timur
Sulawesi Tengah;Morowali Utara;Soyo Jaya
Sulawesi Tengah;Morowali Utara;Bungku Utara
Sulawesi Tengah;Morowali Utara;Mori Atas
Sulawesi Tengah;Morowali Utara;Mori Utara
Sulawesi Tengah;Morowali Utara;Mamosalato
Sulawesi Tengah;Morowali Utara;Lembo Raya
Sulawesi Tengah;Morowali Utara;Lembo
Sulawesi Tengah;Morowali Utara;Petasia
Sulawesi Tengah;Morowali Utara;Petasia Timur
Sulawesi Tengah;Morowali Utara;Petasia Barat
Sulawesi Tengah;Parigi Moutong;Ampibabo
Sulawesi Tengah;Parigi Moutong;Tinombo
Sulawesi Tengah;Parigi Moutong;Parigi
Sulawesi Tengah;Parigi Moutong;Sausu
Sulawesi Tengah;Parigi Moutong;Bolano Lambunu
Sulawesi Tengah;Parigi Moutong;Moutong
Sulawesi Tengah;Parigi Moutong;Tomini
Sulawesi Tengah;Parigi Moutong;Kasimbar
Sulawesi Tengah;Parigi Moutong;Torue
Sulawesi Tengah;Parigi Moutong;Tinombo Selatan
Sulawesi Tengah;Parigi Moutong;Toribulu
Sulawesi Tengah;Parigi Moutong;Taopa
Sulawesi Tengah;Parigi Moutong;Parigi Selatan
Sulawesi Tengah;Parigi Moutong;Mepanga
Sulawesi Tengah;Parigi Moutong;Siniu
Sulawesi Tengah;Parigi Moutong;Palasa
Sulawesi Tengah;Parigi Moutong;Balinggi
Sulawesi Tengah;Parigi Moutong;Parigi Barat
Sulawesi Tengah;Parigi Moutong;Parigi Utara
Sulawesi Tengah;Parigi Moutong;Parigi Tengah
Sulawesi Tengah;Parigi Moutong;Bolano
Sulawesi Tengah;Parigi Moutong;Ongka Malino
Sulawesi Tengah;Parigi Moutong;Sidoan
Sulawesi Tengah;Poso;Poso Kota Utara
Sulawesi Tengah;Poso;Lore Barat
Sulawesi Tengah;Poso;Pamona Barat
Sulawesi Tengah;Poso;Poso Kota Selatan
Sulawesi Tengah;Poso;Pamona Tenggara
Sulawesi Tengah;Poso;Pamona Utara
Sulawesi Tengah;Poso;Lore Timur
Sulawesi Tengah;Poso;Lore Piore
Sulawesi Tengah;Poso;Lore Tengah
Sulawesi Tengah;Poso;Lore Selatan
Sulawesi Tengah;Poso;Pamona Selatan
Sulawesi Tengah;Poso;Lore Utara
Sulawesi Tengah;Poso;Poso Kota
Sulawesi Tengah;Poso;Pamona Puselemba
Sulawesi Tengah;Poso;Pamona Timur
Sulawesi Tengah;Poso;Poso Pesisir
Sulawesi Tengah;Poso;Lage
Sulawesi Tengah;Poso;Poso Pesisir Selatan
Sulawesi Tengah;Poso;Poso Pesisir Utara
Sulawesi Tengah;Sigi;Pipikoro
Sulawesi Tengah;Sigi;Kulawi Selatan
Sulawesi Tengah;Sigi;Kulawi
Sulawesi Tengah;Sigi;Lindu
Sulawesi Tengah;Sigi;Nokilalaki
Sulawesi Tengah;Sigi;Palolo
Sulawesi Tengah;Sigi;Gumbasa
Sulawesi Tengah;Sigi;Dolo Selatan
Sulawesi Tengah;Sigi;Dolo Barat
Sulawesi Tengah;Sigi;Tanambulava
Sulawesi Tengah;Sigi;Dolo
Sulawesi Tengah;Sigi;Sigi Biromaru
Sulawesi Tengah;Sigi;Sigi Kota
Sulawesi Tengah;Sigi;Marawola
Sulawesi Tengah;Sigi;Marawola Barat
Sulawesi Tengah;Sigi;Kinovaro
Sulawesi Tengah;Tojo Una Una;Walea Kepulauan
Sulawesi Tengah;Tojo Una Una;Ampana Tete
Sulawesi Tengah;Tojo Una Una;Una Una
Sulawesi Tengah;Tojo Una Una;Togean
Sulawesi Tengah;Tojo Una Una;Tojo Barat
Sulawesi Tengah;Tojo Una Una;Tojo
Sulawesi Tengah;Tojo Una Una;Ampana Kota
Sulawesi Tengah;Tojo Una Una;Ulubongka
Sulawesi Tengah;Tojo Una Una;Walea Besar
Sulawesi Tengah;Tojo Una Una;Ratolindo
Sulawesi Tengah;Tojo Una Una;Batudaka
Sulawesi Tengah;Tojo Una Una;Talatako
Sulawesi Tengah;Toli Toli;Galang
Sulawesi Tengah;Toli Toli;Toli-Toli Utara
Sulawesi Tengah;Toli Toli;Dampal Utara
Sulawesi Tengah;Toli Toli;Dondo
Sulawesi Tengah;Toli Toli;Dampal Selatan
Sulawesi Tengah;Toli Toli;Lampasio
Sulawesi Tengah;Toli Toli;Baolan
Sulawesi Tengah;Toli Toli;Basidondo
Sulawesi Tengah;Toli Toli;Ogodeide
Sulawesi Tengah;Toli Toli;Dako Pemean
Sulawesi Tenggara;Bombana;Tontonunu
Sulawesi Tenggara;Bombana;Lantari Jaya
Sulawesi Tenggara;Bombana;Mata Usu
Sulawesi Tenggara;Bombana;Mata Oleo
Sulawesi Tenggara;Bombana;Rarowatu Utara
Sulawesi Tenggara;Bombana;Poleang Timur
Sulawesi Tenggara;Bombana;Rarowatu
Sulawesi Tenggara;Bombana;Poleang
Sulawesi Tenggara;Bombana;Kabaena Timur
Sulawesi Tenggara;Bombana;Poleang Barat
Sulawesi Tenggara;Bombana;Rumbia
Sulawesi Tenggara;Bombana;Kabaena
Sulawesi Tenggara;Bombana;Poleang Utara
Sulawesi Tenggara;Bombana;Poleang Tengah
Sulawesi Tenggara;Bombana;Kabaena Selatan
Sulawesi Tenggara;Bombana;Kabaena Barat
Sulawesi Tenggara;Bombana;Poleang Selatan
Sulawesi Tenggara;Bombana;Poleang Tenggara
Sulawesi Tenggara;Bombana;Kep. Masaloka Raya
Sulawesi Tenggara;Bombana;Rumbia Tengah
Sulawesi Tenggara;Bombana;Kabaena Utara
Sulawesi Tenggara;Bombana;Kabaena Tengah
Sulawesi Tenggara;Buton;Pasarwajo
Sulawesi Tenggara;Buton;Wolowa
Sulawesi Tenggara;Buton;Wabula
Sulawesi Tenggara;Buton;Kapontori
Sulawesi Tenggara;Buton;Lasalimu
Sulawesi Tenggara;Buton;Siotapina
Sulawesi Tenggara;Buton;Lasalimu Selatan
Sulawesi Tenggara;Buton Selatan;Siompu
Sulawesi Tenggara;Buton Selatan;Kadatua
Sulawesi Tenggara;Buton Selatan;Batauga
Sulawesi Tenggara;Buton Selatan;Batu Atas
Sulawesi Tenggara;Buton Selatan;Siompu Barat
Sulawesi Tenggara;Buton Selatan;Sampolawa
Sulawesi Tenggara;Buton Selatan;Lapandewa
Sulawesi Tenggara;Buton Tengah;Sangia Wambulu
Sulawesi Tenggara;Buton Tengah;Talaga Raya
Sulawesi Tenggara;Buton Tengah;Gu
Sulawesi Tenggara;Buton Tengah;Mawasangka Tengah
Sulawesi Tenggara;Buton Tengah;Mawasangka
Sulawesi Tenggara;Buton Tengah;Lakudo
Sulawesi Tenggara;Buton Tengah;Mawasangka Timur
Sulawesi Tenggara;Buton Utara;Bonegunu
Sulawesi Tenggara;Buton Utara;Kulisusu Barat
Sulawesi Tenggara;Buton Utara;Kulisusu
Sulawesi Tenggara;Buton Utara;Kambowa
Sulawesi Tenggara;Buton Utara;Kulisusu Utara
Sulawesi Tenggara;Buton Utara;Wakorumba Utara
Sulawesi Tenggara;Kolaka;Latambaga
Sulawesi Tenggara;Kolaka;Tanggetada
Sulawesi Tenggara;Kolaka;Baula
Sulawesi Tenggara;Kolaka;Wolo
Sulawesi Tenggara;Kolaka;Iwoimendaa
Sulawesi Tenggara;Kolaka;Polinggona
Sulawesi Tenggara;Kolaka;Samaturu
Sulawesi Tenggara;Kolaka;Toari
Sulawesi Tenggara;Kolaka;Kolaka
Sulawesi Tenggara;Kolaka;Pomalaa
Sulawesi Tenggara;Kolaka;Watubangga
Sulawesi Tenggara;Kolaka;Wundulako
Sulawesi Tenggara;Kolaka Timur;Poli Polia
Sulawesi Tenggara;Kolaka Timur;Lambandia
Sulawesi Tenggara;Kolaka Timur;Loea
Sulawesi Tenggara;Kolaka Timur;Ladongi
Sulawesi Tenggara;Kolaka Timur;Uluiwoi
Sulawesi Tenggara;Kolaka Timur;Tinondo
Sulawesi Tenggara;Kolaka Timur;Lalolae
Sulawesi Tenggara;Kolaka Timur;Mowewe
Sulawesi Tenggara;Kolaka Timur;Tirawuta
Sulawesi Tenggara;Kolaka Timur;Ueesi
Sulawesi Tenggara;Kolaka Timur;Dangia
Sulawesi Tenggara;Kolaka Timur;Aere
Sulawesi Tenggara;Kolaka Utara;Lasusua
Sulawesi Tenggara;Kolaka Utara;Rante Angin
Sulawesi Tenggara;Kolaka Utara;Kodeoha
Sulawesi Tenggara;Kolaka Utara;Pakue
Sulawesi Tenggara;Kolaka Utara;Batu Putih
Sulawesi Tenggara;Kolaka Utara;Lambai
Sulawesi Tenggara;Kolaka Utara;Watunohu
Sulawesi Tenggara;Kolaka Utara;Ngapa
Sulawesi Tenggara;Kolaka Utara;Wawo
Sulawesi Tenggara;Kolaka Utara;Pakue Utara
Sulawesi Tenggara;Kolaka Utara;Porehu
Sulawesi Tenggara;Kolaka Utara;Pakue Tengah
Sulawesi Tenggara;Kolaka Utara;Tolala
Sulawesi Tenggara;Kolaka Utara;Katoi
Sulawesi Tenggara;Kolaka Utara;Tiwu
Sulawesi Tenggara;Konawe;Soropia
Sulawesi Tenggara;Konawe;Lalonggasumeeto
Sulawesi Tenggara;Konawe;Sampara
Sulawesi Tenggara;Konawe;Bondoala
Sulawesi Tenggara;Konawe;Besulutu
Sulawesi Tenggara;Konawe;Kapoiala
Sulawesi Tenggara;Konawe;Anggalomoare
Sulawesi Tenggara;Konawe;Morosi
Sulawesi Tenggara;Konawe;Lambuya
Sulawesi Tenggara;Konawe;Uepai
Sulawesi Tenggara;Konawe;Puriala
Sulawesi Tenggara;Konawe;Onembute
Sulawesi Tenggara;Konawe;Pondidaha
Sulawesi Tenggara;Konawe;Wonggeduku
Sulawesi Tenggara;Konawe;Amonggedo
Sulawesi Tenggara;Konawe;Wonggeduku Barat
Sulawesi Tenggara;Konawe;Wawotobi
Sulawesi Tenggara;Konawe;Meluhu
Sulawesi Tenggara;Konawe;Konawe
Sulawesi Tenggara;Konawe;Unaaha
Sulawesi Tenggara;Konawe;Anggaberi
Sulawesi Tenggara;Konawe;Abuki
Sulawesi Tenggara;Konawe;Latoma
Sulawesi Tenggara;Konawe;Tongauna
Sulawesi Tenggara;Konawe;Asinua
Sulawesi Tenggara;Konawe;Padangguni
Sulawesi Tenggara;Konawe;Tongauna Utara
Sulawesi Tenggara;Konawe;Routa
Sulawesi Tenggara;Konawe Kepulauan;Wawonii Tenggara
Sulawesi Tenggara;Konawe Kepulauan;Wawonii Selatan
Sulawesi Tenggara;Konawe Kepulauan;Wawonii Timur Laut
Sulawesi Tenggara;Konawe Kepulauan;Wawonii Timur
Sulawesi Tenggara;Konawe Kepulauan;Wawonii Tengah
Sulawesi Tenggara;Konawe Kepulauan;Wawonii Barat
Sulawesi Tenggara;Konawe Kepulauan;Wawonii Utara
Sulawesi Tenggara;Konawe Selatan;Wolasi
Sulawesi Tenggara;Konawe Selatan;Laeya
Sulawesi Tenggara;Konawe Selatan;Lalembuu
Sulawesi Tenggara;Konawe Selatan;Benua
Sulawesi Tenggara;Konawe Selatan;Moramo
Sulawesi Tenggara;Konawe Selatan;Laonti
Sulawesi Tenggara;Konawe Selatan;Moramo Utara
Sulawesi Tenggara;Konawe Selatan;Buke
Sulawesi Tenggara;Konawe Selatan;Palangga Selatan
Sulawesi Tenggara;Konawe Selatan;Mowila
Sulawesi Tenggara;Konawe Selatan;Baito
Sulawesi Tenggara;Konawe Selatan;Kolono Timur
Sulawesi Tenggara;Konawe Selatan;Sabulakoa
Sulawesi Tenggara;Konawe Selatan;Basala
Sulawesi Tenggara;Konawe Selatan;Ranomeeto Barat
Sulawesi Tenggara;Konawe Selatan;Andoolo Barat
Sulawesi Tenggara;Konawe Selatan;Kolono
Sulawesi Tenggara;Konawe Selatan;Konda
Sulawesi Tenggara;Konawe Selatan;Ranomeeto
Sulawesi Tenggara;Konawe Selatan;Tinanggea
Sulawesi Tenggara;Konawe Selatan;Angata
Sulawesi Tenggara;Konawe Selatan;Landono
Sulawesi Tenggara;Konawe Selatan;Lainea
Sulawesi Tenggara;Konawe Selatan;Andoolo
Sulawesi Tenggara;Konawe Selatan;Palangga
Sulawesi Tenggara;Konawe Utara;Lasolo Kepulauan
Sulawesi Tenggara;Konawe Utara;Landawe
Sulawesi Tenggara;Konawe Utara;Motui
Sulawesi Tenggara;Konawe Utara;Wawolesea
Sulawesi Tenggara;Konawe Utara;Asera
Sulawesi Tenggara;Konawe Utara;Wiwirano
Sulawesi Tenggara;Konawe Utara;Lasolo
Sulawesi Tenggara;Konawe Utara;Lembo
Sulawesi Tenggara;Konawe Utara;Langgikima
Sulawesi Tenggara;Konawe Utara;Molawe
Sulawesi Tenggara;Konawe Utara;Andowia
Sulawesi Tenggara;Konawe Utara;Sawa
Sulawesi Tenggara;Konawe Utara;Oheo
Sulawesi Tenggara;Kota Bau Bau;Sorawolio
Sulawesi Tenggara;Kota Bau Bau;Bungi
Sulawesi Tenggara;Kota Bau Bau;Betoambari
Sulawesi Tenggara;Kota Bau Bau;Wolio
Sulawesi Tenggara;Kota Bau Bau;Lea-Lea
Sulawesi Tenggara;Kota Bau Bau;Batupoaro
Sulawesi Tenggara;Kota Bau Bau;Kokalukuna
Sulawesi Tenggara;Kota Bau Bau;Murhum
Sulawesi Tenggara;Kota Kendari;Kendari
Sulawesi Tenggara;Kota Kendari;Baruga
Sulawesi Tenggara;Kota Kendari;Mandonga
Sulawesi Tenggara;Kota Kendari;Abeli
Sulawesi Tenggara;Kota Kendari;Wua-Wua
Sulawesi Tenggara;Kota Kendari;Poasia
Sulawesi Tenggara;Kota Kendari;Kendari Barat
Sulawesi Tenggara;Kota Kendari;Kadia
Sulawesi Tenggara;Kota Kendari;Puuwatu
Sulawesi Tenggara;Kota Kendari;Kambu
Sulawesi Tenggara;Kota Kendari;Nambo
Sulawesi Tenggara;Muna;Tongkuno Selatan
Sulawesi Tenggara;Muna;Pasi Kolaga
Sulawesi Tenggara;Muna;Kontu Kowuna
Sulawesi Tenggara;Muna;Marobo
Sulawesi Tenggara;Muna;Towea
Sulawesi Tenggara;Muna;Batukara
Sulawesi Tenggara;Muna;Maligano
Sulawesi Tenggara;Muna;Napabalano
Sulawesi Tenggara;Muna;Lohia
Sulawesi Tenggara;Muna;Watopute
Sulawesi Tenggara;Muna;Katobu
Sulawesi Tenggara;Muna;Duruka
Sulawesi Tenggara;Muna;Lasalepa
Sulawesi Tenggara;Muna;Batalaiworu
Sulawesi Tenggara;Muna;Wakorumba Selatan
Sulawesi Tenggara;Muna;Tongkuno
Sulawesi Tenggara;Muna;Pasir Putih
Sulawesi Tenggara;Muna;Kontunaga
Sulawesi Tenggara;Muna;Parigi
Sulawesi Tenggara;Muna;Bone
Sulawesi Tenggara;Muna;Kabangka
Sulawesi Tenggara;Muna;Kabawo
Sulawesi Tenggara;Muna Barat;Maginti
Sulawesi Tenggara;Muna Barat;Tiworo Tengah
Sulawesi Tenggara;Muna Barat;Wadaga
Sulawesi Tenggara;Muna Barat;Tiworo Selatan
Sulawesi Tenggara;Muna Barat;Tiworo Utara
Sulawesi Tenggara;Muna Barat;Tiworo Kepulauan
Sulawesi Tenggara;Muna Barat;Barangka
Sulawesi Tenggara;Muna Barat;Lawa
Sulawesi Tenggara;Muna Barat;Sawerigadi
Sulawesi Tenggara;Muna Barat;Kusambi
Sulawesi Tenggara;Muna Barat;Napano Kusambi
Sulawesi Tenggara;Wakatobi;Tomia
Sulawesi Tenggara;Wakatobi;Binongko
Sulawesi Tenggara;Wakatobi;Wangi-Wangi
Sulawesi Tenggara;Wakatobi;Kaledupa
Sulawesi Tenggara;Wakatobi;Tomia Timur
Sulawesi Tenggara;Wakatobi;Togo Binongko
Sulawesi Tenggara;Wakatobi;Wangi Wangi Selatan
Sulawesi Tenggara;Wakatobi;Kaledupa Selatan
Sulawesi Utara;Bolaang Mongondow;Dumoga Barat
Sulawesi Utara;Bolaang Mongondow;Sang Tombolang
Sulawesi Utara;Bolaang Mongondow;Passi Barat
Sulawesi Utara;Bolaang Mongondow;Dumoga Utara
Sulawesi Utara;Bolaang Mongondow;Lolak
Sulawesi Utara;Bolaang Mongondow;Dumoga Timur
Sulawesi Utara;Bolaang Mongondow;Bolaang
Sulawesi Utara;Bolaang Mongondow;Lolayan
Sulawesi Utara;Bolaang Mongondow;Passi Timur
Sulawesi Utara;Bolaang Mongondow;Poigar
Sulawesi Utara;Bolaang Mongondow;Dumoga
Sulawesi Utara;Bolaang Mongondow;Dumoga Tenggara
Sulawesi Utara;Bolaang Mongondow;Bolaang Timur
Sulawesi Utara;Bolaang Mongondow;Bilalang
Sulawesi Utara;Bolaang Mongondow;Dumoga Tengah
Sulawesi Utara;Bolaang Mongondow Selatan;Tomini
Sulawesi Utara;Bolaang Mongondow Selatan;Pinolosian Timur
Sulawesi Utara;Bolaang Mongondow Selatan;Helumo
Sulawesi Utara;Bolaang Mongondow Selatan;Pinolosian
Sulawesi Utara;Bolaang Mongondow Selatan;Pinolosian Tengah
Sulawesi Utara;Bolaang Mongondow Selatan;Bolaang Uki
Sulawesi Utara;Bolaang Mongondow Selatan;Posigadan
Sulawesi Utara;Bolaang Mongondow Timur;Motongkad
Sulawesi Utara;Bolaang Mongondow Timur;Mooat
Sulawesi Utara;Bolaang Mongondow Timur;Modayag
Sulawesi Utara;Bolaang Mongondow Timur;Modayag Barat
Sulawesi Utara;Bolaang Mongondow Timur;Kotabunan
Sulawesi Utara;Bolaang Mongondow Timur;Nuangan
Sulawesi Utara;Bolaang Mongondow Timur;Tutuyan
Sulawesi Utara;Bolaang Mongondow Utara;Bolangitang Timur
Sulawesi Utara;Bolaang Mongondow Utara;Bolangitang Barat
Sulawesi Utara;Bolaang Mongondow Utara;Sangkub
Sulawesi Utara;Bolaang Mongondow Utara;Bintauna
Sulawesi Utara;Bolaang Mongondow Utara;Kaidipang
Sulawesi Utara;Bolaang Mongondow Utara;Pinogaluman
Sulawesi Utara;Kepulauan Sangihe;Manganitu Selatan
Sulawesi Utara;Kepulauan Sangihe;Tabukan Selatan Tengah
Sulawesi Utara;Kepulauan Sangihe;Manganitu
Sulawesi Utara;Kepulauan Sangihe;Tabukan Tengah
Sulawesi Utara;Kepulauan Sangihe;Tatoareng
Sulawesi Utara;Kepulauan Sangihe;Tamako
Sulawesi Utara;Kepulauan Sangihe;Tahuna
Sulawesi Utara;Kepulauan Sangihe;Tabukan Selatan
Sulawesi Utara;Kepulauan Sangihe;Kendahe
Sulawesi Utara;Kepulauan Sangihe;Tabukan Selatan Tenggara
Sulawesi Utara;Kepulauan Sangihe;Tahuna Timur
Sulawesi Utara;Kepulauan Sangihe;Kepulauan Marore
Sulawesi Utara;Kepulauan Sangihe;Tahuna Barat
Sulawesi Utara;Kepulauan Sangihe;Tabukan Utara
Sulawesi Utara;Kepulauan Sangihe;Nusa Tabukan
Sulawesi Utara;Kepulauan Siau Tagulandang Biaro;Siau Timur
Sulawesi Utara;Kepulauan Siau Tagulandang Biaro;Siau Timur Selatan
Sulawesi Utara;Kepulauan Siau Tagulandang Biaro;Siau Barat Selatan
Sulawesi Utara;Kepulauan Siau Tagulandang Biaro;Siau Barat
Sulawesi Utara;Kepulauan Siau Tagulandang Biaro;Tagulandang
Sulawesi Utara;Kepulauan Siau Tagulandang Biaro;Siau Barat Utara
Sulawesi Utara;Kepulauan Siau Tagulandang Biaro;Siau Tengah
Sulawesi Utara;Kepulauan Siau Tagulandang Biaro;Tagulandang Utara
Sulawesi Utara;Kepulauan Siau Tagulandang Biaro;Biaro
Sulawesi Utara;Kepulauan Siau Tagulandang Biaro;Tagulandang Selatan
Sulawesi Utara;Kepulauan Talaud;Damau
Sulawesi Utara;Kepulauan Talaud;Rainis
Sulawesi Utara;Kepulauan Talaud;Essang
Sulawesi Utara;Kepulauan Talaud;Lirung
Sulawesi Utara;Kepulauan Talaud;Beo
Sulawesi Utara;Kepulauan Talaud;Melonguane
Sulawesi Utara;Kepulauan Talaud;Gemeh
Sulawesi Utara;Kepulauan Talaud;Nanusa
Sulawesi Utara;Kepulauan Talaud;Kabaruan
Sulawesi Utara;Kepulauan Talaud;Tampan' Amma
Sulawesi Utara;Kepulauan Talaud;Salibabu
Sulawesi Utara;Kepulauan Talaud;Beo Utara
Sulawesi Utara;Kepulauan Talaud;Pulutan
Sulawesi Utara;Kepulauan Talaud;Kalongan
Sulawesi Utara;Kepulauan Talaud;Miangas
Sulawesi Utara;Kepulauan Talaud;Beo Selatan
Sulawesi Utara;Kepulauan Talaud;Essang Selatan
Sulawesi Utara;Kepulauan Talaud;Melonguane Timur
Sulawesi Utara;Kepulauan Talaud;Moronge
Sulawesi Utara;Kota Bitung;Madidir
Sulawesi Utara;Kota Bitung;Ranowulu
Sulawesi Utara;Kota Bitung;Lembeh Selatan
Sulawesi Utara;Kota Bitung;Girian
Sulawesi Utara;Kota Bitung;Maesa
Sulawesi Utara;Kota Bitung;Aertembaga
Sulawesi Utara;Kota Bitung;Matuari
Sulawesi Utara;Kota Bitung;Lembeh Utara
Sulawesi Utara;Kota Kotamobagu;Kotamobagu Barat
Sulawesi Utara;Kota Kotamobagu;Kotamobagu Timur
Sulawesi Utara;Kota Kotamobagu;Kotamobagu Selatan
Sulawesi Utara;Kota Kotamobagu;Kotamobagu Utara
Sulawesi Utara;Kota Manado;Bunaken
Sulawesi Utara;Kota Manado;Tuminiting
Sulawesi Utara;Kota Manado;Tikala
Sulawesi Utara;Kota Manado;Sario
Sulawesi Utara;Kota Manado;Singkil
Sulawesi Utara;Kota Manado;Wenang
Sulawesi Utara;Kota Manado;Malalayang
Sulawesi Utara;Kota Manado;Wanea
Sulawesi Utara;Kota Manado;Mapanget
Sulawesi Utara;Kota Manado;Bunaken Kepulauan
Sulawesi Utara;Kota Manado;Paal Dua
Sulawesi Utara;Kota Tomohon;Tomohon Utara
Sulawesi Utara;Kota Tomohon;Tomohon Barat
Sulawesi Utara;Kota Tomohon;Tomohon Selatan
Sulawesi Utara;Kota Tomohon;Tomohon Tengah
Sulawesi Utara;Kota Tomohon;Tomohon Timur
Sulawesi Utara;Minahasa;Langowan Timur
Sulawesi Utara;Minahasa;Tompaso
Sulawesi Utara;Minahasa;Remboken
Sulawesi Utara;Minahasa;Tondano Barat
Sulawesi Utara;Minahasa;Tondano Timur
Sulawesi Utara;Minahasa;Lembean Timur
Sulawesi Utara;Minahasa;Kakas
Sulawesi Utara;Minahasa;Eris
Sulawesi Utara;Minahasa;Kombi
Sulawesi Utara;Minahasa;Tondano Selatan
Sulawesi Utara;Minahasa;Langowan Utara
Sulawesi Utara;Minahasa;Kawangkoan
Sulawesi Utara;Minahasa;Pineleng
Sulawesi Utara;Minahasa;Langowan Barat
Sulawesi Utara;Minahasa;Sonder
Sulawesi Utara;Minahasa;Tondano Utara
Sulawesi Utara;Minahasa;Langowan Selatan
Sulawesi Utara;Minahasa;Tombulu
Sulawesi Utara;Minahasa;Tombariri
Sulawesi Utara;Minahasa;Kakas Barat
Sulawesi Utara;Minahasa;Mandolang
Sulawesi Utara;Minahasa;Tombariri Timur
Sulawesi Utara;Minahasa;Kawangkoan Utara
Sulawesi Utara;Minahasa;Kawangkoan Barat
Sulawesi Utara;Minahasa;Tompaso Barat
Sulawesi Utara;Minahasa Selatan;Modoinding
Sulawesi Utara;Minahasa Selatan;Tompaso Baru
Sulawesi Utara;Minahasa Selatan;Ranoyapo
Sulawesi Utara;Minahasa Selatan;Sinonsayang
Sulawesi Utara;Minahasa Selatan;Tenga
Sulawesi Utara;Minahasa Selatan;Motoling
Sulawesi Utara;Minahasa Selatan;Tumpaan
Sulawesi Utara;Minahasa Selatan;Amurang
Sulawesi Utara;Minahasa Selatan;Kumelembuai
Sulawesi Utara;Minahasa Selatan;Maesaan
Sulawesi Utara;Minahasa Selatan;Tareran
Sulawesi Utara;Minahasa Selatan;Tatapaan
Sulawesi Utara;Minahasa Selatan;Amurang Barat
Sulawesi Utara;Minahasa Selatan;Amurang Timur
Sulawesi Utara;Minahasa Selatan;Motoling Timur
Sulawesi Utara;Minahasa Selatan;Suluun Tareran
Sulawesi Utara;Minahasa Selatan;Motoling Barat
Sulawesi Utara;Minahasa Tenggara;Pusomaen
Sulawesi Utara;Minahasa Tenggara;Belang
Sulawesi Utara;Minahasa Tenggara;Ratahan
Sulawesi Utara;Minahasa Tenggara;Touluaan
Sulawesi Utara;Minahasa Tenggara;Touluaan Selatan
Sulawesi Utara;Minahasa Tenggara;Ratatotok
Sulawesi Utara;Minahasa Tenggara;Tombatu
Sulawesi Utara;Minahasa Tenggara;Silian Raya
Sulawesi Utara;Minahasa Tenggara;Tombatu Timur
Sulawesi Utara;Minahasa Tenggara;Tombatu Utara
Sulawesi Utara;Minahasa Tenggara;Pasan
Sulawesi Utara;Minahasa Tenggara;Ratahan Timur
Sulawesi Utara;Minahasa Utara;Kema
Sulawesi Utara;Minahasa Utara;Kauditan
Sulawesi Utara;Minahasa Utara;Dimembe
Sulawesi Utara;Minahasa Utara;Likupang Barat
Sulawesi Utara;Minahasa Utara;Airmadidi
Sulawesi Utara;Minahasa Utara;Wori
Sulawesi Utara;Minahasa Utara;Talawaan
Sulawesi Utara;Minahasa Utara;Likupang Timur
Sulawesi Utara;Minahasa Utara;Kalawat
Sulawesi Utara;Minahasa Utara;Likupang Selatan
Sumatera Barat;Agam;Iv Koto
Sumatera Barat;Agam;Banuhampu
Sumatera Barat;Agam;Tanjung Raya
Sumatera Barat;Agam;Matur
Sumatera Barat;Agam;Tilatang Kamang
Sumatera Barat;Agam;Ampek Angkek
Sumatera Barat;Agam;Baso
Sumatera Barat;Agam;Tanjung Mutiara
Sumatera Barat;Agam;Lubuk Basung
Sumatera Barat;Agam;Malalak
Sumatera Barat;Agam;Candung
Sumatera Barat;Agam;Kamang Magek
Sumatera Barat;Agam;Sungai Pua
Sumatera Barat;Agam;Ampek Nagari
Sumatera Barat;Agam;Palupuh
Sumatera Barat;Agam;Palembayan
Sumatera Barat;Dharmasraya;Pulau Punjung
Sumatera Barat;Dharmasraya;Sungai Rumbai
Sumatera Barat;Dharmasraya;Koto Baru
Sumatera Barat;Dharmasraya;Timpeh
Sumatera Barat;Dharmasraya;Koto Salak
Sumatera Barat;Dharmasraya;Sitiung
Sumatera Barat;Dharmasraya;Sembilan Koto
Sumatera Barat;Dharmasraya;Tiumang
Sumatera Barat;Dharmasraya;Padang Laweh
Sumatera Barat;Dharmasraya;Asam Jujuhan
Sumatera Barat;Dharmasraya;Koto Besar
Sumatera Barat;Kepulauan Mentawai;Sipora Utara
Sumatera Barat;Kepulauan Mentawai;Sikakap
Sumatera Barat;Kepulauan Mentawai;Siberut Barat Daya
Sumatera Barat;Kepulauan Mentawai;Siberut Tengah
Sumatera Barat;Kepulauan Mentawai;Pagai Utara
Sumatera Barat;Kepulauan Mentawai;Siberut Utara
Sumatera Barat;Kepulauan Mentawai;Siberut Barat
Sumatera Barat;Kepulauan Mentawai;Sipora Selatan
Sumatera Barat;Kepulauan Mentawai;Siberut Selatan
Sumatera Barat;Kepulauan Mentawai;Pagai Selatan
Sumatera Barat;Kota Bukittinggi;Aur Birugo Tigo Baleh
Sumatera Barat;Kota Bukittinggi;Guguak Panjang
Sumatera Barat;Kota Bukittinggi;Mandiangin K. Selayan
Sumatera Barat;Kota Padang;Kuranji
Sumatera Barat;Kota Padang;Lubuk Kilangan
Sumatera Barat;Kota Padang;Pauh
Sumatera Barat;Kota Padang;Padang Selatan
Sumatera Barat;Kota Padang;Padang Timur
Sumatera Barat;Kota Padang;Bungus Teluk Kabung
Sumatera Barat;Kota Padang;Lubuk Begalung
Sumatera Barat;Kota Padang;Padang Barat
Sumatera Barat;Kota Padang;Padang Utara
Sumatera Barat;Kota Padang;Nanggalo
Sumatera Barat;Kota Padang;Koto Tangah
Sumatera Barat;Kota Padang Panjang;Padang Panjang Timur
Sumatera Barat;Kota Padang Panjang;Padang Panjang Barat
Sumatera Barat;Kota Pariaman;Pariaman Selatan
Sumatera Barat;Kota Pariaman;Pariaman Timur
Sumatera Barat;Kota Pariaman;Pariaman Tengah
Sumatera Barat;Kota Pariaman;Pariaman Utara
Sumatera Barat;Kota Payakumbuh;Payakumbuh Utara
Sumatera Barat;Kota Payakumbuh;Payakumbuh Timur
Sumatera Barat;Kota Payakumbuh;Payakumbuh Barat
Sumatera Barat;Kota Payakumbuh;Lamposi Tigo Nagori
Sumatera Barat;Kota Payakumbuh;Payakumbuh Selatan
Sumatera Barat;Kota Sawahlunto;Silungkang
Sumatera Barat;Kota Sawahlunto;Talawi
Sumatera Barat;Kota Sawahlunto;Lembah Segar
Sumatera Barat;Kota Sawahlunto;Barangin
Sumatera Barat;Kota Solok;Tanjung Harapan
Sumatera Barat;Kota Solok;Lubuk Sikarah
Sumatera Barat;Lima Puluh Kota;Pangkalan Koto Baru
Sumatera Barat;Lima Puluh Kota;Kapur Ix
Sumatera Barat;Lima Puluh Kota;Luak
Sumatera Barat;Lima Puluh Kota;Harau
Sumatera Barat;Lima Puluh Kota;Gunuang Omeh
Sumatera Barat;Lima Puluh Kota;Lareh Sago Halaban
Sumatera Barat;Lima Puluh Kota;Guguak
Sumatera Barat;Lima Puluh Kota;Payakumbuh
Sumatera Barat;Lima Puluh Kota;Suliki
Sumatera Barat;Lima Puluh Kota;Situjuah Limo Nagari
Sumatera Barat;Lima Puluh Kota;Akabiluru
Sumatera Barat;Lima Puluh Kota;Mungka
Sumatera Barat;Lima Puluh Kota;Bukik Barisan
Sumatera Barat;Padang Pariaman;2 X 11 Kayu Tanam
Sumatera Barat;Padang Pariaman;Patamuan
Sumatera Barat;Padang Pariaman;Batang Gasan
Sumatera Barat;Padang Pariaman;V Koto Timur
Sumatera Barat;Padang Pariaman;Enam Lingkung
Sumatera Barat;Padang Pariaman;Sintuak Toboh Gadang
Sumatera Barat;Padang Pariaman;Padang Sago
Sumatera Barat;Padang Pariaman;Ulakan Tapakih
Sumatera Barat;Padang Pariaman;2 X 11 Enam Lingkuang
Sumatera Barat;Padang Pariaman;Vii Koto Sungai Sarik
Sumatera Barat;Padang Pariaman;Batang Anai
Sumatera Barat;Padang Pariaman;Nan Sabaris
Sumatera Barat;Padang Pariaman;Sungai Limau
Sumatera Barat;Padang Pariaman;Iv Koto Aur Malintang
Sumatera Barat;Padang Pariaman;V Koto Kampung Dalam
Sumatera Barat;Padang Pariaman;Sungai Garingging
Sumatera Barat;Padang Pariaman;Lubuk Alung
Sumatera Barat;Pasaman;Panti
Sumatera Barat;Pasaman;Mapat Tunggul
Sumatera Barat;Pasaman;Lubuk Sikaping
Sumatera Barat;Pasaman;Bonjol
Sumatera Barat;Pasaman;Rao Utara
Sumatera Barat;Pasaman;Rao Selatan
Sumatera Barat;Pasaman;Simpang Alahan Mati
Sumatera Barat;Pasaman;Padang Gelugur
Sumatera Barat;Pasaman;Rao
Sumatera Barat;Pasaman;Mapat Tunggul Selatan
Sumatera Barat;Pasaman;Duo Koto
Sumatera Barat;Pasaman;Tigo Nagari
Sumatera Barat;Pasaman Barat;Sungai Beremas
Sumatera Barat;Pasaman Barat;Talamau
Sumatera Barat;Pasaman Barat;Kinali
Sumatera Barat;Pasaman Barat;Lembah Melintang
Sumatera Barat;Pasaman Barat;Pasaman
Sumatera Barat;Pasaman Barat;Koto Balingka
Sumatera Barat;Pasaman Barat;Sungai Aur
Sumatera Barat;Pasaman Barat;Gunung Tuleh
Sumatera Barat;Pasaman Barat;Ranah Batahan
Sumatera Barat;Pasaman Barat;Sasak Ranah Pasisie
Sumatera Barat;Pasaman Barat;Luhak Nan Duo
Sumatera Barat;Pesisir Selatan;Pancung Soal
Sumatera Barat;Pesisir Selatan;Batang Kapas
Sumatera Barat;Pesisir Selatan;Iv Jurai
Sumatera Barat;Pesisir Selatan;Ranah Pesisir
Sumatera Barat;Pesisir Selatan;Lengayang
Sumatera Barat;Pesisir Selatan;Sutera
Sumatera Barat;Pesisir Selatan;Linggo Sari Baganti
Sumatera Barat;Pesisir Selatan;Bayang
Sumatera Barat;Pesisir Selatan;Koto Xi Tarusan
Sumatera Barat;Pesisir Selatan;Basa Ampek Balai Tapan
Sumatera Barat;Pesisir Selatan;Iv Nagari Bayang Utara
Sumatera Barat;Pesisir Selatan;Lunang
Sumatera Barat;Pesisir Selatan;Silaut
Sumatera Barat;Pesisir Selatan;Airpura
Sumatera Barat;Pesisir Selatan;Ranah Ampek Hulu Tapan
Sumatera Barat;Sijunjung;Tanjung Gadang
Sumatera Barat;Sijunjung;Kamang Baru
Sumatera Barat;Sijunjung;Lubuak Tarok
Sumatera Barat;Sijunjung;Sijunjung
Sumatera Barat;Sijunjung;Iv Nagari
Sumatera Barat;Sijunjung;Koto Vii
Sumatera Barat;Sijunjung;Sumpur Kudus
Sumatera Barat;Sijunjung;Kupitan
Sumatera Barat;Solok;Tigo Lurah
Sumatera Barat;Solok;Danau Kembar
Sumatera Barat;Solok;Payung Sekaki
Sumatera Barat;Solok;Lembang Jaya
Sumatera Barat;Solok;Pantai Cermin
Sumatera Barat;Solok;Lembah Gumanti
Sumatera Barat;Solok;Ix Koto Sungai Lasi
Sumatera Barat;Solok;Gunung Talang
Sumatera Barat;Solok;Bukit Sundi
Sumatera Barat;Solok;X Koto Diatas
Sumatera Barat;Solok;Junjung Sirih
Sumatera Barat;Solok;Kubung
Sumatera Barat;Solok;X Koto Singkarak
Sumatera Barat;Solok;Hiliran Gumanti
Sumatera Barat;Solok Selatan;Sangir Balai Janggo
Sumatera Barat;Solok Selatan;Sangir Batang Hari
Sumatera Barat;Solok Selatan;Pauh Duo
Sumatera Barat;Solok Selatan;Koto Parik Gadang Diateh
Sumatera Barat;Solok Selatan;Sangir Jujuan
Sumatera Barat;Solok Selatan;Sangir
Sumatera Barat;Solok Selatan;Sungai Pagu
Sumatera Barat;Tanah Datar;Rambatan
Sumatera Barat;Tanah Datar;Lima Kaum
Sumatera Barat;Tanah Datar;X Koto
Sumatera Barat;Tanah Datar;Batipuh
Sumatera Barat;Tanah Datar;Sungayang
Sumatera Barat;Tanah Datar;Sungai Tarab
Sumatera Barat;Tanah Datar;Tanjung Emas
Sumatera Barat;Tanah Datar;Lintau Buo
Sumatera Barat;Tanah Datar;Pariangan
Sumatera Barat;Tanah Datar;Batipuah Selatan
Sumatera Barat;Tanah Datar;Tanjuang Baru
Sumatera Barat;Tanah Datar;Lintau Buo Utara
Sumatera Barat;Tanah Datar;Salimpaung
Sumatera Barat;Tanah Datar;Padang Ganting
Sumatera Selatan;Banyuasin;Makarti Jaya
Sumatera Selatan;Banyuasin;Air Salek
Sumatera Selatan;Banyuasin;Tungkal Ilir
Sumatera Selatan;Banyuasin;Tanjung Lago
Sumatera Selatan;Banyuasin;Muara Sugihan
Sumatera Selatan;Banyuasin;Sumber Marga Telang
Sumatera Selatan;Banyuasin;Air Kumbang
Sumatera Selatan;Banyuasin;Suak Tapeh
Sumatera Selatan;Banyuasin;Sembawa
Sumatera Selatan;Banyuasin;Talang Kelapa
Sumatera Selatan;Banyuasin;Rantau Bayur
Sumatera Selatan;Banyuasin;Selat Penuguan
Sumatera Selatan;Banyuasin;Karang Agung Ilir
Sumatera Selatan;Banyuasin;Banyuasin III
Sumatera Selatan;Banyuasin;Pulau Rimau
Sumatera Selatan;Banyuasin;Banyuasin I
Sumatera Selatan;Banyuasin;Banyuasin II
Sumatera Selatan;Banyuasin;Muara Padang
Sumatera Selatan;Banyuasin;Muara Telang
Sumatera Selatan;Banyuasin;Betung
Sumatera Selatan;Banyuasin;Rambutan
Sumatera Selatan;Empat Lawang;Muara Pinang
Sumatera Selatan;Empat Lawang;Tebing Tinggi
Sumatera Selatan;Empat Lawang;Lintang Kanan
Sumatera Selatan;Empat Lawang;Pendopo
Sumatera Selatan;Empat Lawang;Ulu Musi
Sumatera Selatan;Empat Lawang;Sikap Dalam
Sumatera Selatan;Empat Lawang;Saling
Sumatera Selatan;Empat Lawang;Talang Padang
Sumatera Selatan;Empat Lawang;Pasemah Air Keruh
Sumatera Selatan;Empat Lawang;Pendopo Barat
Sumatera Selatan;Kota Lubuk Linggau;Lubuk Linggau Utara II
Sumatera Selatan;Kota Lubuk Linggau;Lubuk Linggau Barat II
Sumatera Selatan;Kota Lubuk Linggau;Lubuk Linggau Selatan II
Sumatera Selatan;Kota Lubuk Linggau;Lubuk Linggau Timur I
Sumatera Selatan;Kota Lubuk Linggau;Lubuk Linggau Utara I
Sumatera Selatan;Kota Lubuk Linggau;Lubuk Linggau Timur II
Sumatera Selatan;Kota Lubuk Linggau;Lubuk Linggau Barat I
Sumatera Selatan;Kota Lubuk Linggau;Lubuk Linggau Selatan I
Sumatera Selatan;Kota Pagar Alam;Dempo Tengah
Sumatera Selatan;Kota Pagar Alam;Dempo Utara
Sumatera Selatan;Kota Pagar Alam;Dempo Selatan
Sumatera Selatan;Kota Pagar Alam;Pagar Alam Utara
Sumatera Selatan;Kota Pagar Alam;Pagar Alam Selatan
Sumatera Selatan;Kota Palembang;Ilir Timur Dua
Sumatera Selatan;Kota Palembang;Sukarami
Sumatera Selatan;Kota Palembang;Ilir Barat Satu
Sumatera Selatan;Kota Palembang;Ilir Timur Satu
Sumatera Selatan;Kota Palembang;Sako
Sumatera Selatan;Kota Palembang;Kemuning
Sumatera Selatan;Kota Palembang;Seberang Ulu Satu
Sumatera Selatan;Kota Palembang;Seberang Ulu Dua
Sumatera Selatan;Kota Palembang;Ilir Barat Dua
Sumatera Selatan;Kota Palembang;Jakabaring
Sumatera Selatan;Kota Palembang;Ilir Timur Tiga
Sumatera Selatan;Kota Palembang;Alang-alang Lebar
Sumatera Selatan;Kota Palembang;Sematangborang
Sumatera Selatan;Kota Palembang;Kalidoni
Sumatera Selatan;Kota Palembang;Kertapati
Sumatera Selatan;Kota Palembang;Plaju
Sumatera Selatan;Kota Palembang;Bukitkecil
Sumatera Selatan;Kota Palembang;Gandus
Sumatera Selatan;Kota Prabumulih;Prabumulih Barat
Sumatera Selatan;Kota Prabumulih;Prabumulih Timur
Sumatera Selatan;Kota Prabumulih;Prabumulih Utara
Sumatera Selatan;Kota Prabumulih;Prabumulih Selatan
Sumatera Selatan;Kota Prabumulih;Cambai
Sumatera Selatan;Kota Prabumulih;Rambang Kpk Tengah
Sumatera Selatan;Lahat;Tanjungsakti Pumu
Sumatera Selatan;Lahat;Pulaupinang
Sumatera Selatan;Lahat;Merapi Barat
Sumatera Selatan;Lahat;Jarai
Sumatera Selatan;Lahat;Kota Agung
Sumatera Selatan;Lahat;Pajar Bulan
Sumatera Selatan;Lahat;Lahat
Sumatera Selatan;Lahat;Mulak Ulu
Sumatera Selatan;Lahat;Kikim Selatan
Sumatera Selatan;Lahat;Kikim Barat
Sumatera Selatan;Lahat;Kikim Timur
Sumatera Selatan;Lahat;Kikim Tengah
Sumatera Selatan;Lahat;Pagar Gunung
Sumatera Selatan;Lahat;Merapi Timur
Sumatera Selatan;Lahat;Pseksu
Sumatera Selatan;Lahat;Gumay Talang
Sumatera Selatan;Lahat;Merapi Selatan
Sumatera Selatan;Lahat;Tanjungtebat
Sumatera Selatan;Lahat;Tanjung Sakti Pumi
Sumatera Selatan;Lahat;Gumay Ulu
Sumatera Selatan;Lahat;Muarapayang
Sumatera Selatan;Lahat;Sukamerindu
Sumatera Selatan;Lahat;Lahat Selatan
Sumatera Selatan;Lahat;Mulak Sebingkai
Sumatera Selatan;Muara Enim;Lawang Kidul
Sumatera Selatan;Muara Enim;Semende Darat Laut
Sumatera Selatan;Muara Enim;Gelumbang
Sumatera Selatan;Muara Enim;Semende Darat Tengah
Sumatera Selatan;Muara Enim;Semende Darat Ulu
Sumatera Selatan;Muara Enim;Ujan Mas
Sumatera Selatan;Muara Enim;Lubai
Sumatera Selatan;Muara Enim;Rambang
Sumatera Selatan;Muara Enim;Benakat
Sumatera Selatan;Muara Enim;Sungai Rotan
Sumatera Selatan;Muara Enim;Lembak
Sumatera Selatan;Muara Enim;Kelekar
Sumatera Selatan;Muara Enim;Muara Belida
Sumatera Selatan;Muara Enim;Lubai Ulu
Sumatera Selatan;Muara Enim;Empat Petulai Dangku
Sumatera Selatan;Muara Enim;Belimbing
Sumatera Selatan;Muara Enim;Belida Darat
Sumatera Selatan;Muara Enim;Panang Enim
Sumatera Selatan;Muara Enim;Rambang Niru
Sumatera Selatan;Muara Enim;Gunung Megang
Sumatera Selatan;Muara Enim;Tanjung Agung
Sumatera Selatan;Muara Enim;Muara Enim
Sumatera Selatan;Musi Banyuasin;Lais
Sumatera Selatan;Musi Banyuasin;Sungai Keruh
Sumatera Selatan;Musi Banyuasin;Sekayu
Sumatera Selatan;Musi Banyuasin;Babat Toman
Sumatera Selatan;Musi Banyuasin;Sungai Lilin
Sumatera Selatan;Musi Banyuasin;Batang Hari Leko
Sumatera Selatan;Musi Banyuasin;Sanga Desa
Sumatera Selatan;Musi Banyuasin;Keluang
Sumatera Selatan;Musi Banyuasin;Bayung Lencir
Sumatera Selatan;Musi Banyuasin;Lawang Wetan
Sumatera Selatan;Musi Banyuasin;Babat Supat
Sumatera Selatan;Musi Banyuasin;Lalan
Sumatera Selatan;Musi Banyuasin;Tungkal Jaya
Sumatera Selatan;Musi Banyuasin;Jirak Jaya
Sumatera Selatan;Musi Banyuasin;Plakat Tinggi
Sumatera Selatan;Musi Rawas;Tugumulyo
Sumatera Selatan;Musi Rawas;Muara Lakitan
Sumatera Selatan;Musi Rawas;Muara Kelingi
Sumatera Selatan;Musi Rawas;Muara Beliti
Sumatera Selatan;Musi Rawas;Jayaloka
Sumatera Selatan;Musi Rawas;Megang Sakti
Sumatera Selatan;Musi Rawas;Purwodadi
Sumatera Selatan;Musi Rawas;STL Ulu Terawas
Sumatera Selatan;Musi Rawas;Selangit
Sumatera Selatan;Musi Rawas;BTS. Ulu
Sumatera Selatan;Musi Rawas;Tiang Pumpung Kepungut
Sumatera Selatan;Musi Rawas;Sumber Harta
Sumatera Selatan;Musi Rawas;Suka Karya
Sumatera Selatan;Musi Rawas;Tuah Negeri
Sumatera Selatan;Musi Rawas Utara;Karang Jaya
Sumatera Selatan;Musi Rawas Utara;Ulu Rawas
Sumatera Selatan;Musi Rawas Utara;Rawas Ilir
Sumatera Selatan;Musi Rawas Utara;Karang Dapo
Sumatera Selatan;Musi Rawas Utara;Rawas Ulu
Sumatera Selatan;Musi Rawas Utara;Nibung
Sumatera Selatan;Musi Rawas Utara;Rupit
Sumatera Selatan;Ogan Ilir;Pemulutan Selatan
Sumatera Selatan;Ogan Ilir;Tanjung Raja
Sumatera Selatan;Ogan Ilir;Indralaya
Sumatera Selatan;Ogan Ilir;Muara Kuang
Sumatera Selatan;Ogan Ilir;Tanjung Batu
Sumatera Selatan;Ogan Ilir;Indralaya Utara
Sumatera Selatan;Ogan Ilir;Indralaya Selatan
Sumatera Selatan;Ogan Ilir;Pemulutan
Sumatera Selatan;Ogan Ilir;Rantau Alai
Sumatera Selatan;Ogan Ilir;Pemulutan Barat
Sumatera Selatan;Ogan Ilir;Rantau Panjang
Sumatera Selatan;Ogan Ilir;Rambang Kuang
Sumatera Selatan;Ogan Ilir;Lubuk Keliat
Sumatera Selatan;Ogan Ilir;Sungai Pinang
Sumatera Selatan;Ogan Ilir;Kandis
Sumatera Selatan;Ogan Ilir;Payaraman
Sumatera Selatan;Ogan Komering Ilir;Tanjung Lubuk
Sumatera Selatan;Ogan Komering Ilir;Pedamaran
Sumatera Selatan;Ogan Komering Ilir;Mesuji
Sumatera Selatan;Ogan Komering Ilir;Kayu Agung
Sumatera Selatan;Ogan Komering Ilir;Sirah Pulau Padang
Sumatera Selatan;Ogan Komering Ilir;Lempuing
Sumatera Selatan;Ogan Komering Ilir;Air Sugihan
Sumatera Selatan;Ogan Komering Ilir;Tulung Selapan
Sumatera Selatan;Ogan Komering Ilir;Pampangan
Sumatera Selatan;Ogan Komering Ilir;Jejawi
Sumatera Selatan;Ogan Komering Ilir;Cengal
Sumatera Selatan;Ogan Komering Ilir;Sungai Menang
Sumatera Selatan;Ogan Komering Ilir;Pangkalan Lampam
Sumatera Selatan;Ogan Komering Ilir;Mesuji Makmur
Sumatera Selatan;Ogan Komering Ilir;Mesuji Raya
Sumatera Selatan;Ogan Komering Ilir;Pedamaran Timur
Sumatera Selatan;Ogan Komering Ilir;Lempuing Jaya
Sumatera Selatan;Ogan Komering Ilir;Teluk Gelam
Sumatera Selatan;Ogan Komering Ulu;Lengkiti
Sumatera Selatan;Ogan Komering Ulu;Sinar Peninjauan
Sumatera Selatan;Ogan Komering Ulu;Lubuk Raja
Sumatera Selatan;Ogan Komering Ulu;Muara Jaya
Sumatera Selatan;Ogan Komering Ulu;Kedaton Peninjauan Raya
Sumatera Selatan;Ogan Komering Ulu;Peninjauan
Sumatera Selatan;Ogan Komering Ulu;Sosoh Buay Rayap
Sumatera Selatan;Ogan Komering Ulu;Pengandonan
Sumatera Selatan;Ogan Komering Ulu;Baturaja Barat
Sumatera Selatan;Ogan Komering Ulu;Baturaja Timur
Sumatera Selatan;Ogan Komering Ulu;Ulu Ogan
Sumatera Selatan;Ogan Komering Ulu;Semidang Aji
Sumatera Selatan;Ogan Komering Ulu;Lubuk Batang
Sumatera Selatan;Ogan Komering Ulu Selatan;Simpang
Sumatera Selatan;Ogan Komering Ulu Selatan;Buay Sandang Aji
Sumatera Selatan;Ogan Komering Ulu Selatan;Banding Agung
Sumatera Selatan;Ogan Komering Ulu Selatan;Muara Dua Kisam
Sumatera Selatan;Ogan Komering Ulu Selatan;Buay Pemaca
Sumatera Selatan;Ogan Komering Ulu Selatan;Buay Runjung
Sumatera Selatan;Ogan Komering Ulu Selatan;Mekakau Ilir
Sumatera Selatan;Ogan Komering Ulu Selatan;Muara Dua
Sumatera Selatan;Ogan Komering Ulu Selatan;Pulau Beringin
Sumatera Selatan;Ogan Komering Ulu Selatan;Sindang Danau
Sumatera Selatan;Ogan Komering Ulu Selatan;Buana Pemaca
Sumatera Selatan;Ogan Komering Ulu Selatan;Runjung Agung
Sumatera Selatan;Ogan Komering Ulu Selatan;Sungai Are
Sumatera Selatan;Ogan Komering Ulu Selatan;Tiga Dihaji
Sumatera Selatan;Ogan Komering Ulu Selatan;Buay Rawan
Sumatera Selatan;Ogan Komering Ulu Selatan;Buay Pematang Ribu Ranau Tengah
Sumatera Selatan;Ogan Komering Ulu Selatan;Warkuk Ranau Selatan
Sumatera Selatan;Ogan Komering Ulu Selatan;Kisam Tinggi
Sumatera Selatan;Ogan Komering Ulu Selatan;Kisam Ilir
Sumatera Selatan;Ogan Komering Ulu Timur;Buay Pemuka Bangsa Raja
Sumatera Selatan;Ogan Komering Ulu Timur;Cempaka
Sumatera Selatan;Ogan Komering Ulu Timur;Buay Pemuka Peliung
Sumatera Selatan;Ogan Komering Ulu Timur;Buay Madang
Sumatera Selatan;Ogan Komering Ulu Timur;Belitang
Sumatera Selatan;Ogan Komering Ulu Timur;Semendawai Suku III
Sumatera Selatan;Ogan Komering Ulu Timur;Belitang II
Sumatera Selatan;Ogan Komering Ulu Timur;Madang Suku II
Sumatera Selatan;Ogan Komering Ulu Timur;Madang Suku I
Sumatera Selatan;Ogan Komering Ulu Timur;Martapura
Sumatera Selatan;Ogan Komering Ulu Timur;Semendawai Timur
Sumatera Selatan;Ogan Komering Ulu Timur;Jayapura
Sumatera Selatan;Ogan Komering Ulu Timur;Madang Suku III
Sumatera Selatan;Ogan Komering Ulu Timur;Semendawai Barat
Sumatera Selatan;Ogan Komering Ulu Timur;Belitang Mulya
Sumatera Selatan;Ogan Komering Ulu Timur;Belitang Jaya
Sumatera Selatan;Ogan Komering Ulu Timur;Belitang Madang Raya
Sumatera Selatan;Ogan Komering Ulu Timur;Bunga Mayang
Sumatera Selatan;Ogan Komering Ulu Timur;Buay Madang Timur
Sumatera Selatan;Ogan Komering Ulu Timur;Belitang III
Sumatera Selatan;Penukal Abab Lematang Ilir;Talang Ubi
Sumatera Selatan;Penukal Abab Lematang Ilir;Penukal Utara
Sumatera Selatan;Penukal Abab Lematang Ilir;Tanah Abang
Sumatera Selatan;Penukal Abab Lematang Ilir;Penukal
Sumatera Selatan;Penukal Abab Lematang Ilir;Abab
Sumatera Utara;Asahan;Air Joman
Sumatera Utara;Asahan;Meranti
Sumatera Utara;Asahan;Aek Kuasan
Sumatera Utara;Asahan;Kota Kisaran Barat
Sumatera Utara;Asahan;Simpang Empat
Sumatera Utara;Asahan;Air Batu
Sumatera Utara;Asahan;Tanjung Balai
Sumatera Utara;Asahan;Sei Kepayang
Sumatera Utara;Asahan;Buntu Pane
Sumatera Utara;Asahan;Bandar Pasir Mandoge
Sumatera Utara;Asahan;Pulau Rakyat
Sumatera Utara;Asahan;Bandar Pulau
Sumatera Utara;Asahan;Kota Kisaran Timur
Sumatera Utara;Asahan;Rawang Panca Arga
Sumatera Utara;Asahan;Sei Dadap
Sumatera Utara;Asahan;Sei Kepayang Barat
Sumatera Utara;Asahan;Aek Songsongan
Sumatera Utara;Asahan;Rahunig
Sumatera Utara;Asahan;Setia Janji
Sumatera Utara;Asahan;Silau Laut
Sumatera Utara;Asahan;Sei Kepayang Timur
Sumatera Utara;Asahan;Tinggi Raja
Sumatera Utara;Asahan;Pulo Bandring
Sumatera Utara;Asahan;Teluk Dalam
Sumatera Utara;Asahan;Aek Ledong
Sumatera Utara;Batu Bara;Laut Tador
Sumatera Utara;Batu Bara;Lima Puluh
Sumatera Utara;Batu Bara;Tanjung Tiram
Sumatera Utara;Batu Bara;Sei Balai
Sumatera Utara;Batu Bara;Medang Deras
Sumatera Utara;Batu Bara;Lima Puluh
Sumatera Utara;Batu Bara;Talawi
Sumatera Utara;Batu Bara;Sei Suka
Sumatera Utara;Batu Bara;Air Putih
Sumatera Utara;Batu Bara;Datuk Tanah Datar
Sumatera Utara;Batu Bara;Nibung Hangus
Sumatera Utara;Batu Bara;Datuk Lima Puluh
Sumatera Utara;Dairi;Sidikalang
Sumatera Utara;Dairi;Siempat Nempu
Sumatera Utara;Dairi;Silima Pungga Pungga
Sumatera Utara;Dairi;Sumbul
Sumatera Utara;Dairi;Tigalingga
Sumatera Utara;Dairi;Siempat Nempu Hilir
Sumatera Utara;Dairi;Pegagan Hilir
Sumatera Utara;Dairi;Tanah Pinem
Sumatera Utara;Dairi;Siempat Nempu Hulu
Sumatera Utara;Dairi;Lae Parira
Sumatera Utara;Dairi;Gunung Sitember
Sumatera Utara;Dairi;Parbuluan
Sumatera Utara;Dairi;Sitinjo
Sumatera Utara;Dairi;Berampu
Sumatera Utara;Dairi;Silahisabungan
Sumatera Utara;Deli Serdang;Biru-Biru
Sumatera Utara;Deli Serdang;Stm Hilir
Sumatera Utara;Deli Serdang;Pancur Batu
Sumatera Utara;Deli Serdang;Namorambe
Sumatera Utara;Deli Serdang;Bangun Purba
Sumatera Utara;Deli Serdang;Sibolangit
Sumatera Utara;Deli Serdang;Kutalimbaru
Sumatera Utara;Deli Serdang;Gunung Meriah
Sumatera Utara;Deli Serdang;Tanjung Morawa
Sumatera Utara;Deli Serdang;Galang
Sumatera Utara;Deli Serdang;Batang Kuis
Sumatera Utara;Deli Serdang;Lubuk Pakam
Sumatera Utara;Deli Serdang;Patumbak
Sumatera Utara;Deli Serdang;Deli Tua
Sumatera Utara;Deli Serdang;Stm Hulu
Sumatera Utara;Deli Serdang;Labuhan Deli
Sumatera Utara;Deli Serdang;Percut Sei Tuan
Sumatera Utara;Deli Serdang;Sunggal
Sumatera Utara;Deli Serdang;Hamparan Perak
Sumatera Utara;Deli Serdang;Pantai Labu
Sumatera Utara;Deli Serdang;Beringin
Sumatera Utara;Deli Serdang;Pagar Merbau
Sumatera Utara;Humbang Hasundutan;Lintong Nihuta
Sumatera Utara;Humbang Hasundutan;Dolok Sanggul
Sumatera Utara;Humbang Hasundutan;Baktiraja
Sumatera Utara;Humbang Hasundutan;Paranginan
Sumatera Utara;Humbang Hasundutan;Pakkat
Sumatera Utara;Humbang Hasundutan;Sijamapolang
Sumatera Utara;Humbang Hasundutan;Onan Ganjang
Sumatera Utara;Humbang Hasundutan;Parlilitan
Sumatera Utara;Humbang Hasundutan;Pollung
Sumatera Utara;Humbang Hasundutan;Tarabintang
Sumatera Utara;Karo;Munte
Sumatera Utara;Karo;Juhar
Sumatera Utara;Karo;Tigapanah
Sumatera Utara;Karo;Merek
Sumatera Utara;Karo;Tigabinanga
Sumatera Utara;Karo;Laubaleng
Sumatera Utara;Karo;Berastagi
Sumatera Utara;Karo;Barusjahe
Sumatera Utara;Karo;Kabanjahe
Sumatera Utara;Karo;Tiganderket
Sumatera Utara;Karo;Merdeka
Sumatera Utara;Karo;Naman Teran
Sumatera Utara;Karo;Mardingding
Sumatera Utara;Karo;Kutabuluh
Sumatera Utara;Karo;Dolat Rayat
Sumatera Utara;Karo;Payung
Sumatera Utara;Karo;Simpang Empat
Sumatera Utara;Kota Binjai;Binjai Kota
Sumatera Utara;Kota Binjai;Binjai Barat
Sumatera Utara;Kota Binjai;Binjai Utara
Sumatera Utara;Kota Binjai;Binjai Timur
Sumatera Utara;Kota Binjai;Binjai Selatan
Sumatera Utara;Kota Gunungsitoli;Gunungsitoli
Sumatera Utara;Kota Gunungsitoli;Gunungsitoli Selatan
Sumatera Utara;Kota Gunungsitoli;Gunungsitoli Alo'Oa
Sumatera Utara;Kota Gunungsitoli;Gunungsitoli Barat
Sumatera Utara;Kota Gunungsitoli;Gunungsitoli Utara
Sumatera Utara;Kota Gunungsitoli;Gunungsitoli Idanoi
Sumatera Utara;Kota Medan;Medan Belawan
Sumatera Utara;Kota Medan;Medan Amplas
Sumatera Utara;Kota Medan;Medan Sunggal
Sumatera Utara;Kota Medan;Medan Helvetia
Sumatera Utara;Kota Medan;Medan Kota
Sumatera Utara;Kota Medan;Medan Deli
Sumatera Utara;Kota Medan;Medan Tuntungan
Sumatera Utara;Kota Medan;Medan Denai
Sumatera Utara;Kota Medan;Medan Barat
Sumatera Utara;Kota Medan;Medan Area
Sumatera Utara;Kota Medan;Medan Petisah
Sumatera Utara;Kota Medan;Medan Labuhan
Sumatera Utara;Kota Medan;Medan Tembung
Sumatera Utara;Kota Medan;Medan Johor
Sumatera Utara;Kota Medan;Medan Marelan
Sumatera Utara;Kota Medan;Medan Baru
Sumatera Utara;Kota Medan;Medan Perjuangan
Sumatera Utara;Kota Medan;Medan Maimun
Sumatera Utara;Kota Medan;Medan Polonia
Sumatera Utara;Kota Medan;Medan Timur
Sumatera Utara;Kota Medan;Medan Selayang
Sumatera Utara;Kota Padang Sidempuan;Padangsidimpuan Angkola Julu
Sumatera Utara;Kota Padang Sidempuan;Padangsidimpuan Utara
Sumatera Utara;Kota Padang Sidempuan;Padangsidimpuan Hutaimbaru
Sumatera Utara;Kota Padang Sidempuan;Padangsidimpuan Tenggara
Sumatera Utara;Kota Padang Sidempuan;Padangsidimpuan Selatan
Sumatera Utara;Kota Padang Sidempuan;Padangsidimpuan Batunadua
Sumatera Utara;Kota Pematangsiantar;Siantar Utara
Sumatera Utara;Kota Pematangsiantar;Siantar Selatan
Sumatera Utara;Kota Pematangsiantar;Siantar Timur
Sumatera Utara;Kota Pematangsiantar;Siantar Barat
Sumatera Utara;Kota Pematangsiantar;Siantar Sitalasari
Sumatera Utara;Kota Pematangsiantar;Siantar Marimbun
Sumatera Utara;Kota Pematangsiantar;Siantar Marihat
Sumatera Utara;Kota Pematangsiantar;Siantar Martoba
Sumatera Utara;Kota Sibolga;Sibolga Utara
Sumatera Utara;Kota Sibolga;Sibolga Sambas
Sumatera Utara;Kota Sibolga;Sibolga Kota
Sumatera Utara;Kota Sibolga;Sibolga Selatan
Sumatera Utara;Kota Tanjung Balai;Tanjung Balai Selatan
Sumatera Utara;Kota Tanjung Balai;Tanjung Balai Utara
Sumatera Utara;Kota Tanjung Balai;Datuk Bandar
Sumatera Utara;Kota Tanjung Balai;Datuk Bandar Timur
Sumatera Utara;Kota Tanjung Balai;Sei Tualang Raso
Sumatera Utara;Kota Tanjung Balai;Teluk Nibung
Sumatera Utara;Kota Tebing Tinggi;Padang Hilir
Sumatera Utara;Kota Tebing Tinggi;Bajenis
Sumatera Utara;Kota Tebing Tinggi;Padang Hulu
Sumatera Utara;Kota Tebing Tinggi;Rambutan
Sumatera Utara;Kota Tebing Tinggi;Tebing Tinggi Kota
Sumatera Utara;Labuhanbatu;Rantau Utara
Sumatera Utara;Labuhanbatu;Rantau Selatan
Sumatera Utara;Labuhanbatu;Bilah Barat
Sumatera Utara;Labuhanbatu;Bilah Hilir
Sumatera Utara;Labuhanbatu;Bilah Hulu
Sumatera Utara;Labuhanbatu;Pangkatan
Sumatera Utara;Labuhanbatu;Panai Tengah
Sumatera Utara;Labuhanbatu;Panai Hilir
Sumatera Utara;Labuhanbatu;Panai Hulu
Sumatera Utara;Labuhanbatu Selatan;Kotapinang
Sumatera Utara;Labuhanbatu Selatan;Sungai Kanan
Sumatera Utara;Labuhanbatu Selatan;Silangkitang
Sumatera Utara;Labuhanbatu Selatan;Kampung Rakyat
Sumatera Utara;Labuhanbatu Selatan;Torgamba
Sumatera Utara;Labuhanbatu Utara;Aek Natas
Sumatera Utara;Labuhanbatu Utara;Kualuh Selatan
Sumatera Utara;Labuhanbatu Utara;Kualuh Hulu
Sumatera Utara;Labuhanbatu Utara;Kualuh Leidong
Sumatera Utara;Labuhanbatu Utara;Marbau
Sumatera Utara;Labuhanbatu Utara;Na IX-X
Sumatera Utara;Labuhanbatu Utara;Kualuh Hilir
Sumatera Utara;Labuhanbatu Utara;Aek Kuo
Sumatera Utara;Langkat;Binjai
Sumatera Utara;Langkat;Selesai
Sumatera Utara;Langkat;Kuala
Sumatera Utara;Langkat;Sei Bingai
Sumatera Utara;Langkat;Secanggang
Sumatera Utara;Langkat;Stabat
Sumatera Utara;Langkat;Wampu
Sumatera Utara;Langkat;Bahorok
Sumatera Utara;Langkat;Salapian
Sumatera Utara;Langkat;Besitang
Sumatera Utara;Langkat;Sei Lepan
Sumatera Utara;Langkat;Babalan
Sumatera Utara;Langkat;Pangkalan Susu
Sumatera Utara;Langkat;Berandan Barat
Sumatera Utara;Langkat;Batang Serangan
Sumatera Utara;Langkat;Padang Tualang
Sumatera Utara;Langkat;Gebang
Sumatera Utara;Langkat;Hinai
Sumatera Utara;Langkat;Tanjung Pura
Sumatera Utara;Langkat;Sawit Seberang
Sumatera Utara;Langkat;Pematang Jaya
Sumatera Utara;Langkat;Sirapit
Sumatera Utara;Langkat;Kutambaru
Sumatera Utara;Mandailing Natal;Panyabungan Utara
Sumatera Utara;Mandailing Natal;Panyabungan Timur
Sumatera Utara;Mandailing Natal;Panyabungan
Sumatera Utara;Mandailing Natal;Siabu
Sumatera Utara;Mandailing Natal;Bukit Malintang
Sumatera Utara;Mandailing Natal;Panyabungan Selatan
Sumatera Utara;Mandailing Natal;Panyabungan Barat
Sumatera Utara;Mandailing Natal;Kotanopan
Sumatera Utara;Mandailing Natal;Lembah Sorik Marapi
Sumatera Utara;Mandailing Natal;Batang Natal
Sumatera Utara;Mandailing Natal;Lingga Bayu
Sumatera Utara;Mandailing Natal;Ulu Pungkut
Sumatera Utara;Mandailing Natal;Muara Sipongi
Sumatera Utara;Mandailing Natal;Muara Batang Gadis
Sumatera Utara;Mandailing Natal;Ranto Baek
Sumatera Utara;Mandailing Natal;Batahan
Sumatera Utara;Mandailing Natal;Natal
Sumatera Utara;Mandailing Natal;Tambangan
Sumatera Utara;Mandailing Natal;Huta Bargot
Sumatera Utara;Mandailing Natal;Sinunukan
Sumatera Utara;Mandailing Natal;Naga Juang
Sumatera Utara;Mandailing Natal;Puncak Sorik Marapi
Sumatera Utara;Mandailing Natal;Pakantan
Sumatera Utara;Nias;Ulugawo
Sumatera Utara;Nias;Ma'U
Sumatera Utara;Nias;Somolo-Molo
Sumatera Utara;Nias;Hiliserangkai
Sumatera Utara;Nias;Botomuzoi
Sumatera Utara;Nias;Sogae'Adu
Sumatera Utara;Nias;Hiliduho
Sumatera Utara;Nias;Gido
Sumatera Utara;Nias;Bawolato
Sumatera Utara;Nias;Idanogawo
Sumatera Utara;Nias Barat;Mandrehe Barat
Sumatera Utara;Nias Barat;Moro'O
Sumatera Utara;Nias Barat;Lahomi
Sumatera Utara;Nias Barat;Sirombu
Sumatera Utara;Nias Barat;Lolofitu Moi
Sumatera Utara;Nias Barat;Ulu Moro'O
Sumatera Utara;Nias Barat;Mandrehe
Sumatera Utara;Nias Barat;Mandrehe Utara
Sumatera Utara;Nias Selatan;Sidua'Ori
Sumatera Utara;Nias Selatan;Somambawa
Sumatera Utara;Nias Selatan;Hilisalawa'Ahe
Sumatera Utara;Nias Selatan;Ulususua
Sumatera Utara;Nias Selatan;Pulau-Pulau Batu Barat
Sumatera Utara;Nias Selatan;Boronadu
Sumatera Utara;Nias Selatan;Simuk
Sumatera Utara;Nias Selatan;O'O'U
Sumatera Utara;Nias Selatan;Onohazumba
Sumatera Utara;Nias Selatan;Huruna
Sumatera Utara;Nias Selatan;Ulu Idanotae
Sumatera Utara;Nias Selatan;Idanotae
Sumatera Utara;Nias Selatan;Luahagundre Maniamolo
Sumatera Utara;Nias Selatan;Onolalu
Sumatera Utara;Nias Selatan;Pulau-Pulau Batu Utara
Sumatera Utara;Nias Selatan;Tanah Masa
Sumatera Utara;Nias Selatan;Lahusa
Sumatera Utara;Nias Selatan;Hibala
Sumatera Utara;Nias Selatan;Lolomatua
Sumatera Utara;Nias Selatan;Gomo
Sumatera Utara;Nias Selatan;Amandraya
Sumatera Utara;Nias Selatan;Lolowau
Sumatera Utara;Nias Selatan;Pulau-Pulau Batu
Sumatera Utara;Nias Selatan;Teluk Dalam
Sumatera Utara;Nias Selatan;Susua
Sumatera Utara;Nias Selatan;Umbunasi
Sumatera Utara;Nias Selatan;Aramo
Sumatera Utara;Nias Selatan;Toma
Sumatera Utara;Nias Selatan;Mazino
Sumatera Utara;Nias Selatan;Fanayama
Sumatera Utara;Nias Selatan;Ulunoyo
Sumatera Utara;Nias Selatan;Pulau-Pulau Batu Timur
Sumatera Utara;Nias Selatan;Mazo
Sumatera Utara;Nias Selatan;Maniamolo
Sumatera Utara;Nias Selatan;Hilimegai
Sumatera Utara;Nias Utara;Sawo
Sumatera Utara;Nias Utara;Tuhemberua
Sumatera Utara;Nias Utara;Lotu
Sumatera Utara;Nias Utara;Alasa Talumuzoi
Sumatera Utara;Nias Utara;Alasa
Sumatera Utara;Nias Utara;Sitolu Ori
Sumatera Utara;Nias Utara;Namohalu Esiwa
Sumatera Utara;Nias Utara;Tugala Oyo
Sumatera Utara;Nias Utara;Afulu
Sumatera Utara;Nias Utara;Lahewa Timur
Sumatera Utara;Nias Utara;Lahewa
Sumatera Utara;Padang Lawas;Huristak
Sumatera Utara;Padang Lawas;Lubuk Barumun
Sumatera Utara;Padang Lawas;Sosopan
Sumatera Utara;Padang Lawas;Barumun Tengah
Sumatera Utara;Padang Lawas;Barumun
Sumatera Utara;Padang Lawas;Sosa
Sumatera Utara;Padang Lawas;Hutaraja Tinggi
Sumatera Utara;Padang Lawas;Ulu Barumun
Sumatera Utara;Padang Lawas;Batang Lubu Sutam
Sumatera Utara;Padang Lawas;Barumun Selatan
Sumatera Utara;Padang Lawas;Aek Nabara Barumun
Sumatera Utara;Padang Lawas;Ulu Sosa
Sumatera Utara;Padang Lawas;Sosa Julu
Sumatera Utara;Padang Lawas;Sihapas Barumun
Sumatera Utara;Padang Lawas;Barumun Baru
Sumatera Utara;Padang Lawas;Barumun Barat
Sumatera Utara;Padang Lawas;Sosa Timur
Sumatera Utara;Padang Lawas Utara;Dolok
Sumatera Utara;Padang Lawas Utara;Halongonan
Sumatera Utara;Padang Lawas Utara;Dolok Sigompulon
Sumatera Utara;Padang Lawas Utara;Portibi
Sumatera Utara;Padang Lawas Utara;Batang Onang
Sumatera Utara;Padang Lawas Utara;Padang Bolak
Sumatera Utara;Padang Lawas Utara;Padang Bolak Julu
Sumatera Utara;Padang Lawas Utara;Simangambat
Sumatera Utara;Padang Lawas Utara;Hulu Sihapas
Sumatera Utara;Padang Lawas Utara;Padang Bolak Tenggara
Sumatera Utara;Padang Lawas Utara;Halongonan Timur
Sumatera Utara;Padang Lawas Utara;Ujung Batu
Sumatera Utara;Pakpak Bharat;Sitelu Tali Urang Julu
Sumatera Utara;Pakpak Bharat;Pergetteng Getteng Sengkut
Sumatera Utara;Pakpak Bharat;Kerajaan
Sumatera Utara;Pakpak Bharat;Salak
Sumatera Utara;Pakpak Bharat;Siempat Rube
Sumatera Utara;Pakpak Bharat;Pagindar
Sumatera Utara;Pakpak Bharat;Tinada
Sumatera Utara;Pakpak Bharat;Sitelu Tali Urang Jehe
Sumatera Utara;Samosir;Sianjar Mula Mula
Sumatera Utara;Samosir;Ronggur Nihuta
Sumatera Utara;Samosir;Palipi
Sumatera Utara;Samosir;Harian
Sumatera Utara;Samosir;Pangururan
Sumatera Utara;Samosir;Sitio-Tio
Sumatera Utara;Samosir;Onan Runggu
Sumatera Utara;Samosir;Nainggolan
Sumatera Utara;Samosir;Simanindo
Sumatera Utara;Serdang Bedagai;Dolok Merawan
Sumatera Utara;Serdang Bedagai;Sipispis
Sumatera Utara;Serdang Bedagai;Tanjung Beringin
Sumatera Utara;Serdang Bedagai;Bandar Khalipah
Sumatera Utara;Serdang Bedagai;Dolok Masihul
Sumatera Utara;Serdang Bedagai;Teluk Mengkudu
Sumatera Utara;Serdang Bedagai;Sei Rampah
Sumatera Utara;Serdang Bedagai;Pantai Cermin
Sumatera Utara;Serdang Bedagai;Perbaungan
Sumatera Utara;Serdang Bedagai;Tebing Syahbandar
Sumatera Utara;Serdang Bedagai;Bintang Bayu
Sumatera Utara;Serdang Bedagai;Kotarih
Sumatera Utara;Serdang Bedagai;Silinda
Sumatera Utara;Serdang Bedagai;Pegajahan
Sumatera Utara;Serdang Bedagai;Sei Bamban
Sumatera Utara;Serdang Bedagai;Serba Jadi
Sumatera Utara;Serdang Bedagai;Tebing Tinggi
Sumatera Utara;Simalungun;Tapian Dolok
Sumatera Utara;Simalungun;Raya
Sumatera Utara;Simalungun;Bandar Huluan
Sumatera Utara;Simalungun;Bandar
Sumatera Utara;Simalungun;Dolok Pardamean
Sumatera Utara;Simalungun;Pematang Bandar
Sumatera Utara;Simalungun;Dolok Silau
Sumatera Utara;Simalungun;Silou Kahean
Sumatera Utara;Simalungun;Bandar Masilam
Sumatera Utara;Simalungun;Silimakuta
Sumatera Utara;Simalungun;Ujung Padang
Sumatera Utara;Simalungun;Pamatang Silima Huta
Sumatera Utara;Simalungun;Dolog Masagal
Sumatera Utara;Simalungun;Bosar Maligas
Sumatera Utara;Simalungun;Sidamanik
Sumatera Utara;Simalungun;Jorlang Hataran
Sumatera Utara;Simalungun;Raya Kahean
Sumatera Utara;Simalungun;Siantar
Sumatera Utara;Simalungun;Panei
Sumatera Utara;Simalungun;Panombeian Pane
Sumatera Utara;Simalungun;Gunung Malela
Sumatera Utara;Simalungun;Gunung Maligas
Sumatera Utara;Simalungun;Jawa Maraja Bah Jambi
Sumatera Utara;Simalungun;Dolok Batu Nanggar
Sumatera Utara;Simalungun;Huta Bayu Raja
Sumatera Utara;Simalungun;Tanah Jawa
Sumatera Utara;Simalungun;Hatonduhan
Sumatera Utara;Simalungun;Pematang Sidamanik
Sumatera Utara;Simalungun;Haranggaol Horison
Sumatera Utara;Simalungun;Girsang Sipangan Bolon
Sumatera Utara;Simalungun;Dolok Panribuan
Sumatera Utara;Simalungun;Purba
Sumatera Utara;Tapanuli Selatan;Arse
Sumatera Utara;Tapanuli Selatan;Muara Batang Toru
Sumatera Utara;Tapanuli Selatan;Sayur Matinggi
Sumatera Utara;Tapanuli Selatan;Aek Bilah
Sumatera Utara;Tapanuli Selatan;Marancar
Sumatera Utara;Tapanuli Selatan;Angkola Muara Tais
Sumatera Utara;Tapanuli Selatan;Tano Tombangan Angkola
Sumatera Utara;Tapanuli Selatan;Angkola Sangkunur
Sumatera Utara;Tapanuli Selatan;Angkola Timur
Sumatera Utara;Tapanuli Selatan;Sipirok
Sumatera Utara;Tapanuli Selatan;Angkola Barat
Sumatera Utara;Tapanuli Selatan;Batang Toru
Sumatera Utara;Tapanuli Selatan;Batang Angkola
Sumatera Utara;Tapanuli Selatan;Saipar Dolok Hole
Sumatera Utara;Tapanuli Selatan;Angkola Selatan
Sumatera Utara;Tapanuli Tengah;Barus
Sumatera Utara;Tapanuli Tengah;Sorkam
Sumatera Utara;Tapanuli Tengah;Manduamas
Sumatera Utara;Tapanuli Tengah;Kolang
Sumatera Utara;Tapanuli Tengah;Pandan
Sumatera Utara;Tapanuli Tengah;Pinangsori
Sumatera Utara;Tapanuli Tengah;Sosorgadong
Sumatera Utara;Tapanuli Tengah;Tapian Nauli
Sumatera Utara;Tapanuli Tengah;Sibabangun
Sumatera Utara;Tapanuli Tengah;Andam Dewi
Sumatera Utara;Tapanuli Tengah;Sitahuis
Sumatera Utara;Tapanuli Tengah;Sorkam Barat
Sumatera Utara;Tapanuli Tengah;Sirandorung
Sumatera Utara;Tapanuli Tengah;Pasaribu Tobing
Sumatera Utara;Tapanuli Tengah;Barus Utara
Sumatera Utara;Tapanuli Tengah;Tukka
Sumatera Utara;Tapanuli Tengah;Badiri
Sumatera Utara;Tapanuli Tengah;Suka Bangun
Sumatera Utara;Tapanuli Tengah;Lumut
Sumatera Utara;Tapanuli Tengah;Sarudik
Sumatera Utara;Tapanuli Utara;Siatas Barita
Sumatera Utara;Tapanuli Utara;Adian Koting
Sumatera Utara;Tapanuli Utara;Tarutung
Sumatera Utara;Tapanuli Utara;Pahae Jae
Sumatera Utara;Tapanuli Utara;Simangumban
Sumatera Utara;Tapanuli Utara;Sipoholon
Sumatera Utara;Tapanuli Utara;Pahae Julu
Sumatera Utara;Tapanuli Utara;Purba Tua
Sumatera Utara;Tapanuli Utara;Siborong-Borong
Sumatera Utara;Tapanuli Utara;Pangaribuan
Sumatera Utara;Tapanuli Utara;Garoga
Sumatera Utara;Tapanuli Utara;Parmonangan
Sumatera Utara;Tapanuli Utara;Sipahutar
Sumatera Utara;Tapanuli Utara;Muara
Sumatera Utara;Tapanuli Utara;Pagaran
Sumatera Utara;Toba;Balige
Sumatera Utara;Toba;Laguboti
Sumatera Utara;Toba;Pintu Pohan Meranti
Sumatera Utara;Toba;Borbor
Sumatera Utara;Toba;Silaen
Sumatera Utara;Toba;Habinsaran
Sumatera Utara;Toba;Lumban Julu
Sumatera Utara;Toba;Porsea
Sumatera Utara;Toba;Ajibata
Sumatera Utara;Toba;Uluan
Sumatera Utara;Toba;Sigumpar
Sumatera Utara;Toba;Bonatua Lunasi
Sumatera Utara;Toba;Parmaksian
Sumatera Utara;Toba;Nassau
Sumatera Utara;Toba;Tampahan
Sumatera Utara;Toba;Siantar Narumonda
Banten;Kota Cilegon;Purwakarta
Banten;Kota Cilegon;Citangkil
Banten;Kota Cilegon;Cibeber
Banten;Kota Cilegon;Cilegon
Banten;Kota Cilegon;Jombang
Banten;Kota Cilegon;Gerogol
Banten;Kota Cilegon;Pulomerak
Banten;Kota Cilegon;Ciwandan
Banten;Kota Serang;Kasemen
Banten;Kota Serang;Walantaka
Banten;Kota Serang;Serang
Banten;Kota Serang;Taktakan
Banten;Kota Serang;Curug
Banten;Kota Serang;Cipocok Jaya
Banten;Kota Tangerang;Periuk
Banten;Kota Tangerang;Cibodas
Banten;Kota Tangerang;Ciledug
Banten;Kota Tangerang;Karawaci
Banten;Kota Tangerang;Tangerang
Banten;Kota Tangerang;Benda
Banten;Kota Tangerang;Cipondoh
Banten;Kota Tangerang;Jatiuwung
Banten;Kota Tangerang;Batuceper
Banten;Kota Tangerang;Pinang
Banten;Kota Tangerang;Karang Tengah
Banten;Kota Tangerang;Neglasari
Banten;Kota Tangerang;Larangan
Banten;Kota Tangerang Selatan;Pondok Aren
Banten;Kota Tangerang Selatan;Ciputat
Banten;Kota Tangerang Selatan;Serpong
Banten;Kota Tangerang Selatan;Serpong Utara
Banten;Kota Tangerang Selatan;Setu
Banten;Kota Tangerang Selatan;Ciputat Timur
Banten;Kota Tangerang Selatan;Pamulang
Banten;Lebak;Malingping
Banten;Lebak;Cipanas
Banten;Lebak;Muncang
Banten;Lebak;Panggarangan
Banten;Lebak;Bayah
Banten;Lebak;Gunungkencana
Banten;Lebak;Banjarsari
Banten;Lebak;Leuwidamar
Banten;Lebak;Bojongmanik
Banten;Lebak;Cimarga
Banten;Lebak;Sajira
Banten;Lebak;Cileles
Banten;Lebak;Warunggunung
Banten;Lebak;Cijaku
Banten;Lebak;Maja
Banten;Lebak;Rangkasbitung
Banten;Lebak;Cibeber
Banten;Lebak;Cikulur
Banten;Lebak;Cibadak
Banten;Lebak;Sobang
Banten;Lebak;Curug Bitung
Banten;Lebak;Cilograng
Banten;Lebak;Wanasalam
Banten;Lebak;Cihara
Banten;Lebak;Cirinten
Banten;Lebak;Kalanganyar
Banten;Lebak;Lebakgedong
Banten;Lebak;Cigemlong
Banten;Pandeglang;Angsana
Banten;Pandeglang;Munjul
Banten;Pandeglang;Cigeulis
Banten;Pandeglang;Panimbang
Banten;Pandeglang;Pagelaran
Banten;Pandeglang;Bojong
Banten;Pandeglang;Picung
Banten;Pandeglang;Saketi
Banten;Pandeglang;Cipeucang
Banten;Pandeglang;Labuan
Banten;Pandeglang;Menes
Banten;Pandeglang;Cimanuk
Banten;Pandeglang;Kaduhejo
Banten;Pandeglang;Jiput
Banten;Pandeglang;Mandalawangi
Banten;Pandeglang;Pandeglang
Banten;Pandeglang;Cadasari
Banten;Pandeglang;Banjar
Banten;Pandeglang;Karang Tanjung
Banten;Pandeglang;Cikedal
Banten;Pandeglang;Cisata
Banten;Pandeglang;Patia
Banten;Pandeglang;Sukaresmi
Banten;Pandeglang;Cibitung
Banten;Pandeglang;Carita
Banten;Pandeglang;Pulosari
Banten;Pandeglang;Koroncong
Banten;Pandeglang;Mekarjaya
Banten;Pandeglang;Sindangresmi
Banten;Pandeglang;Majasari
Banten;Pandeglang;Sobang
Banten;Pandeglang;Cibaliung
Banten;Pandeglang;Cikeusik
Banten;Pandeglang;Sumur
Banten;Pandeglang;Cimanggu
Banten;Serang;Waringinkurung
Banten;Serang;Bojonegara
Banten;Serang;Kramatwatu
Banten;Serang;Pulo Ampel
Banten;Serang;Ciruas
Banten;Serang;Tirtayasa
Banten;Serang;Tanara
Banten;Serang;Kragilan
Banten;Serang;Pontang
Banten;Serang;Carenang
Banten;Serang;Binuang
Banten;Serang;Cikande
Banten;Serang;Kibin
Banten;Serang;Petir
Banten;Serang;Pamarayan
Banten;Serang;Kopo
Banten;Serang;Baros
Banten;Serang;Cikeusal
Banten;Serang;Pabuaran
Banten;Serang;Padarincang
Banten;Serang;Jawilan
Banten;Serang;Ciomas
Banten;Serang;Tunjung Teja
Banten;Serang;Lebak Wangi
Banten;Serang;Gunung Sari
Banten;Serang;Bandung
Banten;Serang;Cinangka
Banten;Serang;Mancak
Banten;Serang;Anyar
Banten;Tangerang;Sindang Jaya
Banten;Tangerang;Gunung Kaler
Banten;Tangerang;Mekar Baru
Banten;Tangerang;Sepatan Timur
Banten;Tangerang;Solear
Banten;Tangerang;Balaraja
Banten;Tangerang;Jayanti
Banten;Tangerang;Cisoka
Banten;Tangerang;Kresek
Banten;Tangerang;Tigaraksa
Banten;Tangerang;Jambe
Banten;Tangerang;Kemiri
Banten;Tangerang;Kronjo
Banten;Tangerang;Mauk
Banten;Tangerang;Pasar Kemis
Banten;Tangerang;Teluknaga
Banten;Tangerang;Sukadiri
Banten;Tangerang;Rajeg
Banten;Tangerang;Sepatan
Banten;Tangerang;Curug
Banten;Tangerang;Kosambi
Banten;Tangerang;Pakuhaji
Banten;Tangerang;Cikupa
Banten;Tangerang;Panongan
Banten;Tangerang;Cisauk
Banten;Tangerang;Pagedangan
Banten;Tangerang;Sukamulya
Banten;Tangerang;Kelapa Dua
Banten;Tangerang;Legok
DKI Jakarta;Administrasi Kepulauan Seribu;Kepulauan Seribu Selatan
DKI Jakarta;Administrasi Kepulauan Seribu;Kepulauan Seribu Utara
DKI Jakarta;Kota Administrasi Jakarta Barat;Pal Merah
DKI Jakarta;Kota Administrasi Jakarta Barat;Kembangan
DKI Jakarta;Kota Administrasi Jakarta Barat;Kebon Jeruk
DKI Jakarta;Kota Administrasi Jakarta Barat;Kalideres
DKI Jakarta;Kota Administrasi Jakarta Barat;Taman Sari
DKI Jakarta;Kota Administrasi Jakarta Barat;Tambora
DKI Jakarta;Kota Administrasi Jakarta Barat;Cengkareng
DKI Jakarta;Kota Administrasi Jakarta Barat;Grogol Petamburan
DKI Jakarta;Kota Administrasi Jakarta Pusat;Gambir
DKI Jakarta;Kota Administrasi Jakarta Pusat;Sawah Besar
DKI Jakarta;Kota Administrasi Jakarta Pusat;Cempaka Putih
DKI Jakarta;Kota Administrasi Jakarta Pusat;Menteng
DKI Jakarta;Kota Administrasi Jakarta Pusat;Kemayoran
DKI Jakarta;Kota Administrasi Jakarta Pusat;Senen
DKI Jakarta;Kota Administrasi Jakarta Pusat;Tanah Abang
DKI Jakarta;Kota Administrasi Jakarta Pusat;Johar Baru
DKI Jakarta;Kota Administrasi Jakarta Selatan;Tebet
DKI Jakarta;Kota Administrasi Jakarta Selatan;Pasar Minggu
DKI Jakarta;Kota Administrasi Jakarta Selatan;Kebayoran Lama
DKI Jakarta;Kota Administrasi Jakarta Selatan;Setiabudi
DKI Jakarta;Kota Administrasi Jakarta Selatan;Mampang Prapatan
DKI Jakarta;Kota Administrasi Jakarta Selatan;Pancoran
DKI Jakarta;Kota Administrasi Jakarta Selatan;Jagakarsa
DKI Jakarta;Kota Administrasi Jakarta Selatan;Cilandak
DKI Jakarta;Kota Administrasi Jakarta Selatan;Kebayoran Baru
DKI Jakarta;Kota Administrasi Jakarta Selatan;Pesanggrahan
DKI Jakarta;Kota Administrasi Jakarta Timur;Matraman
DKI Jakarta;Kota Administrasi Jakarta Timur;Pulogadung
DKI Jakarta;Kota Administrasi Jakarta Timur;Pasar Rebo
DKI Jakarta;Kota Administrasi Jakarta Timur;Cakung
DKI Jakarta;Kota Administrasi Jakarta Timur;Jatinegara
DKI Jakarta;Kota Administrasi Jakarta Timur;Kramatjati
DKI Jakarta;Kota Administrasi Jakarta Timur;Ciracas
DKI Jakarta;Kota Administrasi Jakarta Timur;Duren Sawit
DKI Jakarta;Kota Administrasi Jakarta Timur;Makasar
DKI Jakarta;Kota Administrasi Jakarta Timur;Cipayung
DKI Jakarta;Kota Administrasi Jakarta Utara;Tanjung Priok
DKI Jakarta;Kota Administrasi Jakarta Utara;Koja
DKI Jakarta;Kota Administrasi Jakarta Utara;Penjaringan
DKI Jakarta;Kota Administrasi Jakarta Utara;Kelapa Gading
DKI Jakarta;Kota Administrasi Jakarta Utara;Cilincing
DKI Jakarta;Kota Administrasi Jakarta Utara;Pademangan
Jawa Barat;Bandung;Rancabali
Jawa Barat;Bandung;Kutawaringin
Jawa Barat;Bandung;Cangkuang
Jawa Barat;Bandung;Cimenyan
Jawa Barat;Bandung;Cilengkrang
Jawa Barat;Bandung;Cileunyi
Jawa Barat;Bandung;Bojongsoang
Jawa Barat;Bandung;Margahayu
Jawa Barat;Bandung;Cimaung
Jawa Barat;Bandung;Pangalengan
Jawa Barat;Bandung;Arjasari
Jawa Barat;Bandung;Margaasih
Jawa Barat;Bandung;Banjaran
Jawa Barat;Bandung;Pameungpeuk
Jawa Barat;Bandung;Katapang
Jawa Barat;Bandung;Dayeuhkolot
Jawa Barat;Bandung;Rancaekek
Jawa Barat;Bandung;Ciparay
Jawa Barat;Bandung;Nagreg
Jawa Barat;Bandung;Cikancung
Jawa Barat;Bandung;Cicalengka
Jawa Barat;Bandung;Ciwidey
Jawa Barat;Bandung;Soreang
Jawa Barat;Bandung;Pasirjambu
Jawa Barat;Bandung;Kertasari
Jawa Barat;Bandung;Baleendah
Jawa Barat;Bandung;Pacet
Jawa Barat;Bandung;Paseh
Jawa Barat;Bandung;Ibun
Jawa Barat;Bandung;Majalaya
Jawa Barat;Bandung;Solokanjeruk
Jawa Barat;Bandung Barat;Padalarang
Jawa Barat;Bandung Barat;Batujajar
Jawa Barat;Bandung Barat;Ngamprah
Jawa Barat;Bandung Barat;Cipatat
Jawa Barat;Bandung Barat;Lembang
Jawa Barat;Bandung Barat;Cikalongwetan
Jawa Barat;Bandung Barat;Cipeundeuy
Jawa Barat;Bandung Barat;Parongpong
Jawa Barat;Bandung Barat;Cisarua
Jawa Barat;Bandung Barat;Cililin
Jawa Barat;Bandung Barat;Cipongkor
Jawa Barat;Bandung Barat;Cihampelas
Jawa Barat;Bandung Barat;Gununghalu
Jawa Barat;Bandung Barat;Saguling
Jawa Barat;Bandung Barat;Rongga
Jawa Barat;Bandung Barat;Sindangkerta
Jawa Barat;Ciamis;Kawali
Jawa Barat;Ciamis;Panumbangan
Jawa Barat;Ciamis;Panjalu
Jawa Barat;Ciamis;Ciamis
Jawa Barat;Ciamis;Cikoneng
Jawa Barat;Ciamis;Cidolog
Jawa Barat;Ciamis;Cihaurbeuti
Jawa Barat;Ciamis;Cijeungjing
Jawa Barat;Ciamis;Sadananya
Jawa Barat;Ciamis;Banjarsari
Jawa Barat;Ciamis;Pamarican
Jawa Barat;Ciamis;Jatinagara
Jawa Barat;Ciamis;Rajadesa
Jawa Barat;Ciamis;Panawangan
Jawa Barat;Ciamis;Cipaku
Jawa Barat;Ciamis;Tambaksari
Jawa Barat;Ciamis;Lakbok
Jawa Barat;Ciamis;Sukadana
Jawa Barat;Ciamis;Rancah
Jawa Barat;Ciamis;Cimaragas
Jawa Barat;Ciamis;Cisaga
Jawa Barat;Ciamis;Sindangkasih
Jawa Barat;Ciamis;Lumbung
Jawa Barat;Ciamis;Purwadadi
Jawa Barat;Ciamis;Baregbeg
Jawa Barat;Ciamis;Sukamantri
Jawa Barat;Ciamis;Banjaranyar
Jawa Barat;Cianjur;Leles
Jawa Barat;Cianjur;Haurwangi
Jawa Barat;Cianjur;Pasirkuda
Jawa Barat;Cianjur;Ciranjang
Jawa Barat;Cianjur;Bojongpicung
Jawa Barat;Cianjur;Cibeber
Jawa Barat;Cianjur;Cilaku
Jawa Barat;Cianjur;Sukaluyu
Jawa Barat;Cianjur;Karangtengah
Jawa Barat;Cianjur;Mande
Jawa Barat;Cianjur;Cianjur
Jawa Barat;Cianjur;Warungkondang
Jawa Barat;Cianjur;Takokak
Jawa Barat;Cianjur;Kadupandak
Jawa Barat;Cianjur;Sukanagara
Jawa Barat;Cianjur;Campaka
Jawa Barat;Cianjur;Pagelaran
Jawa Barat;Cianjur;Tanggeung
Jawa Barat;Cianjur;Cikalongkulon
Jawa Barat;Cianjur;Sukaresmi
Jawa Barat;Cianjur;Pacet
Jawa Barat;Cianjur;Cugenang
Jawa Barat;Cianjur;Gekbrong
Jawa Barat;Cianjur;Cipanas
Jawa Barat;Cianjur;Campakamulya
Jawa Barat;Cianjur;Cikadu
Jawa Barat;Cianjur;Cijati
Jawa Barat;Cianjur;Cibinong
Jawa Barat;Cianjur;Cidaun
Jawa Barat;Cianjur;Naringgul
Jawa Barat;Cianjur;Sindangbarang
Jawa Barat;Cianjur;Agrabinta
Jawa Barat;Cirebon;Astanajapura
Jawa Barat;Cirebon;Pangenan
Jawa Barat;Cirebon;Talun
Jawa Barat;Cirebon;Sumber
Jawa Barat;Cirebon;Mundu
Jawa Barat;Cirebon;Beber
Jawa Barat;Cirebon;Plumbon
Jawa Barat;Cirebon;Weru
Jawa Barat;Cirebon;Dukupuntang
Jawa Barat;Cirebon;Palimanan
Jawa Barat;Cirebon;Gunung Jati
Jawa Barat;Cirebon;Kapetakan
Jawa Barat;Cirebon;Kedawung
Jawa Barat;Cirebon;Panguragan
Jawa Barat;Cirebon;Ciwaringin
Jawa Barat;Cirebon;Klangenan
Jawa Barat;Cirebon;Arjawinangun
Jawa Barat;Cirebon;Kaliwedi
Jawa Barat;Cirebon;Susukan
Jawa Barat;Cirebon;Gegesik
Jawa Barat;Cirebon;Pasaleman
Jawa Barat;Cirebon;Pabuaran
Jawa Barat;Cirebon;Gebang
Jawa Barat;Cirebon;Depok
Jawa Barat;Cirebon;Plered
Jawa Barat;Cirebon;Gempol
Jawa Barat;Cirebon;Karangwareng
Jawa Barat;Cirebon;Tengah Tani
Jawa Barat;Cirebon;Greged
Jawa Barat;Cirebon;Suranenggala
Jawa Barat;Cirebon;Jamblang
Jawa Barat;Cirebon;Sedong
Jawa Barat;Cirebon;Losari
Jawa Barat;Cirebon;Pabedilan
Jawa Barat;Cirebon;Waled
Jawa Barat;Cirebon;Ciledug
Jawa Barat;Cirebon;Lemahabang
Jawa Barat;Cirebon;Susukan Lebak
Jawa Barat;Cirebon;Babakan
Jawa Barat;Cirebon;Karangsembung
Jawa Barat;Garut;Samarang
Jawa Barat;Garut;Pasirwangi
Jawa Barat;Garut;Tarogong Kidul
Jawa Barat;Garut;Banyuresmi
Jawa Barat;Garut;Leles
Jawa Barat;Garut;Wanaraja
Jawa Barat;Garut;Tarogong Kaler
Jawa Barat;Garut;Garut Kota
Jawa Barat;Garut;Karangpawitan
Jawa Barat;Garut;Cigedug
Jawa Barat;Garut;Cilawu
Jawa Barat;Garut;Karangtengah
Jawa Barat;Garut;Bayongbong
Jawa Barat;Garut;Kadungora
Jawa Barat;Garut;Leuwigoong
Jawa Barat;Garut;Malangbong
Jawa Barat;Garut;Sukawening
Jawa Barat;Garut;Cibatu
Jawa Barat;Garut;Kersamanah
Jawa Barat;Garut;Cibalong
Jawa Barat;Garut;Pameungpeuk
Jawa Barat;Garut;Cisompet
Jawa Barat;Garut;Sukaresmi
Jawa Barat;Garut;Cikajang
Jawa Barat;Garut;Cisurupan
Jawa Barat;Garut;Cihurip
Jawa Barat;Garut;Peundeuy
Jawa Barat;Garut;Banjarwangi
Jawa Barat;Garut;Singajaya
Jawa Barat;Garut;Bl. Limbangan
Jawa Barat;Garut;Selaawi
Jawa Barat;Garut;Mekarmukti
Jawa Barat;Garut;Pakenjeng
Jawa Barat;Garut;Cikelet
Jawa Barat;Garut;Bungbulang
Jawa Barat;Garut;Caringin
Jawa Barat;Garut;Talegong
Jawa Barat;Garut;Pamulihan
Jawa Barat;Garut;Cisewu
Jawa Barat;Garut;Cibiuk
Jawa Barat;Garut;Pangatikan
Jawa Barat;Garut;Sucinaraja
Jawa Barat;Indramayu;Gantar
Jawa Barat;Indramayu;Terisi
Jawa Barat;Indramayu;Anjatan
Jawa Barat;Indramayu;Sukra
Jawa Barat;Indramayu;Pasekan
Jawa Barat;Indramayu;Sukagumiwang
Jawa Barat;Indramayu;Kedokan Bunder
Jawa Barat;Indramayu;Kandanghaur
Jawa Barat;Indramayu;Bongas
Jawa Barat;Indramayu;Losarang
Jawa Barat;Indramayu;Tukdana
Jawa Barat;Indramayu;Patrol
Jawa Barat;Indramayu;Gabuswetan
Jawa Barat;Indramayu;Cikedung
Jawa Barat;Indramayu;Haurgeulis
Jawa Barat;Indramayu;Kroya
Jawa Barat;Indramayu;Widasari
Jawa Barat;Indramayu;Kertasemaya
Jawa Barat;Indramayu;Lelea
Jawa Barat;Indramayu;Bangodua
Jawa Barat;Indramayu;Krangkeng
Jawa Barat;Indramayu;Balongan
Jawa Barat;Indramayu;Indramayu
Jawa Barat;Indramayu;Sliyeg
Jawa Barat;Indramayu;Jatibarang
Jawa Barat;Indramayu;Lohbener
Jawa Barat;Indramayu;Arahan
Jawa Barat;Indramayu;Sindang
Jawa Barat;Indramayu;Cantigi
Jawa Barat;Indramayu;Karangampel
Jawa Barat;Indramayu;Juntinyuat
Jawa Barat;Karawang;Telagasari
Jawa Barat;Karawang;Rawamerta
Jawa Barat;Karawang;Cilamaya Wetan
Jawa Barat;Karawang;Tirtamulya
Jawa Barat;Karawang;Lemahabang
Jawa Barat;Karawang;Pedes
Jawa Barat;Karawang;Cikampek
Jawa Barat;Karawang;Jatisari
Jawa Barat;Karawang;Cibuaya
Jawa Barat;Karawang;Pakisjaya
Jawa Barat;Karawang;Tegalwaru
Jawa Barat;Karawang;Purwasari
Jawa Barat;Karawang;Karawang Timur
Jawa Barat;Karawang;Telukjambe Barat
Jawa Barat;Karawang;Tempuran
Jawa Barat;Karawang;Majalaya
Jawa Barat;Karawang;Banyusari
Jawa Barat;Karawang;Kota Baru
Jawa Barat;Karawang;Jayakerta
Jawa Barat;Karawang;Cilamaya Kulon
Jawa Barat;Karawang;Cilebar
Jawa Barat;Karawang;Rengasdengklok
Jawa Barat;Karawang;Kutawaluya
Jawa Barat;Karawang;Ciampel
Jawa Barat;Karawang;Klari
Jawa Barat;Karawang;Batujaya
Jawa Barat;Karawang;Tirtajaya
Jawa Barat;Karawang;Pangkalan
Jawa Barat;Karawang;Telukjambe Timur
Jawa Barat;Karawang;Karawang Barat
Jawa Barat;Kota Bandung;Panyileukan
Jawa Barat;Kota Bandung;Cinambo
Jawa Barat;Kota Bandung;Ujungberung
Jawa Barat;Kota Bandung;Gedebage
Jawa Barat;Kota Bandung;Mandalajati
Jawa Barat;Kota Bandung;Coblong
Jawa Barat;Kota Bandung;Babakan Ciparay
Jawa Barat;Kota Bandung;Sukasari
Jawa Barat;Kota Bandung;Cicendo
Jawa Barat;Kota Bandung;Sukajadi
Jawa Barat;Kota Bandung;Bojongloa Kaler
Jawa Barat;Kota Bandung;Andir
Jawa Barat;Kota Bandung;Cidadap
Jawa Barat;Kota Bandung;Bandung Wetan
Jawa Barat;Kota Bandung;Astana Anyar
Jawa Barat;Kota Bandung;Lengkong
Jawa Barat;Kota Bandung;Cibeunying Kidul
Jawa Barat;Kota Bandung;Regol
Jawa Barat;Kota Bandung;Batununggal
Jawa Barat;Kota Bandung;Bojongloa Kidul
Jawa Barat;Kota Bandung;Cibeunying Kaler
Jawa Barat;Kota Bandung;Bandung Kulon
Jawa Barat;Kota Bandung;Kiaracondong
Jawa Barat;Kota Bandung;Sumur Bandung
Jawa Barat;Kota Bandung;Antapani
Jawa Barat;Kota Bandung;Bandung Kidul
Jawa Barat;Kota Bandung;Arcamanik
Jawa Barat;Kota Bandung;Cibiru
Jawa Barat;Kota Bandung;Buahbatu
Jawa Barat;Kota Bandung;Rancasari
Jawa Barat;Kota Banjar;Langensari
Jawa Barat;Kota Banjar;Pataruman
Jawa Barat;Kota Banjar;Purwaharja
Jawa Barat;Kota Banjar;Banjar
Jawa Barat;Kota Bekasi;Pondokgede
Jawa Barat;Kota Bekasi;Jatiasih
Jawa Barat;Kota Bekasi;Medansatria
Jawa Barat;Kota Bekasi;Bantargebang
Jawa Barat;Kota Bekasi;Mustikajaya
Jawa Barat;Kota Bekasi;Pondokmelati
Jawa Barat;Kota Bekasi;Jatisampurna
Jawa Barat;Kota Bekasi;Bekasi Timur
Jawa Barat;Kota Bekasi;Bekasi Selatan
Jawa Barat;Kota Bekasi;Rawalumbu
Jawa Barat;Kota Bekasi;Bekasi Barat
Jawa Barat;Kota Bekasi;Bekasi Utara
Jawa Barat;Kota Cimahi;Cimahi Tengah
Jawa Barat;Kota Cimahi;Cimahi Utara
Jawa Barat;Kota Cimahi;Cimahi Selatan
Jawa Barat;Kota Cirebon;Harjamukti
Jawa Barat;Kota Cirebon;Pekalipan
Jawa Barat;Kota Cirebon;Kejaksan
Jawa Barat;Kota Cirebon;Lemah Wungkuk
Jawa Barat;Kota Cirebon;Kesambi
Jawa Barat;Kota Sukabumi;Gunungpuyuh
Jawa Barat;Kota Sukabumi;Cikole
Jawa Barat;Kota Sukabumi;Baros
Jawa Barat;Kota Sukabumi;Lembursitu
Jawa Barat;Kota Sukabumi;Citamiang
Jawa Barat;Kota Sukabumi;Warudoyong
Jawa Barat;Kota Sukabumi;Cibeureum
Jawa Barat;Kota Tasikmalaya;Tawang
Jawa Barat;Kota Tasikmalaya;Indihiang
Jawa Barat;Kota Tasikmalaya;Cihideung
Jawa Barat;Kota Tasikmalaya;Cipedes
Jawa Barat;Kota Tasikmalaya;Tamansari
Jawa Barat;Kota Tasikmalaya;Mangkubumi
Jawa Barat;Kota Tasikmalaya;Kawalu
Jawa Barat;Kota Tasikmalaya;Cibeureum
Jawa Barat;Kota Tasikmalaya;Bungursari
Jawa Barat;Kota Tasikmalaya;Purbaratu
Jawa Barat;Kuningan;Garawangi
Jawa Barat;Kuningan;Kuningan
Jawa Barat;Kuningan;Ciniru
Jawa Barat;Kuningan;Subang
Jawa Barat;Kuningan;Kadugede
Jawa Barat;Kuningan;Luragung
Jawa Barat;Kuningan;Lebakwangi
Jawa Barat;Kuningan;Ciwaru
Jawa Barat;Kuningan;Cibingbin
Jawa Barat;Kuningan;Ciawigebang
Jawa Barat;Kuningan;Pasawahan
Jawa Barat;Kuningan;Cilimus
Jawa Barat;Kuningan;Mandirancan
Jawa Barat;Kuningan;Cidahu
Jawa Barat;Kuningan;Jalaksana
Jawa Barat;Kuningan;Darma
Jawa Barat;Kuningan;Cigugur
Jawa Barat;Kuningan;Selajambe
Jawa Barat;Kuningan;Kramatmulya
Jawa Barat;Kuningan;Nusaherang
Jawa Barat;Kuningan;Cipicung
Jawa Barat;Kuningan;Cimahi
Jawa Barat;Kuningan;Cilebak
Jawa Barat;Kuningan;Pancalang
Jawa Barat;Kuningan;Japara
Jawa Barat;Kuningan;Cibeureum
Jawa Barat;Kuningan;Karang Kancana
Jawa Barat;Kuningan;Hantara
Jawa Barat;Kuningan;Kalimanggis
Jawa Barat;Kuningan;Sindangagung
Jawa Barat;Kuningan;Cigandamekar
Jawa Barat;Kuningan;Maleber
Jawa Barat;Majalengka;Lemahsugih
Jawa Barat;Majalengka;Bantarujeg
Jawa Barat;Majalengka;Argapura
Jawa Barat;Majalengka;Maja
Jawa Barat;Majalengka;Cikijing
Jawa Barat;Majalengka;Talaga
Jawa Barat;Majalengka;Rajagaluh
Jawa Barat;Majalengka;Majalengka
Jawa Barat;Majalengka;Sukahaji
Jawa Barat;Majalengka;Dawuan
Jawa Barat;Majalengka;Kadipaten
Jawa Barat;Majalengka;Leuwimunding
Jawa Barat;Majalengka;Jatiwangi
Jawa Barat;Majalengka;Ligung
Jawa Barat;Majalengka;Sumberjaya
Jawa Barat;Majalengka;Kertajati
Jawa Barat;Majalengka;Jatitujuh
Jawa Barat;Majalengka;Panyingkiran
Jawa Barat;Majalengka;Palasah
Jawa Barat;Majalengka;Cingambul
Jawa Barat;Majalengka;Kasokandel
Jawa Barat;Majalengka;Sindangwangi
Jawa Barat;Majalengka;Banjaran
Jawa Barat;Majalengka;Sindang
Jawa Barat;Majalengka;Malausma
Jawa Barat;Majalengka;Cigasong
Jawa Barat;Pangandaran;Pangandaran
Jawa Barat;Pangandaran;Padaherang
Jawa Barat;Pangandaran;Kalipucang
Jawa Barat;Pangandaran;Parigi
Jawa Barat;Pangandaran;Cijulang
Jawa Barat;Pangandaran;Langkaplancar
Jawa Barat;Pangandaran;Mangunjaya
Jawa Barat;Pangandaran;Cimerak
Jawa Barat;Pangandaran;Cigugur
Jawa Barat;Pangandaran;Sidamulih
Jawa Barat;Purwakarta;Sukatani
Jawa Barat;Purwakarta;Darangdan
Jawa Barat;Purwakarta;Jatiluhur
Jawa Barat;Purwakarta;Plered
Jawa Barat;Purwakarta;Wanayasa
Jawa Barat;Purwakarta;Maniis
Jawa Barat;Purwakarta;Tegalwaru
Jawa Barat;Purwakarta;Purwakarta
Jawa Barat;Purwakarta;Campaka
Jawa Barat;Purwakarta;Pondoksalam
Jawa Barat;Purwakarta;Kiarapedes
Jawa Barat;Purwakarta;Cibatu
Jawa Barat;Purwakarta;Sukasari
Jawa Barat;Purwakarta;Babakancikao
Jawa Barat;Purwakarta;Bungursari
Jawa Barat;Purwakarta;Pasawahan
Jawa Barat;Purwakarta;Bojong
Jawa Barat;Subang;Kalijati
Jawa Barat;Subang;Pabuaran
Jawa Barat;Subang;Cisalak
Jawa Barat;Subang;Subang
Jawa Barat;Subang;Binong
Jawa Barat;Subang;Ciasem
Jawa Barat;Subang;Purwadadi
Jawa Barat;Subang;Pagaden
Jawa Barat;Subang;Sagalaherang
Jawa Barat;Subang;Compreng
Jawa Barat;Subang;Patokbeusi
Jawa Barat;Subang;Blanakan
Jawa Barat;Subang;Tanjungsiang
Jawa Barat;Subang;Cijambe
Jawa Barat;Subang;Cibogo
Jawa Barat;Subang;Cipunagara
Jawa Barat;Subang;Pamanukan
Jawa Barat;Subang;Jalancagak
Jawa Barat;Subang;Pusakanagara
Jawa Barat;Subang;Kasomalang
Jawa Barat;Subang;Dawuan
Jawa Barat;Subang;Sukasari
Jawa Barat;Subang;Tambakdahan
Jawa Barat;Subang;Pagaden Barat
Jawa Barat;Subang;Ciater
Jawa Barat;Subang;Cikaum
Jawa Barat;Subang;Serangpanjang
Jawa Barat;Subang;Cipeundeuy
Jawa Barat;Subang;Legonkulon
Jawa Barat;Subang;Pusakajaya
Jawa Barat;Sukabumi;Bantargadung
Jawa Barat;Sukabumi;Cisolok
Jawa Barat;Sukabumi;Simpenan
Jawa Barat;Sukabumi;Cikakak
Jawa Barat;Sukabumi;Jampangtengah
Jawa Barat;Sukabumi;Warungkiara
Jawa Barat;Sukabumi;Cikidang
Jawa Barat;Sukabumi;Lengkong
Jawa Barat;Sukabumi;Palabuhanratu
Jawa Barat;Sukabumi;Parakansalak
Jawa Barat;Sukabumi;Cicurug
Jawa Barat;Sukabumi;Parungkuda
Jawa Barat;Sukabumi;Bojonggenteng
Jawa Barat;Sukabumi;Kabandungan
Jawa Barat;Sukabumi;Cidahu
Jawa Barat;Sukabumi;Kalapanunggal
Jawa Barat;Sukabumi;Cibadak
Jawa Barat;Sukabumi;Nagrak
Jawa Barat;Sukabumi;Cikembar
Jawa Barat;Sukabumi;Ciracap
Jawa Barat;Sukabumi;Gunungguruh
Jawa Barat;Sukabumi;Surade
Jawa Barat;Sukabumi;Cibitung
Jawa Barat;Sukabumi;Cicantayan
Jawa Barat;Sukabumi;Cisaat
Jawa Barat;Sukabumi;Ciemas
Jawa Barat;Sukabumi;Kalibunder
Jawa Barat;Sukabumi;Waluran
Jawa Barat;Sukabumi;Jampangkulon
Jawa Barat;Sukabumi;Pabuaran
Jawa Barat;Sukabumi;Purabaya
Jawa Barat;Sukabumi;Cireunghas
Jawa Barat;Sukabumi;Sukalarang
Jawa Barat;Sukabumi;Nyalindung
Jawa Barat;Sukabumi;Kadudampit
Jawa Barat;Sukabumi;Sukaraja
Jawa Barat;Sukabumi;Kebonpedes
Jawa Barat;Sukabumi;Caringin
Jawa Barat;Sukabumi;Sukabumi
Jawa Barat;Sukabumi;Cimanggu
Jawa Barat;Sukabumi;Ciambar
Jawa Barat;Sukabumi;Gegerbitung
Jawa Barat;Sukabumi;Sagaranten
Jawa Barat;Sukabumi;Cidadap
Jawa Barat;Sukabumi;Tegalbuleud
Jawa Barat;Sukabumi;Curugkembar
Jawa Barat;Sukabumi;Cidolog
Jawa Barat;Sumedang;Paseh
Jawa Barat;Sumedang;Surian
Jawa Barat;Sumedang;Pamulihan
Jawa Barat;Sumedang;Cimanggung
Jawa Barat;Sumedang;Tanjungsari
Jawa Barat;Sumedang;Sukasari
Jawa Barat;Sumedang;Sumedang Selatan
Jawa Barat;Sumedang;Sumedang Utara
Jawa Barat;Sumedang;Jatinangor
Jawa Barat;Sumedang;Rancakalong
Jawa Barat;Sumedang;Buahdua
Jawa Barat;Sumedang;Ganeas
Jawa Barat;Sumedang;Tomo
Jawa Barat;Sumedang;Ujungjaya
Jawa Barat;Sumedang;Cimalaka
Jawa Barat;Sumedang;Cisarua
Jawa Barat;Sumedang;Jatigede
Jawa Barat;Sumedang;Tanjungkerta
Jawa Barat;Sumedang;Tanjungmedar
Jawa Barat;Sumedang;Jatinunggal
Jawa Barat;Sumedang;Darmaraja
Jawa Barat;Sumedang;Wado
Jawa Barat;Sumedang;Situraja
Jawa Barat;Sumedang;Conggeang
Jawa Barat;Sumedang;Cibugel
Jawa Barat;Sumedang;Cisitu
Jawa Barat;Tasikmalaya;Leuwisari
Jawa Barat;Tasikmalaya;Padakembang
Jawa Barat;Tasikmalaya;Manonjaya
Jawa Barat;Tasikmalaya;Gunung Tanjung
Jawa Barat;Tasikmalaya;Cineam
Jawa Barat;Tasikmalaya;Karang Jaya
Jawa Barat;Tasikmalaya;Sukarame
Jawa Barat;Tasikmalaya;Cigalontang
Jawa Barat;Tasikmalaya;Singaparna
Jawa Barat;Tasikmalaya;Mangunreja
Jawa Barat;Tasikmalaya;Sariwangi
Jawa Barat;Tasikmalaya;Sukaresik
Jawa Barat;Tasikmalaya;Sukahening
Jawa Barat;Tasikmalaya;Rajapolah
Jawa Barat;Tasikmalaya;Sukaratu
Jawa Barat;Tasikmalaya;Cisayong
Jawa Barat;Tasikmalaya;Kadipaten
Jawa Barat;Tasikmalaya;Pagerageung
Jawa Barat;Tasikmalaya;Jamanis
Jawa Barat;Tasikmalaya;Ciawi
Jawa Barat;Tasikmalaya;Bantarkalong
Jawa Barat;Tasikmalaya;Bojongasih
Jawa Barat;Tasikmalaya;Cibalong
Jawa Barat;Tasikmalaya;Parungponteng
Jawa Barat;Tasikmalaya;Cipatujah
Jawa Barat;Tasikmalaya;Pancatengah
Jawa Barat;Tasikmalaya;Cikatomas
Jawa Barat;Tasikmalaya;Karangnunggal
Jawa Barat;Tasikmalaya;Cikalong
Jawa Barat;Tasikmalaya;Jatiwaras
Jawa Barat;Tasikmalaya;Sukaraja
Jawa Barat;Tasikmalaya;Salopa
Jawa Barat;Tasikmalaya;Bojonggambir
Jawa Barat;Tasikmalaya;Sodonghilir
Jawa Barat;Tasikmalaya;Culamega
Jawa Barat;Tasikmalaya;Puspahiang
Jawa Barat;Tasikmalaya;Tanjungjaya
Jawa Barat;Tasikmalaya;Taraju
Jawa Barat;Tasikmalaya;Salawu
Jawa Barat;Bogor;Babakan Madang
Jawa Barat;Bogor;Bojonggede
Jawa Barat;Bogor;Caringin
Jawa Barat;Bogor;Cariu
Jawa Barat;Bogor;Ciampea
Jawa Barat;Bogor;Ciawi
Jawa Barat;Bogor;Cibinong
Jawa Barat;Bogor;Cibungbulang
Jawa Barat;Bogor;Cigombong
Jawa Barat;Bogor;Cigudeg
Jawa Barat;Bogor;Cijeruk
Jawa Barat;Bogor;Cileungsi
Jawa Barat;Bogor;Ciomas
Jawa Barat;Bogor;Cisarua
Jawa Barat;Bogor;Citeureup
Jawa Barat;Bogor;Dramaga
Jawa Barat;Bogor;Gunung Putri
Jawa Barat;Bogor;Gunung Sindur
Jawa Barat;Bogor;Jasinga
Jawa Barat;Bogor;Jonggol
Jawa Barat;Bogor;Kemang
Jawa Barat;Bogor;Klapanunggal
Jawa Barat;Bogor;Leuwiliang
Jawa Barat;Bogor;Leuwisadeng
Jawa Barat;Bogor;Megamendung
Jawa Barat;Bogor;Nanggung
Jawa Barat;Bogor;Pamijahan
Jawa Barat;Bogor;Parung
Jawa Barat;Bogor;Parung Panjang
Jawa Barat;Bogor;Ranca Bungur
Jawa Barat;Bogor;Rumpin
Jawa Barat;Bogor;Sukajaya
Jawa Barat;Bogor;Sukamakmur
Jawa Barat;Bogor;Sukaraja
Jawa Barat;Bogor;Tajurhalang
Jawa Barat;Bogor;Tanjungsari
Jawa Barat;Bogor;Tenjo
Jawa Barat;Bogor;Tenjolaya
Jawa Barat;Bogor;Tamansari
Jawa Barat;Bogor;Ciseeng
Jawa Barat;Bekasi;Babelan
Jawa Barat;Bekasi;Bojongmangu
Jawa Barat;Bekasi;Cabangbungin
Jawa Barat;Bekasi;Cibarusah
Jawa Barat;Bekasi;Cibitung
Jawa Barat;Bekasi;Cikarang Barat
Jawa Barat;Bekasi;Cikarang Pusat
Jawa Barat;Bekasi;Cikarang Selatan
Jawa Barat;Bekasi;Cikarang Timur
Jawa Barat;Bekasi;Cikarang Utara
Jawa Barat;Bekasi;Kedungwaringin
Jawa Barat;Bekasi;Muara Gembong
Jawa Barat;Bekasi;Pebayuran
Jawa Barat;Bekasi;Serang Baru
Jawa Barat;Bekasi;Setu
Jawa Barat;Bekasi;Sukakarya
Jawa Barat;Bekasi;Sukatani
Jawa Barat;Bekasi;Sukawangi
Jawa Barat;Bekasi;Tambelang
Jawa Barat;Bekasi;Tambun Selatan
Jawa Barat;Bekasi;Tambun Utara
Jawa Barat;Bekasi;Tarumajaya
Jawa Barat;Bekasi;Karangbahagia
Jawa Barat;Kota Bogor;Bogor Barat
Jawa Barat;Kota Bogor;Bogor Selatan
Jawa Barat;Kota Bogor;Bogor Tengah
Jawa Barat;Kota Bogor;Bogor Timur
Jawa Barat;Kota Bogor;Bogor Utara
Jawa Barat;Kota Bogor;Tanah Sareal
Jawa Barat;Kota Depok;Beji
Jawa Barat;Kota Depok;Bojongsari
Jawa Barat;Kota Depok;Cilodong
Jawa Barat;Kota Depok;Cimanggis
Jawa Barat;Kota Depok;Cinere
Jawa Barat;Kota Depok;Cipayung
Jawa Barat;Kota Depok;Limo
Jawa Barat;Kota Depok;Pancoran Mas
Jawa Barat;Kota Depok;Sawangan
Jawa Barat;Kota Depok;Sukmajaya
Jawa Barat;Kota Depok;Tapos
Jawa Tengah;Banjarnegara;Bawang
Jawa Tengah;Banjarnegara;Banjarnegara
Jawa Tengah;Banjarnegara;Mandiraja
Jawa Tengah;Banjarnegara;Purwanegara
Jawa Tengah;Banjarnegara;Banjarmangu
Jawa Tengah;Banjarnegara;Sigaluh
Jawa Tengah;Banjarnegara;Madukara
Jawa Tengah;Banjarnegara;Susukan
Jawa Tengah;Banjarnegara;Purworeja Klampok
Jawa Tengah;Banjarnegara;Batur
Jawa Tengah;Banjarnegara;Wanayasa
Jawa Tengah;Banjarnegara;Pagentan
Jawa Tengah;Banjarnegara;Pejawaran
Jawa Tengah;Banjarnegara;Kalibening
Jawa Tengah;Banjarnegara;Pandanarum
Jawa Tengah;Banjarnegara;Punggelan
Jawa Tengah;Banjarnegara;Karangkobar
Jawa Tengah;Banjarnegara;Wanadadi
Jawa Tengah;Banjarnegara;Rakit
Jawa Tengah;Banjarnegara;Pagedongan
Jawa Tengah;Banyumas;Jatilawang
Jawa Tengah;Banyumas;Rawalo
Jawa Tengah;Banyumas;Lumbir
Jawa Tengah;Banyumas;Wangon
Jawa Tengah;Banyumas;Sumpiuh
Jawa Tengah;Banyumas;Tambak
Jawa Tengah;Banyumas;Kebasen
Jawa Tengah;Banyumas;Kemranjen
Jawa Tengah;Banyumas;Somagede
Jawa Tengah;Banyumas;Ajibarang
Jawa Tengah;Banyumas;Gumelar
Jawa Tengah;Banyumas;Patikraja
Jawa Tengah;Banyumas;Purwojati
Jawa Tengah;Banyumas;Karanglewas
Jawa Tengah;Banyumas;Sokaraja
Jawa Tengah;Banyumas;Pekuncen
Jawa Tengah;Banyumas;Cilongok
Jawa Tengah;Banyumas;Kalibagor
Jawa Tengah;Banyumas;Banyumas
Jawa Tengah;Banyumas;Purwokerto Barat
Jawa Tengah;Banyumas;Purwokerto Timur
Jawa Tengah;Banyumas;Kedungbanteng
Jawa Tengah;Banyumas;Purwokerto Selatan
Jawa Tengah;Banyumas;Purwokerto Utara
Jawa Tengah;Banyumas;Sumbang
Jawa Tengah;Banyumas;Baturraden
Jawa Tengah;Banyumas;Kembaran
Jawa Tengah;Batang;Reban
Jawa Tengah;Batang;Bawang
Jawa Tengah;Batang;Bandar
Jawa Tengah;Batang;Blado
Jawa Tengah;Batang;Limpung
Jawa Tengah;Batang;Subah
Jawa Tengah;Batang;Tersono
Jawa Tengah;Batang;Gringsing
Jawa Tengah;Batang;Wonotunggal
Jawa Tengah;Batang;Banyuputih
Jawa Tengah;Batang;Kandeman
Jawa Tengah;Batang;Pecalungan
Jawa Tengah;Batang;Batang
Jawa Tengah;Batang;Warungasem
Jawa Tengah;Batang;Tulis
Jawa Tengah;Blora;Sambong
Jawa Tengah;Blora;Jiken
Jawa Tengah;Blora;Kedungtuban
Jawa Tengah;Blora;Cepu
Jawa Tengah;Blora;Jepon
Jawa Tengah;Blora;Blora
Jawa Tengah;Blora;Randublatung
Jawa Tengah;Blora;Kradenan
Jawa Tengah;Blora;Jati
Jawa Tengah;Blora;Bogorejo
Jawa Tengah;Blora;Japah
Jawa Tengah;Blora;Tunjungan
Jawa Tengah;Blora;Kunduran
Jawa Tengah;Blora;Todanan
Jawa Tengah;Blora;Banjarejo
Jawa Tengah;Blora;Ngawen
Jawa Tengah;Boyolali;Sawit
Jawa Tengah;Boyolali;Banyudono
Jawa Tengah;Boyolali;Ampel
Jawa Tengah;Boyolali;Cepogo
Jawa Tengah;Boyolali;Selo
Jawa Tengah;Boyolali;Mojosongo
Jawa Tengah;Boyolali;Teras
Jawa Tengah;Boyolali;Musuk
Jawa Tengah;Boyolali;Boyolali
Jawa Tengah;Boyolali;Sambi
Jawa Tengah;Boyolali;Juwangi
Jawa Tengah;Boyolali;Simo
Jawa Tengah;Boyolali;Karanggede
Jawa Tengah;Boyolali;Ngemplak
Jawa Tengah;Boyolali;Nogosari
Jawa Tengah;Boyolali;Kemusu
Jawa Tengah;Boyolali;Wonosegoro
Jawa Tengah;Boyolali;Klego
Jawa Tengah;Boyolali;Andong
Jawa Tengah;Boyolali;Gladagsari
Jawa Tengah;Boyolali;Tamansari
Jawa Tengah;Boyolali;Wonosamodro
Jawa Tengah;Brebes;Wanasari
Jawa Tengah;Brebes;Brebes
Jawa Tengah;Brebes;Tonjong
Jawa Tengah;Brebes;Jatibarang
Jawa Tengah;Brebes;Salem
Jawa Tengah;Brebes;Paguyangan
Jawa Tengah;Brebes;Sirampog
Jawa Tengah;Brebes;Bantarkawung
Jawa Tengah;Brebes;Bumiayu
Jawa Tengah;Brebes;Banjarharjo
Jawa Tengah;Brebes;Kersana
Jawa Tengah;Brebes;Losari
Jawa Tengah;Brebes;Songgom
Jawa Tengah;Brebes;Larangan
Jawa Tengah;Brebes;Ketanggungan
Jawa Tengah;Brebes;Tanjung
Jawa Tengah;Brebes;Bulakamba
Jawa Tengah;Cilacap;Kesugihan
Jawa Tengah;Cilacap;Adipala
Jawa Tengah;Cilacap;Kedungreja
Jawa Tengah;Cilacap;Kroya
Jawa Tengah;Cilacap;Maos
Jawa Tengah;Cilacap;Binangun
Jawa Tengah;Cilacap;Nusawungu
Jawa Tengah;Cilacap;Jeruklegi
Jawa Tengah;Cilacap;Kawunganten
Jawa Tengah;Cilacap;Cimanggu
Jawa Tengah;Cilacap;Majenang
Jawa Tengah;Cilacap;Sidareja
Jawa Tengah;Cilacap;Karangpucung
Jawa Tengah;Cilacap;Sampang
Jawa Tengah;Cilacap;Cipari
Jawa Tengah;Cilacap;Wanareja
Jawa Tengah;Cilacap;Dayeuhluhur
Jawa Tengah;Cilacap;Gandrungmangu
Jawa Tengah;Cilacap;Patimuan
Jawa Tengah;Cilacap;Kampung laut
Jawa Tengah;Cilacap;Cilacap tengah
Jawa Tengah;Cilacap;Cilacap utara
Jawa Tengah;Cilacap;Bantarsari
Jawa Tengah;Cilacap;Cilacap selatan
Jawa Tengah;Demak;Mranggen
Jawa Tengah;Demak;Sayung
Jawa Tengah;Demak;Karangtengah
Jawa Tengah;Demak;Karangawen
Jawa Tengah;Demak;Guntur
Jawa Tengah;Demak;Gajah
Jawa Tengah;Demak;Karanganyar
Jawa Tengah;Demak;Wonosalam
Jawa Tengah;Demak;Dempet
Jawa Tengah;Demak;Demak
Jawa Tengah;Demak;Bonang
Jawa Tengah;Demak;Mijen
Jawa Tengah;Demak;Wedung
Jawa Tengah;Demak;Kebonagung
Jawa Tengah;Grobogan;Geyer
Jawa Tengah;Grobogan;Pulokulon
Jawa Tengah;Grobogan;Penawangan
Jawa Tengah;Grobogan;Toroh
Jawa Tengah;Grobogan;Ngaringan
Jawa Tengah;Grobogan;Kradenan
Jawa Tengah;Grobogan;Gabus
Jawa Tengah;Grobogan;Kedungjati
Jawa Tengah;Grobogan;Karangrayung
Jawa Tengah;Grobogan;Godong
Jawa Tengah;Grobogan;Gubug
Jawa Tengah;Grobogan;Brati
Jawa Tengah;Grobogan;Klambu
Jawa Tengah;Grobogan;Tegowanu
Jawa Tengah;Grobogan;Tanggungharjo
Jawa Tengah;Grobogan;Grobogan
Jawa Tengah;Grobogan;Purwodadi
Jawa Tengah;Grobogan;Wirosari
Jawa Tengah;Grobogan;Tawangharjo
Jawa Tengah;Jepara;Donorojo
Jawa Tengah;Jepara;Welahan
Jawa Tengah;Jepara;Mayong
Jawa Tengah;Jepara;Kedung
Jawa Tengah;Jepara;Pecangaan
Jawa Tengah;Jepara;Mlonggo
Jawa Tengah;Jepara;Bangsri
Jawa Tengah;Jepara;Batealit
Jawa Tengah;Jepara;Jepara
Jawa Tengah;Jepara;Keling
Jawa Tengah;Jepara;Karimunjawa
Jawa Tengah;Jepara;Tahunan
Jawa Tengah;Jepara;Kembang
Jawa Tengah;Jepara;Pakis Aji
Jawa Tengah;Jepara;Nalumsari
Jawa Tengah;Jepara;Kalinyamatan
Jawa Tengah;Karanganyar;Karanganyar
Jawa Tengah;Karanganyar;Kebakkramat
Jawa Tengah;Karanganyar;Mojogedang
Jawa Tengah;Karanganyar;Colomadu
Jawa Tengah;Karanganyar;Gondangrejo
Jawa Tengah;Karanganyar;Kerjo
Jawa Tengah;Karanganyar;Jenawi
Jawa Tengah;Karanganyar;Tasikmadu
Jawa Tengah;Karanganyar;Jaten
Jawa Tengah;Karanganyar;Jumapolo
Jawa Tengah;Karanganyar;Jumantono
Jawa Tengah;Karanganyar;Jatipuro
Jawa Tengah;Karanganyar;Jatiyoso
Jawa Tengah;Karanganyar;Ngargoyoso
Jawa Tengah;Karanganyar;Karangpandan
Jawa Tengah;Karanganyar;Matesih
Jawa Tengah;Karanganyar;Tawangmangu
Jawa Tengah;Kebumen;Buluspesantren
Jawa Tengah;Kebumen;Ambal
Jawa Tengah;Kebumen;Petanahan
Jawa Tengah;Kebumen;Klirong
Jawa Tengah;Kebumen;Mirit
Jawa Tengah;Kebumen;Prembun
Jawa Tengah;Kebumen;Buayan
Jawa Tengah;Kebumen;Puring
Jawa Tengah;Kebumen;Ayah
Jawa Tengah;Kebumen;Rowokele
Jawa Tengah;Kebumen;Sempor
Jawa Tengah;Kebumen;Adimulyo
Jawa Tengah;Kebumen;Kuwarasan
Jawa Tengah;Kebumen;Gombong
Jawa Tengah;Kebumen;Kutowinangun
Jawa Tengah;Kebumen;Pejagoan
Jawa Tengah;Kebumen;Sruweng
Jawa Tengah;Kebumen;Alian
Jawa Tengah;Kebumen;Kebumen
Jawa Tengah;Kebumen;Karangsambung
Jawa Tengah;Kebumen;Karanganyar
Jawa Tengah;Kebumen;Karanggayam
Jawa Tengah;Kebumen;Padureso
Jawa Tengah;Kebumen;Poncowarno
Jawa Tengah;Kebumen;Sadang
Jawa Tengah;Kebumen;Bonorowo
Jawa Tengah;Kendal;Kaliwungu Selatan
Jawa Tengah;Kendal;Sukorejo
Jawa Tengah;Kendal;Patean
Jawa Tengah;Kendal;Plantungan
Jawa Tengah;Kendal;Pageruyung
Jawa Tengah;Kendal;Boja
Jawa Tengah;Kendal;Kaliwungu
Jawa Tengah;Kendal;Singorojo
Jawa Tengah;Kendal;Limbangan
Jawa Tengah;Kendal;Brangsong
Jawa Tengah;Kendal;Patebon
Jawa Tengah;Kendal;Kendal
Jawa Tengah;Kendal;Weleri
Jawa Tengah;Kendal;Cepiring
Jawa Tengah;Kendal;Ringinarum
Jawa Tengah;Kendal;Ngampel
Jawa Tengah;Kendal;Rowosari
Jawa Tengah;Kendal;Kangkung
Jawa Tengah;Kendal;Pegandon
Jawa Tengah;Kendal;Gemuh
Jawa Tengah;Klaten;Tulung
Jawa Tengah;Klaten;Polanharjo
Jawa Tengah;Klaten;Karanganom
Jawa Tengah;Klaten;Ngawen
Jawa Tengah;Klaten;Kalikotes
Jawa Tengah;Klaten;Jatinom
Jawa Tengah;Klaten;Kemalang
Jawa Tengah;Klaten;Klaten Selatan
Jawa Tengah;Klaten;Klaten Utara
Jawa Tengah;Klaten;Klaten Tengah
Jawa Tengah;Klaten;Prambanan
Jawa Tengah;Klaten;Bayat
Jawa Tengah;Klaten;Cawas
Jawa Tengah;Klaten;Gantiwarno
Jawa Tengah;Klaten;Wedi
Jawa Tengah;Klaten;Jogonalan
Jawa Tengah;Klaten;Manisrenggo
Jawa Tengah;Klaten;Trucuk
Jawa Tengah;Klaten;Kebonarum
Jawa Tengah;Klaten;Ceper
Jawa Tengah;Klaten;Pedan
Jawa Tengah;Klaten;Karangnongko
Jawa Tengah;Klaten;Wonosari
Jawa Tengah;Klaten;Delanggu
Jawa Tengah;Klaten;Karangdowo
Jawa Tengah;Klaten;Juwiring
Jawa Tengah;Kota Magelang;Magelang Tengah
Jawa Tengah;Kota Magelang;Magelang Selatan
Jawa Tengah;Kota Magelang;Magelang Utara
Jawa Tengah;Kota Pekalongan;Pekalongan Utara
Jawa Tengah;Kota Pekalongan;Pekalongan Selatan
Jawa Tengah;Kota Pekalongan;Pekalongan Barat
Jawa Tengah;Kota Pekalongan;Pekalongan Timur
Jawa Tengah;Kota Salatiga;Sidorejo
Jawa Tengah;Kota Salatiga;Tingkir
Jawa Tengah;Kota Salatiga;Argomulyo
Jawa Tengah;Kota Salatiga;Sidomukti
Jawa Tengah;Kota Semarang;Ngaliyan
Jawa Tengah;Kota Semarang;Tugu
Jawa Tengah;Kota Semarang;Semarang Utara
Jawa Tengah;Kota Semarang;Semarang Timur
Jawa Tengah;Kota Semarang;Semarang Tengah
Jawa Tengah;Kota Semarang;Pedurungan
Jawa Tengah;Kota Semarang;Semarang Selatan
Jawa Tengah;Kota Semarang;Gayamsari
Jawa Tengah;Kota Semarang;Genuk
Jawa Tengah;Kota Semarang;Candisari
Jawa Tengah;Kota Semarang;Gajahmungkur
Jawa Tengah;Kota Semarang;Tembalang
Jawa Tengah;Kota Semarang;Semarang Barat
Jawa Tengah;Kota Semarang;Mijen
Jawa Tengah;Kota Semarang;Banyumanik
Jawa Tengah;Kota Semarang;Gunungpati
Jawa Tengah;Kota Surakarta;Laweyan
Jawa Tengah;Kota Surakarta;Jebres
Jawa Tengah;Kota Surakarta;Banjarsari
Jawa Tengah;Kota Surakarta;Serengan
Jawa Tengah;Kota Surakarta;Pasar Kliwon
Jawa Tengah;Kota Tegal;Tegal Barat
Jawa Tengah;Kota Tegal;Margadana
Jawa Tengah;Kota Tegal;Tegal Timur
Jawa Tengah;Kota Tegal;Tegal Selatan
Jawa Tengah;Kudus;Dawe
Jawa Tengah;Kudus;Bae
Jawa Tengah;Kudus;Gebog
Jawa Tengah;Kudus;Kaliwungu
Jawa Tengah;Kudus;Kota Kudus
Jawa Tengah;Kudus;Mejobo
Jawa Tengah;Kudus;Jekulo
Jawa Tengah;Kudus;Jati
Jawa Tengah;Kudus;Undaan
Jawa Tengah;Magelang;Secang
Jawa Tengah;Magelang;Windusari
Jawa Tengah;Magelang;Mungkid
Jawa Tengah;Magelang;Sawangan
Jawa Tengah;Magelang;Muntilan
Jawa Tengah;Magelang;Salaman
Jawa Tengah;Magelang;Borobudur
Jawa Tengah;Magelang;Srumbung
Jawa Tengah;Magelang;Dukun
Jawa Tengah;Magelang;Ngluwar
Jawa Tengah;Magelang;Salam
Jawa Tengah;Magelang;Grabag
Jawa Tengah;Magelang;Tegalrejo
Jawa Tengah;Magelang;Kajoran
Jawa Tengah;Magelang;Kaliangkrik
Jawa Tengah;Magelang;Mertoyudan
Jawa Tengah;Magelang;Tempuran
Jawa Tengah;Magelang;Pakis
Jawa Tengah;Magelang;Ngablak
Jawa Tengah;Magelang;Bandongan
Jawa Tengah;Magelang;Candimulyo
Jawa Tengah;Pati;Dukuhseti
Jawa Tengah;Pati;Trangkil
Jawa Tengah;Pati;Juwana
Jawa Tengah;Pati;Jakenan
Jawa Tengah;Pati;Jaken
Jawa Tengah;Pati;Batangan
Jawa Tengah;Pati;Sukolilo
Jawa Tengah;Pati;Winong
Jawa Tengah;Pati;Pucakwangi
Jawa Tengah;Pati;Kayen
Jawa Tengah;Pati;Tambakromo
Jawa Tengah;Pati;Tayu
Jawa Tengah;Pati;Gunungwungkal
Jawa Tengah;Pati;Cluwak
Jawa Tengah;Pati;Gabus
Jawa Tengah;Pati;Margorejo
Jawa Tengah;Pati;Pati
Jawa Tengah;Pati;Wedarijaksa
Jawa Tengah;Pati;Margoyoso
Jawa Tengah;Pati;Gembong
Jawa Tengah;Pati;Tlogowungu
Jawa Tengah;Pekalongan;Talun
Jawa Tengah;Pekalongan;Doro
Jawa Tengah;Pekalongan;Lebakbarang
Jawa Tengah;Pekalongan;Petungkriyono
Jawa Tengah;Pekalongan;Kesesi
Jawa Tengah;Pekalongan;Karanganyar
Jawa Tengah;Pekalongan;Kajen
Jawa Tengah;Pekalongan;Kandangserang
Jawa Tengah;Pekalongan;Paninggaran
Jawa Tengah;Pekalongan;Wiradesa
Jawa Tengah;Pekalongan;Siwalan
Jawa Tengah;Pekalongan;Buaran
Jawa Tengah;Pekalongan;Tirto
Jawa Tengah;Pekalongan;Karangdadap
Jawa Tengah;Pekalongan;Wonokerto
Jawa Tengah;Pekalongan;Wonopringgo
Jawa Tengah;Pekalongan;Kedungwuni
Jawa Tengah;Pekalongan;Sragi
Jawa Tengah;Pekalongan;Bojong
Jawa Tengah;Pemalang;Bantarbolang
Jawa Tengah;Pemalang;Randudongkal
Jawa Tengah;Pemalang;Watukumpul
Jawa Tengah;Pemalang;Bodeh
Jawa Tengah;Pemalang;Pemalang
Jawa Tengah;Pemalang;Taman
Jawa Tengah;Pemalang;Pulosari
Jawa Tengah;Pemalang;Belik
Jawa Tengah;Pemalang;Moga
Jawa Tengah;Pemalang;Petarukan
Jawa Tengah;Pemalang;Ulujami
Jawa Tengah;Pemalang;Warungpring
Jawa Tengah;Pemalang;Ampelgading
Jawa Tengah;Pemalang;Comal
Jawa Tengah;Purbalingga;Padamara
Jawa Tengah;Purbalingga;Pengadegan
Jawa Tengah;Purbalingga;Rembang
Jawa Tengah;Purbalingga;Bojongsari
Jawa Tengah;Purbalingga;Karangjambu
Jawa Tengah;Purbalingga;Kertanegara
Jawa Tengah;Purbalingga;Karanganyar
Jawa Tengah;Purbalingga;Karangmoncol
Jawa Tengah;Purbalingga;Karangreja
Jawa Tengah;Purbalingga;Kaligondang
Jawa Tengah;Purbalingga;Purbalingga
Jawa Tengah;Purbalingga;Bukateja
Jawa Tengah;Purbalingga;Kejobong
Jawa Tengah;Purbalingga;Mrebet
Jawa Tengah;Purbalingga;Bobotsari
Jawa Tengah;Purbalingga;Kalimanah
Jawa Tengah;Purbalingga;Kutasari
Jawa Tengah;Purbalingga;Kemangkon
Jawa Tengah;Purworejo;Banyuurip
Jawa Tengah;Purworejo;Bayan
Jawa Tengah;Purworejo;Kaligesing
Jawa Tengah;Purworejo;Purworejo
Jawa Tengah;Purworejo;Kutoarjo
Jawa Tengah;Purworejo;Purwodadi
Jawa Tengah;Purworejo;Bagelen
Jawa Tengah;Purworejo;Grabag
Jawa Tengah;Purworejo;Ngombol
Jawa Tengah;Purworejo;Bener
Jawa Tengah;Purworejo;Butuh
Jawa Tengah;Purworejo;Pituruh
Jawa Tengah;Purworejo;Gebang
Jawa Tengah;Purworejo;Loano
Jawa Tengah;Purworejo;Kemiri
Jawa Tengah;Purworejo;Bruno
Jawa Tengah;Rembang;Rembang
Jawa Tengah;Rembang;Pancur
Jawa Tengah;Rembang;Lasem
Jawa Tengah;Rembang;Kragan
Jawa Tengah;Rembang;Sluke
Jawa Tengah;Rembang;Pamotan
Jawa Tengah;Rembang;Sulang
Jawa Tengah;Rembang;Sarang
Jawa Tengah;Rembang;Sedan
Jawa Tengah;Rembang;Kaliori
Jawa Tengah;Rembang;Gunem
Jawa Tengah;Rembang;Sale
Jawa Tengah;Rembang;Sumber
Jawa Tengah;Rembang;Bulu
Jawa Tengah;Semarang;Getasan
Jawa Tengah;Semarang;Tengaran
Jawa Tengah;Semarang;Pabelan
Jawa Tengah;Semarang;Tuntang
Jawa Tengah;Semarang;Susukan
Jawa Tengah;Semarang;Suruh
Jawa Tengah;Semarang;Sumowono
Jawa Tengah;Semarang;Banyubiru
Jawa Tengah;Semarang;Jambu
Jawa Tengah;Semarang;Bringin
Jawa Tengah;Semarang;Bergas
Jawa Tengah;Semarang;Ambarawa
Jawa Tengah;Semarang;Bawen
Jawa Tengah;Semarang;Bancak
Jawa Tengah;Semarang;Kaliwungu
Jawa Tengah;Semarang;Pringapus
Jawa Tengah;Semarang;Ungaran Barat
Jawa Tengah;Semarang;Ungaran Timur
Jawa Tengah;Semarang;Bandungan
Jawa Tengah;Sragen;Jenar
Jawa Tengah;Sragen;Kedawung
Jawa Tengah;Sragen;Sambirejo
Jawa Tengah;Sragen;Plupuh
Jawa Tengah;Sragen;Masaran
Jawa Tengah;Sragen;Ngrampal
Jawa Tengah;Sragen;Karangmalang
Jawa Tengah;Sragen;Gondang
Jawa Tengah;Sragen;Sambungmacan
Jawa Tengah;Sragen;Kalijambe
Jawa Tengah;Sragen;Sumberlawang
Jawa Tengah;Sragen;Mondokan
Jawa Tengah;Sragen;Gemolong
Jawa Tengah;Sragen;Miri
Jawa Tengah;Sragen;Tangen
Jawa Tengah;Sragen;Sukodono
Jawa Tengah;Sragen;Gesi
Jawa Tengah;Sragen;Sidoharjo
Jawa Tengah;Sragen;Tanon
Jawa Tengah;Sragen;Sragen
Jawa Tengah;Sukoharjo;Weru
Jawa Tengah;Sukoharjo;Bulu
Jawa Tengah;Sukoharjo;Nguter
Jawa Tengah;Sukoharjo;Bendosari
Jawa Tengah;Sukoharjo;Tawangsari
Jawa Tengah;Sukoharjo;Sukoharjo
Jawa Tengah;Sukoharjo;Grogol
Jawa Tengah;Sukoharjo;Polokarto
Jawa Tengah;Sukoharjo;Mojolaban
Jawa Tengah;Sukoharjo;Kartasura
Jawa Tengah;Sukoharjo;Baki
Jawa Tengah;Sukoharjo;Gatak
Jawa Tengah;Tegal;Jatinegara
Jawa Tengah;Tegal;Kedungbanteng
Jawa Tengah;Tegal;Pagerbarang
Jawa Tengah;Tegal;Lebaksiu
Jawa Tengah;Tegal;Pangkah
Jawa Tengah;Tegal;Bojong
Jawa Tengah;Tegal;Balapulang
Jawa Tengah;Tegal;Margasari
Jawa Tengah;Tegal;Bumijawa
Jawa Tengah;Tegal;Dukuhwaru
Jawa Tengah;Tegal;Suradadi
Jawa Tengah;Tegal;Warureja
Jawa Tengah;Tegal;Slawi
Jawa Tengah;Tegal;Adiwerna
Jawa Tengah;Tegal;Tarub
Jawa Tengah;Tegal;Kramat
Jawa Tengah;Tegal;Talang
Jawa Tengah;Tegal;Dukuhturi
Jawa Tengah;Temanggung;Parakan
Jawa Tengah;Temanggung;Ngadirejo
Jawa Tengah;Temanggung;Kranggan
Jawa Tengah;Temanggung;Tlogomulyo
Jawa Tengah;Temanggung;Tretep
Jawa Tengah;Temanggung;Candiroto
Jawa Tengah;Temanggung;Kledung
Jawa Tengah;Temanggung;Bejen
Jawa Tengah;Temanggung;Selopampang
Jawa Tengah;Temanggung;Bansari
Jawa Tengah;Temanggung;Jumo
Jawa Tengah;Temanggung;Wonoboyo
Jawa Tengah;Temanggung;Gemawang
Jawa Tengah;Temanggung;Tembarak
Jawa Tengah;Temanggung;Temanggung
Jawa Tengah;Temanggung;Bulu
Jawa Tengah;Temanggung;Kandangan
Jawa Tengah;Temanggung;Kedu
Jawa Tengah;Temanggung;Pringsurat
Jawa Tengah;Temanggung;Kaloran
Jawa Tengah;Wonogiri;Giritontro
Jawa Tengah;Wonogiri;Giriwoyo
Jawa Tengah;Wonogiri;Pracimantoro
Jawa Tengah;Wonogiri;Nguntoronadi
Jawa Tengah;Wonogiri;Baturetno
Jawa Tengah;Wonogiri;Batuwarno
Jawa Tengah;Wonogiri;Tirtomoyo
Jawa Tengah;Wonogiri;Eromoko
Jawa Tengah;Wonogiri;Wuryantoro
Jawa Tengah;Wonogiri;Ngadirojo
Jawa Tengah;Wonogiri;Sidoharjo
Jawa Tengah;Wonogiri;Selogiri
Jawa Tengah;Wonogiri;Wonogiri
Jawa Tengah;Wonogiri;Purwantoro
Jawa Tengah;Wonogiri;Bulukerto
Jawa Tengah;Wonogiri;Jatiroto
Jawa Tengah;Wonogiri;Kismantoro
Jawa Tengah;Wonogiri;Manyaran
Jawa Tengah;Wonogiri;Slogohimo
Jawa Tengah;Wonogiri;Paranggupito
Jawa Tengah;Wonogiri;Puhpelem
Jawa Tengah;Wonogiri;Girimarto
Jawa Tengah;Wonogiri;Karangtengah
Jawa Tengah;Wonogiri;Jatisrono
Jawa Tengah;Wonogiri;Jatipurno
Jawa Tengah;Wonosobo;Mojotengah
Jawa Tengah;Wonosobo;Garung
Jawa Tengah;Wonosobo;Watumalang
Jawa Tengah;Wonosobo;Kalibawang
Jawa Tengah;Wonosobo;Kejajar
Jawa Tengah;Wonosobo;Sukoharjo
Jawa Tengah;Wonosobo;Kertek
Jawa Tengah;Wonosobo;Wonosobo
Jawa Tengah;Wonosobo;Selomerto
Jawa Tengah;Wonosobo;Kalikajar
Jawa Tengah;Wonosobo;Wadaslintang
Jawa Tengah;Wonosobo;Kaliwiro
Jawa Tengah;Wonosobo;Leksono
Jawa Tengah;Wonosobo;Kepil
Jawa Tengah;Wonosobo;Sapuran
Jawa Timur;Bangkalan;Burneh
Jawa Timur;Bangkalan;Kamal
Jawa Timur;Bangkalan;Bangkalan
Jawa Timur;Bangkalan;Socah
Jawa Timur;Bangkalan;Klampis
Jawa Timur;Bangkalan;Sepulu
Jawa Timur;Bangkalan;Arosbaya
Jawa Timur;Bangkalan;Geger
Jawa Timur;Bangkalan;Tanjung Bumi
Jawa Timur;Bangkalan;Tragah
Jawa Timur;Bangkalan;Blega
Jawa Timur;Bangkalan;Labang
Jawa Timur;Bangkalan;Tanah Merah
Jawa Timur;Bangkalan;Galis
Jawa Timur;Bangkalan;Modung
Jawa Timur;Bangkalan;Konang
Jawa Timur;Bangkalan;Kokop
Jawa Timur;Bangkalan;Kwanyar
Jawa Timur;Banyuwangi;Giri
Jawa Timur;Banyuwangi;Wongsorejo
Jawa Timur;Banyuwangi;Glagah
Jawa Timur;Banyuwangi;Banyuwangi
Jawa Timur;Banyuwangi;Songgon
Jawa Timur;Banyuwangi;Sempu
Jawa Timur;Banyuwangi;Kalipuro
Jawa Timur;Banyuwangi;Licin
Jawa Timur;Banyuwangi;Blimbingsari
Jawa Timur;Banyuwangi;Siliragung
Jawa Timur;Banyuwangi;Tegalsari
Jawa Timur;Banyuwangi;Bangorejo
Jawa Timur;Banyuwangi;Purwoharjo
Jawa Timur;Banyuwangi;Pesanggaran
Jawa Timur;Banyuwangi;Cluring
Jawa Timur;Banyuwangi;Gambiran
Jawa Timur;Banyuwangi;Tegaldlimo
Jawa Timur;Banyuwangi;Muncar
Jawa Timur;Banyuwangi;Srono
Jawa Timur;Banyuwangi;Genteng
Jawa Timur;Banyuwangi;Glenmore
Jawa Timur;Banyuwangi;Rogojampi
Jawa Timur;Banyuwangi;Kabat
Jawa Timur;Banyuwangi;Kalibaru
Jawa Timur;Banyuwangi;Singojuruh
Jawa Timur;Blitar;Kademangan
Jawa Timur;Blitar;Bakung
Jawa Timur;Blitar;Udanawu
Jawa Timur;Blitar;Srengat
Jawa Timur;Blitar;Wonotirto
Jawa Timur;Blitar;Nglegok
Jawa Timur;Blitar;Ponggok
Jawa Timur;Blitar;Sanankulon
Jawa Timur;Blitar;Wonodadi
Jawa Timur;Blitar;Gandusari
Jawa Timur;Blitar;Binangun
Jawa Timur;Blitar;Panggungrejo
Jawa Timur;Blitar;Talun
Jawa Timur;Blitar;Kesamben
Jawa Timur;Blitar;Wlingi
Jawa Timur;Blitar;Doko
Jawa Timur;Blitar;Garum
Jawa Timur;Blitar;Sutojayan
Jawa Timur;Blitar;Kanigoro
Jawa Timur;Blitar;Selopuro
Jawa Timur;Blitar;Wates
Jawa Timur;Blitar;Selorejo
Jawa Timur;Bojonegoro;Ngambon
Jawa Timur;Bojonegoro;Ngasem
Jawa Timur;Bojonegoro;Ngraho
Jawa Timur;Bojonegoro;Tambakrejo
Jawa Timur;Bojonegoro;Sugihwaras
Jawa Timur;Bojonegoro;Kedungadem
Jawa Timur;Bojonegoro;Bubulan
Jawa Timur;Bojonegoro;Dander
Jawa Timur;Bojonegoro;Kepohbaru
Jawa Timur;Bojonegoro;Baureno
Jawa Timur;Bojonegoro;Kanor
Jawa Timur;Bojonegoro;Kapas
Jawa Timur;Bojonegoro;Bojonegoro
Jawa Timur;Bojonegoro;Sumberejo
Jawa Timur;Bojonegoro;Balen
Jawa Timur;Bojonegoro;Purwosari
Jawa Timur;Bojonegoro;Padangan
Jawa Timur;Bojonegoro;Kalitidu
Jawa Timur;Bojonegoro;Malo
Jawa Timur;Bojonegoro;Temayang
Jawa Timur;Bojonegoro;Margomulyo
Jawa Timur;Bojonegoro;Kasiman
Jawa Timur;Bojonegoro;Kedewan
Jawa Timur;Bojonegoro;Gondang
Jawa Timur;Bojonegoro;Trucuk
Jawa Timur;Bojonegoro;Sukosewu
Jawa Timur;Bojonegoro;Sekar
Jawa Timur;Bojonegoro;Gayam
Jawa Timur;Bondowoso;Tlogosari
Jawa Timur;Bondowoso;Sukosari
Jawa Timur;Bondowoso;Maesan
Jawa Timur;Bondowoso;Tamanan
Jawa Timur;Bondowoso;Curahdami
Jawa Timur;Bondowoso;Tenggarang
Jawa Timur;Bondowoso;Pujer
Jawa Timur;Bondowoso;Grujugan
Jawa Timur;Bondowoso;Wonosari
Jawa Timur;Bondowoso;Tapen
Jawa Timur;Bondowoso;Bondowoso
Jawa Timur;Bondowoso;Klabang
Jawa Timur;Bondowoso;Cermee
Jawa Timur;Bondowoso;Wringin
Jawa Timur;Bondowoso;Tegalampel
Jawa Timur;Bondowoso;Sumberwringin
Jawa Timur;Bondowoso;Sempol
Jawa Timur;Bondowoso;Prajekan
Jawa Timur;Bondowoso;Pakem
Jawa Timur;Bondowoso;Taman Krocok
Jawa Timur;Bondowoso;Botolinggo
Jawa Timur;Bondowoso;Binakal
Jawa Timur;Bondowoso;Jambesari Darus Sholah
Jawa Timur;Gresik;Balongpanggang
Jawa Timur;Gresik;Panceng
Jawa Timur;Gresik;Dukun
Jawa Timur;Gresik;Wringinanom
Jawa Timur;Gresik;Ujungpangkah
Jawa Timur;Gresik;Benjeng
Jawa Timur;Gresik;Duduksampeyan
Jawa Timur;Gresik;Kedamean
Jawa Timur;Gresik;Sidayu
Jawa Timur;Gresik;Menganti
Jawa Timur;Gresik;Kebomas
Jawa Timur;Gresik;Cerme
Jawa Timur;Gresik;Bungah
Jawa Timur;Gresik;Sangkapura
Jawa Timur;Gresik;Tambak
Jawa Timur;Gresik;Driyorejo
Jawa Timur;Gresik;Gresik
Jawa Timur;Gresik;Manyar
Jawa Timur;Jember;Silo
Jawa Timur;Jember;Sumberjambe
Jawa Timur;Jember;Puger
Jawa Timur;Jember;Bangsalsari
Jawa Timur;Jember;Tanggul
Jawa Timur;Jember;Semboro
Jawa Timur;Jember;Jombang
Jawa Timur;Jember;Gumukmas
Jawa Timur;Jember;Umbulsari
Jawa Timur;Jember;Kencong
Jawa Timur;Jember;Sumberbaru
Jawa Timur;Jember;Kaliwates
Jawa Timur;Jember;Ajung
Jawa Timur;Jember;Tempurejo
Jawa Timur;Jember;Wuluhan
Jawa Timur;Jember;Ambulu
Jawa Timur;Jember;Balung
Jawa Timur;Jember;Sukorambi
Jawa Timur;Jember;Jenggawah
Jawa Timur;Jember;Rambipuji
Jawa Timur;Jember;Panti
Jawa Timur;Jember;Ledokombo
Jawa Timur;Jember;Sukowono
Jawa Timur;Jember;Arjasa
Jawa Timur;Jember;Mumbulsari
Jawa Timur;Jember;Patrang
Jawa Timur;Jember;Sumbersari
Jawa Timur;Jember;Mayang
Jawa Timur;Jember;Kalisat
Jawa Timur;Jember;Pakusari
Jawa Timur;Jember;Jelbuk
Jawa Timur;Jombang;Kabuh
Jawa Timur;Jombang;Kudu
Jawa Timur;Jombang;Ploso
Jawa Timur;Jombang;Plandaan
Jawa Timur;Jombang;Bandarkedungmulyo
Jawa Timur;Jombang;Jogoroto
Jawa Timur;Jombang;Kesamben
Jawa Timur;Jombang;Tembelang
Jawa Timur;Jombang;Peterongan
Jawa Timur;Jombang;Sumobito
Jawa Timur;Jombang;Megaluh
Jawa Timur;Jombang;Ngusikan
Jawa Timur;Jombang;Wonosalam
Jawa Timur;Jombang;Mojoagung
Jawa Timur;Jombang;Ngoro
Jawa Timur;Jombang;Bareng
Jawa Timur;Jombang;Jombang
Jawa Timur;Jombang;Mojowarno
Jawa Timur;Jombang;Diwek
Jawa Timur;Jombang;Perak
Jawa Timur;Jombang;Gudo
Jawa Timur;Kediri;Kandat
Jawa Timur;Kediri;Wates
Jawa Timur;Kediri;Kras
Jawa Timur;Kediri;Ngadiluwih
Jawa Timur;Kediri;Plosoklaten
Jawa Timur;Kediri;Ngancar
Jawa Timur;Kediri;Puncu
Jawa Timur;Kediri;Semen
Jawa Timur;Kediri;Mojo
Jawa Timur;Kediri;Plemahan
Jawa Timur;Kediri;Pare
Jawa Timur;Kediri;Papar
Jawa Timur;Kediri;Purwoasri
Jawa Timur;Kediri;Kepung
Jawa Timur;Kediri;Kandangan
Jawa Timur;Kediri;Gampengrejo
Jawa Timur;Kediri;Grogol
Jawa Timur;Kediri;Gurah
Jawa Timur;Kediri;Pagu
Jawa Timur;Kediri;Ngasem
Jawa Timur;Kediri;Badas
Jawa Timur;Kediri;Tarokan
Jawa Timur;Kediri;Ringinrejo
Jawa Timur;Kediri;Kayen Kidul
Jawa Timur;Kediri;Kunjang
Jawa Timur;Kediri;Banyakan
Jawa Timur;Kota Batu;Batu
Jawa Timur;Kota Batu;Bumiaji
Jawa Timur;Kota Batu;Junrejo
Jawa Timur;Kota Blitar;Sukorejo
Jawa Timur;Kota Blitar;Sananwetan
Jawa Timur;Kota Blitar;Kepanjenkidul
Jawa Timur;Kota Kediri;Mojoroto
Jawa Timur;Kota Kediri;Kota
Jawa Timur;Kota Kediri;Pesantren
Jawa Timur;Kota Madiun;Taman
Jawa Timur;Kota Madiun;Kartoharjo
Jawa Timur;Kota Madiun;Manguharjo
Jawa Timur;Kota Malang;Kedungkandang
Jawa Timur;Kota Malang;Sukun
Jawa Timur;Kota Malang;Blimbing
Jawa Timur;Kota Malang;Klojen
Jawa Timur;Kota Malang;Lowokwaru
Jawa Timur;Kota Mojokerto;Magersari
Jawa Timur;Kota Mojokerto;Kranggan
Jawa Timur;Kota Mojokerto;Prajuritkulon
Jawa Timur;Kota Pasuruan;Gadingrejo
Jawa Timur;Kota Pasuruan;Purworejo
Jawa Timur;Kota Pasuruan;Bugul Kidul
Jawa Timur;Kota Pasuruan;Panggungrejo
Jawa Timur;Kota Probolinggo;Kademangan
Jawa Timur;Kota Probolinggo;Kanigaran
Jawa Timur;Kota Probolinggo;Kedopok
Jawa Timur;Kota Probolinggo;Wonoasih
Jawa Timur;Kota Probolinggo;Mayangan
Jawa Timur;Kota Surabaya;Benowo
Jawa Timur;Kota Surabaya;Kenjeran
Jawa Timur;Kota Surabaya;Lakarsantri
Jawa Timur;Kota Surabaya;Gayungan
Jawa Timur;Kota Surabaya;Jambangan
Jawa Timur;Kota Surabaya;Wiyung
Jawa Timur;Kota Surabaya;Dukuh Pakis
Jawa Timur;Kota Surabaya;Mulyorejo
Jawa Timur;Kota Surabaya;Sukomanunggal
Jawa Timur;Kota Surabaya;Tenggilis Mejoyo
Jawa Timur;Kota Surabaya;Gunung Anyar
Jawa Timur;Kota Surabaya;Asem Rowo
Jawa Timur;Kota Surabaya;Bulak
Jawa Timur;Kota Surabaya;Sambikerep
Jawa Timur;Kota Surabaya;Pakal
Jawa Timur;Kota Surabaya;Karang Pilang
Jawa Timur;Kota Surabaya;Wonokromo
Jawa Timur;Kota Surabaya;Tegalsari
Jawa Timur;Kota Surabaya;Wonocolo
Jawa Timur;Kota Surabaya;Rungkut
Jawa Timur;Kota Surabaya;Gubeng
Jawa Timur;Kota Surabaya;Sukolilo
Jawa Timur;Kota Surabaya;Sawahan
Jawa Timur;Kota Surabaya;Genteng
Jawa Timur;Kota Surabaya;Simokerto
Jawa Timur;Kota Surabaya;Pabean Cantian
Jawa Timur;Kota Surabaya;Tambaksari
Jawa Timur;Kota Surabaya;Krembangan
Jawa Timur;Kota Surabaya;Semampir
Jawa Timur;Kota Surabaya;Bubutan
Jawa Timur;Kota Surabaya;Tandes
Jawa Timur;Lamongan;Karanggeneng
Jawa Timur;Lamongan;Kembangbahu
Jawa Timur;Lamongan;Tikung
Jawa Timur;Lamongan;Karangbinangun
Jawa Timur;Lamongan;Turi
Jawa Timur;Lamongan;Lamongan
Jawa Timur;Lamongan;Sarirejo
Jawa Timur;Lamongan;Deket
Jawa Timur;Lamongan;Glagah
Jawa Timur;Lamongan;Kalitengah
Jawa Timur;Lamongan;Sukorame
Jawa Timur;Lamongan;Bluluk
Jawa Timur;Lamongan;Babat
Jawa Timur;Lamongan;Kedungpring
Jawa Timur;Lamongan;Modo
Jawa Timur;Lamongan;Ngimbang
Jawa Timur;Lamongan;Sekaran
Jawa Timur;Lamongan;Brondong
Jawa Timur;Lamongan;Laren
Jawa Timur;Lamongan;Sugio
Jawa Timur;Lamongan;Pucuk
Jawa Timur;Lamongan;Maduran
Jawa Timur;Lamongan;Sambeng
Jawa Timur;Lamongan;Mantup
Jawa Timur;Lamongan;Sukodadi
Jawa Timur;Lamongan;Paciran
Jawa Timur;Lamongan;Solokuro
Jawa Timur;Lumajang;Yosowilangun
Jawa Timur;Lumajang;Rowokangkung
Jawa Timur;Lumajang;Tempeh
Jawa Timur;Lumajang;Kunir
Jawa Timur;Lumajang;Tekung
Jawa Timur;Lumajang;Candipuro
Jawa Timur;Lumajang;Pasirian
Jawa Timur;Lumajang;Tempursari
Jawa Timur;Lumajang;Pronojiwo
Jawa Timur;Lumajang;Randuagung
Jawa Timur;Lumajang;Klakah
Jawa Timur;Lumajang;Kedungjajang
Jawa Timur;Lumajang;Jatiroto
Jawa Timur;Lumajang;Lumajang
Jawa Timur;Lumajang;Pasrujambe
Jawa Timur;Lumajang;Padang
Jawa Timur;Lumajang;Sukodono
Jawa Timur;Lumajang;Senduro
Jawa Timur;Lumajang;Gucialit
Jawa Timur;Lumajang;Sumbersuko
Jawa Timur;Lumajang;Ranuyoso
Jawa Timur;Madiun;Wungu
Jawa Timur;Madiun;Madiun
Jawa Timur;Madiun;Kare
Jawa Timur;Madiun;Gemarang
Jawa Timur;Madiun;Jiwan
Jawa Timur;Madiun;Geger
Jawa Timur;Madiun;Dagangan
Jawa Timur;Madiun;Kebon Sari
Jawa Timur;Madiun;Dolopo
Jawa Timur;Madiun;Balerejo
Jawa Timur;Madiun;Mejayan
Jawa Timur;Madiun;Sawahan
Jawa Timur;Madiun;Wonoasri
Jawa Timur;Madiun;Saradan
Jawa Timur;Madiun;Pilangkenceng
Jawa Timur;Magetan;Poncol
Jawa Timur;Magetan;Parang
Jawa Timur;Magetan;Kawedanan
Jawa Timur;Magetan;Magetan
Jawa Timur;Magetan;Lembeyan
Jawa Timur;Magetan;Takeran
Jawa Timur;Magetan;Sukomoro
Jawa Timur;Magetan;Plaosan
Jawa Timur;Magetan;Panekan
Jawa Timur;Magetan;Barat
Jawa Timur;Magetan;Karangrejo
Jawa Timur;Magetan;Bendo
Jawa Timur;Magetan;Maospati
Jawa Timur;Magetan;Ngariboyo
Jawa Timur;Magetan;Nguntoronadi
Jawa Timur;Magetan;Karas
Jawa Timur;Magetan;Kartoharjo
Jawa Timur;Magetan;Sidorejo
Jawa Timur;Malang;Jabung
Jawa Timur;Malang;Pakis
Jawa Timur;Malang;Tajinan
Jawa Timur;Malang;Tumpang
Jawa Timur;Malang;Pakisaji
Jawa Timur;Malang;Gondanglegi
Jawa Timur;Malang;Kepanjen
Jawa Timur;Malang;Bululawang
Jawa Timur;Malang;Kalipare
Jawa Timur;Malang;Sumberpucung
Jawa Timur;Malang;Kasembon
Jawa Timur;Malang;Gedangan
Jawa Timur;Malang;Pujon
Jawa Timur;Malang;Ngantang
Jawa Timur;Malang;Ngajum
Jawa Timur;Malang;Wagir
Jawa Timur;Malang;Singosari
Jawa Timur;Malang;Lawang
Jawa Timur;Malang;Dau
Jawa Timur;Malang;Karangploso
Jawa Timur;Malang;Kromengan
Jawa Timur;Malang;Wonosari
Jawa Timur;Malang;Tirtoyudo
Jawa Timur;Malang;Pagelaran
Jawa Timur;Malang;Ampelgading
Jawa Timur;Malang;Poncokusumo
Jawa Timur;Malang;Sumbermanjing Wetan
Jawa Timur;Malang;Dampit
Jawa Timur;Malang;Wajak
Jawa Timur;Malang;Turen
Jawa Timur;Malang;Pagak
Jawa Timur;Malang;Bantur
Jawa Timur;Malang;Donomulyo
Jawa Timur;Mojokerto;Trawas
Jawa Timur;Mojokerto;Ngoro
Jawa Timur;Mojokerto;Gondang
Jawa Timur;Mojokerto;Pacet
Jawa Timur;Mojokerto;Mojosari
Jawa Timur;Mojokerto;Dlanggu
Jawa Timur;Mojokerto;Pungging
Jawa Timur;Mojokerto;Kutorejo
Jawa Timur;Mojokerto;Jatirejo
Jawa Timur;Mojokerto;Kemlagi
Jawa Timur;Mojokerto;Jetis
Jawa Timur;Mojokerto;Sooko
Jawa Timur;Mojokerto;Gedeg
Jawa Timur;Mojokerto;Dawarblandong
Jawa Timur;Mojokerto;Mojoanyar
Jawa Timur;Mojokerto;Puri
Jawa Timur;Mojokerto;Trowulan
Jawa Timur;Mojokerto;Bangsal
Jawa Timur;Nganjuk;Jatikalen
Jawa Timur;Nganjuk;Prambon
Jawa Timur;Nganjuk;Ngronggot
Jawa Timur;Nganjuk;Loceret
Jawa Timur;Nganjuk;Pace
Jawa Timur;Nganjuk;Kertosono
Jawa Timur;Nganjuk;Patianrowo
Jawa Timur;Nganjuk;Ngetos
Jawa Timur;Nganjuk;Berbek
Jawa Timur;Nganjuk;Sawahan
Jawa Timur;Nganjuk;Gondang
Jawa Timur;Nganjuk;Ngluyu
Jawa Timur;Nganjuk;Wilangan
Jawa Timur;Nganjuk;Rejoso
Jawa Timur;Nganjuk;Lengkong
Jawa Timur;Nganjuk;Baron
Jawa Timur;Nganjuk;Nganjuk
Jawa Timur;Nganjuk;Bagor
Jawa Timur;Nganjuk;Tanjunganom
Jawa Timur;Nganjuk;Sukomoro
Jawa Timur;Ngawi;Ngrambe
Jawa Timur;Ngawi;Jogorogo
Jawa Timur;Ngawi;Sine
Jawa Timur;Ngawi;Kwadungan
Jawa Timur;Ngawi;Karangjati
Jawa Timur;Ngawi;Kendal
Jawa Timur;Ngawi;Geneng
Jawa Timur;Ngawi;Padas
Jawa Timur;Ngawi;Ngawi
Jawa Timur;Ngawi;Paron
Jawa Timur;Ngawi;Mantingan
Jawa Timur;Ngawi;Pangkur
Jawa Timur;Ngawi;Kedunggalar
Jawa Timur;Ngawi;Widodaren
Jawa Timur;Ngawi;Karanganyar
Jawa Timur;Ngawi;Gerih
Jawa Timur;Ngawi;Bringin
Jawa Timur;Ngawi;Pitu
Jawa Timur;Ngawi;Kasreman
Jawa Timur;Pacitan;Donorojo
Jawa Timur;Pacitan;Pacitan
Jawa Timur;Pacitan;Kebonagung
Jawa Timur;Pacitan;Pringkuku
Jawa Timur;Pacitan;Punung
Jawa Timur;Pacitan;Bandar
Jawa Timur;Pacitan;Tegalombo
Jawa Timur;Pacitan;Arjosari
Jawa Timur;Pacitan;Nawangan
Jawa Timur;Pacitan;Ngadirojo
Jawa Timur;Pacitan;Sudimoro
Jawa Timur;Pacitan;Tulakan
Jawa Timur;Pamekasan;Proppo
Jawa Timur;Pamekasan;Palenggaan
Jawa Timur;Pamekasan;Galis
Jawa Timur;Pamekasan;Pamekasan
Jawa Timur;Pamekasan;Pakong
Jawa Timur;Pamekasan;Pegantenan
Jawa Timur;Pamekasan;Larangan
Jawa Timur;Pamekasan;Tlanakan
Jawa Timur;Pamekasan;Pademawu
Jawa Timur;Pamekasan;Kadur
Jawa Timur;Pamekasan;Pasean
Jawa Timur;Pamekasan;Waru
Jawa Timur;Pamekasan;Batumarmar
Jawa Timur;Pasuruan;Tutur
Jawa Timur;Pasuruan;Puspo
Jawa Timur;Pasuruan;Purwodadi
Jawa Timur;Pasuruan;Kejayan
Jawa Timur;Pasuruan;Wonorejo
Jawa Timur;Pasuruan;Lumbang
Jawa Timur;Pasuruan;Pasrepan
Jawa Timur;Pasuruan;Purwosari
Jawa Timur;Pasuruan;Sukorejo
Jawa Timur;Pasuruan;Beji
Jawa Timur;Pasuruan;Bangil
Jawa Timur;Pasuruan;Pandaan
Jawa Timur;Pasuruan;Gempol
Jawa Timur;Pasuruan;Pohjentrek
Jawa Timur;Pasuruan;Gondangwetan
Jawa Timur;Pasuruan;Rembang
Jawa Timur;Pasuruan;Kraton
Jawa Timur;Pasuruan;Prigen
Jawa Timur;Pasuruan;Winongan
Jawa Timur;Pasuruan;Tosari
Jawa Timur;Pasuruan;Lekok
Jawa Timur;Pasuruan;Rejoso
Jawa Timur;Pasuruan;Grati
Jawa Timur;Pasuruan;Nguling
Jawa Timur;Ponorogo;Slahung
Jawa Timur;Ponorogo;Ngrayun
Jawa Timur;Ponorogo;Sawoo
Jawa Timur;Ponorogo;Sooko
Jawa Timur;Ponorogo;Bungkal
Jawa Timur;Ponorogo;Sambit
Jawa Timur;Ponorogo;Jetis
Jawa Timur;Ponorogo;Pulung
Jawa Timur;Ponorogo;Mlarak
Jawa Timur;Ponorogo;Kauman
Jawa Timur;Ponorogo;Badegan
Jawa Timur;Ponorogo;Siman
Jawa Timur;Ponorogo;Balong
Jawa Timur;Ponorogo;Babadan
Jawa Timur;Ponorogo;Ponorogo
Jawa Timur;Ponorogo;Sampung
Jawa Timur;Ponorogo;Sukorejo
Jawa Timur;Ponorogo;Jenangan
Jawa Timur;Ponorogo;Ngebel
Jawa Timur;Ponorogo;Pudak
Jawa Timur;Ponorogo;Jambon
Jawa Timur;Probolinggo;Gading
Jawa Timur;Probolinggo;Tiris
Jawa Timur;Probolinggo;Krucil
Jawa Timur;Probolinggo;Paiton
Jawa Timur;Probolinggo;Besuk
Jawa Timur;Probolinggo;Pakuniran
Jawa Timur;Probolinggo;Kotaanyar
Jawa Timur;Probolinggo;Pejarakan
Jawa Timur;Probolinggo;Maron
Jawa Timur;Probolinggo;Kraksaan
Jawa Timur;Probolinggo;Krejengan
Jawa Timur;Probolinggo;Gending
Jawa Timur;Probolinggo;Dringu
Jawa Timur;Probolinggo;Tongas
Jawa Timur;Probolinggo;Lumbang
Jawa Timur;Probolinggo;Sumberasih
Jawa Timur;Probolinggo;Wonomerto
Jawa Timur;Probolinggo;Tegalsiwalan
Jawa Timur;Probolinggo;Sukapura
Jawa Timur;Probolinggo;Sumber
Jawa Timur;Probolinggo;Leces
Jawa Timur;Probolinggo;Banyuanyar
Jawa Timur;Probolinggo;Kuripan
Jawa Timur;Probolinggo;Bantaran
Jawa Timur;Sampang;Pangarengan
Jawa Timur;Sampang;Karangpenang
Jawa Timur;Sampang;Sokobanah
Jawa Timur;Sampang;Ketapang
Jawa Timur;Sampang;Robatal
Jawa Timur;Sampang;Camplong
Jawa Timur;Sampang;Omben
Jawa Timur;Sampang;Torjun
Jawa Timur;Sampang;Sampang
Jawa Timur;Sampang;Tambelangan
Jawa Timur;Sampang;Banyuates
Jawa Timur;Sampang;Kedungdung
Jawa Timur;Sampang;Jrengik
Jawa Timur;Sampang;Sreseh
Jawa Timur;Sidoarjo;Krembung
Jawa Timur;Sidoarjo;Porong
Jawa Timur;Sidoarjo;Tarik
Jawa Timur;Sidoarjo;Prambon
Jawa Timur;Sidoarjo;Candi
Jawa Timur;Sidoarjo;Sidoarjo
Jawa Timur;Sidoarjo;Jabon
Jawa Timur;Sidoarjo;Tanggulangin
Jawa Timur;Sidoarjo;Tulangan
Jawa Timur;Sidoarjo;Sukodono
Jawa Timur;Sidoarjo;Buduran
Jawa Timur;Sidoarjo;Balongbendo
Jawa Timur;Sidoarjo;Taman
Jawa Timur;Sidoarjo;Waru
Jawa Timur;Sidoarjo;Gedangan
Jawa Timur;Sidoarjo;Sedati
Jawa Timur;Sidoarjo;Wonoayu
Jawa Timur;Sidoarjo;Krian
Jawa Timur;Situbondo;Jatibanteng
Jawa Timur;Situbondo;Mlandingan
Jawa Timur;Situbondo;Kendit
Jawa Timur;Situbondo;Besuki
Jawa Timur;Situbondo;Suboh
Jawa Timur;Situbondo;Panji
Jawa Timur;Situbondo;Mangaran
Jawa Timur;Situbondo;Panarukan
Jawa Timur;Situbondo;Situbondo
Jawa Timur;Situbondo;Arjasa
Jawa Timur;Situbondo;Jangkar
Jawa Timur;Situbondo;Kapongan
Jawa Timur;Situbondo;Sumbermalang
Jawa Timur;Situbondo;Banyuglugur
Jawa Timur;Situbondo;Asembagus
Jawa Timur;Situbondo;Banyuputih
Jawa Timur;Situbondo;Bungatan
Jawa Timur;Sumenep;Saronggi
Jawa Timur;Sumenep;Lenteng
Jawa Timur;Sumenep;Talango
Jawa Timur;Sumenep;Bluto
Jawa Timur;Sumenep;Giliginting
Jawa Timur;Sumenep;Guluk-Guluk
Jawa Timur;Sumenep;Kalianget
Jawa Timur;Sumenep;Manding
Jawa Timur;Sumenep;Kota Sumenep
Jawa Timur;Sumenep;Batuputih
Jawa Timur;Sumenep;Dungkek
Jawa Timur;Sumenep;Rubaru
Jawa Timur;Sumenep;Batang Batang
Jawa Timur;Sumenep;Gapura
Jawa Timur;Sumenep;Ganding
Jawa Timur;Sumenep;Pasongsongan
Jawa Timur;Sumenep;Dasuk
Jawa Timur;Sumenep;Pragaan
Jawa Timur;Sumenep;Ambunten
Jawa Timur;Sumenep;Batuan
Jawa Timur;Sumenep;Kangayan
Jawa Timur;Sumenep;Gayam
Jawa Timur;Sumenep;Nonggunong
Jawa Timur;Sumenep;Arjasa
Jawa Timur;Sumenep;Sapeken
Jawa Timur;Sumenep;Ra'as
Jawa Timur;Sumenep;Masalembu
Jawa Timur;Trenggalek;Munjungan
Jawa Timur;Trenggalek;Pule
Jawa Timur;Trenggalek;Panggul
Jawa Timur;Trenggalek;Karangan
Jawa Timur;Trenggalek;Kampak
Jawa Timur;Trenggalek;Dongko
Jawa Timur;Trenggalek;Tugu
Jawa Timur;Trenggalek;Watulimo
Jawa Timur;Trenggalek;Bendungan
Jawa Timur;Trenggalek;Durenan
Jawa Timur;Trenggalek;Suruh
Jawa Timur;Trenggalek;Trenggalek
Jawa Timur;Trenggalek;Pogalan
Jawa Timur;Trenggalek;Gandusari
Jawa Timur;Tuban;Kenduruan
Jawa Timur;Tuban;Bancar
Jawa Timur;Tuban;Senori
Jawa Timur;Tuban;Jatirogo
Jawa Timur;Tuban;Bangilan
Jawa Timur;Tuban;Kerek
Jawa Timur;Tuban;Parengan
Jawa Timur;Tuban;Tambakboyo
Jawa Timur;Tuban;Singgahan
Jawa Timur;Tuban;Soko
Jawa Timur;Tuban;Jenu
Jawa Timur;Tuban;Montong
Jawa Timur;Tuban;Semanding
Jawa Timur;Tuban;Tuban
Jawa Timur;Tuban;Merakurak
Jawa Timur;Tuban;Rengel
Jawa Timur;Tuban;Widang
Jawa Timur;Tuban;Plumpang
Jawa Timur;Tuban;Palang
Jawa Timur;Tuban;Grabagan
Jawa Timur;Tulungagung;Kedungwaru
Jawa Timur;Tulungagung;Ngantru
Jawa Timur;Tulungagung;Tulungagung
Jawa Timur;Tulungagung;Boyolangu
Jawa Timur;Tulungagung;Sendang
Jawa Timur;Tulungagung;Karangrejo
Jawa Timur;Tulungagung;Kauman
Jawa Timur;Tulungagung;Pagerwojo
Jawa Timur;Tulungagung;Gondang
Jawa Timur;Tulungagung;Kalidawir
Jawa Timur;Tulungagung;Besuki
Jawa Timur;Tulungagung;Pucanglaban
Jawa Timur;Tulungagung;Rejotangan
Jawa Timur;Tulungagung;Pakel
Jawa Timur;Tulungagung;Tanggunggunung
Jawa Timur;Tulungagung;Campurdarat
Jawa Timur;Tulungagung;Bandung
Jawa Timur;Tulungagung;Sumbergempol
Jawa Timur;Tulungagung;Ngunut
Daerah Istimewa Yogyakarta;Bantul;Sanden
Daerah Istimewa Yogyakarta;Bantul;Kretek
Daerah Istimewa Yogyakarta;Bantul;Srandakan
Daerah Istimewa Yogyakarta;Bantul;Pandak
Daerah Istimewa Yogyakarta;Bantul;Pajangan
Daerah Istimewa Yogyakarta;Bantul;Pundong
Daerah Istimewa Yogyakarta;Bantul;Bambanglipuro
Daerah Istimewa Yogyakarta;Bantul;Bantul
Daerah Istimewa Yogyakarta;Bantul;Jetis
Daerah Istimewa Yogyakarta;Bantul;Pleret
Daerah Istimewa Yogyakarta;Bantul;Piyungan
Daerah Istimewa Yogyakarta;Bantul;Dlingo
Daerah Istimewa Yogyakarta;Bantul;Banguntapan
Daerah Istimewa Yogyakarta;Bantul;Sedayu
Daerah Istimewa Yogyakarta;Bantul;Sewon
Daerah Istimewa Yogyakarta;Bantul;Kasihan
Daerah Istimewa Yogyakarta;Bantul;Imogiri
Daerah Istimewa Yogyakarta;Gunungkidul;Playen
Daerah Istimewa Yogyakarta;Gunungkidul;Patuk
Daerah Istimewa Yogyakarta;Gunungkidul;Wonosari
Daerah Istimewa Yogyakarta;Gunungkidul;Nglipar
Daerah Istimewa Yogyakarta;Gunungkidul;Tepus
Daerah Istimewa Yogyakarta;Gunungkidul;Semanu
Daerah Istimewa Yogyakarta;Gunungkidul;Paliyan
Daerah Istimewa Yogyakarta;Gunungkidul;Panggang
Daerah Istimewa Yogyakarta;Gunungkidul;Karangmojo
Daerah Istimewa Yogyakarta;Gunungkidul;Gedangsari
Daerah Istimewa Yogyakarta;Gunungkidul;Saptosari
Daerah Istimewa Yogyakarta;Gunungkidul;Semin
Daerah Istimewa Yogyakarta;Gunungkidul;Ngawen
Daerah Istimewa Yogyakarta;Gunungkidul;Purwosari
Daerah Istimewa Yogyakarta;Gunungkidul;Girisubo
Daerah Istimewa Yogyakarta;Gunungkidul;Tanjungsari
Daerah Istimewa Yogyakarta;Gunungkidul;Ponjong
Daerah Istimewa Yogyakarta;Gunungkidul;Rongkop
Daerah Istimewa Yogyakarta;Kota Yogyakarta;Mantrijeron
Daerah Istimewa Yogyakarta;Kota Yogyakarta;Kraton
Daerah Istimewa Yogyakarta;Kota Yogyakarta;Jetis
Daerah Istimewa Yogyakarta;Kota Yogyakarta;Gondokusuman
Daerah Istimewa Yogyakarta;Kota Yogyakarta;Tegalrejo
Daerah Istimewa Yogyakarta;Kota Yogyakarta;Ngampilan
Daerah Istimewa Yogyakarta;Kota Yogyakarta;Wirobrajan
Daerah Istimewa Yogyakarta;Kota Yogyakarta;Danurejan
Daerah Istimewa Yogyakarta;Kota Yogyakarta;Gedongtengen
Daerah Istimewa Yogyakarta;Kota Yogyakarta;Gondomanan
Daerah Istimewa Yogyakarta;Kota Yogyakarta;Umbulharjo
Daerah Istimewa Yogyakarta;Kota Yogyakarta;Kotagede
Daerah Istimewa Yogyakarta;Kota Yogyakarta;Pakualaman
Daerah Istimewa Yogyakarta;Kota Yogyakarta;Mergangsan
Daerah Istimewa Yogyakarta;Kulon Progo;Temon
Daerah Istimewa Yogyakarta;Kulon Progo;Wates
Daerah Istimewa Yogyakarta;Kulon Progo;Lendah
Daerah Istimewa Yogyakarta;Kulon Progo;Sentolo
Daerah Istimewa Yogyakarta;Kulon Progo;Panjatan
Daerah Istimewa Yogyakarta;Kulon Progo;Galur
Daerah Istimewa Yogyakarta;Kulon Progo;Girimulyo
Daerah Istimewa Yogyakarta;Kulon Progo;Pengasih
Daerah Istimewa Yogyakarta;Kulon Progo;Kokap
Daerah Istimewa Yogyakarta;Kulon Progo;Kalibawang
Daerah Istimewa Yogyakarta;Kulon Progo;Nanggulan
Daerah Istimewa Yogyakarta;Kulon Progo;Samigaluh
Daerah Istimewa Yogyakarta;Sleman;Minggir
Daerah Istimewa Yogyakarta;Sleman;Seyegan
Daerah Istimewa Yogyakarta;Sleman;Godean
Daerah Istimewa Yogyakarta;Sleman;Moyudan
Daerah Istimewa Yogyakarta;Sleman;Berbah
Daerah Istimewa Yogyakarta;Sleman;Prambanan
Daerah Istimewa Yogyakarta;Sleman;Mlati
Daerah Istimewa Yogyakarta;Sleman;Depok
Daerah Istimewa Yogyakarta;Sleman;Gamping
Daerah Istimewa Yogyakarta;Sleman;Turi
Daerah Istimewa Yogyakarta;Sleman;Pakem
Daerah Istimewa Yogyakarta;Sleman;Sleman
Daerah Istimewa Yogyakarta;Sleman;Tempel
Daerah Istimewa Yogyakarta;Sleman;Cangkringan
Daerah Istimewa Yogyakarta;Sleman;Ngemplak
Daerah Istimewa Yogyakarta;Sleman;Ngaglik
Daerah Istimewa Yogyakarta;Sleman;Kalasan
