No SPPG;Nama SPPG;Alamat SPPG;Provinsi SPPG;Kabupaten/Kota SPPG;Kecamatan SPPG;_sumber;link
2;SPPG WOYLA TIMUR PASI JANENG;SPPG Woyla Timur Pasi Janeng, Pasi Janeng, Kec. Woyla Tim., Kabupaten Aceh Barat, Aceh 23654;Aceh;Aceh Barat;Woyla Timur;T3 alamat fuzzy;https://www.google.com/maps/place/SPPG+Woyla+Timur+Pasi+Janeng/data=!4m7!3m6!1s0x303f1f005dd8223d:0xa10b040477bcf6d1!8m2!3d4.4492239!4d96.0532275!16s%2Fg%2F11njhd_kl5!19sChIJPSLYXQAfPzAR0fa8dwQEC6E?authuser=0&hl=id&g_ep=EgoyMDI2MDkxNi4wIJJjKgBIAVAD&rclk=1
5;SPPG PANTE CEUREUMEN;SPPG PANTE CEUREUMEN, Pante Ceureumen, Kec. Pantai Ceuremen, Kabupaten Aceh Barat, Aceh 23681;Aceh;Aceh Barat;Pante Ceureumen;T4 nama file;https://www.google.com/maps/place/SPPG+PANTE+CEUREUMEN/@4.4148846,96.294583,17z/data=!3m1!4b1!4m6!3m5!1s0x303f29005aef801f:0x91ee474114806592!8m2!3d4.4148846!4d96.294583!16s%2Fg%2F11zcrl6v6g?hl=id&entry=ttu&g_ep=EgoyMDI2MDkxNi4wIKXMDSoASAFQAw%3D%3D
6;SPPG ACEH BARAT MEUREUBO LANGUNG;JL. Nasional Meulaboh No.1105, Tapak Tuan, Langung, Meureubo, West Aceh Regency, Aceh 23615;Aceh;Aceh Barat;Meureubo;T4 nama file;https://www.google.com/maps/place/SPPG+ACEH+BARAT+MEUREUBO+LANGUNG/@4.1384868,96.163921,17z/data=!3m1!4b1!4m6!3m5!1s0x303ec56b0fd2e22d:0xee00bf48fee0c659!8m2!3d4.1384868!4d96.163921!16s%2Fg%2F11mlbbmp42?hl=id&entry=ttu&g_ep=EgoyMDI2MDkxNi4wIKXMDSoASAFQAw%3D%3D
15;SATUAN PELAYANAN PEMENUHAN GIZI (SPPG) ATJEH MAKMU BEUSARE;Jl. Ikhlas No.7, Lam Bheu, Darul Imarah, Aceh Besar Regency, Aceh 23233;Aceh;Aceh Barat;Sungai Mas;T4 nama file;https://www.google.com/maps/place/Satuan+Pelayanan+Pemenuhan+Gizi+%28SPPG%29+Atjeh+Makmu+Beusare/data=!4m7!3m6!1s0x30403b003bc5d90d:0x135819ee1bb408f4!8m2!3d5.5152946!4d95.3019266!16s%2Fg%2F11ybv825p0!19sChIJDdnFOwA7QDAR9Ai0G-4ZWBM?authuser=0&hl=id&g_ep=EgoyMDI2MDkxNi4wIJJjKgBIAVAD&rclk=1
22;SPPG ACEH UTARA T JAMBOE AYE TANJONG ARA 2;SPPG ACEH UTARA T JAMBOE AYE TANJONG ARA 2, Tj. Ara, Kec. Tanah Jambo Aye, Kabupaten Aceh Utara, Aceh 24394;Aceh;Aceh Barat;Panton Reu;T4 nama file;https://www.google.com/maps/place/SPPG+ACEH+UTARA+T+JAMBOE+AYE+TANJONG+ARA+2/data=!4m7!3m6!1s0x3047f5007d0730c1:0x6edcbb707b4f05f1!8m2!3d5.0965432!4d97.4664307!16s%2Fg%2F11npylh3xy!19sChIJwTAHfQD1RzAR8QVPe3C73G4?authuser=0&hl=id&g_ep=EgoyMDI2MDkxNi4wIJJjKgBIAVAD&rclk=1
29;KOMPLEK SIGUPAI;Komplek Sigupai, Unnamed Road, Geulumpang Payong, Kecamaten Blang Pidie, Kabupaten Aceh Barat Daya, Aceh 23764;Aceh;Aceh Barat Daya;Blang Pidie;T4 nama file;https://www.google.com/maps/place/Komplek+Sigupai/data=!4m7!3m6!1s0x3039630d1ebe016b:0x753f385c6aeea2d0!8m2!3d3.7374835!4d96.8401393!16s%2Fg%2F11h53q2hbd!19sChIJawG-Hg1jOTAR0KLualw4P3U?authuser=0&hl=id&g_ep=EgoyMDI2MDkxNi4wIJJjKgBIAVAD&rclk=1
30;SPPG BLANG RAYA;SPPG BLANG RAYA, Dayah Bubue, Peukan Baro, Pidie Regency, Aceh 24151;Aceh;Aceh Barat Daya;Blang Pidie;T4 nama file;https://www.google.com/maps/place/SPPG+BLANG+RAYA/data=!4m7!3m6!1s0x3040930004b2b845:0xf7ea27214df78395!8m2!3d5.3049875!4d95.9645156!16s%2Fg%2F11yw71dtvx!19sChIJRbiyBACTQDARlYP3TSEn6vc?authuser=0&hl=id&g_ep=EgoyMDI2MDkxNi4wIJJjKgBIAVAD&rclk=1
32;SPPG - AR RUHUL JADID - SUSOH;SPPG - AR RUHUL JADID - SUSOH, Geulumpang Payong, Kecamaten Blang Pidie, Kabupaten Aceh Barat Daya, Aceh 23763;Aceh;Aceh Barat Daya;Blang Pidie;T4 nama file;https://www.google.com/maps/place/SPPG+-+AR+RUHUL+JADID+-+SUSOH/data=!4m7!3m6!1s0x303963003d7ad719:0x678dbc542d33ec22!8m2!3d3.7341216!4d96.8408744!16s%2Fg%2F11yc3mmv7b!19sChIJGdd6PQBjOTARIuwzLVS8jWc?authuser=0&hl=id&g_ep=EgoyMDI2MDkxNi4wIJJjKgBIAVAD&rclk=1
44;SPPG LEUPUNG BALEU;SPPG LEUPUNG BALEU, Leupung Baleu, Kec. Kuta Cot Glie, Kabupaten Aceh Besar, Aceh 23363;Aceh;Aceh Besar;Kota Cot Glie;T3 alamat fuzzy;https://www.google.com/maps/place/SPPG+LEUPUNG+BALEU/data=!4m7!3m6!1s0x304043003314e5c3:0xea4ef0a7891d1b79!8m2!3d5.3993643!4d95.4812748!16s%2Fg%2F11njm9w0rd!19sChIJw-UUMwBDQDAReRsdiafwTuo?authuser=0&hl=id&g_ep=EgoyMDI2MDkxNi4wIJJjKgBIAVAD&rclk=1
50;SPPG BABAH JURONG;Babah Jurong, kutabaro, Kabupaten Aceh Besar, Aceh 24415;Aceh;Aceh Besar;Blang Bintang;T4 nama file;https://www.google.com/maps/place/SPPG+BABAH+JURONG/data=!4m7!3m6!1s0x3040399931fecacf:0x329756852fa22ac7!8m2!3d5.5322547!4d95.3813375!16s%2Fg%2F11yl18lq6d!19sChIJz8r-MZk5QDARxyqiL4VWlzI?authuser=0&hl=id&g_ep=EgoyMDI2MDkxNi4wIJJjKgBIAVAD&rclk=1
51;SPPG LINGOM, INDRAPURI;Lingom, Indrapuri, saan, ang bahayAceh, Aceh Besar Regency, Aceh 23352;Aceh;Aceh Besar;Blang Bintang;T4 nama file;https://www.google.com/maps/place/SPPG+LINGOM,+INDRAPURI/data=!4m7!3m6!1s0x304041002cf00649:0x254521dd5a2ecc2c!8m2!3d5.4400875!4d95.4154219!16s%2Fg%2F11yk2lrfvs!19sChIJSQbwLABBQDARLMwuWt0hRSU?authuser=0&hl=id&g_ep=EgoyMDI2MDkxNi4wIJJjKgBIAVAD&rclk=1
57;SPPG LEUNGAH;SPPG LEUNGAH, Leungah, Seulimeum, Aceh Besar Regency, Aceh;Aceh;Aceh Besar;Blang Bintang;T4 nama file;https://www.google.com/maps/place/SPPG+LEUNGAH/data=!4m7!3m6!1s0x304057001619492f:0x506fc7d833a07b2b!8m2!3d5.5761131!4d95.7092711!16s%2Fg%2F11n3kzrf96!19sChIJL0kZFgBXQDARK3ugM9jHb1A?authuser=0&hl=id&g_ep=EgoyMDI2MDkxNi4wIJJjKgBIAVAD&rclk=1
77;SPPG CAHAYA PEMBANGUNAN NUSANTARA;SPPG Cahaya Pembangunan Nusantara, Jl. Wedana, Lampuot, Banda Raya, Banda Aceh City, Aceh 23238;Aceh;Aceh Besar;Darul Imarah;T4 nama file;https://www.google.com/maps/place/SPPG+Cahaya+Pembangunan+Nusantara/data=!4m7!3m6!1s0x3040390da60e4191:0x804b9b4f932000ec!8m2!3d5.5235096!4d95.3120145!16s%2Fg%2F11z590f8rv!19sChIJkUEOpg05QDAR7AAgk0-bS4A?authuser=0&hl=id&g_ep=EgoyMDI2MDkxNi4wIJJjKgBIAVAD&rclk=1
81;SPPG BANDA ACEH KUTA ALAM MULIA 2;Jl. Teungku Di Blang No.Kel, Mulia, Kuta Alam, Banda Aceh City, Aceh 23123;Aceh;Aceh Besar;Peukan Bada;T4 nama file;https://www.google.com/maps/place/SPPG+Banda+Aceh+Kuta+Alam+Mulia+2/data=!4m7!3m6!1s0x304037052d3faa85:0xbaec80c0339f008e!8m2!3d5.5669772!4d95.3272282!16s%2Fg%2F11zb9k2l3v!19sChIJhao_LQU3QDARjgCfM8CA7Lo?authuser=0&hl=id&g_ep=EgoyMDI2MDkxNi4wIJJjKgBIAVAD&rclk=1
83;SPPG BAITURRAHMAN SUKARAMAI;Sukaramai, Baiturrahman, Banda Aceh City, Aceh 23116;Aceh;Aceh Besar;Peukan Bada;T4 nama file;https://www.google.com/maps/place/SPPG+Baiturrahman+Sukaramai/data=!4m7!3m6!1s0x30403700100950dd:0xc36a3f33c729daca!8m2!3d5.5458109!4d95.312943!16s%2Fg%2F11zcgrf3hx!19sChIJ3VAJEAA3QDARytopxzM_asM?authuser=0&hl=id&g_ep=EgoyMDI2MDkxNi4wIJJjKgBIAVAD&rclk=1
87;SPPG CEURIH;SPPG CEURIH, Jl. Lamgapang, Ceurih, Ulee Kareng, Banda Aceh City, Aceh 24411;Aceh;Aceh Besar;Mesjid Raya;T4 nama file;https://www.google.com/maps/place/SPPG+CEURIH/data=!4m7!3m6!1s0x304037007ce862af:0x5bb9262ead14bf25!8m2!3d5.551208!4d95.357347!16s%2Fg%2F11z145b43j!19sChIJr2LofAA3QDARJb8UrS4muVs?authuser=0&hl=id&g_ep=EgoyMDI2MDkxNi4wIJJjKgBIAVAD&rclk=1
97;SPPG ACEH BESAR KUTA MALAKA TUMBO BARO;Jl. Medan - Banda Aceh, Tumbo Baro, Kuta Malaka, Aceh Besar Regency, Aceh 23373;Aceh;Aceh Besar;Kota Cot Glie;T4 nama file;https://www.google.com/maps/place/SPPG+ACEH+BESAR+KUTA+MALAKA+TUMBO+BARO/data=!4m7!3m6!1s0x3040410001e99f7d:0x78db4ddce35ca1f4!8m2!3d5.4363129!4d95.4062739!16s%2Fg%2F11z95x97bh!19sChIJfZ_pAQBBQDAR9KFc49xN23g?authuser=0&hl=id&g_ep=EgoyMDI2MDkxNi4wIJJjKgBIAVAD&rclk=1
100;SPPG LAMPAKU;SPPG LAMPAKU, Pasar Lampaku, Kuta Cot Glie, Aceh Besar Regency, Aceh 23372;Aceh;Aceh Besar;Kota Cot Glie;T4 nama file;https://www.google.com/maps/place/SPPG+LAMPAKU/data=!4m7!3m6!1s0x304043002d707ded:0xbaaf74d93dda7606!8m2!3d5.3816231!4d95.5198799!16s%2Fg%2F11mt55s0jq!19sChIJ7X1wLQBDQDARBnbaPdl0r7o?authuser=0&hl=id&g_ep=EgoyMDI2MDkxNi4wIJJjKgBIAVAD&rclk=1
105;SPPG LHOK TIMON;SPPG LHOK TIMON, Lhok Timon, Kec. Setia Bakti, Kabupaten Aceh Jaya, Aceh 23655;Aceh;Aceh Jaya;Setia Bhakti;T3 alamat fuzzy;https://www.google.com/maps/place/SPPG+LHOK+TIMON/data=!4m7!3m6!1s0x303fbd00496256fd:0x2d36e99153541889!8m2!3d4.6701348!4d95.5430327!16s%2Fg%2F11zkx56mt1!19sChIJ_VZiSQC9PzARiRhUU5HpNi0?authuser=0&hl=id&g_ep=EgoyMDI2MDkyMi4wIJJjKgBIAVAD&rclk=1
107;DAPUR SPPG MARGAASIH;Dapur SPPG Margaasih, Jl. Cicukang Mekar Raya, Rahayu, Margaasih, Bandung Regency, West Java 40218;Aceh;Aceh Jaya;Setia Bhakti;T4 nama file;https://www.google.com/maps/place/Dapur+SPPG+Margaasih/data=!4m7!3m6!1s0x2e68ef005f25be9d:0x263e8e0d09135643!8m2!3d-6.9739175!4d107.5497784!16s%2Fg%2F11z5bgxw4v!19sChIJnb4lXwDvaC4RQ1YTCQ2OPiY?authuser=0&hl=id&g_ep=EgoyMDI2MDkyMi4wIJJjKgBIAVAD&rclk=1
122;SPPG BAKONGAN TIMUR, SAWAH TINGKEUM;SPPG Bakongan Timur, Sawah Tingkeum, Sawah Tingkeum, Bakongan Tim., Kabupaten Aceh Selatan, Aceh 23773;Aceh;Aceh Selatan;Kluet Timur;T4 nama file;https://www.google.com/maps/place/SPPG+Bakongan+Timur,+Sawah+Tingkeum/data=!4m7!3m6!1s0x303a910068949ae7:0x50e3f7cd0eaced8c!8m2!3d2.9018042!4d97.5551902!16s%2Fg%2F11z77gc3yj!19sChIJ55qUaACROjARjO2sDs3341A?authuser=0&hl=id&g_ep=EgoyMDI2MDkyMi4wIJJjKgBIAVAD&rclk=1
123;SPPG LABUHANHAJI TIMUR;Sppg labuhanhaji timur, Jl. Sawang Indah, Keumumu Hilir, Kec. Labuhan H. Tim., Kabupaten Aceh Selatan, Aceh 23761;Aceh;Aceh Selatan;Labuhan Haji Timur;T4 nama file;https://www.google.com/maps/place/Sppg+labuhanhaji+timur/data=!4m7!3m6!1s0x303bcd00052f5e27:0x1d0a9191380cdbaa!8m2!3d3.5293149!4d97.0079369!16s%2Fg%2F11n3y_qnks!19sChIJJ14vBQDNOzARqtsMOJGRCh0?authuser=0&hl=id&g_ep=EgoyMDI2MDkyMy4wIJJjKgBIAVAD&rclk=1
124;SPPG ACEH SELATAN LABUHANHAJI TENGAH BARU;SPPG Aceh Selatan Labuhanhaji Tengah Baru, Hulu Pisang, Labuhan Haji Barat, South Aceh Regency, Aceh 23762;Aceh;Aceh Selatan;Labuhan Haji Timur;T4 nama file;https://www.google.com/maps/place/SPPG+Aceh+Selatan+Labuhanhaji+Tengah+Baru/data=!4m7!3m6!1s0x303bd10002bbe485:0xf2fa4ce0eaada5f!8m2!3d3.5648576!4d96.9872202!16s%2Fg%2F11yxlh434k!19sChIJheS7AgDROzARX9qqDs6kLw8?authuser=0&hl=id&g_ep=EgoyMDI2MDkyMy4wIJJjKgBIAVAD&rclk=1
125;KANTOR SPPG LABUHANHAJI TIMUR;Kantor sppg labuhanhaji timur, Jl. Sawang Indah, Keumumu Hilir, Kec. Labuhan H. Tim., Kabupaten Aceh Selatan, Aceh 23761;Aceh;Aceh Selatan;Labuhan Haji Timur;T4 nama file;https://www.google.com/maps/place/Kantor+sppg+labuhanhaji+timur/data=!4m7!3m6!1s0x303bcd0050a2836b:0x3f69ad2293cc339!8m2!3d3.5293407!4d97.0078984!16s%2Fg%2F11y_rzw2h0!19sChIJa4OiUADNOzAROcM8KdKa9gM?authuser=0&hl=id&g_ep=EgoyMDI2MDkyMy4wIJJjKgBIAVAD&rclk=1
126;SPPG KUTA TRIENG LABUHAN HAJI BARAT;SPPG Kuta trieng Labuhan haji barat, Kuta Trieng, Kec. Labuhan H. Bar., Kabupaten Aceh Selatan, Aceh 23762;Aceh;Aceh Selatan;Labuhan Haji Barat;T4 nama file;https://www.google.com/maps/place/SPPG+Kuta+trieng+Labuhan+haji+barat/data=!4m7!3m6!1s0x303bd100184ac95f:0x10dd2a7680790997!8m2!3d3.5834213!4d96.9671992!16s%2Fg%2F11xyhbqdv6!19sChIJX8lKGADROzARlwl5gHYq3RA?authuser=0&hl=id&g_ep=EgoyMDI2MDkyMi4wIJJjKgBIAVAD&rclk=1
127;SPPG LABUHAN HAJI BARAT TUTONG;SPPG Labuhan Haji Barat Tutong, Jl. Meulaboh - Tapaktuan, Tutong, Kec. Labuhan H. Bar., Kabupaten Aceh Selatan, Aceh 23757;Aceh;Aceh Selatan;Labuhan Haji Barat;T4 nama file;https://www.google.com/maps/place/SPPG+Labuhan+Haji+Barat+Tutong/data=!4m7!3m6!1s0x303bd10065f6e595:0xe48f1deaddc222e2!8m2!3d3.5692649!4d96.9826394!16s%2Fg%2F11z7j226gp!19sChIJleX2ZQDROzAR4iLC3eodj-Q?authuser=0&hl=id&g_ep=EgoyMDI2MDkyMi4wIJJjKgBIAVAD&rclk=1
129;SPPG ACEH SELATAN PASIE RAJA UJUNG PADANG ASAHAN;Sppg aceh selatan pasie raja ujung padang asahan, Ujung Padang Asahan, Kec. Pasie Raja, Kabupaten Aceh Selatan, Aceh 23771;Aceh;Aceh Selatan;Pasi Raja;T3 alamat fuzzy;https://www.google.com/maps/place/Sppg+aceh+selatan+pasie+raja+ujung+padang+asahan/@3.1363756,97.3108991,17z/data=!3m1!4b1!4m6!3m5!1s0x303a59004e805a89:0x2f1583ed9d6b3e27!8m2!3d3.1363756!4d97.3108991!16s%2Fg%2F11z77b8n1k?hl=id&entry=ttu&g_ep=EgoyMDI2MDkyMi4wIKXMDSoASAFQAw%3D%3D
136;PULAU BANYAK TRAVEL;Jalan Iskandar Muda No.4, Pulau Balai, Pulau Banyak, Kabupaten Aceh Singkil, Aceh 24791;Aceh;Aceh Singkil;Pulau Banyak;T4 nama file;https://www.google.com/maps/place/Pulau+Banyak+Travel/@2.300944,97.4101007,17z/data=!3m1!4b1!4m6!3m5!1s0x302537964c9d8f9d:0xeafde46f3122928e!8m2!3d2.300944!4d97.4101007!16s%2Fg%2F11c1njtkxh?hl=id&entry=ttu&g_ep=EgoyMDI2MDkyMi4wIKXMDSoASAFQAw%3D%3D
140;SPPG GUNUNG LAGAN;SPPG Gunung Lagan, Jl. Singkil - Rimo, Gn. Lagan, Kec. Gn. Meriah, Kabupaten Aceh Singkil, Aceh 24783;Aceh;Aceh Singkil;Kota Baharu;T4 nama file;https://www.google.com/maps/place/SPPG+Gunung+Lagan/@2.3674232,97.9318707,17z/data=!3m1!4b1!4m6!3m5!1s0x302ffd002059b3f7:0x50fde6487b55f79d!8m2!3d2.3674232!4d97.9318707!16s%2Fg%2F11njjc2r_t?hl=id&entry=ttu&g_ep=EgoyMDI2MDkyMi4wIKXMDSoASAFQAw%3D%3D
144;KEC. SINGKOHOR;Kabupaten Aceh Singkil, Aceh;Aceh;Aceh Singkil;Singkohor;T4 nama file;https://www.google.com/maps/place/Kec.+Singkohor,+Kabupaten+Aceh+Singkil,+Aceh/@2.5353624,97.9443861,13z/data=!3m1!4b1!4m6!3m5!1s0x30300343b07543c3:0x53ce3e9eb5e19f1b!8m2!3d2.526385!4d97.9294718!16s%2Fg%2F1hm46rjvl?hl=id&entry=ttu&g_ep=EgoyMDI2MDkyMi4wIKXMDSoASAFQAw%3D%3D
152;SPPG ACEH TAMIANG KUALASINPANG SRIWIJAYA;SPPG Aceh Tamiang Kualasinpang Sriwijaya, Jl. Medan - Banda Aceh, Dusun Sedar, Sriwijaya, Kota Kuala Simpang, Kabupaten Aceh Tamiang, Aceh;Aceh;Aceh Tamiang;Tamiang Hulu;T4 nama file;https://www.google.com/maps/place/SPPG+Aceh+Tamiang+Kualasinpang+Sriwijaya/data=!4m7!3m6!1s0x303775007c2834e3:0x4ae37fad1665a04d!8m2!3d4.2792684!4d98.0569083!16s%2Fg%2F11z77htpyl!19sChIJ4zQofAB1NzARTaBlFq1_40o?authuser=0&hl=id&g_ep=EgoyMDI2MDkyMi4wIJJjKgBIAVAD&rclk=1
153;SPPG ACEH TAMIANG KUALA SIMPANG SRIWIJAYA;SPPG ACEH TAMIANG KUALA SIMPANG SRIWIJAYA, SRIWIJAYA, SPPG, Kota Kuala Simpang, Kabupaten Aceh Tamiang, Aceh;Aceh;Aceh Tamiang;Tamiang Hulu;T4 nama file;https://www.google.com/maps/place/SPPG+ACEH+TAMIANG+KUALA+SIMPANG+SRIWIJAYA/data=!4m7!3m6!1s0x3037750057f5f18f:0x704a67289f724db7!8m2!3d4.2792918!4d98.0569338!16s%2Fg%2F11njhfv6jw!19sChIJj_H1VwB1NzARt01ynyhnSnA?authuser=0&hl=id&g_ep=EgoyMDI2MDkyMi4wIJJjKgBIAVAD&rclk=1
154;SPPG ACEH TAMIANG KOTA KUALASIMPANG;Jl. Mayjend Sutoyo No.29, Kota Kuala Simpang, Kabupaten Aceh Tamiang, Aceh 24475;Aceh;Aceh Tamiang;Tamiang Hulu;T4 nama file;https://www.google.com/maps/place/SPPG+ACEH+TAMIANG+KOTA+KUALASIMPANG/data=!4m7!3m6!1s0x303775001c0d0cb5:0xe8b23767654f96b0!8m2!3d4.286326!4d98.0573532!16s%2Fg%2F11yx_z_tm9!19sChIJtQwNHAB1NzARsJZPZWc3sug?authuser=0&hl=id&g_ep=EgoyMDI2MDkyMi4wIJJjKgBIAVAD&rclk=1
155;SPPG PERKEBUNAN PULAU TIGA 2;SPPG PERKEBUNAN PULAU TIGA 2, Perk Pulau Tiga, Tamiang Hulu, Aceh Tamiang Regency, Aceh 24477;Aceh;Aceh Tamiang;Tamiang Hulu;T4 nama file;https://www.google.com/maps/place/SPPG+PERKEBUNAN+PULAU+TIGA+2/data=!4m7!3m6!1s0x3037650011a87e11:0x788858e9f8b8158e!8m2!3d4.1616655!4d97.9538864!16s%2Fg%2F11zb8qss5m!19sChIJEX6oEQBlNzARjhW4-OlYiHg?authuser=0&hl=id&g_ep=EgoyMDI2MDkyMi4wIJJjKgBIAVAD&rclk=1
159;SPPG BINJAI SERUWAY;SPPG Binjai Seruway, Binjai, Kec. Seuruway, Kabupaten Aceh Tamiang, Aceh 24472;Aceh;Aceh Tamiang;Seruway;T3 alamat fuzzy;https://www.google.com/maps/place/SPPG+Binjai+Seruway/data=!4m7!3m6!1s0x3037a1007f6fe567:0x213a136d1ec4d015!8m2!3d4.3544688!4d98.165893!16s%2Fg%2F11njktdq6b!19sChIJZ-VvfwChNzARFdDEHm0TOiE?authuser=0&hl=id&g_ep=EgoyMDI2MDkyMi4wIJJjKgBIAVAD&rclk=1
160;SPPG TANGSI LAMA 2;SPPG Tangsi lama 2, Tangsi Lama, Kec. Seuruway, Kabupaten Aceh Tamiang, Aceh 24452;Aceh;Aceh Tamiang;Seruway;T3 alamat fuzzy;https://www.google.com/maps/place/SPPG+Tangsi+lama+2/data=!4m7!3m6!1s0x30370b0067810e67:0x5c838dc602bf899e!8m2!3d4.347086!4d98.1757387!16s%2Fg%2F11z787_mp9!19sChIJZw6BZwALNzARnom_AsaNg1w?authuser=0&hl=id&g_ep=EgoyMDI2MDkyMi4wIJJjKgBIAVAD&rclk=1
170;SPPG DALAM;SPPG Dalam, depan kantor bupati, Dalam, Karang Baru, Aceh Tamiang Regency, Aceh 24456;Aceh;Aceh Tamiang;Karang Baru;T4 nama file;https://www.google.com/maps/place/SPPG+Dalam/data=!4m7!3m6!1s0x30377500332c9d49:0xf9636480b1b3003!8m2!3d4.2990114!4d98.04829!16s%2Fg%2F11z77g_z9r!19sChIJSZ0sMwB1NzARAzAbC0g2lg8?authuser=0&hl=id&g_ep=EgoyMDI2MDkyMi4wIJJjKgBIAVAD&rclk=1
171;SPPG PAYA META;SPPG PAYA META, Payameta, Karang Baru, Aceh Tamiang Regency, Aceh 24456;Aceh;Aceh Tamiang;Karang Baru;T4 nama file;https://www.google.com/maps/place/SPPG+PAYA+META/data=!4m7!3m6!1s0x30379f006fb2b21d:0xd70dd6e7aac3e894!8m2!3d4.355048!4d98.0621608!16s%2Fg%2F11z7k6yp0r!19sChIJHbKybwCfNzARlOjDqufWDdc?authuser=0&hl=id&g_ep=EgoyMDI2MDkyMi4wIJJjKgBIAVAD&rclk=1
179;SPPG TUALANG BARO 2 KECAMATN MANYAK PAYED, YAYASAN ASSYIFA DARA MADANI;SPPG Tualang Baro 2 Kecamatn Manyak Payed, Yayasan Assyifa Dara Madani, Ie Bintah, Manyak Payed, Aceh Tamiang Regency, Aceh 24471;Aceh;Aceh Tamiang;Manyak Payed;T4 nama file;https://www.google.com/maps/place/SPPG+Tualang+Baro+2+Kecamatn+Manyak+Payed,+Yayasan+Assyifa+Dara+Madani/data=!4m7!3m6!1s0x30379f004e8c5c79:0x7070bba20b80a0c3!8m2!3d4.3990022!4d98.0703779!16s%2Fg%2F11ykgrssq9!19sChIJeVyMTgCfNzARw6CAC6K7cHA?authuser=0&hl=id&g_ep=EgoyMDI2MDkyMi4wIJJjKgBIAVAD&rclk=1
194;SPPG LAUT TAWAR;SPPG Laut Tawar, Takengon Tim., Kec. Lut Tawar, Kabupaten Aceh Tengah, Aceh 24519;Aceh;Aceh Tengah;Laut Tawar;T3 alamat fuzzy;https://www.google.com/maps/place/SPPG+Laut+Tawar/data=!4m7!3m6!1s0x3038ed003bb96f23:0xfab5d6df7cc25bd!8m2!3d4.622278!4d96.8544747!16s%2Fg%2F11z1_smm0r!19sChIJI2-5OwDtODARvSXM921dqw8?authuser=0&hl=id&g_ep=EgoyMDI2MDkyMi4wIJJjKgBIAVAD&rclk=1
198;SPPG ACEH TENGAH LUT TAWAR KUTENIREJE;SPPG ACEH TENGAH LUT TAWAR KUTENIREJE, Hakim Bale Bujang, Kec. Lut Tawar, Kabupaten Aceh Tengah, Aceh 24519;Aceh;Aceh Tengah;Laut Tawar;T3 alamat fuzzy;https://www.google.com/maps/place/SPPG+ACEH+TENGAH+LUT+TAWAR+KUTENIREJE/data=!4m7!3m6!1s0x3038ed0028754edb:0xdccbbf9928d9cf33!8m2!3d4.6157017!4d96.8541733!16s%2Fg%2F11zb8qwk7b!19sChIJ2051KADtODARM8_ZKJm_y9w?authuser=0&hl=id&g_ep=EgoyMDI2MDkyMi4wIJJjKgBIAVAD&rclk=1
199;SPPG TAKENGON TIMUR 02, LAUT TAWAR;SPPG TAKENGON TIMUR 02, LAUT tawar, Jl. Malim Mudo, Takengon Tim., Kec. Lut Tawar, Kabupaten Aceh Tengah, Aceh 24519;Aceh;Aceh Tengah;Laut Tawar;T3 alamat fuzzy;https://www.google.com/maps/place/SPPG+TAKENGON+TIMUR+02,+LAUT+tawar/data=!4m7!3m6!1s0x3038ed006101d6f5:0xb9fbce4f6abbd594!8m2!3d4.6217804!4d96.8524915!16s%2Fg%2F11zb86ty3n!19sChIJ9dYBYQDtODARlNW7ak_O-7k?authuser=0&hl=id&g_ep=EgoyMDI2MDkyMi4wIJJjKgBIAVAD&rclk=1
204;SPPG BENER MERIAH TIMANG GAJAH BANDAR LAMPAHAN;;Aceh;Aceh Tengah;Ketol;T4 nama file;https://www.google.com/maps/place/SPPG+BENER+MERIAH+TIMANG+GAJAH+BANDAR+LAMPAHAN/data=!4m7!3m6!1s0x42405f0aecac3c9:0x1439ca9b87552069!8m2!3d4.7634924!4d96.760103!16s%2Fg%2F11zdt8hjdk!19sChIJycPKrvAFJAQRaSBVh5vKORQ?authuser=0&hl=id&g_ep=EgoyMDI2MDkyMi4wIJJjKgBIAVAD&rclk=1
205;SPPG KRUENG SEUNONG;Jl. Elak No.KM. 8, Krueng Seunong, Kuta Makmur, North Aceh Regency, Aceh 24355;Aceh;Aceh Tengah;Ketol;T4 nama file;https://www.google.com/maps/place/SPPG+Krueng+Seunong/data=!4m7!3m6!1s0x3047791d25d935a7:0x3867380461e6da7e!8m2!3d5.1445911!4d97.0850144!16s%2Fg%2F11mygckrwz!19sChIJpzXZJR15RzARftrmYQQ4Zzg?authuser=0&hl=id&g_ep=EgoyMDI2MDkyMi4wIJJjKgBIAVAD&rclk=1
224;SPPG GUMPANG JAYA 02 BABUSSALAM (YMKJ);Jl. Terminal Terpadu Gang Keluarga, Gumpang Jaya, Babussalam, Southeast Aceh, Aceh 24664;Aceh;Aceh Tenggara;Bambel;T4 nama file;https://www.google.com/maps/place/SPPG+GUMPANG+JAYA+02+BABUSSALAM+%28YMKJ%29/data=!4m7!3m6!1s0x3030a1733785ec41:0x9d6c07785fbc7896!8m2!3d3.4657795!4d97.822773!16s%2Fg%2F11nplywb69!19sChIJQeyFN3OhMDARlni8X3gHbJ0?authuser=0&hl=id&g_ep=EgoyMDI2MDkyMi4wIJJjKgBIAVAD&rclk=1
229;SPPG KAMPUNG BARU;SPPG Kampung Baru, Kampung Baru, Badar, Southeast Aceh, Aceh 24651;Aceh;Aceh Tenggara;Babussalam;T4 nama file;https://www.google.com/maps/place/SPPG+Kampung+Baru/data=!4m7!3m6!1s0x3030a70055ea6605:0xcc186b8e05efde79!8m2!3d3.5245159!4d97.786499!16s%2Fg%2F11z9xjxzzn!19sChIJBWbqVQCnMDARed7vBY5rGMw?authuser=0&hl=id&g_ep=EgoyMDI2MDkyMi4wIJJjKgBIAVAD&rclk=1
234;SPPG POLRES ACEH TENGGARA;SPPG POLRES ACEH TENGGARA, Tuhi Jongkat, Kec. Babul Rahman, Kabupaten Aceh Tenggara, Aceh 24671;Aceh;Aceh Tenggara;Babul Rahmah;T3 alamat fuzzy;https://www.google.com/maps/place/SPPG+POLRES+ACEH+TENGGARA/data=!4m7!3m6!1s0x30309f0025ed4001:0x96964df43802227f!8m2!3d3.3591706!4d97.8648863!16s%2Fg%2F11nk1csv34!19sChIJAUDtJQCfMDARfyICOPRNlpY?authuser=0&hl=id&g_ep=EgoyMDI2MDkyMy4wIJJjKgBIAVAD&rclk=1
246;SPPG LAWE TUNGKAL TANOH ALAS;SPPG LAWE TUNGKAL TANOH ALAS, Lawe Tungkal, Tanoh Alas, Kabupaten Aceh Tenggara, Aceh 24651;Aceh;Aceh Tenggara;Tanoh Alas;T4 nama file;https://www.google.com/maps/place/SPPG+LAWE+TUNGKAL+TANOH+ALAS/data=!4m7!3m6!1s0x3030a14d3cbe6bf3:0x4578f342ebbebdf0!8m2!3d3.3888042!4d97.8409447!16s%2Fg%2F11ymvzsz7k!19sChIJ82u-PE2hMDAR8L2-60LzeEU?authuser=0&hl=id&g_ep=EgoyMDI2MDkyMy4wIJJjKgBIAVAD&rclk=1
248;SPPG TANJUNG SARI LEUSER;SPPG TANJUNG SARI LEUSER, Bintang Alga Musara, Kec. Lauser, Kabupaten Aceh Tenggara, Aceh 24673;Aceh;Aceh Tenggara;Leuser;T4 nama file;https://www.google.com/maps/place/SPPG+TANJUNG+SARI+LEUSER/data=!4m7!3m6!1s0x30309b000db9c703:0xfcc6cf37bc0270f8!8m2!3d3.2529514!4d97.9022045!16s%2Fg%2F11ym9lmc5t!19sChIJA8e5DQCbMDAR-HACvDfPxvw?authuser=0&hl=id&g_ep=EgoyMDI2MDkyMi4wIJJjKgBIAVAD&rclk=1
255;SPPG IDI TIMUR SEUNEUBOK BARAT;SPPG IDI TIMUR Seuneubok Barat, Desa keutapang dua, Kec. Idi Tim., Kabupaten Aceh Timur, Aceh;Aceh;Aceh Timur;Idi Rayeuk;T4 nama file;https://www.google.com/maps/place/SPPG+IDI+TIMUR+Seuneubok+Barat/data=!4m7!3m6!1s0x3037f90001164965:0x169fade51bfe6d3a!8m2!3d4.9224709!4d97.7972744!16s%2Fg%2F11zd6gl0qb!19sChIJZUkWAQD5NzAROm3-G-WtnxY?authuser=0&hl=id&g_ep=EgoyMDI2MDkyMi4wIJJjKgBIAVAD&rclk=1
258;SPPG DESA ALUE DUA, KEC. RANTO PEUREULAK;SPPG Desa Alue Dua, Kec. Ranto Peureulak, Alue Dua, Kec. Rantau Peureulak, Kabupaten Aceh Timur, Aceh 24453;Aceh;Aceh Timur;Rantau Peureulak;T3 alamat fuzzy;https://www.google.com/maps/place/SPPG+Desa+Alue+Dua,+Kec.+Ranto+Peureulak/data=!4m7!3m6!1s0x3037f70025df4c9d:0xb211af9ec563a0f7!8m2!3d4.7959625!4d97.8093906!16s%2Fg%2F11ykk0s11b!19sChIJnUzfJQD3NzAR96BjxZ6vEbI?authuser=0&hl=id&g_ep=EgoyMDI2MDkyMi4wIJJjKgBIAVAD&rclk=1
259;SPPG PEUREULAK BARAT BEUSA SEBERANG 1;SPPG Peureulak Barat Beusa Seberang 1, Beusa Seberang, Kec. Peureulak Bar., Kabupaten Aceh Timur, Aceh 24458;Aceh;Aceh Timur;Peureulak Barat;T3 alamat fuzzy;https://www.google.com/maps/place/SPPG+Peureulak+Barat+Beusa+Seberang+1/data=!4m7!3m6!1s0x3037f1001f837f47:0x2475e0cb093502e0!8m2!3d4.8351566!4d97.8855589!16s%2Fg%2F11nqbd0_yp!19sChIJR3-DHwDxNzAR4AI1CcvgdSQ?authuser=0&hl=id&g_ep=EgoyMDI2MDkyMi4wIJJjKgBIAVAD&rclk=1
276;SPPG SAMAKUROK1;Sppg Samakurok1, Samakurok, Kec. Tanah Jambo Aye, Kabupaten Aceh Utara, Aceh 24394;Aceh;Aceh Timur;Pante Bidari;T4 nama file;https://www.google.com/maps/place/Sppg+Samakurok1/data=!4m7!3m6!1s0x3047f30042baf309:0xd6fbf61641763851!8m2!3d5.1046845!4d97.4576062!16s%2Fg%2F11z3bttx7r!19sChIJCfO6QgDzRzARUTh2QRb2-9Y?authuser=0&hl=id&g_ep=EgoyMDI2MDkyMi4wIJJjKgBIAVAD&rclk=1
277;SPPG ACEH TIMUR MADAT MATANG KEUPULA DUA;SPPG ACEH TIMUR MADAT MATANG KEUPULA DUA, Tanjung Ara, Madat, East Aceh Regency, Aceh 24458;Aceh;Aceh Timur;Pante Bidari;T4 nama file;https://www.google.com/maps/place/SPPG+ACEH+TIMUR+MADAT+MATANG+KEUPULA+DUA/data=!4m7!3m6!1s0x3047f3005dde4dff:0xb4a561513ae163ab!8m2!3d5.1041394!4d97.4755307!16s%2Fg%2F11zc_nlpzr!19sChIJ_03eXQDzRzARq2PhOlFhpbQ?authuser=0&hl=id&g_ep=EgoyMDI2MDkyMi4wIJJjKgBIAVAD&rclk=1
278;SPPG TANJONG ARA 3 TANAH JAMBO AYE;Sppg tanjong ara 3 Tanah jambo aye, Samakurok, Kec. Tanah Jambo Aye, Kabupaten Aceh Utara, Aceh 24394;Aceh;Aceh Timur;Pante Bidari;T4 nama file;https://www.google.com/maps/place/Sppg+tanjong+ara+3+Tanah+jambo+aye/data=!4m7!3m6!1s0x3047f3007af3ea1b:0x2af3f169bd048e9c!8m2!3d5.1084014!4d97.4606601!16s%2Fg%2F11zyskl6zp!19sChIJG-rzegDzRzARnI4EvWnx8yo?authuser=0&hl=id&g_ep=EgoyMDI2MDkyMi4wIJJjKgBIAVAD&rclk=1
280;SPPG SAMAKUROK 2;SPPG SAMAKUROK 2, Samakurok, Kec. Tanah Jambo Aye, Kabupaten Aceh Utara, Aceh 24394;Aceh;Aceh Timur;Pante Bidari;T4 nama file;https://www.google.com/maps/place/SPPG+SAMAKUROK+2/data=!4m7!3m6!1s0x3047f30064eefa81:0xfb751f9ad4fcdb05!8m2!3d5.1078457!4d97.4595864!16s%2Fg%2F11zcw0vw7l!19sChIJgfruZADzRzARBdv81Jofdfs?authuser=0&hl=id&g_ep=EgoyMDI2MDkyMi4wIJJjKgBIAVAD&rclk=1
286;SPPG MEUNASAH MESJID;SPPG MEUNASAH MESJID, Mns Mesjid, Kec. Muara Dua, Kota Lhokseumawe, Aceh 24355;Aceh;Aceh Utara;Seunuddon;T4 nama file;https://www.google.com/maps/place/SPPG+MEUNASAH+MESJID/data=!4m7!3m6!1s0x304783001a6cd081:0x887a37c8490ae8f!8m2!3d5.1753415!4d97.1262162!16s%2Fg%2F11ywt8f26c!19sChIJgdBsGgCDRzARj66QhHyjhwg?authuser=0&hl=id&g_ep=EgoyMDI2MDkyMi4wIJJjKgBIAVAD&rclk=1
287;SPPG KOTA LHOKSEUMAWE MUARA DUA MEUNASAH ALUE;SPPG KOTA LHOKSEUMAWE MUARA DUA MEUNASAH ALUE, Panggoi, Kec. Muara Dua, Kota Lhokseumawe, Aceh 24355;Aceh;Aceh Utara;Seunuddon;T4 nama file;https://www.google.com/maps/place/SPPG+KOTA+LHOKSEUMAWE+MUARA+DUA+MEUNASAH+ALUE/data=!4m7!3m6!1s0x304783007b156657:0xd3e9e7acb219d068!8m2!3d5.1865556!4d97.1146667!16s%2Fg%2F11npfvnw4g!19sChIJV2YVewCDRzARaNAZsqzn6dM?authuser=0&hl=id&g_ep=EgoyMDI2MDkyMi4wIJJjKgBIAVAD&rclk=1
288;SPPG PIDIE SEUKEUMBROK;SPPG PIDIE SEUKEUMBROK, Seukeumbrok, Pidie, Pidie Regency, Aceh 24164;Aceh;Aceh Utara;Seunuddon;T4 nama file;https://www.google.com/maps/place/SPPG+PIDIE+SEUKEUMBROK/data=!4m7!3m6!1s0x3040ed004503cb51:0x5b08c40a2825a4c1!8m2!3d5.3869672!4d95.9196373!16s%2Fg%2F11zb7rckxd!19sChIJUcsDRQDtQDARwaQlKArECFs?authuser=0&hl=id&g_ep=EgoyMDI2MDkyMi4wIJJjKgBIAVAD&rclk=1
304;SPPG MNS RANTO;SPPG MNS RANTO, MNS, Jl. Medan - Banda Aceh, Ranto, Lhoksukon, North Aceh Regency, Aceh 24386;Aceh;Aceh Utara;Lhoksukon;T4 nama file;https://www.google.com/maps/place/SPPG+MNS+RANTO/data=!4m7!3m6!1s0x304789002db0d5b7:0xe4f8c91f1f6759bc!8m2!3d5.0576695!4d97.3136534!16s%2Fg%2F11mzqbddy3!19sChIJt9WwLQCJRzARvFlnHx_J-OQ?authuser=0&hl=id&g_ep=EgoyMDI2MDkyMi4wIJJjKgBIAVAD&rclk=1
314;KEC. LAPANG;Kabupaten Aceh Utara, Aceh;Aceh;Aceh Utara;Lapang;T4 nama file;https://www.google.com/maps/place/Kec.+Lapang/data=!4m7!3m6!1s0x30478fa095f4b41d:0x4ab0ba41667fe618!8m2!3d5.168113!4d97.2968753!16s%2Fg%2F1213nzkv!19sChIJHbT0laCPRzARGOZ_ZkG6sEo?authuser=0&hl=id&g_ep=EgoyMDI2MDkyMy4wIJJjKgBIAVAD&rclk=1
315;SPPG PAYA LEUPAH;SPPG PAYA LEUPAH, Jl. Pasee II, Paya Leupah, Kec. Simpang Keramat, Kabupaten Aceh Utara, Aceh 24355;Aceh;Aceh Utara;Simpang Kramat;T3 alamat fuzzy;https://www.google.com/maps/place/SPPG+PAYA+LEUPAH/data=!4m7!3m6!1s0x304781003e4ca29f:0x3c81eaa015dccc1c!8m2!3d5.0952579!4d97.1141502!16s%2Fg%2F11zgy8v4w6!19sChIJn6JMPgCBRzARHMzcFaDqgTw?authuser=0&hl=id&g_ep=EgoyMDI2MDkyMi4wIJJjKgBIAVAD&rclk=1
318;SPPG GEUREUDONG PASE Y GMD;SPPG Geureudong Pase Y GMD, Peudari, Kec. Geureudong Pase, Kabupaten Aceh Utara, Aceh 24373;Aceh;Aceh Utara;Geuredong Pase;T3 alamat fuzzy;https://www.google.com/maps/place/SPPG+Geureudong+Pase+Y+GMD/data=!4m7!3m6!1s0x30387f0029bd18e7:0x420235cf703b2a06!8m2!3d4.9958177!4d97.1223767!16s%2Fg%2F11mm6sgssx!19sChIJ5xi9KQB_ODARBio7cM81AkI?authuser=0&hl=id&g_ep=EgoyMDI2MDkyMi4wIJJjKgBIAVAD&rclk=1
326;SPPG BENER MULIE;SPPG Bener Mulie, Jl. Bandara Rembele, Yonif, 114Wih Pesam, Kabupaten Bener Meriah, Aceh 24582;Aceh;Bener Meriah;Bukit;T4 nama file;https://www.google.com/maps/place/SPPG+Bener+Mulie/data=!4m7!3m6!1s0x303895007f474715:0x59d1bfa7a7d9d03f!8m2!3d4.730036!4d96.8330411!16s%2Fg%2F11nqlrv_p4!19sChIJFUdHfwCVODARP9DZp6e_0Vk?authuser=0&hl=id&g_ep=EgoyMDI2MDkyMi4wIJJjKgBIAVAD&rclk=1
333;SPPG YPT SIRAJULSANI;SPPG YPT SIRAJULSANI, Lueng Daneun, Peusangan Siblah Krueng, Kabupaten Bireuen, Aceh 24356;Aceh;Bireuen;Peusangan;T4 nama file;https://www.google.com/maps/place/SPPG+YPT+SIRAJULSANI/data=!4m7!3m6!1s0x3047670010f47c27:0x20161afd7176c582!8m2!3d5.1678517!4d96.8153302!16s%2Fg%2F11z7bdg4r6!19sChIJJ3z0EABnRzARgsV2cf0aFiA?authuser=0&hl=id&g_ep=EgoyMDI2MDkyMi4wIJJjKgBIAVAD&rclk=1
342;SPPG GEULANGGANG BARO;;Aceh;Bireuen;Juli;T4 nama file;https://www.google.com/maps/place/SPPG+GEULANGGANG+BARO/data=!4m7!3m6!1s0x2b1eef0fbe8f95e9:0xcf727c295ee98a4d!8m2!3d-2.44565!4d117.8888!16s%2Fg%2F11zwwml1xz!19sChIJ6ZWPvg_vHisRTYrpXil8cs8?authuser=0&hl=id&g_ep=EgoyMDI2MDkyMi4wIJJjKgBIAVAD&rclk=1
351;KEC. PEULIMBANG;Kabupaten Bireuen, Aceh;Aceh;Bireuen;Peulimbang;T4 nama file;https://www.google.com/maps/place/Kec.+Peulimbang/data=!4m7!3m6!1s0x30475612d877eb3b:0x8c3f0e97cf7a4659!8m2!3d5.1870643!4d96.528024!16s%2Fg%2F1hb_g8rsx!19sChIJO-t32BJWRzARWUZ6z5cOP4w?authuser=0&hl=id&g_ep=EgoyMDI2MDkyMi4wIJJjKgBIAVAD&rclk=1
354;PEUSANGAN SIBLAH KRUENG;Kabupaten Bireuen, Aceh;Aceh;Bireuen;Peusangan Siblah Krueng;T4 nama file;https://www.google.com/maps/place/Peusangan+Siblah+Krueng/data=!4m7!3m6!1s0x30476107d8e47aad:0x15a0c94497297d53!8m2!3d5.1783255!4d96.8154112!16s%2Fg%2F120txggs!19sChIJrXrk2AdhRzARU30pl0TJoBU?authuser=0&hl=id&g_ep=EgoyMDI2MDkyMi4wIJJjKgBIAVAD&rclk=1
355;KANTOR CAMAT PEUSANGAN SIBLAH KRUENG;Kantor Camat Peusangan Siblah Krueng, Lueng Daneun, Peusangan Siblah Krueng, Kabupaten Bireuen, Aceh 24356;Aceh;Bireuen;Peusangan Siblah Krueng;T4 nama file;https://www.google.com/maps/place/Kantor+Camat+Peusangan+Siblah+Krueng/data=!4m7!3m6!1s0x3047666a64fee973:0xba2f37f9bfe69ca4!8m2!3d5.1607416!4d96.8147552!16s%2Fg%2F11c52002_b!19sChIJc-n-ZGpmRzARpJzmv_k3L7o?authuser=0&hl=id&g_ep=EgoyMDI2MDkyMi4wIJJjKgBIAVAD&rclk=1
356;PUSKESMAS PEUSANGAN SIBLAH KRUENG;Lueng Daneun, Peusangan Siblah Krueng, Kabupaten Bireuen, Aceh 24356;Aceh;Bireuen;Peusangan Siblah Krueng;T4 nama file;https://www.google.com/maps/place/Puskesmas+Peusangan+siblah+Krueng/data=!4m7!3m6!1s0x304766687d33f785:0x36d7ba17602dd4cc!8m2!3d5.1594747!4d96.8163076!16s%2Fg%2F11crzqk59c!19sChIJhfczfWhmRzARzNQtYBe61zY?authuser=0&hl=id&g_ep=EgoyMDI2MDkyMi4wIJJjKgBIAVAD&rclk=1
363;SPPG RAKLUNUNG BANDAR KHALIFAH BLANGKEJEREN GAYO LUES;Rak Lunung, Blangkejeren, Gayo Lues Regency, Aceh 24653;Aceh;Gayo Lues;Blangkejeren;T4 nama file;https://www.google.com/maps/place/Sppg+Raklunung+Bandar+Khalifah+Blangkejeren+Gayo+Lues/data=!4m7!3m6!1s0x3039970028331a6b:0xf46195906666f7d5!8m2!3d3.9872118!4d97.3427913!16s%2Fg%2F11zbbxgjsk!19sChIJaxozKACXOTAR1fdmZpCVYfQ?authuser=0&hl=id&g_ep=EgoyMDI2MDkyMy4wIJJjKgBIAVAD&rclk=1
365;SPPG TRIPE JAYA;SPPG TRIPE JAYA, Buntul Musara, Kec. Tripe Jaya, Kabupaten Gayo Lues, Aceh 24656;Aceh;Gayo Lues;Teripe Jaya;T3 alamat fuzzy;https://www.google.com/maps/place/SPPG+TRIPE+JAYA/data=!4m7!3m6!1s0x303909003dd8976d:0x94b960208479b5a7!8m2!3d4.1373677!4d97.0332579!16s%2Fg%2F11z65jzdlp!19sChIJbZfYPQAJOTARp7V5hCBguZQ?authuser=0&hl=id&g_ep=EgoyMDI2MDkyMy4wIJJjKgBIAVAD&rclk=1
366;SPPG KUTELINTANG YAYASAN PIJAR KAWASAN;SPPG Kutelintang Yayasan Pijar Kawasan, Jl. Lintas Takengon - Blangkejeren, Kuta Lintang, Blangkejeren, Gayo Lues Regency, Aceh 24653;Aceh;Gayo Lues;Blangkejeren;T4 nama file;https://www.google.com/maps/place/SPPG+Kutelintang+Yayasan+Pijar+Kawasan/data=!4m7!3m6!1s0x3039970068e00a93:0x25fd16b52fccd645!8m2!3d4.0032735!4d97.3417565!16s%2Fg%2F11njljcr_x!19sChIJkwrgaACXOTARRdbML7UW_SU?authuser=0&hl=id&g_ep=EgoyMDI2MDkyMy4wIJJjKgBIAVAD&rclk=1
369;SPPG PINING;SPPG PINING, Jalan Ladia Galaska Pining, Lokop, Serbajadi KM42 Pining, Kabupaten Gayo Lues, Aceh 24653;Aceh;Gayo Lues;Dabun Gelang;T4 nama file;https://www.google.com/maps/place/SPPG+PINING/data=!4m7!3m6!1s0x303997000cdc13d7:0xa2298b72c04c9597!8m2!3d3.9883457!4d97.3260372!16s%2Fg%2F11z77h2hyy!19sChIJ1xPcDACXOTARl5VMwHKLKaI?authuser=0&hl=id&g_ep=EgoyMDI2MDkyMi4wIJJjKgBIAVAD&rclk=1
377;SPPG RUKOH SYIAH KUALA;SPPG RUKOH SYIAH KUALA, Jl. Utama Rukoh, Rukoh, DarussalamSyiah Kuala, Kota Banda Aceh, Aceh 23112;Aceh;Kota Banda Aceh;Syiah Kuala;T4 nama file;https://www.google.com/maps/place/SPPG+RUKOH+SYIAH+KUALA/data=!4m7!3m6!1s0x30403700393fdbbf:0x8048a32ec05a072!8m2!3d5.5814519!4d95.3633904!16s%2Fg%2F11z7crlgvk!19sChIJv9s_OQA3QDARcqAF7DKKBAg?authuser=0&hl=id&g_ep=EgoyMDI2MDkyMi4wIJJjKgBIAVAD&rclk=1
383;SPPG GP KEURAMAT;Jl. Nuri No. 14 Gp. Keuramat Kec. Kuta Alam Kota Banda Aceh, Keuramat, Kuta Alam, Kota Banda Aceh, Aceh 1171, Keuramat, Kec. Kuta Alam, Kota Banda Aceh, Aceh 23126;Aceh;Kota Banda Aceh;Syiah Kuala;T4 nama file;https://www.google.com/maps/place/SPPG+GP+KEURAMAT/data=!4m7!3m6!1s0x3040371ce26c5893:0xddeb655890952d09!8m2!3d5.5617307!4d95.3273704!16s%2Fg%2F11yk7b_wn1!19sChIJk1hs4hw3QDARCS2VkFhl690?authuser=0&hl=id&g_ep=EgoyMDI2MDkyMi4wIJJjKgBIAVAD&rclk=1
386;SPPG DAYAH SEURIGET;SPPG DAYAH SEURIGET, Simpang Lhee, Kec. Langsa Bar., Kota Langsa, Aceh 24375;Aceh;Kota Langsa;Langsa Barat;T4 nama file;https://www.google.com/maps/place/SPPG+DAYAH+SEURIGET/data=!4m7!3m6!1s0x30379b0041e83139:0xbe8fdd7102b0e262!8m2!3d4.4988106!4d97.9671982!16s%2Fg%2F11zd5b3xww!19sChIJOTHoQQCbNzARYuKwAnHdj74?authuser=0&hl=id&g_ep=EgoyMDI2MDkyMi4wIJJjKgBIAVAD&rclk=1
387;SPPG ALUE PINEUNG;SPPG ALUE PINEUNG, Alue Pineung, Kec. Langsa Tim., Kota Langsa, Aceh 24375;Aceh;Kota Langsa;Langsa Barat;T4 nama file;https://www.google.com/maps/place/SPPG+ALUE+PINEUNG/data=!4m7!3m6!1s0x30379b00759a8e7f:0xb529b6722f26afec!8m2!3d4.4419642!4d98.0146283!16s%2Fg%2F11ntfzkqk3!19sChIJf46adQCbNzAR7K8mL3K2KbU?authuser=0&hl=id&g_ep=EgoyMDI2MDkyMi4wIJJjKgBIAVAD&rclk=1
395;SPPG PB BEURAMOE;SPPG PB BEURAMOE, Seuriget, Kec. Langsa Bar., Kota Langsa, Aceh 24375;Aceh;Kota Langsa;Langsa Barat;T4 nama file;https://www.google.com/maps/place/SPPG+PB+BEURAMOE/data=!4m7!3m6!1s0x30379b004fb7d031:0x3c358bb3e86ea0e8!8m2!3d4.5030112!4d97.9609251!16s%2Fg%2F11yz9yb_z9!19sChIJMdC3TwCbNzAR6KBu6LOLNTw?authuser=0&hl=id&g_ep=EgoyMDI2MDkyMi4wIJJjKgBIAVAD&rclk=1
397;SPPG SEURIGET;SPPG Seuriget, Seuriget, Kec. Langsa Bar., Kota Langsa, Aceh 24375;Aceh;Kota Langsa;Langsa Barat;T4 nama file;https://www.google.com/maps/place/SPPG+Seuriget/data=!4m7!3m6!1s0x30379b0051ac67d1:0xecc0843588384b44!8m2!3d4.5041413!4d97.9658838!16s%2Fg%2F11zd5bckbs!19sChIJ0WesUQCbNzARREs4iDWEwOw?authuser=0&hl=id&g_ep=EgoyMDI2MDkyMi4wIJJjKgBIAVAD&rclk=1
401;SPPG SUNGAI LUENG;SPPG SUNGAI LUENG, Sungai Lueng, Kec. Langsa Tim., Kota Langsa, Aceh 24375;Aceh;Kota Langsa;Langsa Barat;T4 nama file;https://www.google.com/maps/place/SPPG+SUNGAI+LUENG/data=!4m7!3m6!1s0x30379b0017b01683:0x595d6a71bbd06c0e!8m2!3d4.4542618!4d98.0078942!16s%2Fg%2F11zd6g035z!19sChIJgxawFwCbNzARDmzQu3FqXVk?authuser=0&hl=id&g_ep=EgoyMDI2MDkyMi4wIJJjKgBIAVAD&rclk=1
403;SPPG MATANG SEULIMENG 2;Jl. Jenderal Sudirman Lorong Karya No.88, Matang Seulimeng, Kec. Langsa Bar., Kota Langsa, Aceh 24413;Aceh;Kota Langsa;Langsa Barat;T4 nama file;https://www.google.com/maps/place/SPPG+MATANG+SEULIMENG+2/data=!4m7!3m6!1s0x30379b000098b171:0x966ad51128c30018!8m2!3d4.4816394!4d97.9709198!16s%2Fg%2F11zb7rh60f!19sChIJcbGYAACbNzARGADDKBHVapY?authuser=0&hl=id&g_ep=EgoyMDI2MDkyMi4wIJJjKgBIAVAD&rclk=1
404;SPPG LHOK BANIE;SPPG LHOK BANIE, Lhok Banie, Kec. Langsa Bar., Kota Langsa, Aceh;Aceh;Kota Langsa;Langsa Barat;T4 nama file;https://www.google.com/maps/place/SPPG+LHOK+BANIE/data=!4m7!3m6!1s0x30379b003e7ad3f5:0x835e81f360a17b11!8m2!3d4.4927162!4d97.9752635!16s%2Fg%2F11z5rbt2dm!19sChIJ9dN6PgCbNzAREXuhYPOBXoM?authuser=0&hl=id&g_ep=EgoyMDI2MDkyMi4wIJJjKgBIAVAD&rclk=1
405;SPPG BUKET MEUTUAH;Jl. Medan - Banda Aceh No.KM. 10, Buket Meutuah, Kec. Langsa Tim., Kota Langsa, Aceh 24471;Aceh;Kota Langsa;Langsa Timur;T4 nama file;https://www.google.com/maps/place/SPPG+Buket+Meutuah/data=!4m7!3m6!1s0x30379d005ffa4f7f:0xe4b419136e2db3b0!8m2!3d4.4195381!4d98.0261896!16s%2Fg%2F11ntfztvzs!19sChIJf0_6XwCdNzARsLMtbhMZtOQ?authuser=0&hl=id&g_ep=EgoyMDI2MDkyMi4wIJJjKgBIAVAD&rclk=1
406;SPPG BUKET MEDANG ARA;SPPG BUKET MEDANG ARA, Sungai Lueng, Kec. Langsa Tim., Kota Langsa, Aceh 24375;Aceh;Kota Langsa;Langsa Timur;T4 nama file;https://www.google.com/maps/place/SPPG+BUKET+MEDANG+ARA/data=!4m7!3m6!1s0x30379b0010538745:0xc91db6b3fb62d332!8m2!3d4.4506315!4d98.0110247!16s%2Fg%2F11zd6021_h!19sChIJRYdTEACbNzARMtNi-7O2Hck?authuser=0&hl=id&g_ep=EgoyMDI2MDkyMi4wIJJjKgBIAVAD&rclk=1
409;DAPUR SPPG;Dapur SPPG, Blang Pohroh, Kec. Muara Dua, Kota Lhokseumawe, Aceh 24355;Aceh;Kota Lhokseumawe;Muara Dua;T4 nama file;https://www.google.com/maps/place/Dapur+SPPG/data=!4m7!3m6!1s0x3047830007ec0cb7:0x232810eeea1c5c90!8m2!3d5.1632951!4d97.1209123!16s%2Fg%2F11yjjmwhbl!19sChIJtwzsBwCDRzARkFwc6u4QKCM?authuser=0&hl=id&g_ep=EgoyMDI2MDkyMi4wIJJjKgBIAVAD&rclk=1
411;SPPG KEUMALA BAYANGKARI;SPPG KEUMALA BAYANGKARI, Panggoi, Kec. Muara Dua, Kota Lhokseumawe, Aceh;Aceh;Kota Lhokseumawe;Muara Dua;T4 nama file;https://www.google.com/maps/place/SPPG+KEUMALA+BAYANGKARI/data=!4m7!3m6!1s0x30478300391bde5d:0x743f7eaf50346985!8m2!3d5.1851021!4d97.1216331!16s%2Fg%2F11yp0c62q_!19sChIJXd4bOQCDRzARhWk0UK9-P3Q?authuser=0&hl=id&g_ep=EgoyMDI2MDkyMi4wIJJjKgBIAVAD&rclk=1
412;SPPG BABUL HUDA ACEH;SPPG BABUL HUDA ACEH, Panggoi, Kec. Muara Dua, Kota Lhokseumawe, Aceh 24355;Aceh;Kota Lhokseumawe;Muara Dua;T4 nama file;https://www.google.com/maps/place/SPPG+BABUL+HUDA+ACEH/data=!4m7!3m6!1s0x3047830036d1c14b:0xf1f3df9c068f30ff!8m2!3d5.1865556!4d97.1146667!16s%2Fg%2F11x19k3w_5!19sChIJS8HRNgCDRzAR_zCPBpzf8_E?authuser=0&hl=id&g_ep=EgoyMDI2MDkyMi4wIJJjKgBIAVAD&rclk=1
413;SPPG MEUNASAH MESJID 03;SPPG Meunasah Mesjid 03, Jalan Paya Billi - Panggoi Road, Panggoi, Kec. Muara Dua, Kota Lhokseumawe, Aceh 24355;Aceh;Kota Lhokseumawe;Muara Dua;T4 nama file;https://www.google.com/maps/place/SPPG+Meunasah+Mesjid+03/data=!4m7!3m6!1s0x304783004bf47b0b:0xca36e0585d781c6b!8m2!3d5.1833528!4d97.1209712!16s%2Fg%2F11z3qqy0j6!19sChIJC3v0SwCDRzARaxx4XVjgNso?authuser=0&hl=id&g_ep=EgoyMDI2MDkyMi4wIJJjKgBIAVAD&rclk=1
417;SPPG ULEE JALAN;SPPG Ulee Jalan, Jl. Teuku Muda Lamkuta, Banda Masen, Banda Sakti, Lhokseumawe City, Aceh;Aceh;Kota Lhokseumawe;Muara Dua;T4 nama file;https://www.google.com/maps/place/SPPG+Ulee+Jalan/data=!4m7!3m6!1s0x30479d0029fb13d3:0x987ee77f557de87d!8m2!3d5.1993636!4d97.1303594!16s%2Fg%2F11z73w8x5b!19sChIJ0xP7KQCdRzARfeh9VX_nfpg?authuser=0&hl=id&g_ep=EgoyMDI2MDkyMi4wIJJjKgBIAVAD&rclk=1
418;SPPG KAMPUNG JAWA KOTA LHOKSEUMAWE;Gg. Satria No.36 A, Kampung Jawa Baru, Banda Sakti, Lhokseumawe City, Aceh;Aceh;Kota Lhokseumawe;Muara Dua;T4 nama file;https://www.google.com/maps/place/SPPG+KAMPUNG+JAWA+KOTA+LHOKSEUMAWE/data=!4m7!3m6!1s0x304783002b0b5ac1:0x911582b13da52557!8m2!3d5.1863124!4d97.1439182!16s%2Fg%2F11yppmhxp_!19sChIJwVoLKwCDRzARVyWlPbGCFZE?authuser=0&hl=id&g_ep=EgoyMDI2MDkyMi4wIJJjKgBIAVAD&rclk=1
419;SPPG MATANG SEULIMENG, LANGSA BARAT;SPPG Matang Seulimeng, Langsa Barat, Jl. Medan - Banda Aceh, Matang Seulimeng, Kec. Langsa Bar., Kota Lhokseumawe, Aceh 24373;Aceh;Kota Lhokseumawe;Blang Mangat;T4 nama file;https://www.google.com/maps/place/SPPG+Matang+Seulimeng,+Langsa+Barat/data=!4m7!3m6!1s0x30478300374067c3:0xea02938fad462e26!8m2!3d5.1173766!4d97.1606845!16s%2Fg%2F11mlvlq63j!19sChIJw2dANwCDRzARJi5GrY-TAuo?authuser=0&hl=id&g_ep=EgoyMDI2MDkyMi4wIJJjKgBIAVAD&rclk=1
423;SPPG SUKAKARYA;SPPG Sukakarya, Jl. Malahayati, Kuta Barat, Sukakarya, Kota Sabang, Aceh;Aceh;Kota Sabang;Sukakarya;T4 nama file;https://www.google.com/maps/place/SPPG+Sukakarya/@5.8922103,95.3110384,17z/data=!3m1!4b1!4m6!3m5!1s0x3041c700158a39b7:0xfa7c17ce6388dae7!8m2!3d5.8922103!4d95.3110384!16s%2Fg%2F11z7bgvlhs?hl=id&entry=ttu&g_ep=EgoyMDI2MDkyMi4wIKXMDSoASAFQAw%3D%3D
424;SPPG SUKAJAYA IE MEULEE;SPPG SUKAJAYA IE MEULEE, Ie Meulee, Kec. Sukajaya, Kota Sabang, Aceh;Aceh;Kota Sabang;Sukajaya;T4 nama file;https://www.google.com/maps/place/SPPG+SUKAJAYA+IE+MEULEE/data=!4m7!3m6!1s0x3041c7001fcdbc91:0xf4c0b5085b9c6649!8m2!3d5.8999375!4d95.3228906!16s%2Fg%2F11nqxvcj15!19sChIJkbzNHwDHQTARSWacWwi1wPQ?authuser=0&hl=id&g_ep=EgoyMDI2MDkyMi4wIJJjKgBIAVAD&rclk=1
436;SPPG KOTA SUBULUSSALAM PENANGGALAN PENANGGALAN;SPPG KOTA SUBULUSSALAM PENANGGALAN PENANGGALAN, Jl. Teuku Umar lorong at-Taubah, Penanggalan, Subulussalam City, Aceh 24782;Aceh;Kota Subulussalam;Longkib;T4 nama file;https://www.google.com/maps/place/SPPG+KOTA+SUBULUSSALAM+PENANGGALAN+PENANGGALAN/data=!4m7!3m6!1s0x3030110078a5ee6d:0xa720bec253d54395!8m2!3d2.631903!4d98.0172579!16s%2Fg%2F11zbbwvvhg!19sChIJbe6leAARMDARlUPVU8K-IKc?authuser=0&hl=id&g_ep=EgoyMDI2MDkyMy4wIJJjKgBIAVAD&rclk=1
441;KEC. BEUTONG ATEUH BANGGALANG;Kabupaten Nagan Raya, Aceh;Aceh;Nagan Raya;Beutong Ateuh Banggalang;T4 nama file;https://www.google.com/maps/place/Kec.+Beutong+Ateuh+Banggalang/data=!4m7!3m6!1s0x3038d12de10b5379:0x97869aad72140e77!8m2!3d4.4527562!4d96.5303359!16s%2Fg%2F11_pk_h_x!19sChIJeVML4S3RODARdw4Ucq2ahpc?authuser=0&hl=id&g_ep=EgoyMDI2MDkyMi4wIJJjKgBIAVAD&rclk=1
446;SPPG NAGAN RAYA SEUNAGAN PAROM;;Aceh;Nagan Raya;Suka Makmue;T4 nama file;https://www.google.com/maps/place/SPPG+Nagan+Raya+Seunagan+Parom/data=!4m7!3m6!1s0xa4643a0a4b3848ff:0x577264786d158f5d!8m2!3d4.2294114!4d96.3133655!16s%2Fg%2F11z74x529x!19sChIJ_0g4Swo6ZKQRXY8VbXhkclc?authuser=0&hl=id&g_ep=EgoyMDI2MDkyMi4wIJJjKgBIAVAD&rclk=1
447;SPPG YAYASAN PUTRI RATU ANA NARAYA SEUNAGAN TIMUR;SPPG YAYASAN PUTRI RATU ANA NARAYA SEUNAGAN TIMUR, Keude Linteung, Kec. Seunagan Tim., Kabupaten Nagan Raya, Aceh 23672;Aceh;Nagan Raya;Seunagan Timur;T3 alamat fuzzy;https://www.google.com/maps/place/SPPG+YAYASAN+PUTRI+RATU+ANA+NARAYA+SEUNAGAN+TIMUR/data=!4m7!3m6!1s0x303ed3007553d157:0xcf7a7c1ad55f3f4a!8m2!3d4.2658465!4d96.3551416!16s%2Fg%2F11x_l53xyz!19sChIJV9FTdQDTPjARSj9f1Rp8es8?authuser=0&hl=id&g_ep=EgoyMDI2MDkyMi4wIJJjKgBIAVAD&rclk=1
449;SPPG GAMPONG PUUK;SPPG GAMPONG PUUK, Puuk, Kec. Kembang Tj., Kabupaten Pidie, Aceh 24186;Aceh;Pidie;Kembang Tanjong;T4 nama file;https://www.google.com/maps/place/SPPG+GAMPONG+PUUK/data=!4m7!3m6!1s0x304095003fb6f633:0xd257cf6a2160124e!8m2!3d5.302245!4d96.010666!16s%2Fg%2F11nv4yr1ps!19sChIJM_a2PwCVQDARThJgIWrPV9I?authuser=0&hl=id&g_ep=EgoyMDI2MDkyMi4wIJJjKgBIAVAD&rclk=1
450;SPPG PIDIE ARON ASAN KUMBANG;SPPG PIDIE ARON ASAN KUMBANG, Blang Cut, Kec. Kembang Tj., Kabupaten Pidie, Aceh 24181;Aceh;Pidie;Kembang Tanjong;T4 nama file;https://www.google.com/maps/place/SPPG+PIDIE+ARON+ASAN+KUMBANG/data=!4m7!3m6!1s0x304095004e5e2c4b:0x761a22450bd9efbd!8m2!3d5.3108418!4d96.0030835!16s%2Fg%2F11njrwc9yn!19sChIJSyxeTgCVQDARve_ZC0UiGnY?authuser=0&hl=id&g_ep=EgoyMDI2MDkyMi4wIJJjKgBIAVAD&rclk=1
451;SPPG;SPPG, Jl. Reung, Reung Reung, Kec. Kembang Tj., Kabupaten Pidie, Aceh 24181;Aceh;Pidie;Kembang Tanjong;T4 nama file;https://www.google.com/maps/place/SPPG/data=!4m7!3m6!1s0x304095002456e117:0x79eae70f7bac3e7b!8m2!3d5.3144827!4d96.0058187!16s%2Fg%2F11yzrddky4!19sChIJF-FWJACVQDARez6sew_n6nk?authuser=0&hl=id&g_ep=EgoyMDI2MDkyMi4wIJJjKgBIAVAD&rclk=1
454;SPPG KAMPONG ASAN;Jl. Tgk. Chik Di Asan Kampong Asan, Kec. Kota Sigli Kab. Pidie, Aceh 1107, Gampong Asan, Kec. Kota Sigli, Kabupaten Pidie, Aceh 24115;Aceh;Pidie;Kota Sigli;T4 nama file;https://www.google.com/maps/place/SPPG+KAMPONG+ASAN/data=!4m7!3m6!1s0x3040edf5085a0637:0xd9c2338d9813e3f8!8m2!3d5.3776652!4d95.9530015!16s%2Fg%2F11zj0pq89n!19sChIJNwZaCPXtQDAR-OMTmI0zwtk?authuser=0&hl=id&g_ep=EgoyMDI2MDkyMi4wIJJjKgBIAVAD&rclk=1
463;SPPG KECAMATAN BATE;Sppg kecamatan bate, Tuha, Kec. Batee, Kabupaten Pidie, Aceh 24152;Aceh;Pidie;Batee;T3 alamat fuzzy;https://www.google.com/maps/place/Sppg+kecamatan+bate/data=!4m7!3m6!1s0x3040f3007ec228b5:0x30efb6a5751ea38f!8m2!3d5.413467!4d95.8910164!16s%2Fg%2F11y_v9ltz5!19sChIJtSjCfgDzQDARj6MedaW27zA?authuser=0&hl=id&g_ep=EgoyMDI2MDkyMi4wIJJjKgBIAVAD&rclk=1
471;SPPG PIDIE MUTIARA TIMUR MESJID GUMPUENG;Jl. Tiro No.2, Mesjid Gumpueng, Kec. Mutiara Tim., Kabupaten Pidie, Aceh 24181;Aceh;Pidie;Mutiara Timur;T3 alamat fuzzy;https://www.google.com/maps/place/SPPG+PIDIE+MUTIARA+TIMUR+MESJID+GUMPUENG/data=!4m7!3m6!1s0x304091003147cc97:0x861e623ef7ff40e2!8m2!3d5.247598!4d95.967857!16s%2Fg%2F11yp3kgwff!19sChIJl8xHMQCRQDAR4kD_9z5iHoY?authuser=0&hl=id&g_ep=EgoyMDI2MDkyMi4wIJJjKgBIAVAD&rclk=1
476;SPPG PIDIE MUTIARA TIMUR JIEM;SPPG PIDIE MUTIARA TIMUR JIEM, Gampong Lada, Kec. Mutiara Tim., Kabupaten Pidie, Aceh 24186;Aceh;Pidie;Mutiara Timur;T3 alamat fuzzy;https://www.google.com/maps/place/SPPG+PIDIE+MUTIARA+TIMUR+JIEM/data=!4m7!3m6!1s0x30409700683f8f73:0x8302c71694fc8030!8m2!3d5.2711129!4d95.9905889!16s%2Fg%2F11z7cmcv0n!19sChIJc48_aACXQDARMID8lBbHAoM?authuser=0&hl=id&g_ep=EgoyMDI2MDkyMi4wIJJjKgBIAVAD&rclk=1
486;BADAN GIZI NASIONAL (SPPG);Badan Gizi Nasional (SPPG), Sukon, Simpang Tiga, Pidie Regency, Aceh 24181;Aceh;Pidie;Simpang Tiga;T4 nama file;https://www.google.com/maps/place/Badan+Gizi+Nasional+%28SPPG%29/data=!4m7!3m6!1s0x304095006ff39f81:0xd43a186497191be9!8m2!3d5.3586644!4d95.9879847!16s%2Fg%2F11z8hh1gwy!19sChIJgZ_zbwCVQDAR6RsZl2QYOtQ?authuser=0&hl=id&g_ep=EgoyMDI2MDkyMi4wIJJjKgBIAVAD&rclk=1
489;SPPG PIDIE MUTIARA TIMUR ALUE ADAN;SPPG Pidie Mutiara Timur Alue Adan, Jojo, Kec. Mutiara Tim., Kabupaten Pidie, Aceh 24186;Aceh;Pidie;Mutiara Timur;T3 alamat fuzzy;https://www.google.com/maps/place/SPPG+Pidie+Mutiara+Timur+Alue+Adan/data=!4m7!3m6!1s0x3040970006939be3:0xbca5305a2739da05!8m2!3d5.2723748!4d95.9845796!16s%2Fg%2F11z7cljkcr!19sChIJ45uTBgCXQDARBdo5J1owpbw?authuser=0&hl=id&g_ep=EgoyMDI2MDkyMi4wIJJjKgBIAVAD&rclk=1
490;SPPG PIDIE MUTIARA TIMUR MEE TANJONG USI;Mee Tanjong Usi, Kec. Mutiara Tim., Kabupaten Pidie, Aceh 24161;Aceh;Pidie;Mutiara Timur;T3 alamat fuzzy;https://www.google.com/maps/place/SPPG+PIDIE+MUTIARA+TIMUR+MEE+TANJONG+USI/data=!4m7!3m6!1s0x304097007d70b26d:0x32ec6c568899fe33!8m2!3d5.2663783!4d95.9894067!16s%2Fg%2F11yw65d5xx!19sChIJbbJwfQCXQDARM_6ZiFZs7DI?authuser=0&hl=id&g_ep=EgoyMDI2MDkyMi4wIJJjKgBIAVAD&rclk=1
498;SPPG TRIENGGADENG YPN;SPPG TRIENGGADENG YPN, Jalan Nasional, Balemon, Sagoe, Trienggadeng, Pidie Jaya Regency, Aceh;Aceh;Pidie Jaya;Trienggadeng;T4 nama file;https://www.google.com/maps/place/SPPG+TRIENGGADENG+YPN/@5.2613994,96.1755485,17z/data=!3m1!4b1!4m6!3m5!1s0x3040bb0022dfb181:0x5029ddd8c1d43c41!8m2!3d5.2613994!4d96.1755485!16s%2Fg%2F11zd05gwgw?hl=id&entry=ttu&g_ep=EgoyMDI2MDkyMi4wIKXMDSoASAFQAw%3D%3D
505;PUSKESMAS MEURAH DUA;Puskesmas Meurah Dua, Jl. Simpang 4, Meunasah Raya, Meurah Dua, Pidie Jaya Regency, Aceh;Aceh;Pidie Jaya;Meurah Dua;T4 nama file;https://www.google.com/maps/place/Puskesmas+Meurah+Dua/data=!4m7!3m6!1s0x3040b1325f89b429:0xa636ebb5194a40d7!8m2!3d5.233855!4d96.2607995!16s%2Fg%2F11ry1yvvvp!19sChIJKbSJXzKxQDAR10BKGbXrNqY?authuser=0&hl=id&g_ep=EgoyMDI2MDkyMy4wIJJjKgBIAVAD&rclk=1
508;SPPG SIMEULUE BARAT;SPPG SIMEULUE BARAT, Farit simbar, Layabaung, Simeulue Bar., Kabupaten Simeulue, Aceh;Aceh;Simeulue;Simeulue Cut;T4 nama file;https://www.google.com/maps/place/SPPG+SIMEULUE+BARAT/data=!4m7!3m6!1s0x303cbf005688ba5b:0xdcf89f8bc180788f!8m2!3d2.7505153!4d96.0792965!16s%2Fg%2F11mf3xb61q!19sChIJW7qIVgC_PDARj3iAwYuf-Nw?authuser=0&hl=id&g_ep=EgoyMDI2MDkyMi4wIJJjKgBIAVAD&rclk=1
511;SPPG TEUPAH TENGAH;SPPG TEUPAH TENGAH, Busung Indah, Kec. Simeulue Tim., Kabupaten Simeulue, Aceh;Aceh;Simeulue;Simeulue Timur;T3 alamat fuzzy;https://www.google.com/maps/place/SPPG+TEUPAH+TENGAH/@2.3901992,96.3365303,17z/data=!3m1!4b1!4m6!3m5!1s0x302355001fa2f1cb:0x477c4f8cf157a995!8m2!3d2.3901992!4d96.3365303!16s%2Fg%2F11z3z98qnw?hl=id&entry=ttu&g_ep=EgoyMDI2MDkyMi4wIKXMDSoASAFQAw%3D%3D
512;SPPG LABUHAN BAKTI;SPPG LABUHAN BAKTI, Labuhan Bakti, Kec. Teupah Sel., Kabupaten Simeulue, Aceh 24782;Aceh;Simeulue;Teupah Selatan;T4 nama file;https://www.google.com/maps/place/SPPG+LABUHAN+BAKTI/data=!4m7!3m6!1s0x3024ab00264148e7:0x1369d483e8ba5141!8m2!3d2.4047879!4d96.4823752!16s%2Fg%2F11nvm6vr_c!19sChIJ50hBJgCrJDARQVG66IPUaRM?authuser=0&hl=id&g_ep=EgoyMDI2MDkyMy4wIJJjKgBIAVAD&rclk=1
513;SPPG PULAU SIUMAT 3T;SPPG Pulau Siumat 3T, Pulau Siumat, Kec. Simeulue Tim., Kabupaten Simeulue, Aceh;Aceh;Simeulue;Simeulue Timur;T3 alamat fuzzy;https://www.google.com/maps/place/SPPG+Pulau+Siumat+3T/data=!4m7!3m6!1s0x303ca7000a8f88df:0xf5d2b5c674ba1dcb!8m2!3d2.6496864!4d96.3744683!16s%2Fg%2F11z77gdp8q!19sChIJ34iPCgCnPDARyx26dMa10vU?authuser=0&hl=id&g_ep=EgoyMDI2MDkyMi4wIJJjKgBIAVAD&rclk=1
514;SPPG NIAS SELATAN TELUK DALAM PASAR TELUK DALAM (DAPUR ONO NIHA);SPPG Nias Selatan Teluk Dalam Pasar Teluk Dalam (Dapur Ono Niha), Hiligeho, Kec. Tlk. Dalam, Kabupaten Nias Selatan, Sumatera Utara 22865;Aceh;Simeulue;Teluk Dalam;T4 nama file;https://www.google.com/maps/place/SPPG+Nias+Selatan+Teluk+Dalam+Pasar+Teluk+Dalam+%28Dapur+Ono+Niha%29/data=!4m7!3m6!1s0x30287f007100c593:0xe7a3cca9583612aa!8m2!3d0.5689495!4d97.8067586!16s%2Fg%2F11z7crhfy0!19sChIJk8UAcQB_KDARqhI2WKnMo-c?authuser=0&hl=id&g_ep=EgoyMDI2MDkyMy4wIJJjKgBIAVAD&rclk=1
515;SPPG DALUNG 2;SPPG Dalung 2, Gg. Camplung, Dalung, Kuta Utara, Badung Regency, Bali 80361;Bali;Badung;Kuta Utara;T4 nama file;https://www.google.com/maps/place/SPPG+Dalung+2/data=!4m7!3m6!1s0x2dd2390036c1c827:0x19f96ae65cc4df25!8m2!3d-8.6185164!4d115.1789703!16s%2Fg%2F11xyk9wd1q!19sChIJJ8jBNgA50i0RJd_EXOZq-Rk?authuser=0&hl=id&g_ep=EgoyMDI2MDkyMi4wIJJjKgBIAVAD&rclk=1
516;SPPG KUTA UTARA;SPPG KUTA UTARA, Dalung, Kuta Utara, Badung Regency, Bali 80361;Bali;Badung;Kuta Utara;T4 nama file;https://www.google.com/maps/place/SPPG+KUTA+UTARA/data=!4m7!3m6!1s0x2dd2390012fbf1f5:0xa700c3424152fc1e!8m2!3d-8.6255819!4d115.1785327!16s%2Fg%2F11nqc28nlx!19sChIJ9fH7EgA50i0RHvxSQULDAKc?authuser=0&hl=id&g_ep=EgoyMDI2MDkyMi4wIJJjKgBIAVAD&rclk=1
522;SPPG BADUNG KUTA, KUTA 3;Jl. Bhineka Jati Jaya No.3, Kuta, Kab, Kabupaten Badung, Bali 80361;Bali;Badung;Kuta;T4 nama file;https://www.google.com/maps/place/SPPG+Badung+Kuta,+Kuta+3/data=!4m7!3m6!1s0x2dd24500759a61a7:0x53945117c90ca872!8m2!3d-8.735981!4d115.176197!16s%2Fg%2F11zbg1brq7!19sChIJp2GadQBF0i0RcqgMyRdRlFM?authuser=0&hl=id&g_ep=EgoyMDI2MDkyMi4wIJJjKgBIAVAD&rclk=1
524;SPPG JIMBARAN 05;Lestari III No.22, Jimbaran, South Kuta, Badung Regency, Bali 80361;Bali;Badung;Kuta Selatan;T4 nama file;https://www.google.com/maps/place/SPPG+JIMBARAN+05/data=!4m7!3m6!1s0x2dd2450014e9f0f3:0xacb2de1d892e884b!8m2!3d-8.8012059!4d115.1829634!16s%2Fg%2F11yskqr41x!19sChIJ8_DpFABF0i0RS4guiR3esqw?authuser=0&hl=id&g_ep=EgoyMDI2MDkyMi4wIJJjKgBIAVAD&rclk=1
525;SPPG JIMBARAN 4;Jl. Taman Mulia Gg. Anggrek No.10, Jimbaran, Kec. Kuta Sel., Kabupaten Badung, Bali 80361;Bali;Badung;Kuta Selatan;T4 nama file;https://www.google.com/maps/place/SPPG+JIMBARAN+4/data=!4m7!3m6!1s0x2dd245006553c913:0x9fcfae54db966d47!8m2!3d-8.7807609!4d115.1720364!16s%2Fg%2F11nc7mkq_1!19sChIJE8lTZQBF0i0RR22W21Suz58?authuser=0&hl=id&g_ep=EgoyMDI2MDkyMi4wIJJjKgBIAVAD&rclk=1
526;SPPG JIMBARAN 6;Jl. Batas Kangin No.5, Jimbaran, Kec. Kuta Sel., Kabupaten Badung, Bali 80361;Bali;Badung;Kuta Selatan;T4 nama file;https://www.google.com/maps/place/SPPG+JIMBARAN+6/data=!4m7!3m6!1s0x2dd24500435dd7a7:0xb6ff2a110e10b8ef!8m2!3d-8.767986!4d115.1754408!16s%2Fg%2F11njy347rv!19sChIJp9ddQwBF0i0R77gQDhEq_7Y?authuser=0&hl=id&g_ep=EgoyMDI2MDkyMi4wIJJjKgBIAVAD&rclk=1
527;SPPG BADUNG KUTA SELATAN JIMBARAN 2;Jl. Bypass Ngurah Rai No.96-B, Jimbaran, Kec. Kuta Sel., Kabupaten Badung, Bali 80361;Bali;Badung;Kuta Selatan;T4 nama file;https://www.google.com/maps/place/SPPG+BADUNG+KUTA+SELATAN+JIMBARAN+2/data=!4m7!3m6!1s0x2dd243000035510f:0x4f23e050dad32d3!8m2!3d-8.7847008!4d115.1936233!16s%2Fg%2F11njmhkz15!19sChIJD1E1AABD0i0R0zKtDQU-8gQ?authuser=0&hl=id&g_ep=EgoyMDI2MDkyMi4wIJJjKgBIAVAD&rclk=1
528;SPPG BADUNG KUTA SELATAN KUTUH;Jl. Dharmawangsa No.27A, Kutuh, Kec. Kuta Sel., Kabupaten Badung, Bali 80361;Bali;Badung;Kuta Selatan;T4 nama file;https://www.google.com/maps/place/SPPG+Badung+Kuta+Selatan+Kutuh/data=!4m7!3m6!1s0x2dd25b000286e6d1:0x39948992730f98b6!8m2!3d-8.8238982!4d115.1846689!16s%2Fg%2F11z7cbr5gj!19sChIJ0eaGAgBb0i0RtpgPc5KJlDk?authuser=0&hl=id&g_ep=EgoyMDI2MDkyMi4wIJJjKgBIAVAD&rclk=1
529;SPPG BADUNG KUTA SELATAN BENOA 2;SPPG Badung Kuta Selatan Benoa 2, Jl. Mayapada, Benoa, Kec. Kuta Sel., Kabupaten Badung, Bali 80361;Bali;Badung;Kuta Selatan;T4 nama file;https://www.google.com/maps/place/SPPG+Badung+Kuta+Selatan+Benoa+2/data=!4m7!3m6!1s0x2dd243005de8b0a3:0x37189e6733535163!8m2!3d-8.8015818!4d115.2142585!16s%2Fg%2F11z7bphbcx!19sChIJo7DoXQBD0i0RY1FTM2eeGDc?authuser=0&hl=id&g_ep=EgoyMDI2MDkyMi4wIJJjKgBIAVAD&rclk=1
530;SPPG BADUNG KUTA SELATAN JIMBARAN;SPPG BADUNG KUTA SELATAN JIMBARAN, Jl. Taman Baruna, Jimbaran, Kec. Kuta Sel., Kabupaten Badung, Bali 80361;Bali;Badung;Kuta Selatan;T4 nama file;https://www.google.com/maps/place/SPPG+BADUNG+KUTA+SELATAN+JIMBARAN/data=!4m7!3m6!1s0x2dd245006811504d:0xf57f0f21f1bc1380!8m2!3d-8.7800962!4d115.1850703!16s%2Fg%2F11zc3n7x2k!19sChIJTVARaABF0i0RgBO88SEPf_U?authuser=0&hl=id&g_ep=EgoyMDI2MDkyMi4wIJJjKgBIAVAD&rclk=1
531;SPPG MUTIARA BALI - JIMBARAN;Jl. Bypass Ngurah Rai No.274, Jimbaran, Kec. Kuta Sel., Kabupaten Badung, Bali 80362;Bali;Badung;Kuta Selatan;T4 nama file;https://www.google.com/maps/place/SPPG+MUTIARA+BALI+-+JIMBARAN/data=!4m7!3m6!1s0x2dd24500129b8023:0x6e5517e40c22d2b!8m2!3d-8.7727526!4d115.1773058!16s%2Fg%2F11zd011lnl!19sChIJI4CbEgBF0i0RKy3CQH5R5QY?authuser=0&hl=id&g_ep=EgoyMDI2MDkyMi4wIJJjKgBIAVAD&rclk=1
532;SPPG JIMBARAN 1;Jl. Raya Kampus Unud No.99, Jimbaran, Kec. Kuta Sel., Kabupaten Badung, Bali 80361;Bali;Badung;Kuta Selatan;T4 nama file;https://www.google.com/maps/place/SPPG+JIMBARAN+1/data=!4m7!3m6!1s0x2dd24500572dcd2b:0xcf6afdca6652d096!8m2!3d-8.799669!4d115.1653493!16s%2Fg%2F11zbbwtjx4!19sChIJK80tVwBF0i0RltBSZsr9as8?authuser=0&hl=id&g_ep=EgoyMDI2MDkyMi4wIJJjKgBIAVAD&rclk=1
535;SPPG BADUNG MENGWI ABIANBASE 2;Jl. Raya Abianbase No.125, banjar gede, Abianbase, Mengwi, Badung Regency, Bali 80351;Bali;Badung;Mengwi;T4 nama file;https://www.google.com/maps/place/SPPG+Badung+Mengwi+Abianbase+2/data=!4m7!3m6!1s0x2dd23924269836b9:0x1e5ba31044d3d8cc!8m2!3d-8.5988928!4d115.1737799!16s%2Fg%2F11mzsbh0d9!19sChIJuTaYJiQ50i0RzNjTRBCjWx4?authuser=0&hl=id&g_ep=EgoyMDI2MDkyMi4wIJJjKgBIAVAD&rclk=1
544;SPPG BANGLI TEMBUKU TEMBUKU;SPPG Bangli Tembuku Tembuku, Jl. Tembuku, Tembuku, Bangli Regency, Bali 80671;Bali;Bangli;Tembuku;T4 nama file;https://www.google.com/maps/place/SPPG+Bangli+Tembuku+Tembuku/data=!4m7!3m6!1s0x2dd21b0071331837:0xbc71cc1568c3357c!8m2!3d-8.4280285!4d115.3856043!16s%2Fg%2F11yfqw_bvp!19sChIJNxgzcQAb0i0RfDXDaBXMcbw?authuser=0&hl=id&g_ep=EgoyMDI2MDkyMi4wIJJjKgBIAVAD&rclk=1
545;SPPG TEMBUKU III;SPPG Tembuku III, Yangapi, Tembuku, Bangli Regency, Bali 80614;Bali;Bangli;Tembuku;T4 nama file;https://www.google.com/maps/place/SPPG+Tembuku+III/data=!4m7!3m6!1s0x2dd21d0075a2da5f:0x7641b0e72f0471cd!8m2!3d-8.3660067!4d115.3857518!16s%2Fg%2F11yhbfc1hc!19sChIJX9qidQAd0i0RzXEEL-ewQXY?authuser=0&hl=id&g_ep=EgoyMDI2MDkyMi4wIJJjKgBIAVAD&rclk=1
546;SPPG BANGLI, KINTAMANI, SATRA;SPPG Bangli, Kintamani, Satra, Jl. Gn. Batur, Satra, Kintamani, Bangli Regency, Bali 80652;Bali;Bangli;Kintamani;T4 nama file;https://www.google.com/maps/place/SPPG+Bangli,+Kintamani,+Satra/data=!4m7!3m6!1s0x2dd18d000f64725b:0x8971a8800a6a22cd!8m2!3d-8.191097!4d115.2752478!16s%2Fg%2F11z60n4nv3!19sChIJW3JkDwCN0S0RzSJqCoCocYk?authuser=0&hl=id&g_ep=EgoyMDI2MDkyMi4wIJJjKgBIAVAD&rclk=1
547;SPPG DESA BUNUTIN KINTAMANI;SPPG DESA BUNUTIN KINTAMANI, Bunutin, Kintamani, Bangli Regency, Bali 80652;Bali;Bangli;Kintamani;T4 nama file;https://www.google.com/maps/place/SPPG+DESA+BUNUTIN+KINTAMANI/data=!4m7!3m6!1s0x2dd18b0056803111:0xba7a08f11e3e045e!8m2!3d-8.3016892!4d115.2630044!16s%2Fg%2F11y0m5nngy!19sChIJETGAVgCL0S0RXgQ-HvEIero?authuser=0&hl=id&g_ep=EgoyMDI2MDkyMi4wIJJjKgBIAVAD&rclk=1
549;SPPG BANGLI BANGLI LANDIH;Jl. Raya Penaga No.6, Landih, Bangli, Bangli Regency, Bali 80614;Bali;Bangli;Kintamani;T4 nama file;https://www.google.com/maps/place/SPPG+BANGLI+BANGLI+LANDIH/data=!4m7!3m6!1s0x2dd21d001780cdf3:0x60b3ae6b963b072f!8m2!3d-8.3456641!4d115.3857944!16s%2Fg%2F11xm_b7l8k!19sChIJ882AFwAd0i0RLwc7lmuus2A?authuser=0&hl=id&g_ep=EgoyMDI2MDkyMi4wIJJjKgBIAVAD&rclk=1
550;SPPG BANGLI KINTAMANI BATUR TENGAH;Penelokan Main Rd No.889, Central Batur, Kintamani, Bangli Regency, Bali 80652;Bali;Bangli;Kintamani;T4 nama file;https://www.google.com/maps/place/SPPG+BANGLI+KINTAMANI+BATUR+TENGAH/data=!4m7!3m6!1s0x2dd1f5000d51c1f7:0x6ae557283b6b4d53!8m2!3d-8.2688355!4d115.3428294!16s%2Fg%2F11yy2hzyc_!19sChIJ98FRDQD10S0RU01rOyhX5Wo?authuser=0&hl=id&g_ep=EgoyMDI2MDkyMi4wIJJjKgBIAVAD&rclk=1
575;SPPG BULELENG BULELENG KALIUNTU 2;Jl. A. Yani No.75, Kaliuntu, Buleleng, Buleleng Regency, Bali 81116;Bali;Buleleng;Buleleng;T4 nama file;https://www.google.com/maps/place/SPPG+Buleleng+Buleleng+Kaliuntu+2/data=!4m7!3m6!1s0x2dd19b005cb28b11:0xdbc6504eecc078a6!8m2!3d-8.1126997!4d115.0841287!16s%2Fg%2F11yrnzlqmn!19sChIJEYuyXACb0S0RpnjA7E5Qxts?authuser=0&hl=id&g_ep=EgoyMDI2MDkyMi4wIJJjKgBIAVAD&rclk=1
578;SPPG KRESNA;Jalan Puri Kresna Jl. Kresna No.6, Kendran, Buleleng, Buleleng Regency, Bali 81117;Bali;Buleleng;Buleleng;T4 nama file;https://www.google.com/maps/place/SPPG+Kresna/data=!4m7!3m6!1s0x2dd19b0027f49dc5:0xdcc1be92e39342e!8m2!3d-8.1236386!4d115.0936991!16s%2Fg%2F11zgv3lc2j!19sChIJxZ30JwCb0S0RLjQ5LukbzA0?authuser=0&hl=id&g_ep=EgoyMDI2MDkyMi4wIJJjKgBIAVAD&rclk=1
582;DAPUR SPPG BAKTISERAGA;Dapur SPPG BAKTISERAGA, Gg. Drupadi, Baktiseraga, Buleleng, Buleleng Regency, Bali 81119;Bali;Buleleng;Buleleng;T4 nama file;https://www.google.com/maps/place/Dapur+SPPG+BAKTISERAGA/data=!4m7!3m6!1s0x2dd19b004dcf9225:0x967ea6906a432b1f!8m2!3d-8.1293188!4d115.07429!16s%2Fg%2F11yy3ph5m_!19sChIJJZLPTQCb0S0RHytDapCmfpY?authuser=0&hl=id&g_ep=EgoyMDI2MDkyMi4wIJJjKgBIAVAD&rclk=1
584;SPPG BULELENG BANJAR BANJAR;SPPG Buleleng Banjar Banjar, Jl. Raja Ida Made Rai, Banjar, Buleleng Regency, Bali 81152;Bali;Buleleng;Banjar;T4 nama file;https://www.google.com/maps/place/SPPG+Buleleng+Banjar+Banjar/data=!4m7!3m6!1s0x2dd18300789d155d:0xbe2f4bc1e9690435!8m2!3d-8.1926311!4d114.9658942!16s%2Fg%2F11nj42vhf9!19sChIJXRWdeACD0S0RNQRp6cFLL74?authuser=0&hl=id&g_ep=EgoyMDI2MDkyMi4wIJJjKgBIAVAD&rclk=1
597;SPPG GIANYAR LODTUNDUH 005;SPPG GIANYAR LODTUNDUH 005, Lodtunduh, Ubud, Gianyar Regency, Bali 80552;Bali;Gianyar;Sukawati;T4 nama file;https://www.google.com/maps/place/SPPG+GIANYAR+LODTUNDUH+005/data=!4m7!3m6!1s0x2dd23f0544c586c3:0x6b1e4fc2effdfc66!8m2!3d-8.5775341!4d115.2656841!16s%2Fg%2F11np_k9sy_!19sChIJw4bFRAU_0i0RZvz978JPHms?authuser=0&hl=id&g_ep=EgoyMDI2MDkyMy4wIJJjKgBIAVAD&rclk=1
602;SPPG GIANYAR SUKAWATI GUWANG;Puspa Aman dan Taman Hatinya PKK, Jl. Raya Guwang No.14b, Guwang, Sukawati, Gianyar Regency, Bali 80582;Bali;Gianyar;Sukawati;T4 nama file;https://www.google.com/maps/place/SPPG+GIANYAR+SUKAWATI+GUWANG/data=!4m7!3m6!1s0x2dd23f006bcb906f:0x230332c45b22de90!8m2!3d-8.603961!4d115.283096!16s%2Fg%2F11z0pdbkv5!19sChIJb5DLawA_0i0RkN4iW8QyAyM?authuser=0&hl=id&g_ep=EgoyMDI2MDkyMy4wIJJjKgBIAVAD&rclk=1
614;SPPG PENATIH DANGIN PURI;Jl. Sekar Jepun VIII No.3, Kesiman Kertalangu, Kec. Denpasar Tim., Kota Denpasar, Bali 80237;Bali;Gianyar;Sukawati;T4 nama file;https://www.google.com/maps/place/SPPG+PENATIH+DANGIN+PURI/data=!4m7!3m6!1s0x2dd23f000cad1c9f:0xad502a543fd3e2b3!8m2!3d-8.6332163!4d115.2481845!16s%2Fg%2F11yz8hhm03!19sChIJnxytDAA_0i0Rs-LTP1QqUK0?authuser=0&hl=id&g_ep=EgoyMDI2MDkyMy4wIJJjKgBIAVAD&rclk=1
619;SPPG GIANYAR UBUD KEDEWATAN 2;Jl. Raya Kedewatan No.41x, Kedewatan, Ubud, Gianyar Regency, Bali 80571;Bali;Gianyar;Ubud;T4 nama file;https://www.google.com/maps/place/SPPG+GIANYAR+UBUD+KEDEWATAN+2/data=!4m7!3m6!1s0x2dd223004f1728c7:0xfeea3672e15caa4!8m2!3d-8.4809083!4d115.2470074!16s%2Fg%2F11zflwnl5f!19sChIJxygXTwAj0i0RpMoVLmej7g8?authuser=0&hl=id&g_ep=EgoyMDI2MDkyMi4wIJJjKgBIAVAD&rclk=1
620;SPPG GIANYAR UBUD KEDEWATAN;Jl. Dukuh Sakti Jl. Raya Kedewatan I, Kedewatan, Ubud, Gianyar Regency, Bali 80571;Bali;Gianyar;Ubud;T4 nama file;https://www.google.com/maps/place/SPPG+GIANYAR+UBUD+KEDEWATAN/data=!4m7!3m6!1s0x2dd23d3532325bb5:0x65ef2401f934acc4!8m2!3d-8.488233!4d115.24602!16s%2Fg%2F11yvh1pxls!19sChIJtVsyMjU90i0RxKw0-QEk72U?authuser=0&hl=id&g_ep=EgoyMDI2MDkyMi4wIJJjKgBIAVAD&rclk=1
623;SPPG GIANYAR TEGALLALANG TEGALLALANG;Jl. Raya Tegallalang Jl. Raya Gentong No.Br, Tegallalang, Gianyar Regency, Bali 80561;Bali;Gianyar;Ubud;T4 nama file;https://www.google.com/maps/place/SPPG+Gianyar+Tegallalang+Tegallalang/data=!4m7!3m6!1s0x2dd22309266551c5:0xcb8b52c9fb747cde!8m2!3d-8.4778234!4d115.2786043!16s%2Fg%2F11mywdp8y1!19sChIJxVFlJgkj0i0R3nx0-8lSi8s?authuser=0&hl=id&g_ep=EgoyMDI2MDkyMi4wIJJjKgBIAVAD&rclk=1
626;SPPG TAMPAKSIRING;SPPG Tampaksiring, Jl. Raya Uma, Tampaksiring, Gianyar Regency, Bali 80552;Bali;Gianyar;Gianyar;T4 nama file;https://www.google.com/maps/place/SPPG+Tampaksiring/data=!4m7!3m6!1s0x2dd219003e242127:0xb67c7c32485d80f2!8m2!3d-8.4366269!4d115.3062873!16s%2Fg%2F11yzb5jzrg!19sChIJJyEkPgAZ0i0R8oBdSDJ8fLY?authuser=0&hl=id&g_ep=EgoyMDI2MDkyMi4wIJJjKgBIAVAD&rclk=1
627;SPPG MANUKAYA TAMPAKSIRING;JALAN, Manukaya, Tampaksiring, Gianyar Regency, Bali 80552;Bali;Gianyar;Gianyar;T4 nama file;https://www.google.com/maps/place/SPPG+MANUKAYA+TAMPAKSIRING/data=!4m7!3m6!1s0x2dd219490a30050d:0x31a861c8f4746ba3!8m2!3d-8.4038026!4d115.3242118!16s%2Fg%2F11yn9f44jz!19sChIJDQUwCkkZ0i0Ro2t09MhhqDE?authuser=0&hl=id&g_ep=EgoyMDI2MDkyMi4wIJJjKgBIAVAD&rclk=1
629;SPPG;SPPG, Sidan, Gianyar, Gianyar Regency, Bali 80515;Bali;Gianyar;Gianyar;T4 nama file;https://www.google.com/maps/place/SPPG/data=!4m7!3m6!1s0x2dd2170073e677c9:0xb07b1149ceef1bb5!8m2!3d-8.5376175!4d115.3514083!16s%2Fg%2F11yvj2rsqt!19sChIJyXfmcwAX0i0RtRvvzkkRe7A?authuser=0&hl=id&g_ep=EgoyMDI2MDkyMi4wIJJjKgBIAVAD&rclk=1
631;SPPG TEGAL BADENG BARAT, NEGARA;SPPG TEGAL BADENG BARAT, NEGARA, Jl. Raya Pantai Cupel, Baluk, Negara, Jembrana Regency, Bali 82218;Bali;Jembrana;Melaya;T4 nama file;https://www.google.com/maps/place/SPPG+TEGAL+BADENG+BARAT,+NEGARA/data=!4m7!3m6!1s0x2dd16100194eb943:0x6731f6be2df19a89!8m2!3d-8.363439!4d114.572548!16s%2Fg%2F11yjjwjzq5!19sChIJQ7lOGQBh0S0RiZrxLb72MWc?authuser=0&hl=id&g_ep=EgoyMDI2MDkyMi4wIJJjKgBIAVAD&rclk=1
636;SPPG AIR KUNING JEMBRANA BALI;;Bali;Jembrana;Melaya;T4 nama file;https://www.google.com/maps/place/SPPG+AIR+KUNING+JEMBRANA+BALI/data=!4m7!3m6!1s0x856c4a174b66e9bf:0x9e809ba1a1a8b82d!8m2!3d-8.3131784!4d114.6828585!16s%2Fg%2F11ytv9mh22!19sChIJv-lmSxdKbIURLbiooaGbgJ4?authuser=0&hl=id&g_ep=EgoyMDI2MDkyMi4wIJJjKgBIAVAD&rclk=1
639;SPPG KLATAK KALIPURO BANYUWANGI;Jl. Lagoon, Lingkungan Sukowidi, Klatak, Kalipuro, Banyuwangi Regency, East Java 68421;Bali;Jembrana;Melaya;T4 nama file;https://www.google.com/maps/place/SPPG+Klatak+Kalipuro+Banyuwangi/data=!4m7!3m6!1s0x2dd145250e5e6799:0x8323dcce7ede977c!8m2!3d-8.1854111!4d114.3814004!16s%2Fg%2F11z2bt0k30!19sChIJmWdeDiVF0S0RfJfefs7cI4M?authuser=0&hl=id&g_ep=EgoyMDI2MDkyMi4wIJJjKgBIAVAD&rclk=1
649;SPPG DANGIN TUKADAYA, JEMBRANA;SPPG DANGIN TUKADAYA, JEMBRANA, Dangin Tukadaya, Jembrana, Jembrana Regency, Bali 82218;Bali;Jembrana;Melaya;T4 nama file;https://www.google.com/maps/place/SPPG+DANGIN+TUKADAYA,+JEMBRANA/data=!4m7!3m6!1s0x2dd16300298d6659:0x964ad857ff14d17a!8m2!3d-8.3646767!4d114.6520687!16s%2Fg%2F11yjjlp46v!19sChIJWWaNKQBj0S0RetEU_1fYSpY?authuser=0&hl=id&g_ep=EgoyMDI2MDkyMi4wIJJjKgBIAVAD&rclk=1
651;SPPG JEMBRANA MENDOYO PENYARINGAN;SPPG Jembrana Mendoyo Penyaringan, Jl. Yudistira, Penyaringan, Mendoyo, Jembrana Regency, Bali 82261;Bali;Jembrana;Jembrana;T4 nama file;https://www.google.com/maps/place/SPPG+Jembrana+Mendoyo+Penyaringan/data=!4m7!3m6!1s0x2dd3d90004b0ac97:0x7fed9caf92fe2c86!8m2!3d-8.369505!4d114.712875!16s%2Fg%2F11z718cxbq!19sChIJl6ywBADZ0y0Rhiz-kq-c7X8?authuser=0&hl=id&g_ep=EgoyMDI2MDkyMi4wIJJjKgBIAVAD&rclk=1
663;SPPG MUTIARA BALI - KECICANG ISLAM;Kecicang Islam, Jl. Teuku Umar, Bungaya Kangin, Bebandem, Karangasem Regency, Bali 80861;Bali;Karangasem;Karangasem;T4 nama file;https://www.google.com/maps/place/SPPG+MUTIARA+BALI+-+KECICANG+ISLAM/data=!4m7!3m6!1s0x2dd207b453b4a521:0x509ee298f2a4077f!8m2!3d-8.4475804!4d115.5872844!16s%2Fg%2F11z82rtpkn!19sChIJIaW0U7QH0i0Rfwek8pjinlA?authuser=0&hl=id&g_ep=EgoyMDI2MDkyMi4wIJJjKgBIAVAD&rclk=1
670;SPPG KARANGASEM SELATAN;Gg. Gurame No.23, Dk Pejintenan, South Karangasem, Batang, Batang Regency, Central Java 51216;Bali;Karangasem;Karangasem;T4 nama file;https://www.google.com/maps/place/SPPG+Karangasem+Selatan/data=!4m7!3m6!1s0x2e70250053416f55:0xdd947622945057bc!8m2!3d-6.8989607!4d109.7395794!16s%2Fg%2F11xt6f1tv4!19sChIJVW9BUwAlcC4RvFdQlCJ2lN0?authuser=0&hl=id&g_ep=EgoyMDI2MDkyMi4wIJJjKgBIAVAD&rclk=1
671;SPPG SUBAGAN 2 (SATUAN PELAYANAN PEMENUHAN GIZI);SPPG SUBAGAN 2 (Satuan Pelayanan Pemenuhan Gizi), Jl. Achmad Yani, Subagan, Karangasem, Karangasem Regency, Bali 80811;Bali;Karangasem;Karangasem;T4 nama file;https://www.google.com/maps/place/SPPG+SUBAGAN+2+%28Satuan+Pelayanan+Pemenuhan+Gizi%29/data=!4m7!3m6!1s0x2dd2090048b5de9f:0x35da07e6149966f6!8m2!3d-8.4658761!4d115.6107304!16s%2Fg%2F11zb3bydg8!19sChIJn961SAAJ0i0R9maZFOYH2jU?authuser=0&hl=id&g_ep=EgoyMDI2MDkyMi4wIJJjKgBIAVAD&rclk=1
677;SPPG TALIBENG 2;Sppg Talibeng 2, Talibeng, Sidemen, Karangasem Regency, Bali 80864;Bali;Karangasem;Sidemen;T4 nama file;https://www.google.com/maps/place/Sppg+Talibeng+2/data=!4m7!3m6!1s0x2dd211000ece9bcb:0xa534dda7f8712058!8m2!3d-8.5005387!4d115.440777!16s%2Fg%2F11nv78z_w9!19sChIJy5vODgAR0i0RWCBx-KfdNKU?authuser=0&hl=id&g_ep=EgoyMDI2MDkyMi4wIJJjKgBIAVAD&rclk=1
685;SPPG TAKMUNG BANJARAKAN KLUNGKUNG;SPPG Takmung Banjarakan Klungkung, Jl. Raya Takmung, Takmung, Banjarangkan, Klungkung Regency, Bali 80716;Bali;Klungkung;Banjarangkan;T4 nama file;https://www.google.com/maps/place/SPPG+Takmung+Banjarakan+Klungkung/data=!4m7!3m6!1s0x2dd211000e9828c9:0x9a5e59a15d528c8a!8m2!3d-8.5547978!4d115.3906311!16s%2Fg%2F11nj2tbk84!19sChIJySiYDgAR0i0RioxSXaFZXpo?authuser=0&hl=id&g_ep=EgoyMDI2MDkyMi4wIJJjKgBIAVAD&rclk=1
687;SPPG GELGEL, KLUNGKUNG;SPPG GELGEL, KLUNGKUNG, Jl. Raya Takmung, Takmung, Banjarangkan, Klungkung Regency, Bali 80716;Bali;Klungkung;Banjarangkan;T4 nama file;https://www.google.com/maps/place/SPPG+GELGEL,+KLUNGKUNG/data=!4m7!3m6!1s0x2dd2110054b36833:0xff828b901401e74e!8m2!3d-8.5546805!4d115.3900576!16s%2Fg%2F11n4gvb4ct!19sChIJM2izVAAR0i0RTucBFJCLgv8?authuser=0&hl=id&g_ep=EgoyMDI2MDkyMi4wIJJjKgBIAVAD&rclk=1
690;SPPG GUNAKSA KLUNGKUNG;Jl. Umum No.99, Sampalan Klod, Dawan, Klungkung Regency, Bali 80761;Bali;Klungkung;Klungkung;T4 nama file;https://www.google.com/maps/place/SPPG+Gunaksa+Klungkung/data=!4m7!3m6!1s0x2dd2116be23b2733:0x9c208949678d4cc2!8m2!3d-8.5450991!4d115.4205393!16s%2Fg%2F11ymzvkzy8!19sChIJMyc74msR0i0RwkyNZ0mJIJw?authuser=0&hl=id&g_ep=EgoyMDI2MDkyMi4wIJJjKgBIAVAD&rclk=1
693;SPPG DENPASAR BARAT PEMECUTAN KELOD;Jl. Labak Indah Gg. 1, Tegal Harum, Kec. Denpasar Bar., Kota Denpasar, Bali 80119;Bali;Kota Denpasar;Denpasar Barat;T4 nama file;https://www.google.com/maps/place/SPPG+Denpasar+Barat+Pemecutan+Kelod/data=!4m7!3m6!1s0x2dd2410046763b4f:0x7663bf3710d4c4bc!8m2!3d-8.6712911!4d115.1939289!16s%2Fg%2F11z6mp25nn!19sChIJTzt2RgBB0i0RvMTUEDe_Y3Y?authuser=0&hl=id&g_ep=EgoyMDI2MDkyMi4wIJJjKgBIAVAD&rclk=1
694;SPPG KOTA DENPASAR DENPASAR BARAT PADANGSAMBIAN KELOD 2;SPPG KOTA DENPASAR DENPASAR BARAT PADANGSAMBIAN KELOD 2, Padangsambian, Kec. Denpasar Bar., Kota Denpasar, Bali 80119;Bali;Kota Denpasar;Denpasar Barat;T4 nama file;https://www.google.com/maps/place/SPPG+KOTA+DENPASAR+DENPASAR+BARAT+PADANGSAMBIAN+KELOD+2/data=!4m7!3m6!1s0x2dd2470062035267:0x724e639e35beaf80!8m2!3d-8.6760582!4d115.1876804!16s%2Fg%2F11ywxbblyb!19sChIJZ1IDYgBH0i0RgK--NZ5jTnI?authuser=0&hl=id&g_ep=EgoyMDI2MDkyMi4wIJJjKgBIAVAD&rclk=1
695;SPPG BALI DENPASAR BARAT PADANGSAMBIAN;SPPG BALI DENPASAR BARAT PADANGSAMBIAN, Gg. Srikaya, Padangsambian, Kec. Denpasar Bar., Kota Denpasar, Bali 80119;Bali;Kota Denpasar;Denpasar Barat;T4 nama file;https://www.google.com/maps/place/SPPG+BALI+DENPASAR+BARAT+PADANGSAMBIAN/data=!4m7!3m6!1s0x2dd241006994c1d5:0xf1a81339d3eb10bf!8m2!3d-8.6605314!4d115.193114!16s%2Fg%2F11zc3kv8sl!19sChIJ1cGUaQBB0i0RvxDr0zkTqPE?authuser=0&hl=id&g_ep=EgoyMDI2MDkyMi4wIJJjKgBIAVAD&rclk=1
696;SPPG TEGAL HARUM;Jl. Mahendradatta Utara No.99, Padangsambian, Kec. Denpasar Bar., Kota Denpasar, Bali 80117;Bali;Kota Denpasar;Denpasar Barat;T4 nama file;https://www.google.com/maps/place/SPPG+Tegal+Harum/data=!4m7!3m6!1s0x2dd2410061ede6cb:0x88345ebcd49922db!8m2!3d-8.6679072!4d115.1900339!16s%2Fg%2F11mz1hcz40!19sChIJy-btYQBB0i0R2yKZ1LxeNIg?authuser=0&hl=id&g_ep=EgoyMDI2MDkyMi4wIJJjKgBIAVAD&rclk=1
697;SPPG KOTA DENPASAR DENPASAR SELATAN PANJER 2;Jl. Tukad Batanghari V A No.10, Panjer, Denpasar Selatan, Kota Denpasar, Bali 80234;Bali;Kota Denpasar;Denpasar Barat;T4 nama file;https://www.google.com/maps/place/SPPG+Kota+Denpasar+Denpasar+Selatan+Panjer+2/data=!4m7!3m6!1s0x2dd24100269377ab:0xa5aab9ab6791d48a!8m2!3d-8.6811514!4d115.2311554!16s%2Fg%2F11yryy0ll8!19sChIJq3eTJgBB0i0RitSRZ6u5qqU?authuser=0&hl=id&g_ep=EgoyMDI2MDkyMi4wIJJjKgBIAVAD&rclk=1
698;SPPG MUTIARA BALI - DAUH PURI KAUH;Jl. Pulau Misol Gg. I No.24, Dauh Puri Kauh, Bar, Kec. Denpasar Bar., Kota Denpasar, Bali 80113;Bali;Kota Denpasar;Denpasar Barat;T4 nama file;https://www.google.com/maps/place/SPPG+MUTIARA+BALI+-+DAUH+PURI+KAUH/data=!4m7!3m6!1s0x2dd241022ee935eb:0xfdc2f2a001645903!8m2!3d-8.6776303!4d115.2048291!16s%2Fg%2F11zc4hh1nj!19sChIJ6zXpLgJB0i0RA1lkAaDywv0?authuser=0&hl=id&g_ep=EgoyMDI2MDkyMi4wIJJjKgBIAVAD&rclk=1
701;SPPG PADANG SAMBIAN BGN;SPPG Padang Sambian BGN, Jl. Sindhu Redja Gang Dewi Sri No.88, Padangsambian Kaja, Kec. Denpasar Bar., Kota Denpasar, Bali 80117;Bali;Kota Denpasar;Denpasar Barat;T4 nama file;https://www.google.com/maps/place/SPPG+Padang+Sambian+BGN/data=!4m7!3m6!1s0x2dd23900417a79f1:0xd9efdf51906b6388!8m2!3d-8.6284022!4d115.1840064!16s%2Fg%2F11zkq8wmkj!19sChIJ8Xl6QQA50i0RiGNrkFHf79k?authuser=0&hl=id&g_ep=EgoyMDI2MDkyMi4wIJJjKgBIAVAD&rclk=1
702;SPPG SANUR DENPASAR SELATAN;Jl. Bypass Ngurah Rai sanur No.5, sanur, Denpasar Selatan, Kota Denpasar, Bali 80237;Bali;Kota Denpasar;Denpasar Barat;T4 nama file;https://www.google.com/maps/place/SPPG+Sanur+Denpasar+Selatan/data=!4m7!3m6!1s0x2dd241004fd7b719:0xdd626741ab0a9f9c!8m2!3d-8.6667427!4d115.2558126!16s%2Fg%2F11yndl062f!19sChIJGbfXTwBB0i0RnJ8Kq0FnYt0?authuser=0&hl=id&g_ep=EgoyMDI2MDkyMi4wIJJjKgBIAVAD&rclk=1
704;SPPG RENON DENPASAR;Jl. Tukad Citarum Gg. O No.3, Panjer, Denpasar Selatan, Denpasar City, Bali 80225;Bali;Kota Denpasar;Denpasar Barat;T4 nama file;https://www.google.com/maps/place/SPPG+RENON+DENPASAR/data=!4m7!3m6!1s0x2dd241003d3a9ca3:0xe8c398081fbee157!8m2!3d-8.6875554!4d115.2336853!16s%2Fg%2F11m_93vrvz!19sChIJo5w6PQBB0i0RV-G-HwiYw-g?authuser=0&hl=id&g_ep=EgoyMDI2MDkyMi4wIJJjKgBIAVAD&rclk=1
705;SPPG PADANGSAMBIAN 07;Jl. Pura Banyu Kuning I No.11, Padangsambian Klod, Kec. Denpasar Bar., Kota Denpasar, Bali 80119;Bali;Kota Denpasar;Denpasar Barat;T4 nama file;https://www.google.com/maps/place/SPPG+Padangsambian+07/data=!4m7!3m6!1s0x2dd24700627d2dfb:0xa01516081867e760!8m2!3d-8.6792093!4d115.1885293!16s%2Fg%2F11z9nbd7wh!19sChIJ-y19YgBH0i0RYOdnGAgWFaA?authuser=0&hl=id&g_ep=EgoyMDI2MDkyMi4wIJJjKgBIAVAD&rclk=1
706;SPPG MBG BADAK SARI RENON;Jl. Badak Sari I No.21Sumerta, KelodDenpasar Selatan, Denpasar Selatan, Kota Denpasar, Bali 80234;Bali;Kota Denpasar;Denpasar Barat;T4 nama file;https://www.google.com/maps/place/SPPG+MBG+BADAK+SARI+RENON/data=!4m7!3m6!1s0x2dd2410004195f69:0x309aef15f9021621!8m2!3d-8.6632588!4d115.2314744!16s%2Fg%2F11z2d46t86!19sChIJaV8ZBABB0i0RIRYC-RXvmjA?authuser=0&hl=id&g_ep=EgoyMDI2MDkyMi4wIJJjKgBIAVAD&rclk=1
707;SPPG POLRESTA DENPASAR;Perumahan Polri Abiantimbul, Jl. Imam Bonjol No.5171, Pemecutan Klod, Kec. Denpasar Bar., Kota Denpasar, Bali 80119;Bali;Kota Denpasar;Denpasar Barat;T4 nama file;https://www.google.com/maps/place/SPPG+Polresta+Denpasar/data=!4m7!3m6!1s0x2dd2474f10fd256b:0x6b010149af1fb691!8m2!3d-8.6925735!4d115.1854641!16s%2Fg%2F11z77g4rz8!19sChIJayX9EE9H0i0RkbYfr0kBAWs?authuser=0&hl=id&g_ep=EgoyMDI2MDkyMi4wIJJjKgBIAVAD&rclk=1
708;SPPG KOTA DENPASAR DENPASAR SELATAN SIDAKARYA;Gg. Belibis No.24, Sidakarya, Denpasar Selatan, Kota Denpasar, Bali 80224;Bali;Kota Denpasar;Denpasar Barat;T4 nama file;https://www.google.com/maps/place/SPPG+Kota+Denpasar+Denpasar+Selatan+Sidakarya/data=!4m7!3m6!1s0x2dd241002dd2c48d:0x790a3a4e8e8d3e65!8m2!3d-8.6959726!4d115.2328072!16s%2Fg%2F11nc2z8rz7!19sChIJjcTSLQBB0i0RZT6Njk46Cnk?authuser=0&hl=id&g_ep=EgoyMDI2MDkyMi4wIJJjKgBIAVAD&rclk=1
709;SPPG RENON 2 CITARUM;Jl. Tukad Citarum M No.18d, Renon, Denpasar Selatan, Kota Denpasar, Bali 80226;Bali;Kota Denpasar;Denpasar Barat;T4 nama file;https://www.google.com/maps/place/SPPG+Renon+2+Citarum/data=!4m7!3m6!1s0x2dd2410043c42387:0xe0c40e465255cf12!8m2!3d-8.686918!4d115.2350707!16s%2Fg%2F11nqm1cdrg!19sChIJhyPEQwBB0i0REs9VUkYOxOA?authuser=0&hl=id&g_ep=EgoyMDI2MDkyMi4wIJJjKgBIAVAD&rclk=1
711;SPPG JL AGUNG;Sppg jl agung, Gg. Jagung, Dauh Puri Klod, Kec. Denpasar Bar., Kota Denpasar, Bali 80225;Bali;Kota Denpasar;Denpasar Barat;T4 nama file;https://www.google.com/maps/place/Sppg+jl+agung/data=!4m7!3m6!1s0x2dd24100545a733f:0xcf8bfe05a72bfab4!8m2!3d-8.6895945!4d115.2270968!16s%2Fg%2F11z73tmgnj!19sChIJP3NaVABB0i0RtPorpwX-i88?authuser=0&hl=id&g_ep=EgoyMDI2MDkyMi4wIJJjKgBIAVAD&rclk=1
713;SPPG PEMECUTAN KAJA III;SPPG PEMECUTAN KAJA III, Ubung Kaja, Denpasar Utara, Denpasar City, Bali 80116;Bali;Kota Denpasar;Denpasar Utara;T4 nama file;https://www.google.com/maps/place/SPPG+PEMECUTAN+KAJA+III/data=!4m7!3m6!1s0x2dd23f003c87f10f:0xe43c7af2b57b087e!8m2!3d-8.6215162!4d115.1951349!16s%2Fg%2F11yy63w61z!19sChIJD_GHPAA_0i0Rfgh7tfJ6POQ?authuser=0&hl=id&g_ep=EgoyMDI2MDkyMi4wIJJjKgBIAVAD&rclk=1
722;SPPG DENPASAR TIMUR KELOD SUMERTA;Jl. Tirta Lepang No.2, Kesiman Kertalangu, Kec. Denpasar Tim., Kota Denpasar, Bali 80237;Bali;Kota Denpasar;Denpasar Timur;T4 nama file;https://www.google.com/maps/place/SPPG+DENPASAR+TIMUR+KELOD+SUMERTA/data=!4m7!3m6!1s0x2dd23f0002b8bb4d:0x77dc109973cb03f6!8m2!3d-8.6378136!4d115.2612323!16s%2Fg%2F11z841q_xp!19sChIJTbu4AgA_0i0R9gPLc5kQ3Hc?authuser=0&hl=id&g_ep=EgoyMDI2MDkyMi4wIJJjKgBIAVAD&rclk=1
723;SPPG PENATIH;Jl. Trengguli IB No.36, Penatih, East Denpasar, Denpasar City, Bali 80237;Bali;Kota Denpasar;Denpasar Timur;T4 nama file;https://www.google.com/maps/place/SPPG+PENATIH/data=!4m7!3m6!1s0x2dd23f003954c2ab:0x5c2439421bb41f46!8m2!3d-8.6301521!4d115.2363561!16s%2Fg%2F11ypn2bwd6!19sChIJq8JUOQA_0i0RRh-0G0I5JFw?authuser=0&hl=id&g_ep=EgoyMDI2MDkyMi4wIJJjKgBIAVAD&rclk=1
724;SPPG POLDA BALI;Jl. Plawa No.20, Sumerta Kauh, Kec. Denpasar Tim., Kota Denpasar, Bali 80236;Bali;Kota Denpasar;Denpasar Timur;T4 nama file;https://www.google.com/maps/place/SPPG+Polda+Bali/data=!4m7!3m6!1s0x2dd24100045767eb:0x7440c31d6ca08c8!8m2!3d-8.6503699!4d115.2273108!16s%2Fg%2F11npy79p8m!19sChIJ62dXBABB0i0RyAjK1jEMRAc?authuser=0&hl=id&g_ep=EgoyMDI2MDkyMi4wIJJjKgBIAVAD&rclk=1
730;SPPG TABANAN MARGA BATANNYUH 2;SPPG TABANAN MARGA BATANNYUH 2, Desa Bata, Jl. Wisnu Marga, Kuwum, Marga, Tabanan Regency, Bali 82181;Bali;Tabanan;Marga;T4 nama file;https://www.google.com/maps/place/SPPG+TABANAN+MARGA+BATANNYUH+2/data=!4m7!3m6!1s0x2dd23b005f0b2367:0x9ce79d5cf43bb417!8m2!3d-8.499307!4d115.169491!16s%2Fg%2F11z15jwhjk!19sChIJZyMLXwA70i0RF7Q79Fyd55w?authuser=0&hl=id&g_ep=EgoyMDI2MDkyMi4wIJJjKgBIAVAD&rclk=1
731;SPPG DAUH PEKEN 1;Jl. Bedugul Sel. Asri No.8, Dauh Peken, Tabanan, Tabanan Regency, Bali 82113;Bali;Tabanan;Marga;T4 nama file;https://www.google.com/maps/place/SPPG+DAUH+PEKEN+1/data=!4m7!3m6!1s0x2dd23b003bda3789:0xa3307deb00facbc7!8m2!3d-8.5492723!4d115.1191506!16s%2Fg%2F11xypk7__h!19sChIJiTfaOwA70i0Rx8v6AOt9MKM?authuser=0&hl=id&g_ep=EgoyMDI2MDkyMi4wIJJjKgBIAVAD&rclk=1
734;SPPG TABANAN TABANAN DAJAN PEKEN 3;SPPG TABANAN TABANAN DAJAN PEKEN 3, Jl. Kakatua, Dajan Peken, Tabanan, Tabanan Regency, Bali 82114;Bali;Tabanan;Penebel;T4 nama file;https://www.google.com/maps/place/SPPG+TABANAN+TABANAN+DAJAN+PEKEN+3/data=!4m7!3m6!1s0x2dd23b00346878d5:0x4b9196112c889412!8m2!3d-8.5285702!4d115.1282948!16s%2Fg%2F11mszjc2pw!19sChIJ1XhoNAA70i0REpSILBGWkUs?authuser=0&hl=id&g_ep=EgoyMDI2MDkyMi4wIJJjKgBIAVAD&rclk=1
741;SPPG TABANAN SELEMADEG BAJERA;SPPG TABANAN SELEMADEG BAJERA, Jl. Raya Denpasar - Gilimanuk, Bajera, Selemadeg, Tabanan Regency, Bali 82162;Bali;Tabanan;Penebel;T4 nama file;https://www.google.com/maps/place/SPPG+TABANAN+SELEMADEG+BAJERA/data=!4m7!3m6!1s0x2dd3d5005c5fb399:0xc92dc4fe9c8d4f03!8m2!3d-8.5002606!4d115.0248532!16s%2Fg%2F11yz310vc_!19sChIJmbNfXADV0y0RA0-NnP7ELck?authuser=0&hl=id&g_ep=EgoyMDI2MDkyMi4wIJJjKgBIAVAD&rclk=1
746;SPPG TABANAN SELEMADEG TIMUR BANTAS;SPPG Tabanan Selemadeg Timur Bantas, Jl. Raya Denpasar - Gilimanuk, Bantas, Selemadeg Timur, Tabanan Regency, Bali 82161;Bali;Tabanan;Tabanan;T4 nama file;https://www.google.com/maps/place/SPPG+Tabanan+Selemadeg+Timur+Bantas/data=!4m7!3m6!1s0x2dd23100562af09d:0x819ccf26f4531e86!8m2!3d-8.5059938!4d115.0718834!16s%2Fg%2F11z5qm648r!19sChIJnfAqVgAx0i0Rhh5T9CbPnIE?authuser=0&hl=id&g_ep=EgoyMDI2MDkyMy4wIJJjKgBIAVAD&rclk=1
749;SPPG TABANAN SELEMADEG BARAT LALANGLINGGAH;SPPG TABANAN SELEMADEG BARAT LALANGLINGGAH, Jl. Raya Denpasar - Gilimanuk, Lalanglinggah, Kec. Selemadeg Bar., Kabupaten Tabanan, Bali 82162;Bali;Tabanan;Selemadeg Barat;T3 alamat fuzzy;https://www.google.com/maps/place/SPPG+TABANAN+SELEMADEG+BARAT+LALANGLINGGAH/data=!4m7!3m6!1s0x2dd22d0075928309:0x9225a74ec4b8e32b!8m2!3d-8.4934271!4d114.9616526!16s%2Fg%2F11zbn1qyk_!19sChIJCYOSdQAt0i0RK-O4xE6nJZI?authuser=0&hl=id&g_ep=EgoyMDI2MDkyMy4wIJJjKgBIAVAD&rclk=1
753;SPPG MELILING;SPPG Meliling, Jl. Raya Meliling, Baturiti, Kerambitan, Tabanan Regency, Bali 82181;Bali;Tabanan;Kerambitan;T4 nama file;https://www.google.com/maps/place/SPPG+Meliling/data=!4m7!3m6!1s0x2dd2310037fad1cd:0x90aa66096765fbfb!8m2!3d-8.524614!4d115.0828154!16s%2Fg%2F11z5qm5gdv!19sChIJzdH6NwAx0i0R-_tlZwlmqpA?authuser=0&hl=id&g_ep=EgoyMDI2MDkyMi4wIJJjKgBIAVAD&rclk=1
760;SPPG MBG MANNA KETAPING;SPPG MBG MANNA KETAPING, Ketapang Besar, Kec. Ps. Manna, Kabupaten Bengkulu Selatan, Bengkulu 38511;Bengkulu;Bengkulu Selatan;Manna;T4 nama file;https://www.google.com/maps/place/SPPG+MBG+MANNA+KETAPING/data=!4m7!3m6!1s0x2e37b1000298e3b9:0x4c92ac4063b6f1e5!8m2!3d-4.4726498!4d102.9082751!16s%2Fg%2F11ykv6pmsn!19sChIJueOYAgCxNy4R5fG2Y0Cskkw?authuser=0&hl=id&g_ep=EgoyMDI2MDkyMi4wIJJjKgBIAVAD&rclk=1
764;SPPG BENGKULU SELATAN PASAR MANNA PADANG SIALANG;Jl. Kemas Jamaluddin No.14, RT.03, Padang Sialang, Kec. Ps. Manna, Kabupaten Bengkulu Selatan, Bengkulu 38511;Bengkulu;Bengkulu Selatan;Manna;T4 nama file;https://www.google.com/maps/place/SPPG+Bengkulu+Selatan+Pasar+Manna+Padang+Sialang/data=!4m7!3m6!1s0x2e37b10079d567d9:0x431a454961c431b0!8m2!3d-4.4663157!4d102.9096426!16s%2Fg%2F11zbcxs1vy!19sChIJ2WfVeQCxNy4RsDHEYUlFGkM?authuser=0&hl=id&g_ep=EgoyMDI2MDkyMi4wIJJjKgBIAVAD&rclk=1
770;SPPG KEMBANG SERI 2;Jl. Raya Bengkulu Jl. Kepahiang Timur, Lagan, Talang Empat, Central Bengkulu Regency, Bengkulu 38385;Bengkulu;Bengkulu Selatan;Bunga Mas;T4 nama file;https://www.google.com/maps/place/SPPG+Kembang+Seri+2/data=!4m7!3m6!1s0x2e36b7f60b66a809:0xf03986d38918c7e7!8m2!3d-3.7900748!4d102.3525817!16s%2Fg%2F11z8h88m4j!19sChIJCahmC_a3Ni4R58cYidOGOfA?authuser=0&hl=id&g_ep=EgoyMDI2MDkyMi4wIJJjKgBIAVAD&rclk=1
772;KEC. PAGAR JATI;Kabupaten Bengkulu Tengah, Bengkulu;Bengkulu;Bengkulu Tengah;Pagar Jati;T4 nama file;https://www.google.com/maps/place/Kec.+Pagar+Jati/data=!4m7!3m6!1s0x2e314a35824b1dc7:0x138eb15efac8ac22!8m2!3d-3.5921105!4d102.3769646!16s%2Fg%2F1219y4vl!19sChIJxx1LgjVKMS4RIqzI-l6xjhM?authuser=0&hl=id&g_ep=EgoyMDI2MDkyMy4wIJJjKgBIAVAD&rclk=1
773;SPPG;sppg, Jl. Padat Karya 6B, Sumur Dewa, Selebar, Bengkulu City, Bengkulu 38211;Bengkulu;Bengkulu Tengah;Pagar Jati;T4 nama file;https://www.google.com/maps/place/sppg/data=!4m7!3m6!1s0x2e36bb0079f10be9:0x4ff65750316cd5b3!8m2!3d-3.8255991!4d102.323197!16s%2Fg%2F11yqyx19zl!19sChIJ6QvxeQC7Ni4Rs9VsMVBX9k8?authuser=0&hl=id&g_ep=EgoyMDI2MDkyMy4wIJJjKgBIAVAD&rclk=1
776;PUSKESMAS PAGAR JATI;Puskesmas Pagar Jati, Lubuk Pendam, Merigi Sakti, Central Bengkulu Regency, Bengkulu 38383;Bengkulu;Bengkulu Tengah;Pagar Jati;T4 nama file;https://www.google.com/maps/place/Puskesmas+Pagar+Jati/data=!4m7!3m6!1s0x2e314b14434c9b6b:0xe83a63a1cf2a034b!8m2!3d-3.6428863!4d102.3832188!16s%2Fg%2F11c3w0m1z3!19sChIJa5tMQxRLMS4RSwMqz6FjOug?authuser=0&hl=id&g_ep=EgoyMDI2MDkyMy4wIJJjKgBIAVAD&rclk=1
779;DAPUR SPPG POLDA BENGKULU;Dapur SPPG Polda Bengkulu, Kandang Mas, Kampung Melayu, Bengkulu City, Bengkulu 38215;Bengkulu;Bengkulu Tengah;Pagar Jati;T4 nama file;https://www.google.com/maps/place/Dapur+SPPG+Polda+Bengkulu/data=!4m7!3m6!1s0x2e36bb00448e2be5:0xd51259491a6d2668!8m2!3d-3.8723216!4d102.3197898!16s%2Fg%2F11y01vk4q6!19sChIJ5SuORAC7Ni4RaCZtGklZEtU?authuser=0&hl=id&g_ep=EgoyMDI2MDkyMy4wIJJjKgBIAVAD&rclk=1
782;SPPG BENGKULU TENGAH PONDOK KELAPA PONDOK KELAPA;SPPG BENGKULU TENGAH PONDOK KELAPA PONDOK KELAPA, Pd. Klp., Kec. Pd. Klp., Kabupaten Bengkulu Tengah, Bengkulu 38371;Bengkulu;Bengkulu Tengah;Pondok Kelapa;T4 nama file;https://www.google.com/maps/place/SPPG+BENGKULU+TENGAH+PONDOK+KELAPA+PONDOK+KELAPA/data=!4m7!3m6!1s0x2e36ad005d2788e5:0x7b15baae2e7bc43b!8m2!3d-3.6816513!4d102.2417633!16s%2Fg%2F11z8rw0x_b!19sChIJ5YgnXQCtNi4RO8R7Lq66FXs?authuser=0&hl=id&g_ep=EgoyMDI2MDkyMi4wIJJjKgBIAVAD&rclk=1
783;SPPG BENGKULU TENGAH PONDOK KELAPA PONDOK KELAPA 2;Jalan lintas Sumatra bengkulu Padang desa pondok kelapa kecamatan pondok kelapa kabupaten Bengkulu tengah, Pd. Klp., Kec. Pd. Klp., Kota Bengkulu, Bengkulu 38371;Bengkulu;Bengkulu Tengah;Pondok Kelapa;T4 nama file;https://www.google.com/maps/place/SPPG+BENGKULU+TENGAH+PONDOK+KELAPA+PONDOK+KELAPA+2/data=!4m7!3m6!1s0x2e36ad3221530c8d:0x41465d223fd5d715!8m2!3d-3.6867788!4d102.2482706!16s%2Fg%2F11z8bnlxmg!19sChIJjQxTITKtNi4RFdfVPyJdRkE?authuser=0&hl=id&g_ep=EgoyMDI2MDkyMi4wIJJjKgBIAVAD&rclk=1
785;KEC. MERIGI SAKTI;Kabupaten Bengkulu Tengah, Bengkulu;Bengkulu;Bengkulu Tengah;Merigi Sakti;T4 nama file;https://www.google.com/maps/place/Kec.+Merigi+Sakti/data=!4m7!3m6!1s0x2e314af4d91898b3:0x36c67885b6cf52cb!8m2!3d-3.6506895!4d102.397608!16s%2Fg%2F1215ck65!19sChIJs5gY2fRKMS4Ry1LPtoV4xjY?authuser=0&hl=id&g_ep=EgoyMDI2MDkyMi4wIJJjKgBIAVAD&rclk=1
793;SPPG TELUK SEGARA KEBUN ROOS;Jl. A. Yani, Kebun Ros, Kec. Tlk. Segara, Kota Bengkulu, Bengkulu 38113;Bengkulu;Bengkulu Tengah;Karang Tinggi;T4 nama file;https://www.google.com/maps/place/SPPG+Teluk+Segara+Kebun+Roos/data=!4m7!3m6!1s0x2e36b1005af1056f:0xad5dd528254329f0!8m2!3d-3.7913335!4d102.2576878!16s%2Fg%2F11nc5nyb_r!19sChIJbwXxWgCxNi4R8ClDJSjVXa0?authuser=0&hl=id&g_ep=EgoyMDI2MDkyMi4wIJJjKgBIAVAD&rclk=1
795;SPPG BENGKULU UTARA KOTA ARGAMAKMUR KARANG ANYAR LL;Jl. Husni Thamrin No.107, Air Merah, Kec. Arga Makmur, Kabupaten Bengkulu Utara, Bengkulu 38611;Bengkulu;Bengkulu Utara;Kerkap;T4 nama file;https://www.google.com/maps/place/SPPG+Bengkulu+Utara+Kota+Argamakmur+Karang+anyar+ll/data=!4m7!3m6!1s0x2e315b00214e844d:0xe48ec3c8bddffb23!8m2!3d-3.4347107!4d102.1879045!16s%2Fg%2F11y13q3ky0!19sChIJTYROIQBbMS4RI_vfvcjDjuQ?authuser=0&hl=id&g_ep=EgoyMDI2MDkyMi4wIJJjKgBIAVAD&rclk=1
796;SPPG BENGKULU UTARA KOTA ARGA MAKMUR GUNUNG ALAM 1;SPPG BENGKULU UTARA KOTA ARGA MAKMUR GUNUNG ALAM 1, Pagar Ruyung, Kec. Arga Makmur, Kabupaten Bengkulu Utara, Bengkulu 38618;Bengkulu;Bengkulu Utara;Kerkap;T4 nama file;https://www.google.com/maps/place/SPPG+BENGKULU+UTARA+KOTA+ARGA+MAKMUR+GUNUNG+ALAM+1/data=!4m7!3m6!1s0x2e315b001ecfbcd3:0x1aa26c4bd106e664!8m2!3d-3.4353021!4d102.2039085!16s%2Fg%2F11zbkws02d!19sChIJ07zPHgBbMS4RZOYG0Utsoho?authuser=0&hl=id&g_ep=EgoyMDI2MDkyMi4wIJJjKgBIAVAD&rclk=1
803;SPPG DUSUN RAJA LAIS;Jl. Istana Ratu Desa, Dusun Raja, Lais, North Bengkulu Regency, Bengkulu 38653;Bengkulu;Bengkulu Utara;Lais;T4 nama file;https://www.google.com/maps/place/SPPG+DUSUN+RAJA+LAIS/data=!4m7!3m6!1s0x2e33fd8aedf884f7:0xb4de7e1c3ce29386!8m2!3d-3.5315289!4d102.0391041!16s%2Fg%2F11z89t4l31!19sChIJ94T47Yr9My4RhpPiPBx-3rQ?authuser=0&hl=id&g_ep=EgoyMDI2MDkyMi4wIJJjKgBIAVAD&rclk=1
807;SPPG BENGKULU UTARA PUTRI HIJAU KARANG PULAU;SPPG Bengkulu Utara Putri Hijau Karang Pulau, Karang Pulau, Putri Hijau, North Bengkulu Regency, Bengkulu 38361;Bengkulu;Bengkulu Utara;Putri Hijau;T4 nama file;https://www.google.com/maps/place/SPPG+Bengkulu+Utara+Putri+Hijau+Karang+Pulau/data=!4m7!3m6!1s0x2e33c100465bb019:0xcf859bd346bad3eb!8m2!3d-3.292264!4d101.7497234!16s%2Fg%2F11zb826r11!19sChIJGbBbRgDBMy4R69O6RtObhc8?authuser=0&hl=id&g_ep=EgoyMDI2MDkyMi4wIJJjKgBIAVAD&rclk=1
816;SPPG KOTA BENGKULU GADING CEMPAKA PADANG HARAPAN;Jl. Cimanuk, Padang Harapan, Kec. Gading Cemp., Kota Bengkulu, Bengkulu 38225;Bengkulu;Bengkulu Utara;Air Padang;T4 nama file;https://www.google.com/maps/place/SPPG+Kota+Bengkulu+Gading+Cempaka+Padang+Harapan/data=!4m7!3m6!1s0x2e36bb00470ca35d:0x2dd360585ccb3a60!8m2!3d-3.8196254!4d102.290372!16s%2Fg%2F11z7crh3fr!19sChIJXaMMRwC7Ni4RYDrLXFhg0y0?authuser=0&hl=id&g_ep=EgoyMDI2MDkyMi4wIJJjKgBIAVAD&rclk=1
819;PUSKESMAS TANJUNG AGUNG PALIK;PUSKESMAS TANJUNG AGUNG PALIK, Unnamed Road, Lubuk Gading, Tj. Agung, Kabupaten Bengkulu Utara, Bengkulu 38575;Bengkulu;Bengkulu Utara;Tanjung Agung Palik;T4 nama file;https://www.google.com/maps/place/PUSKESMAS+TANJUNG+AGUNG+PALIK/data=!4m7!3m6!1s0x2e3151a54018544f:0x405fd44abd329beb!8m2!3d-3.5536992!4d102.2033557!16s%2Fg%2F11f5tt_lw7!19sChIJT1QYQKVRMS4R65syvUrUX0A?authuser=0&hl=id&g_ep=EgoyMDI2MDkyMi4wIJJjKgBIAVAD&rclk=1
820;PASAR TANJUNG AGUNG PALIK;Tj. Agung, Kabupaten Bengkulu Utara, Bengkulu 38374;Bengkulu;Bengkulu Utara;Tanjung Agung Palik;T4 nama file;https://www.google.com/maps/place/Pasar+Tanjung+Agung+Palik/data=!4m7!3m6!1s0x2e31510f22282fc9:0x7db5d8e50e17c2a0!8m2!3d-3.5524045!4d102.2026774!16s%2Fg%2F11gdtkk2jy!19sChIJyS8oIg9RMS4RoMIXDuXYtX0?authuser=0&hl=id&g_ep=EgoyMDI2MDkyMi4wIJJjKgBIAVAD&rclk=1
822;SPPG KAUR KELAM TENGAH;Jl. Raya kelam tengah, Pagar Dewa, Kaut, Kabupaten Kaur, Bengkulu 38954;Bengkulu;Kaur;Kaur Utara;T4 nama file;https://www.google.com/maps/place/SPPG+KAUR+KELAM+TENGAH/data=!4m7!3m6!1s0x2e37951654460519:0xa7c863d6d0fb8b02!8m2!3d-4.5791035!4d103.2081529!16s%2Fg%2F11npq0ysqg!19sChIJGQVGVBaVNy4RAov70NZjyKc?authuser=0&hl=id&g_ep=EgoyMDI2MDkyMi4wIJJjKgBIAVAD&rclk=1
823;SPPG KAUR KAUR SELATAN SUKA BANDUNG;SPPG KAUR KAUR SELATAN SUKA BANDUNG, Suka Bandung, Kec. Kaur Sel., Kabupaten Kaur, Bengkulu 38963;Bengkulu;Kaur;Kaur Utara;T4 nama file;https://www.google.com/maps/place/SPPG+KAUR+KAUR+SELATAN+SUKA+BANDUNG/data=!4m7!3m6!1s0x2e37e50055978e17:0x81256130449ee20a!8m2!3d-4.7913078!4d103.3435895!16s%2Fg%2F11zcmh4yts!19sChIJF46XVQDlNy4RCuKeRDBhJYE?authuser=0&hl=id&g_ep=EgoyMDI2MDkyMi4wIJJjKgBIAVAD&rclk=1
826;SPPG KAUR NASAL BATU LUNGUN;Batu Lungun, Nasal, Kabupaten Kaur, Bengkulu 38964;Bengkulu;Kaur;Nasal;T4 nama file;https://www.google.com/maps/place/SPPG+KAUR+NASAL+BATU+LUNGUN/data=!4m7!3m6!1s0x2e37ff96d5b79539:0x2dbe8c14dc25077c!8m2!3d-4.9008582!4d103.5317314!16s%2Fg%2F11zclf14ts!19sChIJOZW31Zb_Ny4RfAcl3BSMvi0?authuser=0&hl=id&g_ep=EgoyMDI2MDkyMi4wIJJjKgBIAVAD&rclk=1
828;SPPG KAUR KAUR SELATAN PADANG PETRON;Padang Petron, Kec. Kaur Sel., Kabupaten Kaur, Bengkulu 38963;Bengkulu;Kaur;Nasal;T4 nama file;https://www.google.com/maps/place/SPPG+KAUR+KAUR+SELATAN+PADANG+PETRON/data=!4m7!3m6!1s0x2e37e5006b334139:0xecf441db8d1ab8cf!8m2!3d-4.7852357!4d103.3510602!16s%2Fg%2F11nplqxp7k!19sChIJOUEzawDlNy4Rz7gajdtB9Ow?authuser=0&hl=id&g_ep=EgoyMDI2MDkyMi4wIJJjKgBIAVAD&rclk=1
830;KEC. PADANG GUCI HULU;Kabupaten Kaur, Bengkulu;Bengkulu;Kaur;Padang Guci Hulu;T4 nama file;https://www.google.com/maps/place/Kec.+Padang+Guci+Hulu/data=!4m7!3m6!1s0x2e379b0b05a12b0b:0xbcabeda2a95ecc4b!8m2!3d-4.4821222!4d103.2430507!16s%2Fg%2F1211pfzh!19sChIJCyuhBQubNy4RS8xeqaLtq7w?authuser=0&hl=id&g_ep=EgoyMDI2MDkyMi4wIJJjKgBIAVAD&rclk=1
835;SPPG PASAR UJUNG;Jl. Kepahiang - Pagar Alam, Pasar Ujung, Kepahiang Sub-District, Kepahiang Regency, Bengkulu 39372;Bengkulu;Kepahiang;Kepahiang;T4 nama file;https://www.google.com/maps/place/SPPG+Pasar+Ujung/data=!4m7!3m6!1s0x2e31335f09bc88b7:0xeb17d90636b6eb85!8m2!3d-3.6462523!4d102.5847359!16s%2Fg%2F11ydynqr1s!19sChIJt4i8CV8zMS4Rheu2NgbZF-s?authuser=0&hl=id&g_ep=EgoyMDI2MDkyMi4wIJJjKgBIAVAD&rclk=1
838;KEC. BERMANI ILIR;Kabupaten Kepahiang, Bengkulu;Bengkulu;Kepahiang;Bermani Ilir;T4 nama file;https://www.google.com/maps/place/Kec.+Bermani+Ilir,+Kabupaten+Kepahiang,+Bengkulu/@-3.6845844,102.705765,12z/data=!3m1!4b1!4m6!3m5!1s0x2e36d37ba67b6bed:0x5f534c6912525267!8m2!3d-3.7056926!4d102.6974612!16s%2Fm%2F05226v5?hl=id&entry=ttu&g_ep=EgoyMDI2MDkyMi4wIKXMDSoASAFQAw%3D%3D
839;SPPG BARAT WETAN;SPPG BARAT WETAN, Jl. Barat Wetan No.2, Bar. Wetan, Kec. Kabawetan, Kabupaten Kepahiang, Bengkulu 39371;Bengkulu;Kepahiang;Kebawetan;T3 alamat fuzzy;https://www.google.com/maps/place/SPPG+BARAT+WETAN/data=!4m7!3m6!1s0x2e3133005258dd23:0xbb5c0fdc08b478a2!8m2!3d-3.5917538!4d102.5880345!16s%2Fg%2F11zfrcw0cj!19sChIJI91YUgAzMS4Roni0CNwPXLs?authuser=0&hl=id&g_ep=EgoyMDI2MDkyMi4wIJJjKgBIAVAD&rclk=1
840;KEC. UJAN MAS;Kabupaten Kepahiang, Bengkulu;Bengkulu;Kepahiang;Ujan Mas;T4 nama file;https://www.google.com/maps/place/Kec.+Ujan+Mas/data=!4m7!3m6!1s0x2e3136b65a8ebab5:0x1389e6b7cd330aac!8m2!3d-3.5650132!4d102.5253306!16s%2Fm%2F051zkc4!19sChIJtbqOWrY2MS4RrAozzbfmiRM?authuser=0&hl=id&g_ep=EgoyMDI2MDkyMi4wIJJjKgBIAVAD&rclk=1
841;KEC. MUARA KEMUMU;Kabupaten Kepahiang, Bengkulu;Bengkulu;Kepahiang;Muara Kemumu;T4 nama file;https://www.google.com/maps/place/Kec.+Muara+Kemumu/data=!4m7!3m6!1s0x2e312b9f78282f39:0x4c6d83092fa2f2b2!8m2!3d-3.642201!4d102.7367766!16s%2Fm%2F05s_g2p!19sChIJOS8oeJ8rMS4RsvKiLwmDbUw?authuser=0&hl=id&g_ep=EgoyMDI2MDkyMi4wIJJjKgBIAVAD&rclk=1
842;DAPUR SPPG MUARA DUA KAMPUNG MELAYU;Dapur SPPG Muara dua kampung melayu, Jl. Citandui, Kandang Mas, Kec. Kp. Melayu, Kota Bengkulu, Bengkulu;Bengkulu;Kota Bengkulu;Kampung Melayu;T4 nama file;https://www.google.com/maps/place/Dapur+SPPG+Muara+dua+kampung+melayu/data=!4m7!3m6!1s0x2e36bb005192376d:0x4d869b34bd22a049!8m2!3d-3.8561667!4d102.3071937!16s%2Fg%2F11ykdkpgx9!19sChIJbTeSUQC7Ni4RSaAivTSbhk0?authuser=0&hl=id&g_ep=EgoyMDI2MDkyMi4wIJJjKgBIAVAD&rclk=1
843;SPPG KAMPUNG MELAYU 1;sppg kampung Melayu 1, Jl. Ir. Rustandi Sugianto, Tlk. Sepang, Kec. Kp. Melayu, Kota Bengkulu, Bengkulu 38216;Bengkulu;Kota Bengkulu;Kampung Melayu;T4 nama file;https://www.google.com/maps/place/sppg+kampung+Melayu+1/data=!4m7!3m6!1s0x2e36bd0066f1620f:0x142f6e68e3ca8c54!8m2!3d-3.9077992!4d102.3074938!16s%2Fg%2F11mkd4g_fw!19sChIJD2LxZgC9Ni4RVIzK42huLxQ?authuser=0&hl=id&g_ep=EgoyMDI2MDkyMi4wIJJjKgBIAVAD&rclk=1
844;SPPG KAMPUNG MELAYU PADANG SERAI;SPPG KAMPUNG MELAYU PADANG SERAI, Jl. Sukamaju, Padang Serai, Kec. Kp. Melayu, Kota Bengkulu, Bengkulu 38877;Bengkulu;Kota Bengkulu;Kampung Melayu;T4 nama file;https://www.google.com/maps/place/SPPG+KAMPUNG+MELAYU+PADANG+SERAI/data=!4m7!3m6!1s0x2e36bd0074be45bf:0x98e80c4e4b618239!8m2!3d-3.9084313!4d102.3207258!16s%2Fg%2F11ykgtm1gf!19sChIJv0W-dAC9Ni4ROYJhS04M6Jg?authuser=0&hl=id&g_ep=EgoyMDI2MDkyMi4wIJJjKgBIAVAD&rclk=1
847;SPPG KAMPUNG MELAYU SUMBER JAYA;Jalur 2, & Jl. Soeprapto Dalam, Padang Serai, Kec. Kp. Melayu, Kota Bengkulu, Bengkulu 38216;Bengkulu;Kota Bengkulu;Kampung Melayu;T4 nama file;https://www.google.com/maps/place/SPPG+KAMPUNG+MELAYU+SUMBER+JAYA/data=!4m7!3m6!1s0x2e36bb001b70d88d:0x575486856de4a058!8m2!3d-3.8882058!4d102.3274621!16s%2Fg%2F11nbmxnjp3!19sChIJjdhwGwC7Ni4RWKDkbYWGVFc?authuser=0&hl=id&g_ep=EgoyMDI2MDkyMi4wIJJjKgBIAVAD&rclk=1
853;SPPG TELUK SEGARA BERKAS;Jl. Pariwisata No.144, Ps. Berkas, Kec. Tlk. Segara, Kota Bengkulu, Bengkulu;Bengkulu;Kota Bengkulu;Teluk Segara;T4 nama file;https://www.google.com/maps/place/SPPG+TELUK+SEGARA+BERKAS/data=!4m7!3m6!1s0x2e36af00252b0743:0x434055b5463129f2!8m2!3d-3.7967563!4d102.2509499!16s%2Fg%2F11z0ygzqsp!19sChIJQwcrJQCvNi4R8ikxRrVVQEM?authuser=0&hl=id&g_ep=EgoyMDI2MDkyMi4wIJJjKgBIAVAD&rclk=1
857;SPPG JALAN GEDANG 3 KOTA BENGKULU;Jl. Mahakam No.3, Jl. Gedang, Kec. Gading Cemp., Kota Bengkulu, Bengkulu 38229;Bengkulu;Kota Bengkulu;Singaran Pati;T4 nama file;https://www.google.com/maps/place/SPPG+JALAN+GEDANG+3+KOTA+BENGKULU/data=!4m7!3m6!1s0x2e36bb00470e163d:0xb3fd61e8ea7feff2!8m2!3d-3.8278409!4d102.3014635!16s%2Fg%2F11nq3kz895!19sChIJPRYORwC7Ni4R8u9_6uhh_bM?authuser=0&hl=id&g_ep=EgoyMDI2MDkyMi4wIJJjKgBIAVAD&rclk=1
859;SPPG SINGARAN PATI PADANG NANGKA;SPPG Singaran Pati Padang Nangka, Jl. Garuda 2, Padang Nangka, Singaran Pati, Bengkulu City, Bengkulu 38224;Bengkulu;Kota Bengkulu;Singaran Pati;T4 nama file;https://www.google.com/maps/place/SPPG+Singaran+Pati+Padang+Nangka/data=!4m7!3m6!1s0x2e36b10038721c3f:0x566f1e2651f618ad!8m2!3d-3.8112299!4d102.3086604!16s%2Fg%2F11zbk6z7ww!19sChIJPxxyOACxNi4RrRj2USYeb1Y?authuser=0&hl=id&g_ep=EgoyMDI2MDkyMi4wIJJjKgBIAVAD&rclk=1
861;SPX EXPRESS SINGARAN PATI HUB;Jl. Sutoyo 15 no. 8, RT/RW 5/9. Kel. Jembatan kecil, Kota, Singaran Pati, Bengkulu City, Bengkulu 38224;Bengkulu;Kota Bengkulu;Singaran Pati;T4 nama file;https://www.google.com/maps/place/SPX+Express+Singaran+Pati+Hub/data=!4m7!3m6!1s0x2e36b1866f79a6e9:0xd12ce276cbb6e4f6!8m2!3d-3.8120293!4d102.2863667!16s%2Fg%2F11wnzrt85v!19sChIJ6aZ5b4axNi4R9uS2y3biLNE?authuser=0&hl=id&g_ep=EgoyMDI2MDkyMi4wIJJjKgBIAVAD&rclk=1
863;SPPG ANGGUT ATAS, RATU SAMBAN 4;Jl. Tembok Baru No.3, Anggut Atas, Ratu Samban, Bengkulu City, Bengkulu 38222;Bengkulu;Kota Bengkulu;Ratu Samban;T4 nama file;https://www.google.com/maps/place/SPPG+ANGGUT+ATAS,+RATU+SAMBAN+4/data=!4m7!3m6!1s0x2e36b100573aed75:0x60d5af1e16d50a1b!8m2!3d-3.7992351!4d102.2567591!16s%2Fg%2F11ywn7k8w4!19sChIJde06VwCxNi4RGwrVFh6v1WA?authuser=0&hl=id&g_ep=EgoyMDI2MDkyMi4wIJJjKgBIAVAD&rclk=1
865;SPPG SURABAYA SUNGA SERUT;SPPG SURABAYA SUNGA SERUT, W Trans - Sumatra Hwy Air Sebakul - Pagar Dewa No.11, RW.4, Surabaya, Sungai Serut, Bengkulu City, Bengkulu 38119;Bengkulu;Kota Bengkulu;Sungai Serut;T4 nama file;https://www.google.com/maps/place/SPPG+SURABAYA+SUNGA+SERUT/data=!4m7!3m6!1s0x2e36b1007ea255a7:0xb418b86ed8af4795!8m2!3d-3.7939008!4d102.3255282!16s%2Fg%2F11zj20x_d6!19sChIJp1WifgCxNi4RlUev2G64GLQ?authuser=0&hl=id&g_ep=EgoyMDI2MDkyMi4wIJJjKgBIAVAD&rclk=1
868;SPPG KOTA BENGKULU GADING CEMPAKA CEMPAKA PERMAI;Jl. Tribrata No.20, Cemp. Permai, Kec. Gading Cemp., Kota Bengkulu, Bengkulu 38211;Bengkulu;Kota Bengkulu;Selebar;T4 nama file;https://www.google.com/maps/place/SPPG+Kota+Bengkulu+Gading+Cempaka+Cempaka+Permai/data=!4m7!3m6!1s0x2e36bb005ef63ca1:0xff1caf686e79272e!8m2!3d-3.8393063!4d102.3080596!16s%2Fg%2F11yhhjnz0b!19sChIJoTz2XgC7Ni4RLid5bmivHP8?authuser=0&hl=id&g_ep=EgoyMDI2MDkyMi4wIJJjKgBIAVAD&rclk=1
870;SPPG GADING CEMPAKA JALAN GEDANG 2;Jl. Natadirja 10 No.47, Jl. Gedang, Kec. Gading Cemp., Kota Bengkulu, Bengkulu 38225;Bengkulu;Kota Bengkulu;Gading Cempaka;T4 nama file;https://www.google.com/maps/place/SPPG+Gading+Cempaka+Jalan+Gedang+2/data=!4m7!3m6!1s0x2e36bb005ec43417:0xd46b2763a11d886!8m2!3d-3.8237394!4d102.2993454!16s%2Fg%2F11zb7r3yx9!19sChIJFzTEXgC7Ni4RhtgROnayRg0?authuser=0&hl=id&g_ep=EgoyMDI2MDkyMy4wIJJjKgBIAVAD&rclk=1
874;KEC. TOPOS;Kabupaten Lebong, Bengkulu;Bengkulu;Lebong;Topos;T4 nama file;https://www.google.com/maps/place/Kec.+Topos,+Kabupaten+Lebong,+Bengkulu/@-3.1492015,102.402622,12z/data=!3m1!4b1!4m6!3m5!1s0x2e3172fb472ea6b5:0xd48e4dc089efba41!8m2!3d-3.2288771!4d102.4103158!16s%2Fg%2F120yky1n?hl=id&entry=ttu&g_ep=EgoyMDI2MDkyMi4wIKXMDSoASAFQAw%3D%3D
875;SPPG KAMPUNG MELAYU BETMANI ULU;Sppg Kampung Melayu Betmani Ulu, Kampung Melayu, Bermani Ulu, Rejang Lebong Regency, Bengkulu 39119;Bengkulu;Lebong;Rimbo Pengadang;T4 nama file;https://www.google.com/maps/place/Sppg+Kampung+Melayu+Betmani+Ulu/@-3.3913957,102.4532381,17z/data=!3m1!4b1!4m6!3m5!1s0x2e313f0051a25233:0xd9e444c2910aa18a!8m2!3d-3.3913957!4d102.4532381!16s%2Fg%2F11yzsf7g0v?hl=id&entry=ttu&g_ep=EgoyMDI2MDkyMi4wIKXMDSoASAFQAw%3D%3D
877;KEC. LUBUK PINANG;Kabupaten Mukomuko, Bengkulu;Bengkulu;Muko Muko;Lubuk Pinang;T4 nama file;https://www.google.com/maps/place/Kec.+Lubuk+Pinang/data=!4m7!3m6!1s0x2e329d5079cfb421:0x5b9c9f5c66de68dc!8m2!3d-2.4275212!4d101.1644125!16s%2Fg%2F121g1klr!19sChIJIbTPeVCdMi4R3GjeZlyfnFs?authuser=0&hl=id&g_ep=EgoyMDI2MDkyMi4wIJJjKgBIAVAD&rclk=1
878;SPPG MUKOMUKO AIR MANJUNTO SIDO MAKMUR;SPPG MUKOMUKO AIR MANJUNTO SIDO MAKMUR, Jalan desa, Pd. Makmur, Kec. Air Manjunto, Kabupaten Mukomuko, Bengkulu 38765;Bengkulu;Muko Muko;Lubuk Pinang;T4 nama file;https://www.google.com/maps/place/SPPG+MUKOMUKO+AIR+MANJUNTO+SIDO+MAKMUR/data=!4m7!3m6!1s0x2e3285002d31abe1:0x91ec37e0d527c9ff!8m2!3d-2.5063365!4d101.1674939!16s%2Fg%2F11zb7r4qwr!19sChIJ4asxLQCFMi4R_8kn1eA37JE?authuser=0&hl=id&g_ep=EgoyMDI2MDkyMi4wIJJjKgBIAVAD&rclk=1
880;PUSKESMAS LUBUK PINANG;Puskesmas Lubuk Pinang, Lubuk Pinang, Mukomuko Regency, Bengkulu 38767;Bengkulu;Muko Muko;Lubuk Pinang;T4 nama file;https://www.google.com/maps/place/Puskesmas+Lubuk+Pinang/data=!4m7!3m6!1s0x2e3282ad8c7c3205:0xb197918475449107!8m2!3d-2.4231929!4d101.1655245!16s%2Fg%2F11cn67dqpc!19sChIJBTJ8jK2CMi4RB5FEdYSRl7E?authuser=0&hl=id&g_ep=EgoyMDI2MDkyMi4wIJJjKgBIAVAD&rclk=1
881;SPPG MUKOMUKO POLRES 2 AIR MANJUNTO;SPPG MUKOMUKO POLRES 2 AIR MANJUNTO, Jalan desa, Pd. Makmur, Kec. Air Manjunto, Kabupaten Mukomuko, Bengkulu 38765;Bengkulu;Muko Muko;Lubuk Pinang;T4 nama file;https://www.google.com/maps/place/SPPG+MUKOMUKO+POLRES+2+AIR+MANJUNTO/data=!4m7!3m6!1s0x2e3285000d889fa7:0xc72a193c82a75ab1!8m2!3d-2.5062708!4d101.1673179!16s%2Fg%2F11zb7rjn2j!19sChIJp5-IDQCFMi4RsVqngjwZKsc?authuser=0&hl=id&g_ep=EgoyMDI2MDkyMi4wIJJjKgBIAVAD&rclk=1
882;SPPG PONDOK MAKMUR;Sppg pondok makmur, Pd. Makmur, Kec. Air Manjunto, Kabupaten Mukomuko, Bengkulu 38767;Bengkulu;Muko Muko;Kota Mukomuko;T4 nama file;https://www.google.com/maps/place/Sppg+pondok+makmur/data=!4m7!3m6!1s0x2e328500287e6cdf:0x31a6d12d39c3bbd9!8m2!3d-2.5057734!4d101.1862191!16s%2Fg%2F11z8ry6yft!19sChIJ32x-KACFMi4R2bvDOS3RpjE?authuser=0&hl=id&g_ep=EgoyMDI2MDkyMi4wIJJjKgBIAVAD&rclk=1
884;IPUH;Kabupaten Mukomuko, Bengkulu;Bengkulu;Muko Muko;Ipuh;T4 nama file;https://www.google.com/maps/place/Ipuh/data=!4m7!3m6!1s0x2e3253f16d88d90d:0xc43344eef466b010!8m2!3d-2.971402!4d101.441704!16s%2Fg%2F1tkp2dg3!19sChIJDdmIbfFTMi4RELBm9O5EM8Q?authuser=0&hl=id&g_ep=EgoyMDI2MDkyMy4wIJJjKgBIAVAD&rclk=1
887;SPPG PONDOK SUGUH;SPPG PONDOK SUGUH, Pd. Suguh, Kec. Pd. Suguh, Kabupaten Mukomuko, Bengkulu 38766;Bengkulu;Muko Muko;Ipuh;T4 nama file;https://www.google.com/maps/place/SPPG+PONDOK+SUGUH/data=!4m7!3m6!1s0x2e32590056ce99d9:0x91e65496a0cf2076!8m2!3d-2.8222124!4d101.4041387!16s%2Fg%2F11zx2c03dm!19sChIJ2ZnOVgBZMi4RdiDPoJZU5pE?authuser=0&hl=id&g_ep=EgoyMDI2MDkyMy4wIJJjKgBIAVAD&rclk=1
890;KEC. IPUH;Kabupaten Mukomuko, Bengkulu;Bengkulu;Muko Muko;Ipuh;T4 nama file;https://www.google.com/maps/place/Kec.+Ipuh/data=!4m7!3m6!1s0x2e325256cacd3051:0x6bd79f8a917cf12d!8m2!3d-3.0002446!4d101.4926849!16s%2Fg%2F12pgcs4rs!19sChIJUTDNylZSMi4RLfF8kYqf12s?authuser=0&hl=id&g_ep=EgoyMDI2MDkyMy4wIJJjKgBIAVAD&rclk=1
891;STO IPUH;Jl. Bengkulu - Muko - Muko No.88, Medan Jaya, Ipuh, Mukomuko Regency, Bengkulu 38764;Bengkulu;Muko Muko;Ipuh;T4 nama file;https://www.google.com/maps/place/STO+IPUH/data=!4m7!3m6!1s0x2e3252f749a0a599:0xf05416b7e3797bf7!8m2!3d-3.0009442!4d101.4919567!16s%2Fg%2F11c1qy4rbj!19sChIJmaWgSfdSMi4R93t547cWVPA?authuser=0&hl=id&g_ep=EgoyMDI2MDkyMy4wIJJjKgBIAVAD&rclk=1
892;SPPG PONDOK SUGUH;SPPG PONDOK SUGUH, Pd. Kandang, Kec. Pd. Suguh, Kabupaten Mukomuko, Bengkulu 38766;Bengkulu;Muko Muko;Malin Deman;T4 nama file;https://www.google.com/maps/place/SPPG+PONDOK+SUGUH/data=!4m7!3m6!1s0x2e32590056353c97:0x6adb7f4c2046e9b8!8m2!3d-2.8241589!4d101.4084844!16s%2Fg%2F11zyxm4x_g!19sChIJlzw1VgBZMi4RuOlGIEx_22o?authuser=0&hl=id&g_ep=EgoyMDI2MDkyMi4wIJJjKgBIAVAD&rclk=1
894;KEC. TERAS TERUNJAM;Kabupaten Mukomuko, Bengkulu;Bengkulu;Muko Muko;Teras Terunjam;T4 nama file;https://www.google.com/maps/place/Kec.+Teras+Terunjam/data=!4m7!3m6!1s0x2e3285f3e22a8edf:0xbf1d8f17137cbe2c!8m2!3d-2.5599936!4d101.2271906!16s%2Fg%2F1215jfmb!19sChIJ344q4vOFMi4RLL58ExePHb8?authuser=0&hl=id&g_ep=EgoyMDI2MDkyMi4wIJJjKgBIAVAD&rclk=1
898;SPPG TALANG ULU;SPPG talang ulu, Talang Ulu, Kec. Curup Tim., Kabupaten Rejang Lebong, Bengkulu 39119;Bengkulu;Rejang Lebong;Curup Timur;T3 alamat fuzzy;https://www.google.com/maps/place/SPPG+talang+ulu/data=!4m7!3m6!1s0x2e313b0055b8f7b5:0xef4f10d3eabec828!8m2!3d-3.4599375!4d102.5640625!16s%2Fg%2F11yskg26sw!19sChIJtfe4VQA7MS4RKMi-6tMQT-8?authuser=0&hl=id&g_ep=EgoyMDI2MDkyMi4wIJJjKgBIAVAD&rclk=1
899;SPPG AIR MELES BAWAH 2;Air meles, Kesambe Baru, Kec. Curup Tim., Kabupaten Rejang Lebong, Bengkulu 39111;Bengkulu;Rejang Lebong;Curup Timur;T3 alamat fuzzy;https://www.google.com/maps/place/SPPG+AIR+MELES+BAWAH+2/data=!4m7!3m6!1s0x2e313b005e3af565:0x46b60742293b5d3f!8m2!3d-3.4620822!4d102.5472443!16s%2Fg%2F11nps28l4r!19sChIJZfU6XgA7MS4RP107KUIHtkY?authuser=0&hl=id&g_ep=EgoyMDI2MDkyMi4wIJJjKgBIAVAD&rclk=1
902;CURUP SELATAN;Kec. Curup Sel., Kabupaten Rejang Lebong, Bengkulu;Bengkulu;Rejang Lebong;Curup Selatan;T4 nama file;https://www.google.com/maps/place/Curup+Selatan/data=!4m7!3m6!1s0x2e313779c0134fff:0x47bb9617595c4810!8m2!3d-3.4923778!4d102.521271!16s%2Fg%2F12pgcvpkf!19sChIJ_08TwHk3MS4REEhcWReWu0c?authuser=0&hl=id&g_ep=EgoyMDI2MDkyMi4wIJJjKgBIAVAD&rclk=1
903;BPS KAB. REJANG LEBONG;Jl. S. Sukowati No.36, Air Putih Lama, Curup, Rejang Lebong Regency, Bengkulu 39114;Bengkulu;Rejang Lebong;Curup Selatan;T4 nama file;https://www.google.com/maps/place/BPS+Kab.+Rejang+Lebong/data=!4m7!3m6!1s0x2e3139f56571ab43:0xe0ca5cd8be10e46e!8m2!3d-3.4780868!4d102.5291964!16s%2Fg%2F11df0x1g45!19sChIJQ6txZfU5MS4RbuQQvthcyuA?authuser=0&hl=id&g_ep=EgoyMDI2MDkyMi4wIJJjKgBIAVAD&rclk=1
904;MARKAS PMI KABUPATEN REJANG LEBONG;Markas PMI Kabupaten Rejang Lebong, Air Putih Lama, Curup, Rejang Lebong Regency, Bengkulu 39119;Bengkulu;Rejang Lebong;Curup Selatan;T4 nama file;https://www.google.com/maps/place/Markas+PMI+Kabupaten+Rejang+Lebong/data=!4m7!3m6!1s0x2e3139f5759f0c5b:0x7a2443aa80810ef3!8m2!3d-3.4787241!4d102.528657!16s%2Fg%2F11g6j71mpv!19sChIJWwyfdfU5MS4R8w6BgKpDJHo?authuser=0&hl=id&g_ep=EgoyMDI2MDkyMi4wIJJjKgBIAVAD&rclk=1
905;KEC. CURUP SEL.;Kabupaten Rejang Lebong, Bengkulu;Bengkulu;Rejang Lebong;Curup Selatan;T4 nama file;https://www.google.com/maps/place/Kec.+Curup+Sel./data=!4m7!3m6!1s0x2e313779c0134fff:0xae564251b1ae2298!8m2!3d-3.4937222!4d102.5192152!16s%2Fg%2F1hc0hl6tl!19sChIJ_08TwHk3MS4RmCKusVFCVq4?authuser=0&hl=id&g_ep=EgoyMDI2MDkyMi4wIJJjKgBIAVAD&rclk=1
906;SPPG PELITA JAYA;SPPG PELITA JAYA, Lubuk Aman, Kec. Lubuk Linggau Bar. I, Kota Lubuklinggau, Sumatera Selatan 31614;Bengkulu;Rejang Lebong;Sindang Beliti Ilir;T4 nama file;https://www.google.com/maps/place/SPPG+PELITA+JAYA/data=!4m7!3m6!1s0x2e30e100778603cd:0xb914797e1ad9ffaa!8m2!3d-3.3037396!4d102.8457601!16s%2Fg%2F11njpg1_0f!19sChIJzQOGdwDhMC4Rqv_ZGn55FLk?authuser=0&hl=id&g_ep=EgoyMDI2MDkyMi4wIJJjKgBIAVAD&rclk=1
907;SPPG ULAK LEBAR LUBUKLINGGAU BARAT II;SPPG Ulak Lebar Lubuklinggau Barat II, Jl. Depati Said, Ulak Lebar, Kec. Lubuk Linggau Bar. II, Kota Lubuklinggau, Sumatera Selatan 31614;Bengkulu;Rejang Lebong;Sindang Beliti Ilir;T4 nama file;https://www.google.com/maps/place/SPPG+Ulak+Lebar+Lubuklinggau+Barat+II/data=!4m7!3m6!1s0x2e30e10014336829:0x9f79ab0dedf1d691!8m2!3d-3.2965019!4d102.8497684!16s%2Fg%2F11ntk36k6s!19sChIJKWgzFADhMC4Rkdbx7Q2reZ8?authuser=0&hl=id&g_ep=EgoyMDI2MDkyMi4wIJJjKgBIAVAD&rclk=1
908;SPPG SUKA JADI;Jl. Patimura No.3, Bandung Ujung, Kec. Lubuk Linggau Bar. I, Kota Lubuklinggau, Sumatera Selatan 31614;Bengkulu;Rejang Lebong;Sindang Beliti Ilir;T4 nama file;https://www.google.com/maps/place/SPPG+SUKA+JADI/data=!4m7!3m6!1s0x2e30e100523e4019:0xecac50a1ab3be8bd!8m2!3d-3.3054211!4d102.8555414!16s%2Fg%2F11zkxfqjfb!19sChIJGUA-UgDhMC4Rveg7q6FQrOw?authuser=0&hl=id&g_ep=EgoyMDI2MDkyMi4wIJJjKgBIAVAD&rclk=1
909;SPPG BANDUNG KANAN;SPPG BANDUNG KANAN, Bandung Kanan, Kec. Lubuk Linggau Bar. II, Kota Lubuklinggau, Sumatera Selatan 31613;Bengkulu;Rejang Lebong;Sindang Beliti Ilir;T4 nama file;https://www.google.com/maps/place/SPPG+BANDUNG+KANAN/data=!4m7!3m6!1s0x2e30e1003cb7b42b:0x52997d0a95073219!8m2!3d-3.2967426!4d102.8595661!16s%2Fg%2F11nk019s5g!19sChIJK7S3PADhMC4RGTIHlQp9mVI?authuser=0&hl=id&g_ep=EgoyMDI2MDkyMi4wIJJjKgBIAVAD&rclk=1
910;SPPG LUBUK AMAN, LUBUK LINGGAU BARAT I;Jl. Pembangunan, Lubuk Aman, Kec. Lubuk Linggau Bar. I, Kota Lubuklinggau, Sumatera Selatan 31614;Bengkulu;Rejang Lebong;Sindang Beliti Ilir;T4 nama file;https://www.google.com/maps/place/SPPG+LUBUK+AMAN,+LUBUK+LINGGAU+BARAT+I/data=!4m7!3m6!1s0x2e30e10077df424b:0x86b415aa6eeabf30!8m2!3d-3.3014755!4d102.8484497!16s%2Fg%2F11zjh8s_qx!19sChIJS0LfdwDhMC4RML_qbqoVtIY?authuser=0&hl=id&g_ep=EgoyMDI2MDkyMi4wIJJjKgBIAVAD&rclk=1
911;KEC. SINDANG BELITI ULU;Kabupaten Rejang Lebong, Bengkulu;Bengkulu;Rejang Lebong;Sindang Beliti Ulu;T4 nama file;https://www.google.com/maps/place/Kec.+Sindang+Beliti+Ulu/data=!4m7!3m6!1s0x2e31278d8f1ecb31:0xb0405bdf9ce46a3f!8m2!3d-3.5073123!4d102.7494361!16s%2Fg%2F120p9yp2!19sChIJMcsej40nMS4RP2rknN9bQLA?authuser=0&hl=id&g_ep=EgoyMDI2MDkyMi4wIJJjKgBIAVAD&rclk=1
913;SPPG PADANG RAMBUN;SPPG Padang Rambun, Padang Rambun, Kec. Seluma Sel., Kabupaten Seluma, Bengkulu 38878;Bengkulu;Rejang Lebong;Kota Padang;T4 nama file;https://www.google.com/maps/place/SPPG+Padang+Rambun/data=!4m7!3m6!1s0x2e36ef002ce528c7:0x393ff7077d07c31b!8m2!3d-4.0898431!4d102.5427687!16s%2Fg%2F11npsc2frj!19sChIJxyjlLADvNi4RG8MHfQf3Pzk?authuser=0&hl=id&g_ep=EgoyMDI2MDkyMi4wIJJjKgBIAVAD&rclk=1
914;SPPG BATU URIP TABA;Gg. Binjai No.103, Batu Urip Taba, Kec. Lubuk Linggau Tim. I, Kota Lubuklinggau, Sumatera Selatan 31624;Bengkulu;Rejang Lebong;Padang Ulak Tanding;T4 nama file;https://www.google.com/maps/place/SPPG+BATU+URIP+TABA/data=!4m7!3m6!1s0x2e30e100599c7f55:0xba3c0458df2ce084!8m2!3d-3.2836656!4d102.8901292!16s%2Fg%2F11yrmj7jm2!19sChIJVX-cWQDhMC4RhOAs31gEPLo?authuser=0&hl=id&g_ep=EgoyMDI2MDkyMi4wIJJjKgBIAVAD&rclk=1
915;SPPG KOTA LUBUKLINGGAU LLT II JAWA KANAN;SPPG KOTA LUBUKLINGGAU LLT II JAWA KANAN, Jl. Yos Sudarso, Jawa Kanan, Kec. Lubuk Linggau Tim. II, Kota Lubuklinggau, Sumatera Selatan 31613;Bengkulu;Rejang Lebong;Padang Ulak Tanding;T4 nama file;https://www.google.com/maps/place/SPPG+KOTA+LUBUKLINGGAU+LLT+II+JAWA+KANAN/data=!4m7!3m6!1s0x2e30e10035ce0eb7:0xfd5c34d619a08eca!8m2!3d-3.2910753!4d102.8703356!16s%2Fg%2F11zc314zsy!19sChIJtw7ONQDhMC4Ryo6gGdY0XP0?authuser=0&hl=id&g_ep=EgoyMDI2MDkyMi4wIJJjKgBIAVAD&rclk=1
917;KEC. SINDANG KELINGI;Kabupaten Rejang Lebong, Bengkulu;Bengkulu;Rejang Lebong;Sindang Kelingi;T4 nama file;https://www.google.com/maps/place/Kec.+Sindang+Kelingi/data=!4m7!3m6!1s0x2e3125a4b2e8d953:0xa224b6ffde7f632b!8m2!3d-3.4528306!4d102.7101899!16s%2Fg%2F122fchkn!19sChIJU9nosqQlMS4RK2N_3v-2JKI?authuser=0&hl=id&g_ep=EgoyMDI2MDkyMy4wIJJjKgBIAVAD&rclk=1
920;SPPG SELUMA SELUMA SELATAN SIDOMULYO;SPPG SELUMA SELUMA SELATAN SIDOMULYO, Jalan Batuan, Kelurahan Sidomulyo, Kec. Seluma Sel., Kabupaten Seluma, Bengkulu 38876;Bengkulu;Seluma;Seluma Barat;T4 nama file;https://www.google.com/maps/place/SPPG+SELUMA+SELUMA+SELATAN+SIDOMULYO/data=!4m7!3m6!1s0x2e36ef0016792a4f:0x208d04225cb13971!8m2!3d-4.100229!4d102.5568567!16s%2Fg%2F11zfr2r6gy!19sChIJTyp5FgDvNi4RcTmxXCIEjSA?authuser=0&hl=id&g_ep=EgoyMDI2MDkyMi4wIJJjKgBIAVAD&rclk=1
933;SPPG PILOLIYANGA;Piloliyanga, Tilamuta, Boalemo Regency, Gorontalo 96263;Gorontalo;Boalemo;Dulupi;T4 nama file;https://www.google.com/maps/place/SPPG+Piloliyanga/data=!4m7!3m6!1s0x3279ab0017bfbe47:0x4845d0491d09a688!8m2!3d0.5401896!4d122.3470471!16s%2Fg%2F11yj7x55df!19sChIJR76_FwCreTIRiKYJHUnQRUg?authuser=0&hl=id&g_ep=EgoyMDI2MDkyMi4wIJJjKgBIAVAD&rclk=1
935;SPPG MOLOMBULAHE;SPPG Molombulahe, Molombulahe, Paguyaman, Boalemo Regency, Gorontalo 96261;Gorontalo;Boalemo;Dulupi;T4 nama file;https://www.google.com/maps/place/SPPG+Molombulahe/data=!4m7!3m6!1s0x32791b0033ab11c7:0x24dc8a6b3ddaadaf!8m2!3d0.632426!4d122.5741022!16s%2Fg%2F11xvd4sb8h!19sChIJxxGrMwAbeTIRr63aPWuK3CQ?authuser=0&hl=id&g_ep=EgoyMDI2MDkyMi4wIJJjKgBIAVAD&rclk=1
937;SPPG HUNGAYONAA;SPPG Hungayonaa, Hungayonaa, Tilamuta, Boalemo Regency, Gorontalo 96263;Gorontalo;Boalemo;Dulupi;T4 nama file;https://www.google.com/maps/place/SPPG+Hungayonaa/data=!4m7!3m6!1s0x3279ab0076be7dfb:0x2a36a270eda5a2ad!8m2!3d0.5321202!4d122.339939!16s%2Fg%2F11xst7tn1f!19sChIJ-32-dgCreTIRraKl7XCiNio?authuser=0&hl=id&g_ep=EgoyMDI2MDkyMi4wIJJjKgBIAVAD&rclk=1
940;SPPG PILOMONU MOOTILANGO;SPPG PILOMONU MOOTILANGO, Pilomonu, Mootilango, Gorontalo Regency, Gorontalo 96127;Gorontalo;Boalemo;Dulupi;T4 nama file;https://www.google.com/maps/place/SPPG+PILOMONU+MOOTILANGO/data=!4m7!3m6!1s0x327913001c34ef29:0x931fb3df7618c45e!8m2!3d0.7341916!4d122.6117038!16s%2Fg%2F11nvw4s9wm!19sChIJKe80HAATeTIRXsQYdt-zH5M?authuser=0&hl=id&g_ep=EgoyMDI2MDkyMi4wIJJjKgBIAVAD&rclk=1
941;KEC. PAGUYAMAN PANTAI;Kabupaten Boalemo, Gorontalo;Gorontalo;Boalemo;Paguyaman Pantai;T4 nama file;https://www.google.com/maps/place/Kec.+Paguyaman+Pantai/data=!4m7!3m6!1s0x32793e2a826ae1eb:0x5df91587f2b51eb6!8m2!3d0.5193004!4d122.5547903!16s%2Fg%2F1hm3fx8q9!19sChIJ6-Fqgio-eTIRth618ocV-V0?authuser=0&hl=id&g_ep=EgoyMDI2MDkyMi4wIJJjKgBIAVAD&rclk=1
942;PUSKESMAS PAGUYAMAN PANTAI;Puskesmas Paguyaman Pantai, Bubaa, Paguyaman Pantai, Boalemo Regency, Gorontalo 96261;Gorontalo;Boalemo;Paguyaman Pantai;T4 nama file;https://www.google.com/maps/place/Puskesmas+Paguyaman+Pantai/data=!4m7!3m6!1s0x32791d4732919f53:0x6271d15d58326f1f!8m2!3d0.5216194!4d122.5539259!16s%2Fg%2F11c5bjbhmr!19sChIJU5-RMkcdeTIRH28yWF3RcWI?authuser=0&hl=id&g_ep=EgoyMDI2MDkyMi4wIJJjKgBIAVAD&rclk=1
943;KEC. WONOSARI;Kabupaten Boalemo, Gorontalo;Gorontalo;Boalemo;Wonosari;T4 nama file;https://www.google.com/maps/place/Kec.+Wonosari,+Kabupaten+Boalemo,+Gorontalo/@0.711449,122.3926186,12z/data=!3m1!4b1!4m6!3m5!1s0x32790a30de107521:0x18c9c55d199f4769!8m2!3d0.7076103!4d122.4516319!16s%2Fg%2F120nf7sp?hl=id&entry=ttu&g_ep=EgoyMDI2MDkyMi4wIKXMDSoASAFQAw%3D%3D
947;IRIGASI PINOGU;Irigasi Pinogu, Pinogu Permai, Kec. Suwawa Tim., Kabupaten Bone Bolango, Gorontalo 96584;Gorontalo;Bone Bolango;Suwawa Timur;T3 alamat fuzzy;https://www.google.com/maps/place/Irigasi+Pinogu/data=!4m7!3m6!1s0x327edf0aad173ab3:0x22daa49aae38e8ad!8m2!3d0.5193583!4d123.4249696!16s%2Fg%2F11frswlflw!19sChIJszoXrQrffjIRreg4rpqk2iI?authuser=0&hl=id&g_ep=EgoyMDI2MDkyMy4wIJJjKgBIAVAD&rclk=1
951;SPPG HELEDULAA SELATAN;Jl. Cendrawasih cafe 11.12, Heledulaa Sel., Kec. Kota Tim., Kota Gorontalo, Gorontalo 96135;Gorontalo;Bone Bolango;Pinogu;T4 nama file;https://www.google.com/maps/place/SPPG+Heledulaa+Selatan/data=!4m7!3m6!1s0x32792b003932421d:0x84a2216f8c07a95!8m2!3d0.5418607!4d123.0647931!16s%2Fg%2F11zcfh4r8h!19sChIJHUIyOQAreTIRlXrA-BYiSgg?authuser=0&hl=id&g_ep=EgoyMDI2MDkyMy4wIJJjKgBIAVAD&rclk=1
953;SPPG AYULA;SPPG Ayula, Ayula Tilango, Kec. Bulango Sel., Kabupaten Bone Bolango, Gorontalo 96139;Gorontalo;Bone Bolango;Bulango Selatan;T4 nama file;https://www.google.com/maps/place/SPPG+Ayula/data=!4m7!3m6!1s0x32792d006610b111:0xfd23882a61e29290!8m2!3d0.5904238!4d123.0662006!16s%2Fg%2F11zbbx1vp7!19sChIJEbEQZgAteTIRkJLiYSqII_0?authuser=0&hl=id&g_ep=EgoyMDI2MDkyMi4wIJJjKgBIAVAD&rclk=1
955;SPPG SURYA MENTARI MUHAMMADIYAH BULOTALANGI TIMUR;SPPG Surya Mentari Muhammadiyah Bulotalangi Timur, Dekat Kantor, JL. Asmara, East Bulotalangi, Bulango Timur, Bone Bolango Regency, Gorontalo 96126;Gorontalo;Bone Bolango;Bulango Selatan;T4 nama file;https://www.google.com/maps/place/SPPG+Surya+Mentari+Muhammadiyah+Bulotalangi+Timur/data=!4m7!3m6!1s0x327ed3007df78c63:0x75dc26c0c2c733c8!8m2!3d0.5947209!4d123.1063389!16s%2Fg%2F11yqc1cnq_!19sChIJY4z3fQDTfjIRyDPHwsAm3HU?authuser=0&hl=id&g_ep=EgoyMDI2MDkyMi4wIJJjKgBIAVAD&rclk=1
970;SPPG BONEPUTE LAROMPONG SELATAN;SPPG BONEPUTE LAROMPONG SELATAN, Bone Pute, Kec. Larompong Sel., Kabupaten Luwu, Sulawesi Selatan 91998;Gorontalo;Bone Bolango;Bone;T4 nama file;https://www.google.com/maps/place/SPPG+BONEPUTE+LAROMPONG+SELATAN/data=!4m7!3m6!1s0x2d9691003ef84b0d:0x1e3058c9a3fb86c9!8m2!3d-3.6338272!4d120.408384!16s%2Fg%2F11y_2014zw!19sChIJDUv4PgCRli0RyYb7o8lYMB4?authuser=0&hl=id&g_ep=EgoyMDI2MDkyMi4wIJJjKgBIAVAD&rclk=1
974;SPPG BONE TANETE RIATTANG BARAT BULU TEMPE;SPPG Bone Tanete Riattang Barat Bulu Tempe, Bulu Tempe, Kec. Tanete Riattang Bar., Kabupaten Bone, Sulawesi Selatan 92732;Sulawesi Selatan;Bone;Tanete Riattang Barat;T3 alamat fuzzy;https://www.google.com/maps/place/SPPG+Bone+Tanete+Riattang+Barat+Bulu+Tempe/data=!4m7!3m6!1s0x2dbde50042c7a32f:0xeadeaa75ba686533!8m2!3d-4.5362628!4d120.2946164!16s%2Fg%2F11njgpwnlm!19sChIJL6PHQgDlvS0RM2VounWq3uo?authuser=0&hl=id&g_ep=EgoyMDI2MDkyMi4wIJJjKgBIAVAD&rclk=1
985;SPPG TALAGA JAYA;SPPG TALAGA JAYA, Luwoo, Kec. Telaga Jaya, Kabupaten Gorontalo, Gorontalo 96181;Gorontalo;Gorontalo;Talaga Jaya;T3 alamat fuzzy;https://www.google.com/maps/place/SPPG+TALAGA+JAYA/data=!4m7!3m6!1s0x32792d001eaeb0c5:0x8e5182eaeebe139a!8m2!3d0.5807249!4d123.0251085!16s%2Fg%2F11ynv6ynxx!19sChIJxbCuHgAteTIRmhO-7uqCUY4?authuser=0&hl=id&g_ep=EgoyMDI2MDkyMi4wIJJjKgBIAVAD&rclk=1
989;SPPG DAPUR PADENGO;SPPG DAPUR PADENGO, Padengo, Kec. Limboto Bar., Kabupaten Gorontalo, Gorontalo 96218;Gorontalo;Gorontalo;Limboto Barat;T3 alamat fuzzy;https://www.google.com/maps/place/SPPG+DAPUR+PADENGO/data=!4m7!3m6!1s0x327931000750cd53:0xa897122e7f152c73!8m2!3d0.6407275!4d122.9103271!16s%2Fg%2F11xrm0813v!19sChIJU81QBwAxeTIRcywVfy4Sl6g?authuser=0&hl=id&g_ep=EgoyMDI2MDkyMi4wIJJjKgBIAVAD&rclk=1
991;SPPG LIMBA U I;SPPG LIMBA U I, Limba U Dua, Kota Sel., Kota Gorontalo, Gorontalo 96138;Gorontalo;Gorontalo;Limboto;T4 nama file;https://www.google.com/maps/place/SPPG+LIMBA+U+I/data=!4m7!3m6!1s0x32792b00279c2933:0xe264435314211bd7!8m2!3d0.5453875!4d123.0582969!16s%2Fg%2F11n4dhw_2v!19sChIJMymcJwAreTIR1xshFFNDZOI?authuser=0&hl=id&g_ep=EgoyMDI2MDkyMi4wIJJjKgBIAVAD&rclk=1
996;SPPG DAPUR PONE;SPPG Dapur Pone, Pone, Kec. Limboto Bar., Kabupaten Gorontalo, Gorontalo 96271;Gorontalo;Gorontalo;Limboto Barat;T3 alamat fuzzy;https://www.google.com/maps/place/SPPG+Dapur+Pone/data=!4m7!3m6!1s0x32792f0013f0e979:0x37f1efe892d71fc2!8m2!3d0.6318169!4d122.9513354!16s%2Fg%2F11x2k8yzhr!19sChIJeenwEwAveTIRwh_Xkujv8Tc?authuser=0&hl=id&g_ep=EgoyMDI2MDkyMi4wIJJjKgBIAVAD&rclk=1
1009;SPPG PANGADAA;Jl. Isimu - Gorontalo No.1, Pangadaa, Bongomeme, Gorontalo Regency, Gorontalo 96271;Gorontalo;Gorontalo;Limboto Barat;T4 nama file;https://www.google.com/maps/place/SPPG+PANGADAA/data=!4m7!3m6!1s0x327925000c4ea4cb:0xcb46054d20f736ea!8m2!3d0.6182709!4d122.8776628!16s%2Fg%2F11xzxl8trz!19sChIJy6RODAAleTIR6jb3IE0FRss?authuser=0&hl=id&g_ep=EgoyMDI2MDkyMi4wIJJjKgBIAVAD&rclk=1
1012;SPPG BULIIDE;SPPG BULIIDE, Jl. Kancil, Buliide, Kec. Kota Bar., Kota Gorontalo, Gorontalo 96136;Gorontalo;Gorontalo;Tilango;T4 nama file;https://www.google.com/maps/place/SPPG+BULIIDE/data=!4m7!3m6!1s0x32792b007f583f3d:0x63de5f1fbef9d4f3!8m2!3d0.5454254!4d123.0328849!16s%2Fg%2F11ypmh7d7d!19sChIJPT9YfwAreTIR89T5vh9f3mM?authuser=0&hl=id&g_ep=EgoyMDI2MDkyMi4wIJJjKgBIAVAD&rclk=1
1013;SPPG BULIIDE;SPPG BULIIDE, Jl. Kancil, Buliide, Kec. Kota Bar., Kota Gorontalo, Gorontalo 96136;Gorontalo;Gorontalo;Tilango;T4 nama file;https://www.google.com/maps/place/SPPG+BULIIDE/data=!4m7!3m6!1s0x32792b006c0221c5:0x932e3bfba858e2ab!8m2!3d0.5454229!4d123.0328855!16s%2Fg%2F11ynvd2v32!19sChIJxSECbAAreTIRq-JYqPs7LpM?authuser=0&hl=id&g_ep=EgoyMDI2MDkyMi4wIJJjKgBIAVAD&rclk=1
1014;SPPG BULADU - ID. NJSOU9AH;SPPG BULADU - ID. NJSOU9AH, Buladu, Kec. Kota Bar., Kabupaten Gorontalo, Gorontalo 96136;Gorontalo;Gorontalo;Tilango;T4 nama file;https://www.google.com/maps/place/SPPG+BULADU+-+ID.+NJSOU9AH/data=!4m7!3m6!1s0x32792b00057d3915:0x774dc006733057d6!8m2!3d0.5513578!4d123.0335478!16s%2Fg%2F11zk4ch9_h!19sChIJFTl9BQAreTIR1lcwcwbATXc?authuser=0&hl=id&g_ep=EgoyMDI2MDkyMi4wIJJjKgBIAVAD&rclk=1
1015;SPPG BULIIDE;SPPG BULIIDE, Jl. Kancil, Buliide, Kec. Kota Bar., Kota Gorontalo, Gorontalo 96136;Gorontalo;Gorontalo;Tilango;T4 nama file;https://www.google.com/maps/place/SPPG+BULIIDE/data=!4m7!3m6!1s0x32792b000a8bac47:0x2a02c0d2a7f10888!8m2!3d0.5454222!4d123.0328855!16s%2Fg%2F11mlt_5325!19sChIJR6yLCgAreTIRiAjxp9LAAio?authuser=0&hl=id&g_ep=EgoyMDI2MDkyMi4wIJJjKgBIAVAD&rclk=1
1026;SPPG BILUHU;;Gorontalo;Gorontalo;Biluhu;T4 nama file;https://www.google.com/maps/place/SPPG+BILUHU/data=!4m7!3m6!1s0x60194dc1ee7b29e3:0x80440fd847fd6a0!8m2!3d0.5027425!4d122.7844985!16s%2Fg%2F11yr_ch8c1!19sChIJ4yl77sFNGWARoNZ_hP1ABAg?authuser=0&hl=id&g_ep=EgoyMDI2MDkyMi4wIJJjKgBIAVAD&rclk=1
1030;SPPG DESA WINDU KECAMATAN BIAU KABUPATEN GORONTALO UTARA GORONTALO;SPPG Desa Windu Kecamatan Biau Kabupaten Gorontalo Utara Gorontalo, Windu, Kec. Biau, Kabupaten Gorontalo Utara, Gorontalo 96524;Gorontalo;Gorontalo Utara;Ponelo Kepulauan;T4 nama file;https://www.google.com/maps/place/SPPG+Desa+Windu+Kecamatan+Biau+Kabupaten+Gorontalo+Utara+Gorontalo/data=!4m7!3m6!1s0x327987005b2b915d:0xc69803ba3bed61a7!8m2!3d0.9988416!4d122.2191869!16s%2Fg%2F11mybn9j6s!19sChIJXZErWwCHeTIRp2HtO7oDmMY?authuser=0&hl=id&g_ep=EgoyMDI2MDkyMi4wIJJjKgBIAVAD&rclk=1
1034;SPPG KOTA TIMUR;SPPG Kota Timur, Tamalate, Kec. Kota Tim., Kota Gorontalo, Gorontalo 96135;Gorontalo;Gorontalo Utara;Tomolito;T4 nama file;https://www.google.com/maps/place/SPPG+Kota+Timur/data=!4m7!3m6!1s0x327ed5004d2c8e35:0x35ca88e7e744c2d6!8m2!3d0.5418139!4d123.0809178!16s%2Fg%2F11mdnyfp6s!19sChIJNY4sTQDVfjIR1sJE5-eIyjU?authuser=0&hl=id&g_ep=EgoyMDI2MDkyMi4wIJJjKgBIAVAD&rclk=1
1045;SPPG BULIIDE;SPPG BULIIDE, Buliide, Kec. Kota Bar., Kabupaten Gorontalo, Gorontalo 96136;Gorontalo;Kota Gorontalo;Kota Barat;T4 nama file;https://www.google.com/maps/place/SPPG+BULIIDE/data=!4m7!3m6!1s0x32792b0003473a8b:0xbc4855920edc4432!8m2!3d0.544998!4d123.0327634!16s%2Fg%2F11ypl_qk85!19sChIJizpHAwAreTIRMkTcDpJVSLw?authuser=0&hl=id&g_ep=EgoyMDI2MDkyMi4wIJJjKgBIAVAD&rclk=1
1046;SPPG KOTA SELATAN;SPPG KOTA SELATAN, Limba U Dua, Kota Sel., Kota Gorontalo, Gorontalo 96138;Gorontalo;Kota Gorontalo;Kota Selatan;T4 nama file;https://www.google.com/maps/place/SPPG+KOTA+SELATAN/data=!4m7!3m6!1s0x32792b0053fed79f:0x2f66feb2f9048a38!8m2!3d0.5490942!4d123.0577849!16s%2Fg%2F11yddv8s45!19sChIJn9f-UwAreTIROIoE-bL-Zi8?authuser=0&hl=id&g_ep=EgoyMDI2MDkyMi4wIJJjKgBIAVAD&rclk=1
1048;SPPG LIMBA U 1 2;Jl. Cendrawasih, Limba U I, Kota Sel., Kota Gorontalo, Gorontalo 96115;Gorontalo;Kota Gorontalo;Kota Utara;T4 nama file;https://www.google.com/maps/place/SPPG+LIMBA+U+1+2/data=!4m7!3m6!1s0x32792bd4a3a36523:0x706c2a38cf400f10!8m2!3d0.5423994!4d123.0619583!16s%2Fg%2F11z77gb0bh!19sChIJI2Wjo9QreTIREA9AzzgqbHA?authuser=0&hl=id&g_ep=EgoyMDI2MDkyMi4wIJJjKgBIAVAD&rclk=1
1060;GPPS PAGUAT;GPPS Paguat, Pentadu, Paguat, Pohuwato Regency, Gorontalo;Gorontalo;Pohuwato;Paguat;T4 nama file;https://www.google.com/maps/place/GPPS+Paguat/data=!4m7!3m6!1s0x32784b0023c586bd:0x431abb09ebf665a9!8m2!3d0.4782538!4d122.0766743!16s%2Fg%2F11w24b58hp!19sChIJvYbFIwBLeDIRqWX26wm7GkM?authuser=0&hl=id&g_ep=EgoyMDI2MDkyMi4wIJJjKgBIAVAD&rclk=1
1068;GSP MARISA PERUM BULOG SUBDIVRE GORONTALO;GSP Marisa Perum Bulog Subdivre Gorontalo, Marisa Selatan, Marisa, Pohuwato Regency, Gorontalo 96265;Gorontalo;Pohuwato;Marisa;T4 nama file;https://www.google.com/maps/place/GSP+Marisa+Perum+Bulog+Subdivre+Gorontalo/data=!4m7!3m6!1s0x327834382a330787:0xbf7bba483f89d1d6!8m2!3d0.4607947!4d121.9358678!16s%2Fg%2F11bzt6_fvh!19sChIJhwczKjg0eDIR1tGJP0i6e78?authuser=0&hl=id&g_ep=EgoyMDI2MDkyMi4wIJJjKgBIAVAD&rclk=1
1069;GPIG EBEN HAEZER MARISA;GPIG Eben Haezer Marisa, Pohuwato Timur, Marisa, Pohuwato Regency, Gorontalo;Gorontalo;Pohuwato;Marisa;T4 nama file;https://www.google.com/maps/place/GPIG+Eben+Haezer+Marisa/data=!4m7!3m6!1s0x3278342931d16341:0xfe60de3bff4ba7bc!8m2!3d0.4498374!4d121.9395196!16s%2Fg%2F11gfnf8bd3!19sChIJQWPRMSk0eDIRvKdL_zveYP4?authuser=0&hl=id&g_ep=EgoyMDI2MDkyMi4wIJJjKgBIAVAD&rclk=1
1071;BSG POPAYATO;BSG Popayato, Maleo, Kec. Popayato Tim., Kabupaten Pohuwato, Gorontalo 96467;Gorontalo;Pohuwato;Popayato Timur;T3 alamat fuzzy;https://www.google.com/maps/place/BSG+Popayato/data=!4m7!3m6!1s0x327783399ea3f143:0x49a7f5beaa606254!8m2!3d0.5124375!4d121.4756875!16s%2Fg%2F11pdsm8xht!19sChIJQ_GjnjmDdzIRVGJgqr71p0k?authuser=0&hl=id&g_ep=EgoyMDI2MDkyMi4wIJJjKgBIAVAD&rclk=1
1092;SPPG SUNGAI BULIAN;SPPG SUNGAI BULIAN, Jl. Camar, Sungai Bulian, Kec. Tabir Tim., Kabupaten Merangin, Jambi 37353;Jambi;Merangin;Tabir Timur;T3 alamat fuzzy;https://www.google.com/maps/place/SPPG+SUNGAI+BULIAN/data=!4m7!3m6!1s0x2e2ef30047ee75b3:0xdfc650c07df220ad!8m2!3d-1.7122973!4d102.4998772!16s%2Fg%2F11nhh9tcxc!19sChIJs3XuRwDzLi4RrSDyfcBQxt8?authuser=0&hl=id&g_ep=EgoyMDI2MDkyMi4wIJJjKgBIAVAD&rclk=1
1093;SPPG SUNGAI BULIAN;SPPG sungai bulian, Jl. Camar, Sungai Bulian, Kec. Tabir Tim., Kabupaten Merangin, Jambi 37353;Jambi;Merangin;Tabir Timur;T3 alamat fuzzy;https://www.google.com/maps/place/SPPG+sungai+bulian/data=!4m7!3m6!1s0x2e2ef3004bdfb765:0xe784ff0829475f89!8m2!3d-1.7118236!4d102.4999839!16s%2Fg%2F11z675j8xt!19sChIJZbffSwDzLi4RiV9HKQj_hOc?authuser=0&hl=id&g_ep=EgoyMDI2MDkyMi4wIJJjKgBIAVAD&rclk=1
1107;SPPG TANJUNG GEDANG;SPPG TANJUNG GEDANG, Tj. Gedang, Kec. Ps. Muara Bungo, Kabupaten Bungo, Jambi 37211;Jambi;Bungo;Pasar Muaro Bungo;T4 nama file;https://www.google.com/maps/place/SPPG+TANJUNG+GEDANG/data=!4m7!3m6!1s0x2e2ea10012094e77:0xbdaf5d9bf7a91248!8m2!3d-1.4761644!4d102.1234215!16s%2Fg%2F11nhw8mqj5!19sChIJd04JEgChLi4RSBKp95tdr70?authuser=0&hl=id&g_ep=EgoyMDI2MDkyMi4wIJJjKgBIAVAD&rclk=1
1108;PASAR BUNGUR MUARA BUNGO;Pasar Bungur Muara Bungo, Batang Bungo, Kec. Ps. Muara Bungo, Kabupaten Bungo, Jambi 37211;Jambi;Bungo;Pasar Muaro Bungo;T4 nama file;https://www.google.com/maps/place/Pasar+Bungur+Muara+Bungo/data=!4m7!3m6!1s0x2e2e9f8132f4ec7f:0xa12f3654278e789c!8m2!3d-1.4907573!4d102.1095685!16s%2Fg%2F11bxfm68lp!19sChIJf-z0MoGfLi4RnHiOJ1Q2L6E?authuser=0&hl=id&g_ep=EgoyMDI2MDkyMi4wIJJjKgBIAVAD&rclk=1
1113;POLSEK MUKO MUKO BATHIN VII;POLSEK MUKO MUKO BATHIN VII, Jl. Durian, Tj. Agung, Kec. Muko-Muko Bathin, Kabupaten Bungo, Jambi 37571;Jambi;Bungo;Muko-muko Bathin VII;T3 alamat fuzzy;https://www.google.com/maps/place/POLSEK+MUKO+MUKO+BATHIN+VII/data=!4m7!3m6!1s0x2e2c21077f4d4215:0xcb62e8c17d4e37ec!8m2!3d-1.5193525!4d102.0460593!16s%2Fg%2F11ft3cwqwl!19sChIJFUJNfwchLC4R7DdOfcHoYss?authuser=0&hl=id&g_ep=EgoyMDI2MDkyMi4wIJJjKgBIAVAD&rclk=1
1114;POLSEK TANAH SEPENGGAL LINTAS;Lintas, Embacang Gedang, Tanah Sepenggal, Bungo Regency, Jambi 37263;Jambi;Bungo;Tanah Sepenggal Lintas;T4 nama file;https://www.google.com/maps/place/Polsek+Tanah+Sepenggal+Lintas/data=!4m7!3m6!1s0x2e2c1dc585d350f7:0x4e7fb8d32135a7b!8m2!3d-1.3994801!4d102.0379378!16s%2Fg%2F11cn8ph0d3!19sChIJ91DThcUdLC4Re1oTMo375wQ?authuser=0&hl=id&g_ep=EgoyMDI2MDkyMi4wIJJjKgBIAVAD&rclk=1
1117;SPPG KERINCI GUNUNG KERINCI SIULAK DERAS MUDIK;SPPG KERINCI GUNUNG KERINCI SIULAK DERAS MUDIK, Siulak Deras Mudik, Kec. Gn. Kerinci, Kabupaten Kerinci, Jambi 37162;Jambi;Kerinci;Gunung Kerinci;T4 nama file;https://www.google.com/maps/place/SPPG+KERINCI+GUNUNG+KERINCI+SIULAK+DERAS+MUDIK/data=!4m7!3m6!1s0x2e2d0700342ba6bf:0xd942593635779d72!8m2!3d-1.9017375!4d101.3003281!16s%2Fg%2F11zcfhxcqy!19sChIJv6YrNAAHLS4Rcp13NTZZQtk?authuser=0&hl=id&g_ep=EgoyMDI2MDkyMi4wIJJjKgBIAVAD&rclk=1
1118;SPPG GUNUNG RAYA;SPPG GUNUNG RAYA, Lempur Tengah, Kec. Gn. Raya, Kabupaten Kerinci, Jambi 37174;Jambi;Kerinci;Gunung Kerinci;T4 nama file;https://www.google.com/maps/place/SPPG+GUNUNG+RAYA/data=!4m7!3m6!1s0x2e2d91001f32c093:0x9f4d685ba4cda41b!8m2!3d-2.2546564!4d101.5384806!16s%2Fg%2F11zj8hss67!19sChIJk8AyHwCRLS4RG6TNpFtoTZ8?authuser=0&hl=id&g_ep=EgoyMDI2MDkyMi4wIJJjKgBIAVAD&rclk=1
1120;SPPG TANAH KAMPUNG;SPPG Tanah Kampung, Tj. Bunga, Kec. Tanah Kp., Kota Sungai Penuh, Jambi 37111;Jambi;Kerinci;Batang Merangin;T4 nama file;https://www.google.com/maps/place/SPPG+Tanah+Kampung/data=!4m7!3m6!1s0x2e2da1000bbf83b3:0x173979246ac3955c!8m2!3d-2.0751666!4d101.4236308!16s%2Fg%2F11yrn9_72b!19sChIJs4O_CwChLS4RXJXDaiR5ORc?authuser=0&hl=id&g_ep=EgoyMDI2MDkxNi4wIJJjKgBIAVAD&rclk=1
1132;SPPG HAMPARAN PUGU 2;Sppg hamparan pugu 2, Jl wisata air panas, Hamparan Pugu, Air Hangat Bar., Kabupaten Kerinci, Jambi 37161;Jambi;Kerinci;Batang Merangin;T4 nama file;https://www.google.com/maps/place/Sppg+hamparan+pugu+2/data=!4m7!3m6!1s0x2e2da7006b9713a9:0x4d52a1551be5184c!8m2!3d-1.9878244!4d101.3653967!16s%2Fg%2F11njlbc_hd!19sChIJqROXawCnLS4RTBjlG1WhUk0?authuser=0&hl=id&g_ep=EgoyMDI2MDkxNi4wIJJjKgBIAVAD&rclk=1
1134;DAPUR SPPG 01 PONDOK TINGGI;Jl. Pancasila No.119, Lawang Agung, Kec. Pd. Tinggi, Kota Sungai Penuh, Jambi 37111;Jambi;Kerinci;Batang Merangin;T4 nama file;https://www.google.com/maps/place/DAPUR+SPPG+01+PONDOK+TINGGI/data=!4m7!3m6!1s0x2e2da1007b8d78dd:0x91ada3059ed96000!8m2!3d-2.0705844!4d101.4057794!16s%2Fg%2F11z6hqrx_t!19sChIJ3XiNewChLS4RAGDZngWjrZE?authuser=0&hl=id&g_ep=EgoyMDI2MDkxNi4wIJJjKgBIAVAD&rclk=1
1135;SPPG POLRES KERINCI;Asrama Polres Kerinci, Dusun Batu Lumut Desa Kec. Propinsi Blok I No. 02, Aur Duri, Kec. Pd. Tinggi, Kota Sungai Penuh, Jambi 37111;Jambi;Kerinci;Batang Merangin;T4 nama file;https://www.google.com/maps/place/SPPG+POLRES+KERINCI/data=!4m7!3m6!1s0x2e2da10078818579:0x32a14e92c2ab5c76!8m2!3d-2.0700587!4d101.3915897!16s%2Fg%2F11x0r0_lhv!19sChIJeYWBeAChLS4RdlyrwpJOoTI?authuser=0&hl=id&g_ep=EgoyMDI2MDkxNi4wIJJjKgBIAVAD&rclk=1
1140;SATUAN PELAYANAN PEMENUHAN GIZI (SPPG) JELUTUNG, KOTA JAMBI;Satuan Pelayanan Pemenuhan Gizi (SPPG) Jelutung, Kota Jambi, Jl. Untung Suropati, Jelutung, Jambi City, Jambi 36124;Jambi;Kota Jambi;Kota Baru;T4 nama file;https://www.google.com/maps/place/Satuan+Pelayanan+Pemenuhan+Gizi+%28SPPG%29+Jelutung,+Kota+Jambi/data=!4m7!3m6!1s0x2e25890060ed6465:0xdd455813e0032527!8m2!3d-1.6207074!4d103.6109658!16s%2Fg%2F11wvq9t382!19sChIJZWTtYACJJS4RJyUD4BNYRd0?authuser=0&hl=id&g_ep=EgoyMDI2MDkxNi4wIJJjKgBIAVAD&rclk=1
1148;SPPG MAYANG M2;SPPG MAYANG M2, Mayang Mangurai, Kec. Kota Baru, Kota Jambi, Jambi 36129;Jambi;Kota Jambi;Kota Baru;T4 nama file;https://www.google.com/maps/place/SPPG+MAYANG+M2/data=!4m7!3m6!1s0x2e25870021644093:0x5626e4b4bd30ea04!8m2!3d-1.6467961!4d103.5796739!16s%2Fg%2F11zbcw_655!19sChIJk0BkIQCHJS4RBOowvbTkJlY?authuser=0&hl=id&g_ep=EgoyMDI2MDkxNi4wIJJjKgBIAVAD&rclk=1
1149;SPPG TALANG GULO;Jl. Lingkar Barat 1 No.RT 20, Kenali Asam Bawah, Kec. Kota Baru, Kota Jambi, Jambi 36129;Jambi;Kota Jambi;Kota Baru;T4 nama file;https://www.google.com/maps/place/SPPG+Talang+Gulo/data=!4m7!3m6!1s0x2e2587000f02b9f7:0xaf1c5d127a0312fe!8m2!3d-1.6691724!4d103.5937382!16s%2Fg%2F11mrntq8jl!19sChIJ97kCDwCHJS4R_hIDehJdHK8?authuser=0&hl=id&g_ep=EgoyMDI2MDkxNi4wIJJjKgBIAVAD&rclk=1
1150;SPPG JAMBI SELATAN YAYASAN OLIVIA ALANIASI BAGI PENDIDIKAN;Jl. H. Badar RT 23 Kelurahan No.36, Pasir Putih, Kec. Jambi Sel., Kota Jambi, Jambi 36139;Jambi;Kota Jambi;Kota Baru;T4 nama file;https://www.google.com/maps/place/SPPG+JAMBI+SELATAN+YAYASAN+OLIVIA+ALANIASI+BAGI+PENDIDIKAN/data=!4m7!3m6!1s0x2e2589000027ae55:0x3ac21cfcc8489586!8m2!3d-1.6183209!4d103.6353575!16s%2Fg%2F11ygs0c7_9!19sChIJVa4nAACJJS4RhpVIyPwcwjo?authuser=0&hl=id&g_ep=EgoyMDI2MDkxNi4wIJJjKgBIAVAD&rclk=1
1151;SATUAN PELAYANAN PEMENUHAN GIZI (SPPG) POLRESTA JAMBI;Jl. Surya Darma No.Km. 10, Kenali Asam Bawah, Kec. Kota Baru, KOTA BARU, Jambi 36129;Jambi;Kota Jambi;Kota Baru;T4 nama file;https://www.google.com/maps/place/Satuan+Pelayanan+Pemenuhan+Gizi+%28SPPG%29+POLRESTA+JAMBI/data=!4m7!3m6!1s0x2e2587002ac396ad:0x651e4ac817756418!8m2!3d-1.6694948!4d103.5965936!16s%2Fg%2F11x34fn9lt!19sChIJrZbDKgCHJS4RGGR1F8hKHmU?authuser=0&hl=id&g_ep=EgoyMDI2MDkxNi4wIJJjKgBIAVAD&rclk=1
1152;SPPG THEHOK JAMBI SELATAN 006;Jl. Ternate No.45, The Hok, Kec. Jambi Sel., The, Jambi 36138;Jambi;Kota Jambi;Kota Baru;T4 nama file;https://www.google.com/maps/place/SPPG+THEHOK+JAMBI+SELATAN+006/data=!4m7!3m6!1s0x2e2589004a9360db:0xae6052ff59e58b0b!8m2!3d-1.6235859!4d103.6235299!16s%2Fg%2F11z1ny5jpw!19sChIJ22CTSgCJJS4RC4vlWf9SYK4?authuser=0&hl=id&g_ep=EgoyMDI2MDkxNi4wIJJjKgBIAVAD&rclk=1
1155;SPPG TALANG BANJAR;Jl. Orang Kayo Pingai No.60, Talang Banjar, Kec. Jambi Tim., Kota Jambi, Jambi 36123;Jambi;Kota Jambi;Kota Baru;T4 nama file;https://www.google.com/maps/place/SPPG+Talang+Banjar/data=!4m7!3m6!1s0x2e2589006d0245cb:0xe93c8841f65b5908!8m2!3d-1.5979892!4d103.6289146!16s%2Fg%2F11zd8bznpw!19sChIJy0UCbQCJJS4RCFlb9kGIPOk?authuser=0&hl=id&g_ep=EgoyMDI2MDkxNi4wIJJjKgBIAVAD&rclk=1
1156;SPPG POLDA JAMBI;Jl. Sultan Iskandar Muda No.14, Sungai Asam, Kec. Ps. Jambi, Kota Jambi, Jambi 36123;Jambi;Kota Jambi;Kota Baru;T4 nama file;https://www.google.com/maps/place/SPPG+POLDA+JAMBI/data=!4m7!3m6!1s0x2e2589003974fd99:0xad428efea9e9eb1c!8m2!3d-1.595706!4d103.616466!16s%2Fg%2F11l_1bn2jv!19sChIJmf10OQCJJS4RHOvpqf6OQq0?authuser=0&hl=id&g_ep=EgoyMDI2MDkxNi4wIJJjKgBIAVAD&rclk=1
1157;SPPG SIMPANG 3 SIPIN;Gg. Lolong No.22, Simpang III Sipin, Kec. Kota Baru, Kota Jambi, Jambi 36129;Jambi;Kota Jambi;Kota Baru;T4 nama file;https://www.google.com/maps/place/Sppg+simpang+3+sipin/data=!4m7!3m6!1s0x2e2589002537b473:0x6f8d34249b98905f!8m2!3d-1.621668!4d103.5927824!16s%2Fg%2F11yp15c8s6!19sChIJc7Q3JQCJJS4RX5CYmyQ0jW8?authuser=0&hl=id&g_ep=EgoyMDI2MDkxNi4wIJJjKgBIAVAD&rclk=1
1158;SPPG BULURAN KENALI;SPPG BULURAN KENALI, Buluran Kenali, Telanaipura, Jambi City, Jambi 36361;Jambi;Kota Jambi;Kota Baru;T4 nama file;https://www.google.com/maps/place/SPPG+BULURAN+KENALI/data=!4m7!3m6!1s0x2e25890074c93ed9:0xec05357a1bca80f5!8m2!3d-1.593038!4d103.5631397!16s%2Fg%2F11xyh6y321!19sChIJ2T7JdACJJS4R9YDKG3o1Bew?authuser=0&hl=id&g_ep=EgoyMDI2MDkxNi4wIJJjKgBIAVAD&rclk=1
1159;SPPG ESCOBAR - JELUTUNG#2;;Jambi;Kota Jambi;Jelutung;T4 nama file;https://www.google.com/maps/place/SPPG+ESCOBAR+-+JELUTUNG%232/data=!4m7!3m6!1s0x642c20446101d6d5:0x81e9990f9d9945d4!8m2!3d-1.6104362!4d103.6095285!16s%2Fg%2F11xvhmddfs!19sChIJ1dYBYUQgLGQR1EWZnQ-Z6YE?authuser=0&hl=id&g_ep=EgoyMDI2MDkxNi4wIJJjKgBIAVAD&rclk=1
1160;SPPG (SATUAN PELAYANAN PEMENUHAN GIZI) LINGKAR SELATAN, PAAL MERAH;SPPG (Satuan Pelayanan Pemenuhan Gizi) Lingkar Selatan, Paal Merah, Lkr. Sel., Kec. Jambi Sel., Kota Jambi, Jambi 36128;Jambi;Kota Jambi;Jelutung;T4 nama file;https://www.google.com/maps/place/SPPG+%28Satuan+Pelayanan+Pemenuhan+Gizi%29+Lingkar+Selatan,+Paal+Merah/data=!4m7!3m6!1s0x2e2585001028282b:0xcb6304f3ea4e5666!8m2!3d-1.6560013!4d103.6505737!16s%2Fg%2F11xvq_xstm!19sChIJKygoEACFJS4RZlZO6vMEY8s?authuser=0&hl=id&g_ep=EgoyMDI2MDkxNi4wIJJjKgBIAVAD&rclk=1
1163;SPPG JAMBI TIMUR POLRESTA JAMBI;SPPG JAMBI TIMUR POLRESTA JAMBI, Jl. Raden Fatah, Sejinjang, Kec. Jambi Tim., Kota Jambi, Jambi 36265;Jambi;Kota Jambi;Pelayangan;T4 nama file;https://www.google.com/maps/place/SPPG+JAMBI+TIMUR+POLRESTA+JAMBI/data=!4m7!3m6!1s0x2e25890038e678df:0x3c6de3df1f68a7d2!8m2!3d-1.5744682!4d103.6283797!16s%2Fg%2F11z4grngv8!19sChIJ33jmOACJJS4R0qdoH9_jbTw?authuser=0&hl=id&g_ep=EgoyMDI2MDkxNi4wIJJjKgBIAVAD&rclk=1
1164;SPPG KASANG JAYA;SPPG Kasang jaya, Kasang Jaya, Kec. Jambi Tim., Kota Jambi, Jambi 36264;Jambi;Kota Jambi;Pelayangan;T4 nama file;https://www.google.com/maps/place/SPPG+Kasang+jaya/data=!4m7!3m6!1s0x2e2589007a364627:0x6c9416d4bb17740e!8m2!3d-1.5852213!4d103.6319304!16s%2Fg%2F11z5vbtq1g!19sChIJJ0Y2egCJJS4RDnQXu9QWlGw?authuser=0&hl=id&g_ep=EgoyMDI2MDkxNi4wIJJjKgBIAVAD&rclk=1
1166;SPPG JAMTIM KASANG 002;SPPG JAMTIM KASANG 002, Jl. Dokter Setia Budi, Kasang, Kec. Jambi Tim., Kota Jambi, Jambi 36265;Jambi;Kota Jambi;Pelayangan;T4 nama file;https://www.google.com/maps/place/SPPG+JAMTIM+KASANG+002/data=!4m7!3m6!1s0x2e2589001e37a869:0x3a8ff3381ff7546e!8m2!3d-1.5878381!4d103.6245586!16s%2Fg%2F11yp5p4s5s!19sChIJaag3HgCJJS4RblT3Hzjzjzo?authuser=0&hl=id&g_ep=EgoyMDI2MDkxNi4wIJJjKgBIAVAD&rclk=1
1167;KANTOR PT.PSG;Kantor PT.PSG, kebun hendil, Simpang III Sipin, Kec. Kota Baru, Kota Jambi, Jambi 36124;Jambi;Kota Jambi;Pelayangan;T4 nama file;https://www.google.com/maps/place/Kantor+PT.PSG/data=!4m7!3m6!1s0x2e2589002cd7e8f9:0xd4048c9ad91c273!8m2!3d-1.6195233!4d103.5968122!16s%2Fg%2F11yq35m5tx!19sChIJ-ejXLACJJS4Rc8KRrclIQA0?authuser=0&hl=id&g_ep=EgoyMDI2MDkxNi4wIJJjKgBIAVAD&rclk=1
1168;SPPG KOTA JAMBI DANAU TELUK OLAK KEMANG 1;SPPG Kota Jambi Danau Teluk Olak Kemang 1, Olak Kemang, Danau Teluk, Jambi City, Jambi 36361;Jambi;Kota Jambi;Pelayangan;T4 nama file;https://www.google.com/maps/place/SPPG+Kota+Jambi+Danau+Teluk+Olak+Kemang+1/data=!4m7!3m6!1s0x2e2589002bef0795:0xad636ac0ae7d82b3!8m2!3d-1.5708818!4d103.5977689!16s%2Fg%2F11zcg2_ryc!19sChIJlQfvKwCJJS4Rs4J9rsBqY60?authuser=0&hl=id&g_ep=EgoyMDI2MDkxNi4wIJJjKgBIAVAD&rclk=1
1170;DAPUR SPPG BMS;DAPUR SPPG BMS, Kasang Jaya, Kec. Jambi Tim., Kota Jambi, Jambi 36265;Jambi;Kota Jambi;Pelayangan;T4 nama file;https://www.google.com/maps/place/DAPUR+SPPG+BMS/data=!4m7!3m6!1s0x2e25890047f572b1:0xd012aac09ae066bb!8m2!3d-1.5853496!4d103.6291048!16s%2Fg%2F11ylmh3vm5!19sChIJsXL1RwCJJS4Ru2bgmsCqEtA?authuser=0&hl=id&g_ep=EgoyMDI2MDkxNi4wIJJjKgBIAVAD&rclk=1
1171;SPPG JAMTIM KASANG 001;Jl. Dokter Setia Budi No.93, Kasang, Kec. Jambi Tim., Kota Jambi, Jambi 36265;Jambi;Kota Jambi;Pelayangan;T4 nama file;https://www.google.com/maps/place/SPPG+JAMTIM+KASANG+001/data=!4m7!3m6!1s0x2e2589006abb7ee1:0x29710c9b67431127!8m2!3d-1.5874313!4d103.6244768!16s%2Fg%2F11yp8fyy3_!19sChIJ4X67agCJJS4RJxFDZ5sMcSk?authuser=0&hl=id&g_ep=EgoyMDI2MDkxNi4wIJJjKgBIAVAD&rclk=1
1172;SPPG POLRESTA JAMBI (SIJENJANG);SPPG POLRESTA JAMBI (SIJENJANG), Jl. Raden Fatah, Sejinjang, Kec. Jambi Tim., Kota Jambi, Jambi 36265;Jambi;Kota Jambi;Pelayangan;T4 nama file;https://www.google.com/maps/place/SPPG+POLRESTA+JAMBI+%28SIJENJANG%29/data=!4m7!3m6!1s0x2e258900035ec1af:0x770755adc2583ea1!8m2!3d-1.5707087!4d103.6346617!16s%2Fg%2F11xtgnm963!19sChIJr8FeAwCJJS4RoT5Ywq1VB3c?authuser=0&hl=id&g_ep=EgoyMDI2MDkxNi4wIJJjKgBIAVAD&rclk=1
1175;TERMINAL BUS ALAM BARAJO KOTA JAMBI;Jl. Lkr. Barat 3 No.123, Kenali Besar, Kec. Kota Baru, Kota Jambi, Jambi 36361;Jambi;Kota Jambi;Alam Barajo;T4 nama file;https://www.google.com/maps/place/Terminal+Bus+Alam+Barajo+Kota+Jambi/data=!4m7!3m6!1s0x2e2589c456b96b11:0x8eda3fadc2ec02c8!8m2!3d-1.6287411!4d103.5527709!16s%2Fg%2F11j4mgskq8!19sChIJEWu5VsSJJS4RyALswq0_2o4?authuser=0&hl=id&g_ep=EgoyMDI2MDkxNi4wIJJjKgBIAVAD&rclk=1
1179;SPPG TELANAIPURA POLRESTA JAMBI;SPPG TELANAIPURA POLRESTA JAMBI, Jl. Mayjen Sutoyo No.5, Telanaipura, Jambi City, Jambi 36361;Jambi;Kota Jambi;Telanaipura;T4 nama file;https://www.google.com/maps/place/SPPG+TELANAIPURA+POLRESTA+JAMBI/data=!4m7!3m6!1s0x2e2589004912bab7:0x8326f1742fe6f4ac!8m2!3d-1.6026901!4d103.5778165!16s%2Fg%2F11zkrrmpys!19sChIJt7oSSQCJJS4RrPTmL3TxJoM?authuser=0&hl=id&g_ep=EgoyMDI2MDkxNi4wIJJjKgBIAVAD&rclk=1
1182;SPPG KIRANA TALANG BAKUNG;Lrg. Kenanga 1 No.50a, Talang Bakung, Kec. Jambi Sel., Kota Jambi, Jambi 36137;Jambi;Kota Jambi;Jambi Selatan;T4 nama file;https://www.google.com/maps/place/SPPG+KIRANA+TALANG+BAKUNG/data=!4m7!3m6!1s0x2e2585001dbad239:0x306216136c8e8db9!8m2!3d-1.629959!4d103.6589707!16s%2Fg%2F11y_qmjhk5!19sChIJOdK6HQCFJS4RuY2ObBMWYjA?authuser=0&hl=id&g_ep=EgoyMDI2MDkxNi4wIJJjKgBIAVAD&rclk=1
1183;SPPG YAYASAN BINA KREATIF AL-KHALIFI;Jl. Iswahyudi.67 Lorong Teratai. Kel. Talang Bakung, Guntur Center, Paal Merah, Kota, Kota Jambi, Jambi 36139;Jambi;Kota Jambi;Jambi Selatan;T4 nama file;https://www.google.com/maps/place/SPPG+YAYASAN+BINA+KREATIF+AL-KHALIFI/data=!4m7!3m6!1s0x2e258f93b03039dd:0xb96d15f156bd2467!8m2!3d-1.6255671!4d103.6394157!16s%2Fg%2F11x_ck_wjx!19sChIJ3TkwsJOPJS4RZyS9VvEVbbk?authuser=0&hl=id&g_ep=EgoyMDI2MDkxNi4wIJJjKgBIAVAD&rclk=1
1184;SPPG PAAL MERAH TALANG BAKUNG KOTA JAMBI;JL. lingkar Selatan III Rt. 14. Kel. Talang Bakung, Paal Merah, Kec. Jambi Sel., Kota Jambi, Jambi 36137;Jambi;Kota Jambi;Jambi Selatan;T4 nama file;https://www.google.com/maps/place/SPPG+PAAL+MERAH+TALANG+BAKUNG+KOTA+JAMBI/data=!4m7!3m6!1s0x2e2585002135c16d:0x42e91bc47df6c652!8m2!3d-1.635331!4d103.654705!16s%2Fg%2F11z76qfg7c!19sChIJbcE1IQCFJS4RUsb2fcQb6UI?authuser=0&hl=id&g_ep=EgoyMDI2MDkxNi4wIJJjKgBIAVAD&rclk=1
1186;SPPG PASIR PUTIH POLRESTA JAMBI;Jl. Soekarno-Hatta.RT.05, Talang Bakung, Paal Merah, Kec. Jambi Sel., Kota Jambi, Jambi 36126;Jambi;Kota Jambi;Jambi Selatan;T4 nama file;https://www.google.com/maps/place/SPPG+PASIR+PUTIH+POLRESTA+JAMBI/data=!4m7!3m6!1s0x2e258500689e5bef:0x3af9181303f5bb85!8m2!3d-1.6300994!4d103.6387452!16s%2Fg%2F11yty6pr0s!19sChIJ71ueaACFJS4Rhbv1AxMY-To?authuser=0&hl=id&g_ep=EgoyMDI2MDkxNi4wIJJjKgBIAVAD&rclk=1
1187;SPPG PAAL MERAH POLRESTA JAMBI;Jl. Soekarno-Hatta No.RT.05, Talang Bakung, Kec. Jambi Sel., Kota Jambi, Jambi 36126;Jambi;Kota Jambi;Jambi Selatan;T4 nama file;https://www.google.com/maps/place/SPPG+PAAL+MERAH+POLRESTA+JAMBI/data=!4m7!3m6!1s0x2e258500113b923f:0xa241b47abb208e31!8m2!3d-1.6301038!4d103.6387392!16s%2Fg%2F11njhdpm58!19sChIJP5I7EQCFJS4RMY4gu3q0QaI?authuser=0&hl=id&g_ep=EgoyMDI2MDkxNi4wIJJjKgBIAVAD&rclk=1
1189;SPPG PAAL MERAH LINGKAR SELATAN;;Jambi;Kota Jambi;Paal Merah;T4 nama file;https://www.google.com/maps/place/SPPG+PAAL+MERAH+LINGKAR+SELATAN/data=!4m7!3m6!1s0x25a7a4c0f6721c55:0xc3cf041ba3bb896a!8m2!3d-1.7529028!4d102.7930179!16s%2Fg%2F11n4q_2fdz!19sChIJVRxy9sCkpyURaom7oxsEz8M?authuser=0&hl=id&g_ep=EgoyMDI2MDkxNi4wIJJjKgBIAVAD&rclk=1
1197;MAS SUNGAI MANAU;MAS Sungai Manau, Jl. Raya Bangko-Kerinci No.Km. 46, Sungai Manau, Manau River, Merangin Regency, Jambi 37361;Jambi;Merangin;Sungai Manau;T4 nama file;https://www.google.com/maps/place/MAS+Sungai+Manau/data=!4m7!3m6!1s0x2e2de0b44240515b:0xee27cd21aff20aac!8m2!3d-2.1144602!4d101.984693!16s%2Fg%2F11c1w_9_h8!19sChIJW1FAQrTgLS4RrAryryHNJ-4?authuser=0&hl=id&g_ep=EgoyMDI2MDkxNi4wIJJjKgBIAVAD&rclk=1
1204;SPPG MERANGIN TABIR SELATAN MUARA DELANG;SPPG Merangin Tabir Selatan Muara Delang, Jl. Gulama Bulat, Muara Delang, Kec. Tabir Sel., Kabupaten Merangin, Jambi 37354;Jambi;Merangin;Tabir Ulu;T4 nama file;https://www.google.com/maps/place/SPPG+Merangin+Tabir+Selatan+Muara+Delang/data=!4m7!3m6!1s0x2e2e69002f5b4049:0xe2240c401f1d8c05!8m2!3d-1.982995!4d102.3948027!16s%2Fg%2F11yz7mq5tm!19sChIJSUBbLwBpLi4RBYwdH0AMJOI?authuser=0&hl=id&g_ep=EgoyMDI2MDkxNi4wIJJjKgBIAVAD&rclk=1
1209;KEC. PAMENANG BAR.;Kabupaten Merangin, Jambi;Jambi;Merangin;Pamenang Barat;T4 nama file;https://www.google.com/maps/place/Kec.+Pamenang+Bar./data=!4m7!3m6!1s0x2e2e6adda766e1c3:0xf73326584c987b15!8m2!3d-2.1228234!4d102.4078192!16s%2Fg%2F121g0z6r!19sChIJw-Fmp91qLi4RFXuYTFgmM_c?authuser=0&hl=id&g_ep=EgoyMDI2MDkxNi4wIJJjKgBIAVAD&rclk=1
1211;SPPG TANJUNG LAMIN #001;Langling, Bangko, Merangin Regency, Jambi 37352;Jambi;Merangin;Pamenang Barat;T4 nama file;https://www.google.com/maps/place/SPPG+Tanjung+Lamin+%23001/data=!4m7!3m6!1s0x2e2e6da210470e39:0xc6ecc4535a97e351!8m2!3d-2.0576783!4d102.3406609!16s%2Fg%2F11z94df6lv!19sChIJOQ5HEKJtLi4RUeOXWlPE7MY?authuser=0&hl=id&g_ep=EgoyMDI2MDkxNi4wIJJjKgBIAVAD&rclk=1
1212;PAMENANG BARAT;Pamenang Barat, Bar., Simpang Limbur Merangin, Kec. Pamenang Bar., Kabupaten Merangin, Jambi 37352;Jambi;Merangin;Pamenang Barat;T3 alamat fuzzy;https://www.google.com/maps/place/Pamenang+Barat/data=!4m7!3m6!1s0x2e2e6ac204a97799:0x9acd0617322c1bca!8m2!3d-2.076355!4d102.4090331!16s%2Fg%2F11fzf333g4!19sChIJmXepBMJqLi4RyhssMhcGzZo?authuser=0&hl=id&g_ep=EgoyMDI2MDkxNi4wIJJjKgBIAVAD&rclk=1
1214;KEC. TIANG PUMPUNG;Kabupaten Merangin, Jambi;Jambi;Merangin;Tiang Pumpung;T4 nama file;https://www.google.com/maps/place/Kec.+Tiang+Pumpung/data=!4m7!3m6!1s0x2e2e04ca1d8916e3:0xbff72febce027c7b!8m2!3d-2.2545729!4d102.1876717!16s%2Fg%2F12qbh59kx!19sChIJ4xaJHcoELi4Re3wCzusv978?authuser=0&hl=id&g_ep=EgoyMDI2MDkxNi4wIJJjKgBIAVAD&rclk=1
1230;SPPG 3T;SPPG 3T, Tj. Baru, Kec. Bahar Sel., Kabupaten Muaro Jambi, Jambi 30756;Jambi;Muaro Jambi;Bahar Selatan;T4 nama file;https://www.google.com/maps/place/SPPG+3T/data=!4m7!3m6!1s0x2e2f8b003b82f9a5:0xdd81299eae2fc916!8m2!3d-2.0343747!4d103.5348137!16s%2Fg%2F11yttnv2w8!19sChIJpfmCOwCLLy4RFskvrp4pgd0?authuser=0&hl=id&g_ep=EgoyMDI2MDkxNi4wIJJjKgBIAVAD&rclk=1
1250;SPPG SAROLANGUN SINGKUT PAYO LEBAR;Payo Lebar, Singkut, Sarolangun Regency, Jambi 37482;Jambi;Sarolangun;Limun;T4 nama file;https://www.google.com/maps/place/SPPG+Sarolangun+Singkut+Payo+Lebar/data=!4m7!3m6!1s0x2e31d300632022e1:0xd6fd3d2c767f39b1!8m2!3d-2.4844253!4d102.7247887!16s%2Fg%2F11yqhdtptk!19sChIJ4SIgYwDTMS4RsTl_diw9_dY?authuser=0&hl=id&g_ep=EgoyMDI2MDkxNi4wIJJjKgBIAVAD&rclk=1
1252;POLSEK BATHIN VIII;Polsek Bathin VIII, Tanjung, Kec. Batin VIII, Kabupaten Sarolangun, Jambi 37481;Jambi;Sarolangun;Bathin VIII;T3 alamat fuzzy;https://www.google.com/maps/place/Polsek+Bathin+VIII/data=!4m7!3m6!1s0x2e2e25f9f75fde79:0x862f120eff5f1f5a!8m2!3d-2.2585038!4d102.5708035!16s%2Fg%2F11fkqz3hwt!19sChIJed5f9_klLi4RWh9f_w4SL4Y?authuser=0&hl=id&g_ep=EgoyMDI2MDkxNi4wIJJjKgBIAVAD&rclk=1
1256;SPPG TUNGKAL III;;Jambi;Tanjung Jabung Barat;Pengabuan;T4 nama file;https://www.google.com/maps/place/SPPG+TUNGKAL+III/data=!4m7!3m6!1s0x43657a9d95beeb79:0x122fae43def63fa3!8m2!3d-1.0939625!4d103.1101365!16s%2Fg%2F11mzwgjy96!19sChIJeeu-lZ16ZUMRoz_23kOuLxI?authuser=0&hl=id&g_ep=EgoyMDI2MDkxNi4wIJJjKgBIAVAD&rclk=1
1266;SPPG TEBING LINGGAHARA;SPPG TEBING LINGGAHARA, Jl. Tj. Harapan, Tebing Linggahara, Kec. Bilah Bar., Kab. Labuhanbatu, Sumatera Utara 21411;Sumatera Utara;Labuhanbatu;Bilah Barat;T3 alamat fuzzy;https://www.google.com/maps/place/SPPG+TEBING+LINGGAHARA/data=!4m7!3m6!1s0x302d750013c49fed:0xd01ddb354f1bac84!8m2!3d2.1180323!4d99.8958892!16s%2Fg%2F11yxlj940z!19sChIJ7Z_EEwB1LTARhKwbTzXbHdA?authuser=0&hl=id&g_ep=EgoyMDI2MDkxNi4wIJJjKgBIAVAD&rclk=1
1271;KEC. NIPAH PANJANG;Kabupaten Tanjung Jabung Timur, Jambi;Jambi;Tanjung Jabung Timur;Nipah Panjang;T4 nama file;https://www.google.com/maps/place/Kec.+Nipah+Panjang/data=!4m7!3m6!1s0x2e267bf37bdc37b3:0x2f4b0de2cdf8d864!8m2!3d-1.0849757!4d104.1936406!16s%2Fg%2F1214xn4r!19sChIJszfce_N7Ji4RZNj4zeINSy8?authuser=0&hl=id&g_ep=EgoyMDI2MDkxNi4wIJJjKgBIAVAD&rclk=1
1273;KEC. SERAI SERUMPUN;Kabupaten Tebo, Jambi;Jambi;Tebo;Serai Serumpun;T4 nama file;https://www.google.com/maps/place/Kec.+Serai+Serumpun/data=!4m7!3m6!1s0x2e294d1374f3ab0d:0x78cb333a20f4fe74!8m2!3d-1.1837868!4d102.2837744!16s%2Fg%2F122dd_26!19sChIJDavzdBNNKS4RdP70IDozy3g?authuser=0&hl=id&g_ep=EgoyMDI2MDkxNi4wIJJjKgBIAVAD&rclk=1
1276;SPPG TERPENCIL DESA MUARA SEKALO - BADAN GIZI NASIONAL (BGN);SPPG Terpencil Desa Muara Sekalo - Badan Gizi Nasional (BGN), Muara Sekalo, Sumay, Tebo Regency, Jambi 37571;Jambi;Tebo;Serai Serumpun;T4 nama file;https://www.google.com/maps/place/SPPG+Terpencil+Desa+Muara+Sekalo+-+Badan+Gizi+Nasional+%28BGN%29/data=!4m7!3m6!1s0x2e2ec90014b944b7:0x380310dbf9d491a5!8m2!3d-1.2679772!4d102.4855435!16s%2Fg%2F11yzxqns7q!19sChIJt0S5FADJLi4RpZHU-dsQAzg?authuser=0&hl=id&g_ep=EgoyMDI2MDkxNi4wIJJjKgBIAVAD&rclk=1
1281;SPPG WIROTHO AGUNG 2;SPPG WIROTHO AGUNG 2, Jl. RA Kartini, RT.02/RW.01, KELURAHAN MANDIRI AGUNG, Rimbo Bujang, Tebo Regency, Jambi 37553;Jambi;Tebo;Rimbo Ulu;T4 nama file;https://www.google.com/maps/place/SPPG+WIROTHO+AGUNG+2/data=!4m7!3m6!1s0x2e2ea9006ff18c11:0xf42200b475317fd9!8m2!3d-1.3142939!4d102.0958608!16s%2Fg%2F11yt9j3_ww!19sChIJEYzxbwCpLi4R2X8xdbQAIvQ?authuser=0&hl=id&g_ep=EgoyMDI2MDkxNi4wIJJjKgBIAVAD&rclk=1
1287;SPPG TERPENCIL DESA LUBUK MANDARSAH ULU;SPPG Terpencil Desa Lubuk Mandarsah Ulu, Lubuk Mandarsyah, Tengah Ilir, Tebo Regency, Jambi 37572;Jambi;Tebo;Tengah Ilir;T4 nama file;https://www.google.com/maps/place/SPPG+Terpencil+Desa+Lubuk+Mandarsah+Ulu/data=!4m7!3m6!1s0x2e2ed10029b90b51:0xa17a1132fc815838!8m2!3d-1.3235122!4d102.7124386!16s%2Fg%2F11z067ld4h!19sChIJUQu5KQDRLi4ROFiB_DIReqE?authuser=0&hl=id&g_ep=EgoyMDI2MDkxNi4wIJJjKgBIAVAD&rclk=1
1290;SPPG BENGKAYANG SUNGAI RAYA KEPULAUAN SUNGAI RAYA;SPPG BENGKAYANG SUNGAI RAYA KEPULAUAN SUNGAI RAYA, Sungai Raya, Sungai Raya Kepulauan, Kabupaten Bengkayang, Kalimantan Barat 79271;Kalimantan Barat;Bengkayang;Sungai Raya;T4 nama file;https://www.google.com/maps/place/SPPG+BENGKAYANG+SUNGAI+RAYA+KEPULAUAN+SUNGAI+RAYA/data=!4m7!3m6!1s0x31e307003e0dec97:0x49c886b76c130763!8m2!3d0.7074481!4d108.8905346!16s%2Fg%2F11npr6sljz!19sChIJl-wNPgAH4zERYwcTbLeGyEk?authuser=0&hl=id&g_ep=EgoyMDI2MDkxNi4wIJJjKgBIAVAD&rclk=1
1293;SPPG BENGKAYANG BENGKAYANG SEBALO II;Jl. Pacung No.120, Bani Amas, Bengkayang, Bengkayang Regency, West Kalimantan 79211;Kalimantan Barat;Bengkayang;Sungai Raya;T4 nama file;https://www.google.com/maps/place/SPPG+BENGKAYANG+BENGKAYANG+SEBALO+II/data=!4m7!3m6!1s0x31e335000dd46953:0x62e6eb43dc7e7ba1!8m2!3d0.8468971!4d109.5026824!16s%2Fg%2F11zkh0vm_1!19sChIJU2nUDQA14zERoXt-3EPr5mI?authuser=0&hl=id&g_ep=EgoyMDI2MDkxNi4wIJJjKgBIAVAD&rclk=1
1312;KEC. LEMBAH BAWANG;Kabupaten Bengkayang, Kalimantan Barat;Kalimantan Barat;Bengkayang;Lembah Bawang;T4 nama file;https://www.google.com/maps/place/Kec.+Lembah+Bawang/data=!4m7!3m6!1s0x31e3438a567cdb47:0x349621912fc6b63a!8m2!3d0.9126095!4d109.2313621!16s%2Fg%2F1210gr35!19sChIJR9t8VopD4zEROrbGL5EhljQ?authuser=0&hl=id&g_ep=EgoyMDI2MDkxNi4wIJJjKgBIAVAD&rclk=1
1315;SPPG PUTUSSIBAU SELATAN KEDAMIN HILIR 2;Jl. Banin No.18, Kedamin Hilir, Kec. Putussibau Sel., Kabupaten Kapuas Hulu, Kalimantan Barat 78753;Kalimantan Barat;Kapuas Hulu;Putussibau Selatan;T3 alamat fuzzy;https://www.google.com/maps/place/SPPG+PUTUSSIBAU+SELATAN+KEDAMIN+HILIR+2/data=!4m7!3m6!1s0x3201eb0044878303:0x9f9296f22384c5a7!8m2!3d0.8527834!4d112.9213813!16s%2Fg%2F11z73309bj!19sChIJA4OHRADrATIRp8WEI_KWkp8?authuser=0&hl=id&g_ep=EgoyMDI2MDkxNi4wIJJjKgBIAVAD&rclk=1
1317;SPPG KAPUAS HULU PUTUSSIBAU SELATAN KEDAMIN HILIR;SPPG KAPUAS HULU PUTUSSIBAU SELATAN KEDAMIN HILIR, Jl. Lintas Selatan, RT.12/RW.03, Kedamin Hilir, Kec. Putussibau Sel., Kabupaten Kapuas Hulu, Kalimantan Barat 78753;Kalimantan Barat;Kapuas Hulu;Putussibau Selatan;T3 alamat fuzzy;https://www.google.com/maps/place/SPPG+KAPUAS+HULU+PUTUSSIBAU+SELATAN+KEDAMIN+HILIR/data=!4m7!3m6!1s0x3201eb00153cc0ab:0xcef948d9005d9f28!8m2!3d0.8475576!4d112.9230582!16s%2Fg%2F11z786bllb!19sChIJq8A8FQDrATIRKJ9dANlI-c4?authuser=0&hl=id&g_ep=EgoyMDI2MDkxNi4wIJJjKgBIAVAD&rclk=1
1328;KEC. EMPANANG;Kabupaten Kapuas Hulu, Kalimantan Barat;Kalimantan Barat;Kapuas Hulu;Empanang;T4 nama file;https://www.google.com/maps/place/Kec.+Empanang/data=!4m7!3m6!1s0x31fee087a837a52b:0x85f1e4d55451a1e4!8m2!3d0.8427587!4d111.7607042!16s%2Fg%2F120yrrw0!19sChIJK6U3qIfg_jER5KFRVNXk8YU?authuser=0&hl=id&g_ep=EgoyMDI2MDkxNi4wIJJjKgBIAVAD&rclk=1
1332;POLSEK BOYAN TANJUNG;Jl. Lintas Selatan Boyan Tanjung, Boyan Tj., Kec. Boyan Tj., Kabupaten Kapuas Hulu, Kalimantan Barat 78758;Kalimantan Barat;Kapuas Hulu;Boyan Tanjung;T4 nama file;https://www.google.com/maps/place/Polsek+Boyan+Tanjung/data=!4m7!3m6!1s0x31ff81bfffffffd9:0xa58a35edc283b805!8m2!3d0.4856732!4d112.4949266!16s%2Fg%2F11bbrhzrkx!19sChIJ2f___7-B_zERBbiDwu01iqU?authuser=0&hl=id&g_ep=EgoyMDI2MDkxNi4wIJJjKgBIAVAD&rclk=1
1335;PUSKESMAS PURING KENCANA;Puskesmas Puring Kencana, Jl. Negara, Antu River, Puring Kencana, Kapuas Hulu Regency, West Kalimantan 78653;Kalimantan Barat;Kapuas Hulu;Puring Kencana;T4 nama file;https://www.google.com/maps/place/Puskesmas+Puring+Kencana/data=!4m7!3m6!1s0x31fec584c3a30dd3:0x8369b0a11bdf27a5!8m2!3d0.9761771!4d111.6105429!16s%2Fg%2F11b807z04w!19sChIJ0w2jw4TF_jERpSffG6GwaYM?authuser=0&hl=id&g_ep=EgoyMDI2MDkxNi4wIJJjKgBIAVAD&rclk=1
1338;SPPG KAYONG UTARA PULAU MAYA DUSUN BESAR;SPPG Kayong Utara Pulau Maya Dusun Besar, Dusun Mulia Tani, RT.021/RW.000, Dusun Besar, Kec. Pulau Maya Karimata, Kabupaten Kayong Utara, Kalimantan Barat 78855;Kalimantan Barat;Kayong Utara;Kepulauan Karimata;T4 nama file;https://www.google.com/maps/place/SPPG+Kayong+Utara+Pulau+Maya+Dusun+Besar/@-1.1024245,109.4619919,17z/data=!3m1!4b1!4m6!3m5!1s0x2e1ca9004ade4121:0x48d12209b67fdb90!8m2!3d-1.1024245!4d109.4619919!16s%2Fg%2F11njj1t9jv?hl=id&entry=ttu&g_ep=EgoyMDI2MDkxNi4wIKXMDSoASAFQAw%3D%3D
1345;SPPG POLRES KAYONG UTARA II;SPPG POLRES KAYONG UTARA II, Tlk. Batang Sel., Kec. Tlk. Batang, Kabupaten Kayong Utara, Kalimantan Barat 78856;Kalimantan Barat;Kayong Utara;Teluk Batang;T3 alamat fuzzy;https://www.google.com/maps/place/SPPG+POLRES+KAYONG+UTARA+II/data=!4m7!3m6!1s0x2e0345002117663d:0x7789fe4ceba22350!8m2!3d-0.995628!4d109.7716817!16s%2Fg%2F11njmd2_10!19sChIJPWYXIQBFAy4RUCOi60z-iXc?authuser=0&hl=id&g_ep=EgoyMDI2MDkxNi4wIJJjKgBIAVAD&rclk=1
1346;SPPG KAYONG UTARA TELUK BATANG;SPPG Kayong Utara Teluk Batang, Tlk. Batang Sel., Kec. Tlk. Batang, Kabupaten Kayong Utara, Kalimantan Barat 78856;Kalimantan Barat;Kayong Utara;Teluk Batang;T3 alamat fuzzy;https://www.google.com/maps/place/SPPG+Kayong+Utara+Teluk+Batang/data=!4m7!3m6!1s0x2e0345001e0be381:0xa8769815513f6bea!8m2!3d-0.9937123!4d109.7880255!16s%2Fg%2F11zb7qz9s8!19sChIJgeMLHgBFAy4R6ms_URWYdqg?authuser=0&hl=id&g_ep=EgoyMDI2MDkxNi4wIJJjKgBIAVAD&rclk=1
1357;SPPG MENSUBANG;SPPG Mensubang, Jl. Istana Jaya, Mensubang, Nanga Tayap, Kabupaten Ketapang, Kalimantan Barat 78854;Kalimantan Barat;Ketapang;Sungai Laur;T4 nama file;https://www.google.com/maps/place/SPPG+Mensubang/data=!4m7!3m6!1s0x2e03a7000e1455fd:0xaf725e3bc3e7f850!8m2!3d-0.776276!4d110.3820752!16s%2Fg%2F11njhfd9vg!19sChIJ_VUUDgCnAy4RUPjnwztecq8?authuser=0&hl=id&g_ep=EgoyMDI2MDkxNi4wIJJjKgBIAVAD&rclk=1
1368;SPPG KENDAWANGAN KIRI 3;SPPG KENDAWANGAN KIRI 3, Jl. Pangeran Adi, Kendawangan Kiri, Kendawangan, Ketapang Regency, West Kalimantan 78862;Kalimantan Barat;Ketapang;Kendawangan;T4 nama file;https://www.google.com/maps/place/SPPG+KENDAWANGAN+KIRI+3/data=!4m7!3m6!1s0x2e0f9b8e2634353f:0xb920da84c049c686!8m2!3d-2.5256274!4d110.2159574!16s%2Fg%2F11ymnbfxwc!19sChIJPzU0Jo6bDy4RhsZJwITaILk?authuser=0&hl=id&g_ep=EgoyMDI2MDkxNi4wIJJjKgBIAVAD&rclk=1
1380;SPPG SUNGAI BESAR 2 MATAN HILIR SELATAN;SPPG Sungai Besar 2 Matan Hilir Selatan, Jalan Sungai Sirih, Sungai Besar, Kec. Matan Hilir Sel., Kabupaten Ketapang, Kalimantan Barat 78822;Kalimantan Barat;Ketapang;Matan Hilir Selatan;T3 alamat fuzzy;https://www.google.com/maps/place/SPPG+Sungai+Besar+2+Matan+Hilir+Selatan/data=!4m7!3m6!1s0x2e0513007a0a6731:0xda4afe49117fa3f2!8m2!3d-1.9442538!4d110.1086437!16s%2Fg%2F11njs39v8p!19sChIJMWcKegATBS4R8qN_EUn-Sto?authuser=0&hl=id&g_ep=EgoyMDI2MDkxNi4wIJJjKgBIAVAD&rclk=1
1381;SPPG SUNGAI BESAR 1;SPPG SUNGAI BESAR 1, Sungai Besar, Kec. Matan Hilir Sel., Kabupaten Ketapang, Kalimantan Barat 78822;Kalimantan Barat;Ketapang;Matan Hilir Selatan;T3 alamat fuzzy;https://www.google.com/maps/place/SPPG+SUNGAI+BESAR+1/data=!4m7!3m6!1s0x2e0513006bf74eff:0x786a6e3da875f5d8!8m2!3d-1.9436805!4d110.1168878!16s%2Fg%2F11zdcz1rvr!19sChIJ_073awATBS4R2PV1qD1uang?authuser=0&hl=id&g_ep=EgoyMDI2MDkxNi4wIJJjKgBIAVAD&rclk=1
1382;SPPG KETAPANG MHS HARAPAN BARU;SPPG KETAPANG MHS HARAPAN BARU, Harapan Baru, Kec. Matan Hilir Sel., Kabupaten Ketapang, Kalimantan Barat 78822;Kalimantan Barat;Ketapang;Matan Hilir Selatan;T3 alamat fuzzy;https://www.google.com/maps/place/SPPG+KETAPANG+MHS+HARAPAN+BARU/data=!4m7!3m6!1s0x2e056d0045a6538f:0x8521d42ed54c8067!8m2!3d-2.0765262!4d110.129183!16s%2Fg%2F11njryv3gl!19sChIJj1OmRQBtBS4RZ4BM1S7UIYU?authuser=0&hl=id&g_ep=EgoyMDI2MDkxNi4wIJJjKgBIAVAD&rclk=1
1383;SPPG KETAPANG MHS HARAPAN BARU;SPPG KETAPANG MHS HARAPAN BARU, Harapan Baru, Kec. Matan Hilir Sel., Kabupaten Ketapang, Kalimantan Barat 78822;Kalimantan Barat;Ketapang;Matan Hilir Selatan;T3 alamat fuzzy;https://www.google.com/maps/place/SPPG+KETAPANG+MHS+HARAPAN+BARU/data=!4m7!3m6!1s0x2e056d00515669bd:0x50b70f5bdfbf4802!8m2!3d-2.0768854!4d110.1296327!16s%2Fg%2F11yvcwgkwy!19sChIJvWlWUQBtBS4RAki_31sPt1A?authuser=0&hl=id&g_ep=EgoyMDI2MDkxNi4wIJJjKgBIAVAD&rclk=1
1393;SPPG KETAPANG DELTA PAWAN PAYA KUMANG 3;SPPG KETAPANG DELTA PAWAN PAYA KUMANG 3, Gg. H. Punidin, Payah Kumang, Delta Pawan, Ketapang Regency, West Kalimantan 78811;Kalimantan Barat;Ketapang;Muara Pawan;T4 nama file;https://www.google.com/maps/place/SPPG+KETAPANG+DELTA+PAWAN+PAYA+KUMANG+3/data=!4m7!3m6!1s0x2e051900513c0325:0x82fa0b5752af470e!8m2!3d-1.8217588!4d109.9703326!16s%2Fg%2F11njjc6s90!19sChIJJQM8UQAZBS4RDkevUlcL-oI?authuser=0&hl=id&g_ep=EgoyMDI2MDkxNi4wIJJjKgBIAVAD&rclk=1
1401;SPPG BENUA MELAYU DARAT 3;Jl. Palapa 3C No.20, Benua Melayu Darat, Kec. Pontianak Sel., Kota Pontianak, Kalimantan Barat 78113;Kalimantan Barat;Kota Pontianak;Pontianak Selatan;T4 nama file;https://www.google.com/maps/place/SPPG+BENUA+MELAYU+DARAT+3/data=!4m7!3m6!1s0x2e1d590000d01a9d:0xc041a691da77f7d9!8m2!3d-0.0489885!4d109.3474854!16s%2Fg%2F11njjbwc0_!19sChIJnRrQAABZHS4R2fd32pGmQcA?authuser=0&hl=id&g_ep=EgoyMDI2MDkxNi4wIJJjKgBIAVAD&rclk=1
1405;SPPG SUNGAIJAWI DALAM 2;Jl. Re.Martadinata No.20B, Sungai Jawi Dalam, Kec. Pontianak Bar., Kota Pontianak, Kalimantan Barat 78244;Kalimantan Barat;Kota Pontianak;Pontianak Selatan;T4 nama file;https://www.google.com/maps/place/SPPG+SungaiJawi+Dalam+2/data=!4m7!3m6!1s0x2e1d590067d69d7b:0xe88da1adee5cb21!8m2!3d-0.0177773!4d109.3130492!16s%2Fg%2F11zb81mzy9!19sChIJe53WZwBZHS4RIcvl3hraiA4?authuser=0&hl=id&g_ep=EgoyMDI2MDkxNi4wIJJjKgBIAVAD&rclk=1
1406;SPPG DU - AKCAYA;Jl. Natuna No.111, Akcaya, Kec. Pontianak Sel., Kota Pontianak, Kalimantan Barat 78113;Kalimantan Barat;Kota Pontianak;Pontianak Selatan;T4 nama file;https://www.google.com/maps/place/SPPG+DU+-+AKCAYA/data=!4m7!3m6!1s0x2e1d5900527390d5:0x6522006e12caccd4!8m2!3d-0.0471239!4d109.3236645!16s%2Fg%2F11xmc8tz5y!19sChIJ1ZBzUgBZHS4R1MzKEm4AImU?authuser=0&hl=id&g_ep=EgoyMDI2MDkxNi4wIJJjKgBIAVAD&rclk=1
1408;SPPG PARITTOKAYA2;Gg. Purnama Indah I Gg. Dinasti No.17, Parit Tokaya, South Pontianak, Pontianak, West Kalimantan 78121;Kalimantan Barat;Kota Pontianak;Pontianak Selatan;T4 nama file;https://www.google.com/maps/place/SPPG+PARITTOKAYA2/data=!4m7!3m6!1s0x2e1d591dcd170fc9:0xcf8086618f20ab9d!8m2!3d-0.0603956!4d109.3264826!16s%2Fg%2F11yl3x8wpm!19sChIJyQ8XzR1ZHS4Rnasgj2GGgM8?authuser=0&hl=id&g_ep=EgoyMDI2MDkxNi4wIJJjKgBIAVAD&rclk=1
1409;SPPG TANJUNG HULU 2;Jl. Ya' M. Sabran, Tj. Hulu, Kec. Pontianak Tim., Kota Pontianak, Kalimantan Barat 78242;Kalimantan Barat;Kota Pontianak;Pontianak Selatan;T4 nama file;https://www.google.com/maps/place/SPPG+Tanjung+Hulu+2/data=!4m7!3m6!1s0x2e1d59007683e835:0x7298c866e151d062!8m2!3d-0.0258736!4d109.3772211!16s%2Fg%2F11mznm0bl6!19sChIJNeiDdgBZHS4RYtBR4WbImHI?authuser=0&hl=id&g_ep=EgoyMDI2MDkxNi4wIJJjKgBIAVAD&rclk=1
1410;SPPG AKCAYA 06 - YAYASAN WADAH MERAH PUTIH;Jl. Sulawesi No.57, Akcaya, Kec. Pontianak Sel., Kota Pontianak, Kalimantan Barat 78121;Kalimantan Barat;Kota Pontianak;Pontianak Selatan;T4 nama file;https://www.google.com/maps/place/SPPG+AKCAYA+06+-+Yayasan+Wadah+Merah+Putih/data=!4m7!3m6!1s0x2e1d590019e3b885:0xbe82ba0594335ecc!8m2!3d-0.0431725!4d109.3277313!16s%2Fg%2F11ms7kcfhh!19sChIJhbjjGQBZHS4RzF4zlAW6gr4?authuser=0&hl=id&g_ep=EgoyMDI2MDkxNi4wIJJjKgBIAVAD&rclk=1
1411;SPPG PARIT MAYOR 2 PONTIANAK;SPPG Parit Mayor 2 Pontianak, Jl. Tj. Raya II, Saigon, Kec. Pontianak Tim., Kota Pontianak, Kalimantan Barat 78242;Kalimantan Barat;Kota Pontianak;Pontianak Selatan;T4 nama file;https://www.google.com/maps/place/SPPG+Parit+Mayor+2+Pontianak/data=!4m7!3m6!1s0x2e1d59004afa5d81:0xe02c7d1e6ce64411!8m2!3d-0.0524871!4d109.3723465!16s%2Fg%2F11mrqh0nwq!19sChIJgV36SgBZHS4REUTmbB59LOA?authuser=0&hl=id&g_ep=EgoyMDI2MDkxNi4wIJJjKgBIAVAD&rclk=1
1413;SPPG ENGGANG PERKASA;SPPG ENGGANG PERKASA, Kota Baru, Kec. Pontianak Sel., Kota Pontianak, Kalimantan Barat 78115;Kalimantan Barat;Kota Pontianak;Pontianak Selatan;T4 nama file;https://www.google.com/maps/place/SPPG+ENGGANG+PERKASA/data=!4m7!3m6!1s0x2e1d59004c720513:0x4b4169818230eee2!8m2!3d-0.0651625!4d109.3190469!16s%2Fg%2F11yxn8z_yg!19sChIJEwVyTABZHS4R4u4wgoFpQUs?authuser=0&hl=id&g_ep=EgoyMDI2MDkxNi4wIJJjKgBIAVAD&rclk=1
1415;SPPG AKCAYA;SPPG Akcaya, Akcaya, Kec. Pontianak Sel., Kota Pontianak, Kalimantan Barat;Kalimantan Barat;Kota Pontianak;Pontianak Selatan;T4 nama file;https://www.google.com/maps/place/SPPG+Akcaya/data=!4m7!3m6!1s0x2e1d590034802689:0x6f6d2f90a73900ba!8m2!3d-0.0422968!4d109.3322843!16s%2Fg%2F11npw8f4l8!19sChIJiSaANABZHS4RugA5p5AvbW8?authuser=0&hl=id&g_ep=EgoyMDI2MDkxNi4wIJJjKgBIAVAD&rclk=1
1416;SPPG DALAM BUGIS 2;SPPG Dalam Bugis 2, Jl. Paralel Tol, Dalam Bugis, Pontianak Timur, Pontianak, West Kalimantan 78243;Kalimantan Barat;Kota Pontianak;Pontianak Selatan;T4 nama file;https://www.google.com/maps/place/SPPG+Dalam+Bugis+2/data=!4m7!3m6!1s0x2e1d59001e6566ff:0x41896b43078dcd7b!8m2!3d-0.0333616!4d109.3569992!16s%2Fg%2F11zkbftx2_!19sChIJ_2ZlHgBZHS4Re82NB0NriUE?authuser=0&hl=id&g_ep=EgoyMDI2MDkxNi4wIJJjKgBIAVAD&rclk=1
1417;SPPG TANJUNG HILIR PONTIANAK TIMUR;Jl. Tritura No.21, Tj. Hilir, Kec. Pontianak Tim., Kota Pontianak, Kalimantan Barat 78243;Kalimantan Barat;Kota Pontianak;Pontianak Selatan;T4 nama file;https://www.google.com/maps/place/SPPG+TANJUNG+HILIR+PONTIANAK+TIMUR/data=!4m7!3m6!1s0x2e1d59006c8c67b5:0xd01c549e9ddcdc48!8m2!3d-0.0256573!4d109.3586716!16s%2Fg%2F11z78h25dx!19sChIJtWeMbABZHS4RSNzcnZ5UHNA?authuser=0&hl=id&g_ep=EgoyMDI2MDkxNi4wIJJjKgBIAVAD&rclk=1
1418;SPPG BENUA MELAYU DARAT 2;Jl. Tanjung Pura No.38, Benua Melayu Darat, Kec. Pontianak Sel., Kota Pontianak, Kalimantan Barat 78243;Kalimantan Barat;Kota Pontianak;Pontianak Selatan;T4 nama file;https://www.google.com/maps/place/SPPG+Benua+Melayu+Darat+2/data=!4m7!3m6!1s0x2e1d5900095da751:0x1c3eaf0d1a3ed06b!8m2!3d-0.039238!4d109.3477077!16s%2Fg%2F11zb8h0ntk!19sChIJUaddCQBZHS4Ra9A-Gg2vPhw?authuser=0&hl=id&g_ep=EgoyMDI2MDkxNi4wIJJjKgBIAVAD&rclk=1
1420;SPPG KOTA PONTIANAK PONTIANAK KOTA TENGAH;SPPG KOTA PONTIANAK PONTIANAK KOTA TENGAH, Tj. Hulu, Kec. Pontianak Tim., Kota Pontianak, Kalimantan Barat 78242;Kalimantan Barat;Kota Pontianak;Pontianak Utara;T4 nama file;https://www.google.com/maps/place/SPPG+KOTA+PONTIANAK+PONTIANAK+KOTA+TENGAH/data=!4m7!3m6!1s0x2e1d570071b474b5:0xda369fc001673781!8m2!3d-0.026592!4d109.3785994!16s%2Fg%2F11zb90fx7y!19sChIJtXS0cQBXHS4RgTdnAcCfNto?authuser=0&hl=id&g_ep=EgoyMDI2MDkxNi4wIJJjKgBIAVAD&rclk=1
1427;SPPG SUNGAI JAWI LUAR 3 (YAYASAN ASRI BAROKAH JAYA);Gg. Cengkeh No.8, Sungai Jawi Luar, Kec. Pontianak Bar., Kota Pontianak, Kalimantan Barat 78244;Kalimantan Barat;Kota Pontianak;Pontianak Utara;T4 nama file;https://www.google.com/maps/place/SPPG+SUNGAI+JAWI+LUAR+3+%28YAYASAN+ASRI+BAROKAH+JAYA%29/data=!4m7!3m6!1s0x2e1d59004370f345:0x163abe52184be30!8m2!3d-0.0139591!4d109.3189769!16s%2Fg%2F11njj8cxkf!19sChIJRfNwQwBZHS4RML6EIeWrYwE?authuser=0&hl=id&g_ep=EgoyMDI2MDkxNi4wIJJjKgBIAVAD&rclk=1
1429;SPPG DALAM BUGIS 1;SPPG DALAM BUGIS 1, Gg. H. Abdurrahim, Dalam Bugis, Kec. Pontianak Tim., Kota Pontianak, Kalimantan Barat 78243;Kalimantan Barat;Kota Pontianak;Pontianak Utara;T4 nama file;https://www.google.com/maps/place/SPPG+DALAM+BUGIS+1/data=!4m7!3m6!1s0x2e1d59003d259d69:0x43f3e33f08eb3471!8m2!3d-0.0301375!4d109.3589636!16s%2Fg%2F11zbbyq05x!19sChIJaZ0lPQBZHS4RcTTrCD_j80M?authuser=0&hl=id&g_ep=EgoyMDI2MDkxNi4wIJJjKgBIAVAD&rclk=1
1432;SPPG PONTIANAK TIMUR SAIGON 3;Jl. Tani No.B.48 Ruko No. B.46, Saigon, Pontianak Timur, Pontianak, West Kalimantan 78242;Kalimantan Barat;Kota Pontianak;Pontianak Timur;T4 nama file;https://www.google.com/maps/place/SPPG+PONTIANAK+TIMUR+SAIGON+3/data=!4m7!3m6!1s0x2e1d5900352147a7:0x20eb460190ad6bef!8m2!3d-0.0370755!4d109.3697064!16s%2Fg%2F11z78ds7rz!19sChIJp0chNQBZHS4R72utkAFG6yA?authuser=0&hl=id&g_ep=EgoyMDI2MDkxNi4wIJJjKgBIAVAD&rclk=1
1433;SPPG TANJUNGHULU 1;Jl. Ya' M. Sabran No.58 C, Tj. Hulu, Kec. Pontianak Tim., Kota Pontianak, Kalimantan Barat 78242;Kalimantan Barat;Kota Pontianak;Pontianak Timur;T4 nama file;https://www.google.com/maps/place/SPPG+TANJUNGHULU+1/data=!4m7!3m6!1s0x2e1d5900608526d9:0x9f2ce6cfc0aecbd3!8m2!3d-0.0260377!4d109.3738514!16s%2Fg%2F11njhy3l_7!19sChIJ2SaFYABZHS4R08uuwM_mLJ8?authuser=0&hl=id&g_ep=EgoyMDI2MDkxNi4wIJJjKgBIAVAD&rclk=1
1435;SPPG PONTIANAK TENGGARA BANGKA BELITUNG DARAT 1;SPPG Pontianak Tenggara Bangka Belitung Darat 1, Gg. Sejahtera Abadi, Bangka Belitung Darat, Pontianak Tenggara, Pontianak, West Kalimantan 78116;Kalimantan Barat;Kota Pontianak;Pontianak Tenggara;T4 nama file;https://www.google.com/maps/place/SPPG+Pontianak+Tenggara+Bangka+Belitung+Darat+1/data=!4m7!3m6!1s0x2e1d5b0046ddebef:0x12e2ed4d07c8e18b!8m2!3d-0.0895007!4d109.3418174!16s%2Fg%2F11z77g3_tb!19sChIJ7-vdRgBbHS4Ri-HIB03t4hI?authuser=0&hl=id&g_ep=EgoyMDI2MDkxNi4wIJJjKgBIAVAD&rclk=1
1438;SPPG SINGKAWANG BARAT MELAYU 2;Jl. Pembangunan No.14 A, Tengah, Kec. Singkawang Bar., Kota Singkawang, Kalimantan Barat 79113;Kalimantan Barat;Kota Singkawang;Singkawang Tengah;T4 nama file;https://www.google.com/maps/place/SPPG+Singkawang+Barat+Melayu+2/data=!4m7!3m6!1s0x31e373007d11ed19:0xf0235ab4dcc67575!8m2!3d0.9141361!4d108.9861832!16s%2Fg%2F11zb8f7y70!19sChIJGe0RfQBz4zERdXXG3LRaI_A?authuser=0&hl=id&g_ep=EgoyMDI2MDkxNi4wIJJjKgBIAVAD&rclk=1
1441;SPPG KOTA SINGKAWANG, SINGKAWANG UTARA NARAM;Jl. Trisula, Naram, Singkawang Utara, Kota Singkawang, Kalimantan Barat 79151;Kalimantan Barat;Kota Singkawang;Singkawang Tengah;T4 nama file;https://www.google.com/maps/place/SPPG+KOTA+SINGKAWANG,+SINGKAWANG+UTARA+NARAM/data=!4m7!3m6!1s0x31e36f0069d16bf5:0x7be193a68ba58810!8m2!3d0.9401775!4d109.0101983!16s%2Fg%2F11zbbqx874!19sChIJ9WvRaQBv4zEREIili6aT4Xs?authuser=0&hl=id&g_ep=EgoyMDI2MDkxNi4wIJJjKgBIAVAD&rclk=1
1443;SPPG PASIRAN 7 SINGKAWANG BARAT;Jl. GM Situt No.Kav 1, Pasiran, Kec. Singkawang Bar., Kota Singkawang, Kalimantan Barat 79123;Kalimantan Barat;Kota Singkawang;Singkawang Tengah;T4 nama file;https://www.google.com/maps/place/SPPG+PASIRAN+7+SINGKAWANG+BARAT/data=!4m7!3m6!1s0x31e373000fadd7ad:0x171adc8a133c2845!8m2!3d0.9040798!4d108.9890638!16s%2Fg%2F11z784db7f!19sChIJrdetDwBz4zERRSg8E4rcGhc?authuser=0&hl=id&g_ep=EgoyMDI2MDkxNi4wIJJjKgBIAVAD&rclk=1
1444;SPPG SINGKAWANG BARAT PASIRAN 3;SPPG SINGKAWANG BARAT PASIRAN 3, Jl. Firdaus HR. II, Pasiran, Kec. Singkawang Bar., Kota Singkawang, Kalimantan Barat 79122;Kalimantan Barat;Kota Singkawang;Singkawang Tengah;T4 nama file;https://www.google.com/maps/place/SPPG+SINGKAWANG+BARAT+PASIRAN+3/data=!4m7!3m6!1s0x31e373004fc6c2c7:0x3686df5452255c02!8m2!3d0.9049848!4d108.9742799!16s%2Fg%2F11zbsxkk8n!19sChIJx8LGTwBz4zERAlwlUlTfhjY?authuser=0&hl=id&g_ep=EgoyMDI2MDkxNi4wIJJjKgBIAVAD&rclk=1
1446;SPPG SINGKAWANG UTARA SUNGAI BULAN;SPPG Singkawang Utara Sungai Bulan, Gg. Mahoni, Naram, Singkawang Utara, Kota Singkawang, Kalimantan Barat 79151;Kalimantan Barat;Kota Singkawang;Singkawang Tengah;T4 nama file;https://www.google.com/maps/place/SPPG+Singkawang+Utara+Sungai+Bulan/data=!4m7!3m6!1s0x31e36f0012ab73b5:0x2f2ee90921114a21!8m2!3d0.9416712!4d109.0113502!16s%2Fg%2F11njjb_6hv!19sChIJtXOrEgBv4zERIUoRIQnpLi8?authuser=0&hl=id&g_ep=EgoyMDI2MDkxNi4wIJJjKgBIAVAD&rclk=1
1448;SPPG PASIRAN 6, SINGKAWANG BARAT (YELLOW LIGHT KITCHEN);Jl. Gn. Merapi No.90, Pasiran, Kec. Singkawang Bar., Kota Singkawang, Kalimantan Barat 79123;Kalimantan Barat;Kota Singkawang;Singkawang Tengah;T4 nama file;https://www.google.com/maps/place/SPPG+Pasiran+6,+Singkawang+Barat+%28Yellow+Light+Kitchen%29/data=!4m7!3m6!1s0x31e37396c65ef739:0x6119c2b1dd1d30ca!8m2!3d0.894004!4d108.9801012!16s%2Fg%2F11ymjhh3wt!19sChIJOfdexpZz4zERyjAd3bHCGWE?authuser=0&hl=id&g_ep=EgoyMDI2MDkxNi4wIJJjKgBIAVAD&rclk=1
1449;SPPG SINGKAWANG SELATAN SEDAU;SPPG Singkawang Selatan Sedau, Jl. Padang Pasir, Sedau, Kec. Singkawang Sel., Kota Singkawang, Kalimantan Barat 79163;Kalimantan Barat;Kota Singkawang;Singkawang Tengah;T4 nama file;https://www.google.com/maps/place/SPPG+Singkawang+Selatan+Sedau/data=!4m7!3m6!1s0x31e3730064c2dfd9:0x556f6ade269d80ae!8m2!3d0.8830502!4d108.9542518!16s%2Fg%2F11njhnb0nd!19sChIJ2d_CZABz4zERroCdJt5qb1U?authuser=0&hl=id&g_ep=EgoyMDI2MDkxNi4wIJJjKgBIAVAD&rclk=1
1450;SPPG SINGKAWANG BARAT PASIRAN;Jl. Gn. Kerinci No.12, Pasiran, Kec. Singkawang Bar., Kota Singkawang, Kalimantan Barat 79123;Kalimantan Barat;Kota Singkawang;Singkawang Tengah;T4 nama file;https://www.google.com/maps/place/SPPG+SINGKAWANG+BARAT+PASIRAN/data=!4m7!3m6!1s0x31e3730058aa609b:0x84bf9743b1c85216!8m2!3d0.8973675!4d108.9807503!16s%2Fg%2F11z77nhw95!19sChIJm2CqWABz4zERFlLIsUOXv4Q?authuser=0&hl=id&g_ep=EgoyMDI2MDkxNi4wIJJjKgBIAVAD&rclk=1
1451;SPPG SINGKAWANG BARAT MELAYU;SPPG SINGKAWANG BARAT MELAYU, Jl. Said Harun, Melayu, Kec. Singkawang Bar., Kota Singkawang, Kalimantan Barat 79111;Kalimantan Barat;Kota Singkawang;Singkawang Tengah;T4 nama file;https://www.google.com/maps/place/SPPG+SINGKAWANG+BARAT+MELAYU/data=!4m7!3m6!1s0x31e37300156b8759:0xbc0db7e1fcdd6c24!8m2!3d0.9087278!4d108.9872379!16s%2Fg%2F11z77t5q8_!19sChIJWYdrFQBz4zERJGzd_OG3Dbw?authuser=0&hl=id&g_ep=EgoyMDI2MDkxNi4wIJJjKgBIAVAD&rclk=1
1452;SPPG SINGKAWANG BARAT PASIRAN 8;SPPG SINGKAWANG BARAT PASIRAN 8, Pasiran, Kec. Singkawang Bar., Kota Singkawang, Kalimantan Barat 79123;Kalimantan Barat;Kota Singkawang;Singkawang Tengah;T4 nama file;https://www.google.com/maps/place/SPPG+SINGKAWANG+BARAT+PASIRAN+8/data=!4m7!3m6!1s0x31e3730007d4f297:0x8571cd841f3288c1!8m2!3d0.8993349!4d108.967406!16s%2Fg%2F11zb8f8053!19sChIJl_LUBwBz4zERwYgyH4TNcYU?authuser=0&hl=id&g_ep=EgoyMDI2MDkxNi4wIJJjKgBIAVAD&rclk=1
1453;SPPG SINGKAWANG BARAT PASIRAN 2;SPPG SINGKAWANG BARAT PASIRAN 2, Jl. Swadaya, Pasiran, Kec. Singkawang Bar., Kota Singkawang, Kalimantan Barat 79123;Kalimantan Barat;Kota Singkawang;Singkawang Tengah;T4 nama file;https://www.google.com/maps/place/SPPG+SINGKAWANG+BARAT+PASIRAN+2/data=!4m7!3m6!1s0x31e3730054e6b49b:0xe7728fba25c79b89!8m2!3d0.9077439!4d108.9814568!16s%2Fg%2F11z7bgvvh1!19sChIJm7TmVABz4zERiZvHJbqPcuc?authuser=0&hl=id&g_ep=EgoyMDI2MDkxNi4wIJJjKgBIAVAD&rclk=1
1455;SPPG SINGKAWANG SELATAN SEDAU 3;SPPG Singkawang Selatan Sedau 3, Jl. Blki, Sedau, Kec. Singkawang Sel., Kota Singkawang, Kalimantan Barat 79163;Kalimantan Barat;Kota Singkawang;Singkawang Tengah;T4 nama file;https://www.google.com/maps/place/SPPG+Singkawang+Selatan+Sedau+3/data=!4m7!3m6!1s0x31e37300215c9b95:0x3f27640c0c8d5f9a!8m2!3d0.8752365!4d108.9664828!16s%2Fg%2F11njk8_l_m!19sChIJlZtcIQBz4zERml-NDAxkJz8?authuser=0&hl=id&g_ep=EgoyMDI2MDkxNi4wIJJjKgBIAVAD&rclk=1
1456;SPPG SINGKAWANG BARAT PASIRAN 5;SPPG SINGKAWANG BARAT PASIRAN 5, Pasiran, Kec. Singkawang Bar., Kota Singkawang, Kalimantan Barat 79123;Kalimantan Barat;Kota Singkawang;Singkawang Tengah;T4 nama file;https://www.google.com/maps/place/SPPG+SINGKAWANG+BARAT+PASIRAN+5/data=!4m7!3m6!1s0x31e373001d472e2f:0xe273e035ad515b0b!8m2!3d0.8938072!4d108.9728462!16s%2Fg%2F11njlj6hbw!19sChIJLy5HHQBz4zERC1tRrTXgc-I?authuser=0&hl=id&g_ep=EgoyMDI2MDkxNi4wIJJjKgBIAVAD&rclk=1
1457;SPPG SINGKAWANG BARAT PASIRAN 4;Jl. Tani No.86, Pasiran, Kec. Singkawang Bar., Kota Singkawang, Kalimantan Barat 79123;Kalimantan Barat;Kota Singkawang;Singkawang Tengah;T4 nama file;https://www.google.com/maps/place/SPPG+SINGKAWANG+BARAT+PASIRAN+4/data=!4m7!3m6!1s0x31e37300567cf19f:0x82bed1cfe10477af!8m2!3d0.906731!4d108.9736347!16s%2Fg%2F11z78fhtps!19sChIJn_F8VgBz4zERr3cE4c_RvoI?authuser=0&hl=id&g_ep=EgoyMDI2MDkxNi4wIJJjKgBIAVAD&rclk=1
1458;SPPG SINGKAWANG TIMUR BAGAK SAHWA;Jl. Raya Singkawang-Bengkayang, Bagak Sahwa, Kec. Singkawang Tim., Kota Singkawang, Kalimantan Barat 79251;Kalimantan Barat;Kota Singkawang;Singkawang Barat;T4 nama file;https://www.google.com/maps/place/SPPG+Singkawang+Timur+Bagak+Sahwa/data=!4m7!3m6!1s0x31e36d00565340a3:0x1c533086e8428045!8m2!3d0.8738549!4d109.0792991!16s%2Fg%2F11zb823l82!19sChIJo0BTVgBt4zERRYBC6IYwUxw?authuser=0&hl=id&g_ep=EgoyMDI2MDkxNi4wIJJjKgBIAVAD&rclk=1
1459;SPPG SEDAU 4 SINGKAWANG SELATAN;SPPG SEDAU 4 SINGKAWANG SELATAN, Sedau, Kec. Singkawang Sel., Kota Singkawang, Kalimantan Barat 79163;Kalimantan Barat;Kota Singkawang;Singkawang Selatan;T4 nama file;https://www.google.com/maps/place/SPPG+SEDAU+4+SINGKAWANG+SELATAN/data=!4m7!3m6!1s0x31e373000215e921:0x941f28f400b70d4c!8m2!3d0.8706506!4d108.9401155!16s%2Fg%2F11zkx30qsj!19sChIJIekVAgBz4zERTA23APQoH5Q?authuser=0&hl=id&g_ep=EgoyMDI2MDkxNi4wIJJjKgBIAVAD&rclk=1
1460;SPPG SINGKAWANG SELATAN SEDAU 2;Jl. Raya Sedau Lirang. 079-081, RT.049/RW.008, Sedau, Kec. Singkawang Sel., Kota Singkawang, Kalimantan Barat 79163;Kalimantan Barat;Kota Singkawang;Singkawang Selatan;T4 nama file;https://www.google.com/maps/place/SPPG+Singkawang+Selatan+Sedau+2/data=!4m7!3m6!1s0x31e30d0045e2952f:0x1b664ef8b8ad4bcb!8m2!3d0.8435725!4d108.9168195!16s%2Fg%2F11zb89gr5n!19sChIJL5XiRQAN4zERy0utuPhOZhs?authuser=0&hl=id&g_ep=EgoyMDI2MDkxNi4wIJJjKgBIAVAD&rclk=1
1465;SPPG KUBU RAYA TELUK PAKEDAI SUNGAI DERAS;SPPG Kubu Raya Teluk Pakedai Sungai Deras, Sungai Nipah, Telok Pa'kedai, Kabupaten Kubu Raya, Kalimantan Barat 78383;Kalimantan Barat;Kubu Raya;Teluk Pakedai;T4 nama file;https://www.google.com/maps/place/SPPG+Kubu+Raya+Teluk+Pakedai+Sungai+Deras/@-0.2666705,109.2248213,17z/data=!3m1!4b1!4m6!3m5!1s0x2e1d410044220b9b:0x459624f51c84476d!8m2!3d-0.2666705!4d109.2248213!16s%2Fg%2F11z78h68g1?hl=id&entry=ttu&g_ep=EgoyMDI2MDkxNi4wIKXMDSoASAFQAw%3D%3D
1503;SPPG KUBU RAYA KUALA MANDOR B 2;SPPG KUBU RAYA KUALA MANDOR B 2, Jl. Ampera Gg. H.Kasim, cahaya Utara, Kuala Mandor B, Kabupaten Kubu Raya, Kalimantan Barat 78393;Kalimantan Barat;Kubu Raya;Kuala Mandor B;T4 nama file;https://www.google.com/maps/place/SPPG+KUBU+RAYA+KUALA+MANDOR+B+2/@-0.003302,109.4948548,17z/data=!3m1!4b1!4m6!3m5!1s0x2e1d55006ee1ba2f:0x2753681de1d1018!8m2!3d-0.003302!4d109.4948548!16s%2Fg%2F11njmk89l4?hl=id&entry=ttu&g_ep=EgoyMDI2MDkxNi4wIKXMDSoASAFQAw%3D%3D
1511;SPPG LANDAK JELIMPO JELIMPO;SPPG Landak Jelimpo Jelimpo, Jl. Raya, Dusun Pinyit, Jelimpo, Landak Regency, West Kalimantan 79357;Kalimantan Barat;Landak;Jelimpo;T4 nama file;https://www.google.com/maps/place/SPPG+Landak+Jelimpo+Jelimpo/data=!4m7!3m6!1s0x31fd130005c27f77:0xf712ad2b8cd1d32f!8m2!3d0.3149667!4d110.0885683!16s%2Fg%2F11z588xtt2!19sChIJd3_CBQAT_TERL9PRjCutEvc?authuser=0&hl=id&g_ep=EgoyMDI2MDkxNi4wIJJjKgBIAVAD&rclk=1
1528;SPPG LANDAK NGABANG HILIR KANTOR V;Amboyo Inti, Ngabang, Landak Regency, West Kalimantan 79357;Kalimantan Barat;Landak;Ngabang;T4 nama file;https://www.google.com/maps/place/SPPG+Landak+Ngabang+Hilir+Kantor+V/data=!4m7!3m6!1s0x31fd3d0d7f4a885d:0x8f56fa6104819a52!8m2!3d0.3686553!4d109.9180738!16s%2Fg%2F11zdcz0rk2!19sChIJXYhKfw09_TERUpqBBGH6Vo8?authuser=0&hl=id&g_ep=EgoyMDI2MDkxNi4wIJJjKgBIAVAD&rclk=1
1529;SPPG DARIT - MENYUKE;Jl. Bengkayang - Ngabang, Darit, Menyuke, Landak Regency, West Kalimantan 78364;Kalimantan Barat;Landak;Menyuke;T4 nama file;https://www.google.com/maps/place/SPPG+DARIT+-+MENYUKE/data=!4m7!3m6!1s0x31fcd5007cbeff1d:0xe017be9b5047b8d8!8m2!3d0.5857009!4d109.6293714!16s%2Fg%2F11xz162rx9!19sChIJHf--fADV_DER2LhHUJu-F-A?authuser=0&hl=id&g_ep=EgoyMDI2MDkxNi4wIJJjKgBIAVAD&rclk=1
1539;SPPG MELAWI SOKAN SEPAKAT;Sppg melawi sokan sepakat, Sepakat, Sokan, Kabupaten Melawi, Kalimantan Barat 79674;Kalimantan Barat;Melawi;Tanah Pinoh;T4 nama file;https://www.google.com/maps/place/Sppg+melawi+sokan+sepakat/data=!4m7!3m6!1s0x2e013f001046a21d:0xca5d077fcc9143cb!8m2!3d-0.9045654!4d111.4976466!16s%2Fg%2F11nqqmczsw!19sChIJHaJGEAA_AS4Ry0ORzH8HXco?authuser=0&hl=id&g_ep=EgoyMDI2MDkxNi4wIJJjKgBIAVAD&rclk=1
1542;SPPG MELAWI TANAH PINOH BARAT BUKIT RAYA;SPPG Melawi Tanah Pinoh Barat Bukit Raya, Gang postu langkik dusun kancong kiri, Bukit Raya, Tanah Pinoh Bar., Kabupaten Melawi, Kalimantan Barat 79674;Kalimantan Barat;Melawi;Tanah Pinoh;T4 nama file;https://www.google.com/maps/place/SPPG+Melawi+Tanah+Pinoh+Barat+Bukit+Raya/data=!4m7!3m6!1s0x2e01130048347fb7:0xd4716fbeb88d8095!8m2!3d-0.7308453!4d111.4949555!16s%2Fg%2F11njmfh_h6!19sChIJt380SAATAS4RlYCNuL5vcdQ?authuser=0&hl=id&g_ep=EgoyMDI2MDkxNi4wIJJjKgBIAVAD&rclk=1
1543;SPPG 3T SUNGAI BAKAH;SPPG 3T SUNGAI BAKAH, Landau Garong, Kec. Pinoh Sel., Kabupaten Melawi, Kalimantan Barat 79672;Kalimantan Barat;Melawi;Ella Hilir;T4 nama file;https://www.google.com/maps/place/SPPG+3T+SUNGAI+BAKAH/data=!4m7!3m6!1s0x2e00550063fe9a1b:0x71112aaa477f027!8m2!3d-0.5216553!4d111.8761834!16s%2Fg%2F11yxprsk55!19sChIJG5r-YwBVAC4RJ_B3pKoSEQc?authuser=0&hl=id&g_ep=EgoyMDI2MDkxNi4wIJJjKgBIAVAD&rclk=1
1553;SPPG PAAL #007 CAHAYA BUNDA;SPPG PAAL 007 CAHAYA BUNDA, Paal, Nanga Pinoh, Melawi Regency, West Kalimantan 79672;Kalimantan Barat;Melawi;Nanga Pinoh;T4 nama file;https://www.google.com/maps/place/SPPG+PAAL+%23007+CAHAYA+BUNDA/data=!4m7!3m6!1s0x2e01b7007e1b6c57:0xfbe70abd637ed024!8m2!3d-0.3426754!4d111.7466715!16s%2Fg%2F11nh_qhxp2!19sChIJV2wbfgC3AS4RJNB-Y70K5_s?authuser=0&hl=id&g_ep=EgoyMDI2MDkxNi4wIJJjKgBIAVAD&rclk=1
1558;SPPG MEMPAWAH SEGEDONG PARIT BUGIS;SPPG MEMPAWAH SEGEDONG PARIT BUGIS, Parit Bugis, Segedong, Kab. Mempawah, Kalimantan Barat 78351;Kalimantan Barat;Mempawah;Jongkat;T4 nama file;https://www.google.com/maps/place/SPPG+MEMPAWAH+SEGEDONG+PARIT+BUGIS/data=!4m7!3m6!1s0x31e2bd0039f25f3b:0xfd9d4642f3294251!8m2!3d0.15711!4d109.1954118!16s%2Fg%2F11zb8_tsz3!19sChIJO1_yOQC94jERUUIp80JGnf0?authuser=0&hl=id&g_ep=EgoyMDI2MDkxNi4wIJJjKgBIAVAD&rclk=1
1561;SPPG MEMPAWAH SEGEDONG PENITI BESAR;Sppg mempawah segedong peniti besar, Jl. Peniti Besar, Parit Bugis, Segedong, Kab. Mempawah, Kalimantan Barat 78351;Kalimantan Barat;Mempawah;Jongkat;T4 nama file;https://www.google.com/maps/place/Sppg+mempawah+segedong+peniti+besar/data=!4m7!3m6!1s0x31e2bd00361c4d49:0xd45a8b35e5dea3f5!8m2!3d0.1614425!4d109.2028119!16s%2Fg%2F11njmjx_m3!19sChIJSU0cNgC94jER9aPe5TWLWtQ?authuser=0&hl=id&g_ep=EgoyMDI2MDkxNi4wIJJjKgBIAVAD&rclk=1
1573;SPPG MEMPAWAH MEMPAWAH TIMUR SUNGAI BAKAU KECIL;SPPG MEMPAWAH MEMPAWAH TIMUR SUNGAI BAKAU KECIL, Jalan Sungai, Sei Bakau, Besar Laut, Kab. Mempawah, Kalimantan Barat 78915;Kalimantan Barat;Mempawah;Mempawah Hilir;T4 nama file;https://www.google.com/maps/place/SPPG+MEMPAWAH+MEMPAWAH+TIMUR+SUNGAI+BAKAU+KECIL/data=!4m7!3m6!1s0x31e2f3003fa0e123:0x9ea5cdc982244ca6!8m2!3d0.3138444!4d108.9918349!16s%2Fg%2F11njk8rj24!19sChIJI-GgPwDz4jERpkwkgsnNpZ4?authuser=0&hl=id&g_ep=EgoyMDI2MDkxNi4wIJJjKgBIAVAD&rclk=1
1579;SPPG MEMPAWAH SUNGAI KUNYIT BUKIT BATU;SPPG Mempawah Sungai Kunyit Bukit Batu, Bukit Batu, Sungai Kunyit, Kab. Mempawah, Kalimantan Barat 78371;Kalimantan Barat;Mempawah;Sadaniang;T4 nama file;https://www.google.com/maps/place/SPPG+Mempawah+Sungai+Kunyit+Bukit+Batu/data=!4m7!3m6!1s0x31e2fd0004f52d73:0x68242983e91420dd!8m2!3d0.5222127!4d108.9467264!16s%2Fg%2F11zb9lyyxm!19sChIJcy31BAD94jER3SAU6YMpJGg?authuser=0&hl=id&g_ep=EgoyMDI2MDkxNi4wIJJjKgBIAVAD&rclk=1
1580;SPPG SUNGAI KUNYIT LAUT;SPPG Sungai Kunyit Laut, Sungai Kunyit Laut, Sungai Kunyit, Kab. Mempawah, Kalimantan Barat 78371;Kalimantan Barat;Mempawah;Sadaniang;T4 nama file;https://www.google.com/maps/place/SPPG+Sungai+Kunyit+Laut/data=!4m7!3m6!1s0x31e2fb005d4697eb:0xcd60175896adc770!8m2!3d0.4960368!4d108.9114813!16s%2Fg%2F11zb8xxnx1!19sChIJ65dGXQD74jERcMetllgXYM0?authuser=0&hl=id&g_ep=EgoyMDI2MDkxNi4wIJJjKgBIAVAD&rclk=1
1581;SPPG SUNGAI BUNDUNG LAUT;SPPG Sungai Bundung Laut, Jl. Raya Sungai Kunyit Jl. Ahmad Yani, Sungai Bundung Laut, Kunyit River, Mempawah Regency, West Kalimantan 78371;Kalimantan Barat;Mempawah;Sadaniang;T4 nama file;https://www.google.com/maps/place/SPPG+Sungai+Bundung+Laut/data=!4m7!3m6!1s0x31e2fd000a3461b1:0x46c4410af4aaa335!8m2!3d0.5277856!4d108.9156384!16s%2Fg%2F11zb7rf1kg!19sChIJsWE0CgD94jERNaOq9ApBxEY?authuser=0&hl=id&g_ep=EgoyMDI2MDkxNi4wIJJjKgBIAVAD&rclk=1
1585;SPPG MEMPAWAH MEMPAWAH TIMUR SUNGAI BAKAU KECIL 2;SPPG MEMPAWAH MEMPAWAH TIMUR SUNGAI BAKAU KECIL 2, Parit Banjar, Mempawah Tim., Kab. Mempawah, Kalimantan Barat 78919;Kalimantan Barat;Mempawah;Mempawah Timur;T4 nama file;https://www.google.com/maps/place/SPPG+MEMPAWAH+MEMPAWAH+TIMUR+SUNGAI+BAKAU+KECIL+2/data=!4m7!3m6!1s0x31e2ed003ad580c1:0x3cf09430492bc369!8m2!3d0.3088472!4d109.0131303!16s%2Fg%2F11njk948xf!19sChIJwYDVOgDt4jERacMrSTCU8Dw?authuser=0&hl=id&g_ep=EgoyMDI2MDkxNi4wIJJjKgBIAVAD&rclk=1
1586;SPPG SUNGAI BURUNG, SEGEDONG;SPPG SUNGAI BURUNG, SEGEDONG, Jl. Pontianak - Sei Pinyuh, Sungai Burung, Segedong, Kab. Mempawah, Kalimantan Barat 78351;Kalimantan Barat;Mempawah;Segedong;T4 nama file;https://www.google.com/maps/place/SPPG+SUNGAI+BURUNG,+SEGEDONG/data=!4m7!3m6!1s0x31e297005530ab9b:0xce0318e5bbdf5616!8m2!3d0.1666573!4d109.161336!16s%2Fg%2F11z8ll1ddv!19sChIJm6swVQCX4jERFlbfu-UYA84?authuser=0&hl=id&g_ep=EgoyMDI2MDkxNi4wIJJjKgBIAVAD&rclk=1
1587;SPPG MEMPAWAH ANJONGAN ANJUNGAN MELANCAR 2;SPPG MEMPAWAH ANJONGAN ANJUNGAN MELANCAR 2, Anjungan Melancar, Anjongan, Mempawah Regency, West Kalimantan 78353;Kalimantan Barat;Mempawah;Anjongan;T4 nama file;https://www.google.com/maps/place/SPPG+MEMPAWAH+ANJONGAN+ANJUNGAN+MELANCAR+2/data=!4m7!3m6!1s0x31e2eb000d80f623:0x14025f51f67c44e9!8m2!3d0.3475082!4d109.1558982!16s%2Fg%2F11zb8r0y5s!19sChIJI_aADQDr4jER6UR89lFfAhQ?authuser=0&hl=id&g_ep=EgoyMDI2MDkxNi4wIJJjKgBIAVAD&rclk=1
1589;SPPG SAMBAS SELAKAU TIMUR SERANGGAM2;SPPG SAMBAS SELAKAU TIMUR SERANGGAM2, Seranggam, Kec. Selakau Tim., Kabupaten Sambas, Kalimantan Barat 79452;Kalimantan Barat;Sambas;Selakau Timur;T3 alamat fuzzy;https://www.google.com/maps/place/SPPG+SAMBAS+SELAKAU+TIMUR+SERANGGAM2/data=!4m7!3m6!1s0x31e365004277487b:0x3f8f489858b157d5!8m2!3d1.0721281!4d109.0575642!16s%2Fg%2F11zb7_wd61!19sChIJe0h3QgBl4zER1VexWJhIjz8?authuser=0&hl=id&g_ep=EgoyMDI2MDkxNi4wIJJjKgBIAVAD&rclk=1
1596;SPPG SAMBAS PEMANGKAT PEMANGKAT KOTA 2;Jl. A. K. Kasim, Pemangkat Kota, Pemangkat, Sambas Regency, West Kalimantan 79453;Kalimantan Barat;Sambas;Pemangkat;T4 nama file;https://www.google.com/maps/place/SPPG+SAMBAS+PEMANGKAT+PEMANGKAT+KOTA+2/data=!4m7!3m6!1s0x31e48300785197ed:0x2259285b952651bd!8m2!3d1.1738177!4d108.9798856!16s%2Fg%2F11zb8n9z0c!19sChIJ7ZdReACD5DERvVEmlVsoWSI?authuser=0&hl=id&g_ep=EgoyMDI2MDkxNi4wIJJjKgBIAVAD&rclk=1
1600;SPPG SAMBAS TEBAS BEKUT;SPPG Sambas Tebas Bekut, Jl. Raya Bekut, Sempalai, Tebas, Sambas Regency, West Kalimantan 79461;Kalimantan Barat;Sambas;Pemangkat;T4 nama file;https://www.google.com/maps/place/SPPG+Sambas+Tebas+Bekut/data=!4m7!3m6!1s0x31e49900403c11b3:0x7d8283d6d491710a!8m2!3d1.2478856!4d109.1685827!16s%2Fg%2F11z78g_g4z!19sChIJsxE8QACZ5DERCnGR1NaDgn0?authuser=0&hl=id&g_ep=EgoyMDI2MDkxNi4wIJJjKgBIAVAD&rclk=1
1607;SATUAN PELAYANAN PEMENUHAN GIZI SPPG KECAMATAN TELUK KERAMAT DESA SABING WY CATERING;SATUAN PELAYANAN PEMENUHAN GIZI SPPG KECAMATAN TELUK KERAMAT DESA SABING WY catering, Jalur Alternatif Sambas, Mekar Sekuntum, Kec. Tlk. Keramat, Kabupaten Sambas, Kalimantan Barat 79465;Kalimantan Barat;Sambas;Sejangkung;T4 nama file;https://www.google.com/maps/place/SATUAN+PELAYANAN+PEMENUHAN+GIZI+SPPG+KECAMATAN+TELUK+KERAMAT+DESA+SABING+WY+catering/data=!4m7!3m6!1s0x31e4c10056030b4d:0x19da23f50137f257!8m2!3d1.504547!4d109.276442!16s%2Fg%2F11mrqqwrtp!19sChIJTQsDVgDB5DERV_I3AfUj2hk?authuser=0&hl=id&g_ep=EgoyMDI2MDkxNi4wIJJjKgBIAVAD&rclk=1
1610;SPPG SEKURA;Jl. Keramat No.32, Sekura, Kec. Tlk. Keramat, Kabupaten Sambas, Kalimantan Barat 79465;Kalimantan Barat;Sambas;Teluk Keramat;T3 alamat fuzzy;https://www.google.com/maps/place/SPPG+SEKURA/data=!4m7!3m6!1s0x31e4c1004304f977:0xb8f0f46381303190!8m2!3d1.4685431!4d109.2171673!16s%2Fg%2F11z78h5t8n!19sChIJd_kEQwDB5DERkDEwgWP08Lg?authuser=0&hl=id&g_ep=EgoyMDI2MDkxNi4wIJJjKgBIAVAD&rclk=1
1611;SPPG TAMBATAN;SPPG TAMBATAN, Jl. Ahmad Yani, Tambatan, Kec. Tlk. Keramat, Kabupaten Sambas, Kalimantan Barat 79465;Kalimantan Barat;Sambas;Teluk Keramat;T3 alamat fuzzy;https://www.google.com/maps/place/SPPG+TAMBATAN/data=!4m7!3m6!1s0x31e4bf0024832513:0xdba952daf7eb580!8m2!3d1.422305!4d109.238504!16s%2Fg%2F11zgsc828_!19sChIJEyWDJAC_5DERgLV-ry2Vug0?authuser=0&hl=id&g_ep=EgoyMDI2MDkxNi4wIJJjKgBIAVAD&rclk=1
1612;SPPG SAMBAS TELUK KERAMAT SEKURA 2;SPPG SAMBAS TELUK KERAMAT SEKURA 2, Jl. Kalimantan, Dusun Mensungai, Sekura, Teluk Keramat, Sambas Regency, West Kalimantan 79465;Kalimantan Barat;Sambas;Sejangkung;T4 nama file;https://www.google.com/maps/place/SPPG+SAMBAS+TELUK+KERAMAT+SEKURA+2/data=!4m7!3m6!1s0x31e4c1007ff39c2b:0xa320e726a066791!8m2!3d1.4738947!4d109.2138615!16s%2Fg%2F11ntksxjbw!19sChIJK5zzfwDB5DERkWcGanIOMgo?authuser=0&hl=id&g_ep=EgoyMDI2MDkxNi4wIJJjKgBIAVAD&rclk=1
1613;SPPG SAMBAS TELUK KERAMAT SEPADU;SPPG SAMBAS TELUK KERAMAT SEPADU, Jl. Raya Sepadu, Sepadu, Kec. Tlk. Keramat, Kabupaten Sambas, Kalimantan Barat 79465;Kalimantan Barat;Sambas;Teluk Keramat;T3 alamat fuzzy;https://www.google.com/maps/place/SPPG+SAMBAS+TELUK+KERAMAT+SEPADU/data=!4m7!3m6!1s0x31e4c100172596e1:0xd27de063560f18f3!8m2!3d1.4733956!4d109.2317966!16s%2Fg%2F11zb8rdv62!19sChIJ4ZYlFwDB5DER8xgPVmPgfdI?authuser=0&hl=id&g_ep=EgoyMDI2MDkxNi4wIJJjKgBIAVAD&rclk=1
1614;SPPG SAMBAS TELUK KERAMAT SUNGAI SERABEK;SPPG SAMBAS TELUK KERAMAT SUNGAI SERABEK, Jl. Jembatan Besi, Serabek River, Teluk Keramat, Sambas Regency, West Kalimantan 79465;Kalimantan Barat;Sambas;Sejangkung;T4 nama file;https://www.google.com/maps/place/SPPG+SAMBAS+TELUK+KERAMAT+SUNGAI+SERABEK/data=!4m7!3m6!1s0x31e4c10073448d93:0xefaca9646761e70f!8m2!3d1.478049!4d109.225067!16s%2Fg%2F11z77skwpd!19sChIJk41EcwDB5DERD-dhZ2SprO8?authuser=0&hl=id&g_ep=EgoyMDI2MDkxNi4wIJJjKgBIAVAD&rclk=1
1616;SPPG SAMBAS TELUK KERAMAT PIPIT TEJA;SPPG SAMBAS TELUK KERAMAT PIPIT TEJA, Matang Segantar, Kec. Tlk. Keramat, Kabupaten Sambas, Kalimantan Barat 79465;Kalimantan Barat;Sambas;Teluk Keramat;T3 alamat fuzzy;https://www.google.com/maps/place/SPPG+SAMBAS+TELUK+KERAMAT+PIPIT+TEJA/data=!4m7!3m6!1s0x31e4c3004d942369:0xc9ca6dc720485bfc!8m2!3d1.5541471!4d109.2205664!16s%2Fg%2F11z77gn9dh!19sChIJaSOUTQDD5DER_FtIIMdtysk?authuser=0&hl=id&g_ep=EgoyMDI2MDkxNi4wIJJjKgBIAVAD&rclk=1
1618;SPPG SAMBAS JAWAI SELATAN JAWAI LAUT;SPPG SAMBAS JAWAI SELATAN JAWAI LAUT, Matang Terap, Kec. Jawai Sel., Kabupaten Sambas, Kalimantan Barat 79154;Kalimantan Barat;Sambas;Sejangkung;T4 nama file;https://www.google.com/maps/place/SPPG+SAMBAS+JAWAI+SELATAN+JAWAI+LAUT/data=!4m7!3m6!1s0x31e49b0072052b73:0x439fc87fe1c7572a!8m2!3d1.2712188!4d109.0213415!16s%2Fg%2F11zb8hn3ch!19sChIJcysFcgCb5DERKlfH4X_In0M?authuser=0&hl=id&g_ep=EgoyMDI2MDkxNi4wIJJjKgBIAVAD&rclk=1
1622;SPPG FEBRI;SPPG FEBRI, Jelu Air, Kec. Jawai Sel., Kabupaten Sambas, Kalimantan Barat 79154;Kalimantan Barat;Sambas;Jawai;T4 nama file;https://www.google.com/maps/place/SPPG+FEBRI/data=!4m7!3m6!1s0x31e485005d18ddf1:0x1dc4fc306e4f89fd!8m2!3d1.2194681!4d108.9760524!16s%2Fg%2F11zkplgx88!19sChIJ8d0YXQCF5DER_YlPbjD8xB0?authuser=0&hl=id&g_ep=EgoyMDI2MDkxNi4wIJJjKgBIAVAD&rclk=1
1623;SPPG SAMBAS TEBAS TEBAS SUNGAI;SPPG SAMBAS TEBAS TEBAS SUNGAI, Jl. H. Said, Tebas Sungai, Tebas, Sambas Regency, West Kalimantan 79461;Kalimantan Barat;Sambas;Tebas;T4 nama file;https://www.google.com/maps/place/SPPG+SAMBAS+TEBAS+TEBAS+SUNGAI/data=!4m7!3m6!1s0x31e49f0006e4722b:0x20651d3e1f3f6845!8m2!3d1.2103429!4d109.1547151!16s%2Fg%2F11njtwh034!19sChIJK3LkBgCf5DERRWg_Hz4dZSA?authuser=0&hl=id&g_ep=EgoyMDI2MDkxNi4wIJJjKgBIAVAD&rclk=1
1627;SPPG SAMBAS SEMPARUK SEMPARUK 2;SPPG SAMBAS SEMPARUK SEMPARUK 2, Jl. Tunas Muda, Semparuk, Sambas Regency, West Kalimantan 79461;Kalimantan Barat;Sambas;Tebas;T4 nama file;https://www.google.com/maps/place/SPPG+SAMBAS+SEMPARUK+SEMPARUK+2/data=!4m7!3m6!1s0x31e49d003904222f:0xaf4a16df12a4e2cc!8m2!3d1.1710781!4d109.0897909!16s%2Fg%2F11npx35m3j!19sChIJLyIEOQCd5DERzOKkEt8WSq8?authuser=0&hl=id&g_ep=EgoyMDI2MDkxNi4wIJJjKgBIAVAD&rclk=1
1630;SPPG SAMBAS TELUK KERAMAT SUNGAI BARU;SPPG SAMBAS TELUK KERAMAT SUNGAI BARU, Jl. Sungai Baru, Sungai Baru, Kec. Tlk. Keramat, Kabupaten Sambas, Kalimantan Barat 79465;Kalimantan Barat;Sambas;Teluk Keramat;T3 alamat fuzzy;https://www.google.com/maps/place/SPPG+SAMBAS+TELUK+KERAMAT+SUNGAI+BARU/data=!4m7!3m6!1s0x31e4bd0042e2fb13:0xd99350763be462b5!8m2!3d1.3390434!4d109.1890339!16s%2Fg%2F11zbnyrgjy!19sChIJE_viQgC95DERtWLkO3ZQk9k?authuser=0&hl=id&g_ep=EgoyMDI2MDkxNi4wIJJjKgBIAVAD&rclk=1
1631;SPPG SAMBAS TELUK KERAMAT PIPIT TEJA;SPPG SAMBAS TELUK KERAMAT PIPIT TEJA, Matang Segantar, Kec. Tlk. Keramat, Kabupaten Sambas, Kalimantan Barat 79453;Kalimantan Barat;Sambas;Teluk Keramat;T3 alamat fuzzy;https://www.google.com/maps/place/SPPG+SAMBAS+TELUK+KERAMAT+PIPIT+TEJA/data=!4m7!3m6!1s0x31e4c5001cddc1af:0x2cedc146d96bb0e5!8m2!3d1.5491133!4d109.3773383!16s%2Fg%2F11z77g8jfx!19sChIJr8HdHADF5DER5bBr2UbB7Sw?authuser=0&hl=id&g_ep=EgoyMDI2MDkxNi4wIJJjKgBIAVAD&rclk=1
1651;SPPG SANGGAU BEDUAI BERENG BERKAWAT;SPPG SANGGAU BEDUAI BERENG BERKAWAT, Jl. Lintas Kalimantan Poros Utara, Bereng Berkawat, Kec. Beduwai, Kabupaten Sanggau, Kalimantan Barat 78555;Kalimantan Barat;Sanggau;Beduai;T3 alamat fuzzy;https://www.google.com/maps/place/SPPG+SANGGAU+BEDUAI+BERENG+BERKAWAT/@0.6743771,110.3727384,17z/data=!3m1!4b1!4m6!3m5!1s0x31fc570001a01b47:0x76d9a143c9d168b5!8m2!3d0.6743771!4d110.3727384!16s%2Fg%2F11z7bq170k?hl=id&entry=ttu&g_ep=EgoyMDI2MDkxNi4wIKXMDSoASAFQAw%3D%3D
1692;SPPG DAPUR AYU;SPPG Dapur Ayu, Sekubang, Sepauk, Sintang Regency, West Kalimantan 78662;Kalimantan Barat;Sintang;Sepauk;T4 nama file;https://www.google.com/maps/place/SPPG+Dapur+Ayu/data=!4m7!3m6!1s0x2e01f50074254b99:0x775e7cc4e5f1d836!8m2!3d-0.2670625!4d111.1326875!16s%2Fg%2F11nqqd2txb!19sChIJmUsldAD1AS4RNtjx5cR8Xnc?authuser=0&hl=id&g_ep=EgoyMDI2MDkxNi4wIJJjKgBIAVAD&rclk=1
1700;SPPG RANSI DAKAN;Jalan Sintang - Nanga Pinoh No.Km. 21, Ransi Dakan, Sungai Tebelian, Sintang Regency, West Kalimantan 78655;Kalimantan Barat;Sintang;Dedai;T4 nama file;https://www.google.com/maps/place/SPPG+RANSI+DAKAN/data=!4m7!3m6!1s0x2e01dfae1eb64983:0x5e42f74b956af47f!8m2!3d-0.0500886!4d111.4948828!16s%2Fg%2F11z0n04nt5!19sChIJg0m2Hq7fAS4Rf_RqlUv3Ql4?authuser=0&hl=id&g_ep=EgoyMDI2MDkxNi4wIJJjKgBIAVAD&rclk=1
1702;SPPG BATUMANDI;Jl. Sutera Ali Adul No.44, Mampari, Batu Mandi, Balangan Regency, South Kalimantan 71663;Kalimantan Selatan;Balangan;Batu Mandi;T4 nama file;https://www.google.com/maps/place/SPPG+Batumandi/data=!4m7!3m6!1s0x2de545004c42a255:0xbd5a10777626d836!8m2!3d-2.3808218!4d115.4246685!16s%2Fg%2F11xvcf05xy!19sChIJVaJCTABF5S0RNtgmdncQWr0?authuser=0&hl=id&g_ep=EgoyMDI2MDkxNi4wIJJjKgBIAVAD&rclk=1
1706;SPPG BALANGAN PARINGIN SELATAN BATU PIRING 2;Jl. A. Yani No.KM. 917, Batu Piring, Kec. Paringin Sel., Kabupaten Balangan, Kalimantan Selatan 71662;Kalimantan Selatan;Balangan;Batu Mandi;T4 nama file;https://www.google.com/maps/place/SPPG+BALANGAN+PARINGIN+SELATAN+BATU+PIRING+2/data=!4m7!3m6!1s0x2de545745f0d1141:0xaf13448fb1b02d0e!8m2!3d-2.366111!4d115.4701202!16s%2Fg%2F11zb81l8qf!19sChIJQRENX3RF5S0RDi2wsY9EE68?authuser=0&hl=id&g_ep=EgoyMDI2MDkxNi4wIJJjKgBIAVAD&rclk=1
1709;SPPG BALANGAN JUAI DI;Jalan Datu Kandang Haji No.175 Rt.003 Desa Sirap Kecamatan Juai Kabupaten Balangan Kodepos, Baruh Panyambaran, Kec. Halong, Kabupaten Balangan, Kalimantan Selatan 71665;Kalimantan Selatan;Balangan;Halong;T4 nama file;https://www.google.com/maps/place/SPPG+BALANGAN+JUAI+DI/data=!4m7!3m6!1s0x2de55500542fbbcf:0x720dad4186f3c7ed!8m2!3d-2.2599428!4d115.6511379!16s%2Fg%2F11zb8n6lys!19sChIJz7svVABV5S0R7cfzhkGtDXI?authuser=0&hl=id&g_ep=EgoyMDI2MDkxNi4wIJJjKgBIAVAD&rclk=1
1712;SPPG PARINGIN KOTA 2;SPPG PARINGIN KOTA 2, Paringin Kota, Kec. Paringin Sel., Kabupaten Balangan, Kalimantan Selatan 71615;Kalimantan Selatan;Balangan;Paringin;T4 nama file;https://www.google.com/maps/place/SPPG+PARINGIN+KOTA+2/data=!4m7!3m6!1s0x2de54f0067da8d7f:0xd8e34ec5377ef29a!8m2!3d-2.3325688!4d115.4668719!16s%2Fg%2F11zb1ms98f!19sChIJf43aZwBP5S0RmvJ-N8VO49g?authuser=0&hl=id&g_ep=EgoyMDI2MDkxNi4wIJJjKgBIAVAD&rclk=1
1716;SPPG POLRES BANJAR 3;SPPG POLRES BANJAR 3, Jl. A. Yani, Pingaran Ilir, Astambul, Banjar Regency, South Kalimantan 70671;Kalimantan Selatan;Banjar;Astambul;T4 nama file;https://www.google.com/maps/place/SPPG+POLRES+BANJAR+3/data=!4m7!3m6!1s0x2de5d5007b6022a9:0x98e319492205518d!8m2!3d-3.3649722!4d114.9129444!16s%2Fg%2F11zh9hf225!19sChIJqSJgewDV5S0RjVEFIkkZ45g?authuser=0&hl=id&g_ep=EgoyMDI2MDkxNi4wIJJjKgBIAVAD&rclk=1
1722;SPPG TAMBAK ANYAR ILIR;Jl. A. Yani No.Ds, RT.02, Tambak Anyar Ilir, Kec. Martapura Tim., Kabupaten Banjar, Kalimantan Selatan 70617;Kalimantan Selatan;Banjar;Martapura Timur;T3 alamat fuzzy;https://www.google.com/maps/place/SPPG+TAMBAK+ANYAR+ILIR/data=!4m7!3m6!1s0x2de6812864ef71a1:0x7b43852222beb19a!8m2!3d-3.3987082!4d114.869572!16s%2Fg%2F11msmgy7hh!19sChIJoXHvZCiB5i0RmrG-IiKFQ3s?authuser=0&hl=id&g_ep=EgoyMDI2MDkxNi4wIJJjKgBIAVAD&rclk=1
1723;SPPG KOTA BANJAR BANJAR MEKARSARI 2;SPPG Kota Banjar Banjar Mekarsari 2, Mekarsari, Kec. Banjar, Kota Banjar, Jawa Barat 46321;Kalimantan Selatan;Banjar;Martapura;T4 nama file;https://www.google.com/maps/place/SPPG+Kota+Banjar+Banjar+Mekarsari+2/data=!4m7!3m6!1s0x2e6f63004ca5b467:0x3390c3bf140335cc!8m2!3d-7.3740444!4d108.5349303!16s%2Fg%2F11nr5mzghd!19sChIJZ7SlTABjby4RzDUDFL_DkDM?authuser=0&hl=id&g_ep=EgoyMDI2MDkxNi4wIJJjKgBIAVAD&rclk=1
1726;SPPG CINDAI ALUS MARTAPURA;Jl. Cindai Alus No.RT 08, Guntung Payung, Kec. Martapura, Kota Banjar Baru, Kalimantan Selatan 70614;Kalimantan Selatan;Banjar;Martapura;T4 nama file;https://www.google.com/maps/place/SPPG+CINDAI+ALUS+MARTAPURA/data=!4m7!3m6!1s0x2de68300777c17b7:0xfeaa30965a73f095!8m2!3d-3.410101!4d114.7978138!16s%2Fg%2F11z71vlw6r!19sChIJtxd8dwCD5i0RlfBzWpYwqv4?authuser=0&hl=id&g_ep=EgoyMDI2MDkxNi4wIJJjKgBIAVAD&rclk=1
1727;SPPG MARTAPURA BARAT SUNGAI RANGAS HAMBUKU;SPPG Martapura Barat Sungai Rangas Hambuku, Jl. Martapura Lama, RT.01/RW.KM.23, Penggalaman, Kec. Martapura Bar., Kabupaten Banjar, Kalimantan Selatan 70618;Kalimantan Selatan;Banjar;Martapura Barat;T3 alamat fuzzy;https://www.google.com/maps/place/SPPG+Martapura+Barat+Sungai+Rangas+Hambuku/data=!4m7!3m6!1s0x2de42f001b0d1ea5:0x313fc7855e2f4e09!8m2!3d-3.3228448!4d114.7760525!16s%2Fg%2F11z77tb9g7!19sChIJpR4NGwAv5C0RCU4vXoXHPzE?authuser=0&hl=id&g_ep=EgoyMDI2MDkxNi4wIJJjKgBIAVAD&rclk=1
1729;SPPG SUNGAI SIPAI;Jl. Perjuangan Gg. Irigasi No.1, Sungai Sipai, Martapura, Banjar Regency, South Kalimantan 70714;Kalimantan Selatan;Banjar;Martapura;T4 nama file;https://www.google.com/maps/place/SPPG+Sungai+Sipai/data=!4m7!3m6!1s0x2de68100026b2e51:0x556d5a27fa5602f2!8m2!3d-3.4247671!4d114.8320626!16s%2Fg%2F11mkbf9845!19sChIJUS5rAgCB5i0R8gJW-idabVU?authuser=0&hl=id&g_ep=EgoyMDI2MDkxNi4wIJJjKgBIAVAD&rclk=1
1730;SPPG KOTA BANJAR BANJAR BANJAR;Jl. Kewadanaan No.22 A, RT.02/RW04/RW.Link.Cibulan, Banjar, Kec. Banjar, Kota Banjar, Jawa Barat 46311;Kalimantan Selatan;Banjar;Martapura;T4 nama file;https://www.google.com/maps/place/SPPG+Kota+Banjar+Banjar+Banjar/data=!4m7!3m6!1s0x2e6f63000778c70b:0xa000f8f21e1e2dd9!8m2!3d-7.3690721!4d108.5394911!16s%2Fg%2F11y12ptgtr!19sChIJC8d4BwBjby4R2S0eHvL4AKA?authuser=0&hl=id&g_ep=EgoyMDI2MDkxNi4wIJJjKgBIAVAD&rclk=1
1737;SPPG MENTAOS YAYASAN GENERASI ROBBANI BANJARBARU;SPPG MENTAOS YAYASAN GENERASI ROBBANI BANJARBARU, North Loktabat, Banjarbaru Utara, Banjarbaru City, South Kalimantan 70714;Kalimantan Selatan;Banjar;Martapura;T4 nama file;https://www.google.com/maps/place/SPPG+MENTAOS+YAYASAN+GENERASI+ROBBANI+BANJARBARU/data=!4m7!3m6!1s0x2de681002c3500c9:0x80f7735ded150aa0!8m2!3d-3.4308765!4d114.8373602!16s%2Fg%2F11zb9f0lhy!19sChIJyQA1LACB5i0RoAoV7V1z94A?authuser=0&hl=id&g_ep=EgoyMDI2MDkxNi4wIJJjKgBIAVAD&rclk=1
1739;SPPG BANJAR KARANG INTAN MANDIANGIN TIMUR;SPPG BANJAR KARANG INTAN MANDIANGIN TIMUR, Cempaka, Banjarbaru City, South Kalimantan 70661;Kalimantan Selatan;Banjar;Karang Intan;T4 nama file;https://www.google.com/maps/place/SPPG+BANJAR+KARANG+INTAN+MANDIANGIN+TIMUR/data=!4m7!3m6!1s0x2de67d0014f3b349:0x347e8f6073152549!8m2!3d-3.4928177!4d114.9379181!16s%2Fg%2F11zh1vffnk!19sChIJSbPzFAB95i0RSSUVc2CPfjQ?authuser=0&hl=id&g_ep=EgoyMDI2MDkxNi4wIJJjKgBIAVAD&rclk=1
1740;SPPG BANJAR KARANG INTAN PADANG PANJANG;SPPG Banjar Karang Intan Padang Panjang, Cempaka, Kec. Cemp., Kota Banjar Baru, Kalimantan Selatan 70661;Kalimantan Selatan;Banjar;Karang Intan;T4 nama file;https://www.google.com/maps/place/SPPG+Banjar+Karang+Intan+Padang+Panjang/data=!4m7!3m6!1s0x2de67f00778ea1e5:0x809b316daee999!8m2!3d-3.4682782!4d114.927492!16s%2Fg%2F11zb98c28t!19sChIJ5aGOdwB_5i0RmemubTGbgAA?authuser=0&hl=id&g_ep=EgoyMDI2MDkxNi4wIJJjKgBIAVAD&rclk=1
1741;SPPG KOTA BANJAR BANJAR BALOKANG;SPPG KOTA BANJAR BANJAR BALOKANG, Balokang, Kec. Banjar, Kota Banjar, Jawa Barat 46312;Kalimantan Selatan;Banjar;Pengaron;T4 nama file;https://www.google.com/maps/place/SPPG+KOTA+BANJAR+BANJAR+BALOKANG/data=!4m7!3m6!1s0x2e6f61005ac99f11:0xe0e69566b0b1beb5!8m2!3d-7.369539!4d108.5067801!16s%2Fg%2F11zbcx9k73!19sChIJEZ_JWgBhby4Rtb6xsGaV5uA?authuser=0&hl=id&g_ep=EgoyMDI2MDkxNi4wIJJjKgBIAVAD&rclk=1
1743;SPPG KOTA BANJAR BANJAR BALOKANG 2;SPPG KOTA BANJAR BANJAR BALOKANG 2, Jl. Peta, RT.008/RW.003, Dusun Cibereum, Balokang, Kec. Banjar, Kota Banjar, Jawa Barat 46313;Kalimantan Selatan;Banjar;Pengaron;T4 nama file;https://www.google.com/maps/place/SPPG+KOTA+BANJAR+BANJAR+BALOKANG+2/data=!4m7!3m6!1s0x2e6f61001ec2e661:0x8be85c3ebb6b9ba5!8m2!3d-7.3690733!4d108.4882507!16s%2Fg%2F11zbcr5dsh!19sChIJYebCHgBhby4RpZtruz5c6Is?authuser=0&hl=id&g_ep=EgoyMDI2MDkxNi4wIJJjKgBIAVAD&rclk=1
1744;SPPG DESA CIMERANG;Jl Desa, Cimerang, SPPG, Kabupaten Bandung Barat, Jawa Barat 40542;Kalimantan Selatan;Banjar;Pengaron;T4 nama file;https://www.google.com/maps/place/SPPG+DESA+CIMERANG/data=!4m7!3m6!1s0x2e68e50022c707fb:0x8638eeaffcf2ffdd!8m2!3d-6.8732299!4d107.4910223!16s%2Fg%2F11ykn4sx3t!19sChIJ-wfHIgDlaC4R3f_y_K_uOIY?authuser=0&hl=id&g_ep=EgoyMDI2MDkxNi4wIJJjKgBIAVAD&rclk=1
1746;SPPG GANGSETIA;SPPG Gangsetia, Dsn Cimenyan II, RT.002/RW.009, Mekarsari, Kec. Banjar, Kota Banjar, Jawa Barat 46321;Kalimantan Selatan;Banjar;Pengaron;T4 nama file;https://www.google.com/maps/place/SPPG+Gangsetia/data=!4m7!3m6!1s0x2e6f630076aa7667:0xa473e4007425240c!8m2!3d-7.3733116!4d108.5336941!16s%2Fg%2F11ynqqt_33!19sChIJZ3aqdgBjby4RDCQldADkc6Q?authuser=0&hl=id&g_ep=EgoyMDI2MDkxNi4wIJJjKgBIAVAD&rclk=1
1750;SPPG BOJONGSOANG, LENGKONG;Jl. Tirtawangi 4, RT.003 Rw009, Lengkong, Bojongsoang, Bandung Regency, West Java 40376;Kalimantan Selatan;Banjar;Pengaron;T4 nama file;https://www.google.com/maps/place/SPPG+BOJONGSOANG,+LENGKONG/data=!4m7!3m6!1s0x2e68e9500b48d4ab:0xea95d21a90b5053d!8m2!3d-6.9750406!4d107.6506477!16s%2Fg%2F11mlbp0vym!19sChIJq9RIC1DpaC4RPQW1kBrSleo?authuser=0&hl=id&g_ep=EgoyMDI2MDkxNi4wIJJjKgBIAVAD&rclk=1
1753;SPPG KOTA BANJAR, BANJAR, BALOKANG 2;Jl. Peta No.62, Balokang, Kec. Banjar, Kota Banjar, Jawa Barat 46312;Kalimantan Selatan;Banjar;Pengaron;T4 nama file;https://www.google.com/maps/place/SPPG+KOTA+BANJAR,+BANJAR,+BALOKANG+2/data=!4m7!3m6!1s0x2e6f6100540450a9:0x26467154de008a62!8m2!3d-7.371955!4d108.5138629!16s%2Fg%2F11zbcsmjsv!19sChIJqVAEVABhby4RYooA3lRxRiY?authuser=0&hl=id&g_ep=EgoyMDI2MDkxNi4wIJJjKgBIAVAD&rclk=1
1755;SPPG RADENA FOOD BERKAH CIMARAGAS;SPPG Radena Food Berkah Cimaragas, Situbatu, Kec. Banjar, Kota Banjar, Jawa Barat 46314;Kalimantan Selatan;Banjar;Pengaron;T4 nama file;https://www.google.com/maps/place/SPPG+Radena+Food+Berkah+Cimaragas/data=!4m7!3m6!1s0x2e6f61005b400795:0x4136a8116b8f64c2!8m2!3d-7.3786951!4d108.4714378!16s%2Fg%2F11yrpl7jd7!19sChIJlQdAWwBhby4RwmSPaxGoNkE?authuser=0&hl=id&g_ep=EgoyMDI2MDkxNi4wIJJjKgBIAVAD&rclk=1
1757;SPPG KOTA BANJAR 8;Jl. KH. Amin No.16, Banjar, Kec. Banjar, Kota Banjar, Jawa Barat 46311;Kalimantan Selatan;Banjar;Pengaron;T4 nama file;https://www.google.com/maps/place/SPPG+Kota+Banjar+8/data=!4m7!3m6!1s0x2e6f61003df15af1:0xc33cd335f118496c!8m2!3d-7.3655334!4d108.5225896!16s%2Fg%2F11n3zxvmxs!19sChIJ8VrxPQBhby4RbEkY8TXTPMM?authuser=0&hl=id&g_ep=EgoyMDI2MDkxNi4wIJJjKgBIAVAD&rclk=1
1764;SPPG BANJAR GAMBUT GAMBUT 3;Gg. Ampera No.15, Malintang Baru, Gambut, Banjar Regency, South Kalimantan 70652;Kalimantan Selatan;Banjar;Gambut;T4 nama file;https://www.google.com/maps/place/SPPG+BANJAR+GAMBUT+GAMBUT+3/data=!4m7!3m6!1s0x2de69d007769f1fd:0xfd659bc49815e55a!8m2!3d-3.4116075!4d114.6720307!16s%2Fg%2F11njhr21q5!19sChIJ_fFpdwCd5i0RWuUVmMSbZf0?authuser=0&hl=id&g_ep=EgoyMDI2MDkxNi4wIJJjKgBIAVAD&rclk=1
1769;SPPG PEMURUS DALAM 2;Jl. Banjar Indah VI No.22, Pemurus Dalam, Banjarmasin Selatan, Banjarmasin City, South Kalimantan 70248;Kalimantan Selatan;Banjar;Gambut;T4 nama file;https://www.google.com/maps/place/SPPG+PEMURUS+DALAM+2/data=!4m7!3m6!1s0xa8fdc6f6f878ec99:0x2e2c9540ff589eae!8m2!3d-3.3461307!4d114.6177759!16s%2Fg%2F11ywps16n9!19sChIJmex4-PbG_agRrp5Y_0CVLC4?authuser=0&hl=id&g_ep=EgoyMDI2MDkxNi4wIJJjKgBIAVAD&rclk=1
1777;SPPG BANJARMASIN SELATAN;Jl. Bumi Mas I No.29, Pemurus Baru, Kec. Banjarmasin Sel., Kota Banjarmasin, Kalimantan Selatan 70236;Kalimantan Selatan;Banjar;Gambut;T4 nama file;https://www.google.com/maps/place/SPPG+BANJARMASIN+SELATAN/data=!4m7!3m6!1s0x2de4210050b04f11:0xf0ec9019f26db1f!8m2!3d-3.3381705!4d114.6143531!16s%2Fg%2F11yp_0xthw!19sChIJEU-wUAAh5C0RH9smnwHJDg8?authuser=0&hl=id&g_ep=EgoyMDI2MDkxNi4wIJJjKgBIAVAD&rclk=1
1779;SPPG BANUA ANYAR;SPPG Banua Anyar, Benua Anyar, Kec. Banjarmasin Tim., Kota Banjarmasin, Kalimantan Selatan 70121;Kalimantan Selatan;Banjar;Sungai Tabuk;T4 nama file;https://www.google.com/maps/place/SPPG+Banua+Anyar/data=!4m7!3m6!1s0x2de42300641710e1:0xd9620bab229ae573!8m2!3d-3.3092494!4d114.6192707!16s%2Fg%2F11z78dt12w!19sChIJ4RAXZAAj5C0Rc-WaIqsLYtk?authuser=0&hl=id&g_ep=EgoyMDI2MDkxNi4wIJJjKgBIAVAD&rclk=1
1781;SPPG PEMURUS BARU 2;SPPG PEMURUS BARU 2, Pemurus Dalam, Kec. Banjarmasin Sel., Kota Banjarmasin, Kalimantan Selatan 70235;Kalimantan Selatan;Banjar;Kertak Hanyar;T4 nama file;https://www.google.com/maps/place/SPPG+PEMURUS+BARU+2/data=!4m7!3m6!1s0x2de421007304c163:0x84f993db3a25f266!8m2!3d-3.3459716!4d114.6064209!16s%2Fg%2F11mm7n7xbv!19sChIJY8EEcwAh5C0RZvIlOtuT-YQ?authuser=0&hl=id&g_ep=EgoyMDI2MDkxNi4wIJJjKgBIAVAD&rclk=1
1782;SPPG KELAYAN SELATAN 1;SPPG Kelayan Selatan 1, Jl. RK Ilir, Kelayan Sel., Kec. Banjarmasin Sel., Kota Banjarmasin, Kalimantan Selatan 70233;Kalimantan Selatan;Banjar;Kertak Hanyar;T4 nama file;https://www.google.com/maps/place/SPPG+Kelayan+Selatan+1/data=!4m7!3m6!1s0x2de421004b4fd5cd:0xc0212193238fce59!8m2!3d-3.3358838!4d114.5833401!16s%2Fg%2F11z7bp3byq!19sChIJzdVPSwAh5C0RWc6PI5MhIcA?authuser=0&hl=id&g_ep=EgoyMDI2MDkxNi4wIJJjKgBIAVAD&rclk=1
1784;SPPG BANJARMASIN SELATAN 01;SPPG BANJARMASIN SELATAN 01, Tj. Pagar, Kec. Banjarmasin Sel., Kota Banjarmasin, Kalimantan Selatan;Kalimantan Selatan;Banjar;Kertak Hanyar;T4 nama file;https://www.google.com/maps/place/SPPG+BANJARMASIN+SELATAN+01/data=!4m7!3m6!1s0x2de421002c27ac11:0xa0b3e50e1ae58bf3!8m2!3d-3.3582625!4d114.6021094!16s%2Fg%2F11z5x_s44y!19sChIJEawnLAAh5C0R84vlGg7ls6A?authuser=0&hl=id&g_ep=EgoyMDI2MDkxNi4wIJJjKgBIAVAD&rclk=1
1785;SPPG PEMURUS DALAM 3;SPPG PEMURUS DALAM 3, Jl. Kayu Kuku, Pemurus Dalam, Kec. Banjarmasin Sel., Kota Banjarmasin, Kalimantan Selatan 70235;Kalimantan Selatan;Banjar;Kertak Hanyar;T4 nama file;https://www.google.com/maps/place/SPPG+PEMURUS+DALAM+3/data=!4m7!3m6!1s0x2de4210076e3f679:0xf973e609e774579f!8m2!3d-3.3478765!4d114.6136673!16s%2Fg%2F11mrpz_56n!19sChIJefbjdgAh5C0Rn1d05wnmc_k?authuser=0&hl=id&g_ep=EgoyMDI2MDkxNi4wIJJjKgBIAVAD&rclk=1
1786;SPPG POLRES BANJAR;Jl. Bunyamin Permai I No.89, Pemurus Luar, Kec. Banjarmasin Tim., Kota Banjarmasin, Kalimantan Selatan 70654;Kalimantan Selatan;Banjar;Kertak Hanyar;T4 nama file;https://www.google.com/maps/place/SPPG+Polres+Banjar/data=!4m7!3m6!1s0x2de4270034a06fe1:0x8755ea5c8d4f712!8m2!3d-3.3483486!4d114.6328038!16s%2Fg%2F11zb7nlt52!19sChIJ4W-gNAAn5C0REvfUyKVedQg?authuser=0&hl=id&g_ep=EgoyMDI2MDkxNi4wIJJjKgBIAVAD&rclk=1
1787;SPPG PEMURUS DALAM;Pemurus Dalam, Kec. Banjarmasin Sel., Kota Banjarmasin, Kalimantan Selatan 70238;Kalimantan Selatan;Banjar;Kertak Hanyar;T4 nama file;https://www.google.com/maps/place/SPPG+PEMURUS+DALAM/data=!4m7!3m6!1s0x2de427007b361cbb:0xc3f60faf66bcea90!8m2!3d-3.3520208!4d114.6229382!16s%2Fg%2F11mlwf83mx!19sChIJuxw2ewAn5C0RkOq8Zq8P9sM?authuser=0&hl=id&g_ep=EgoyMDI2MDkxNi4wIJJjKgBIAVAD&rclk=1
1788;SPPG PEMURUS DALAM 04;SPPG PEMURUS DALAM 04, Jl. Pemurus, Pemurus Luar, Dalam, Kota Banjarmasin, Kalimantan Selatan 70654;Kalimantan Selatan;Banjar;Kertak Hanyar;T4 nama file;https://www.google.com/maps/place/SPPG+PEMURUS+DALAM+04/data=!4m7!3m6!1s0x2de427001c6a73df:0xf68494a4e07f9158!8m2!3d-3.3584803!4d114.6230331!16s%2Fg%2F11zb82834p!19sChIJ33NqHAAn5C0RWJF_4KSUhPY?authuser=0&hl=id&g_ep=EgoyMDI2MDkxNi4wIJJjKgBIAVAD&rclk=1
1794;SPPG KOTA BANJAR BANJAR MEKARSARI;SPPG Kota Banjar Banjar Mekarsari, Jl. Kapten Jamhur, Mekarsari, Kec. Banjar, Kota Banjar, Jawa Barat 46321;Kalimantan Selatan;Banjar;Paramasan;T4 nama file;https://www.google.com/maps/place/SPPG+Kota+Banjar+Banjar+Mekarsari/data=!4m7!3m6!1s0x2e6f63002ff3f495:0x22706a9229319d2a!8m2!3d-7.3766426!4d108.536366!16s%2Fg%2F11yhtjlvcm!19sChIJlfTzLwBjby4RKp0xKZJqcCI?authuser=0&hl=id&g_ep=EgoyMDI2MDkxNi4wIJJjKgBIAVAD&rclk=1
1795;SPPG KOTA BANJAR 4;Jl. Dr. Husein Kartasasmita No.85, Banjar, Kec. Banjar, Kota Banjar, Jawa Barat 46311;Kalimantan Selatan;Banjar;Paramasan;T4 nama file;https://www.google.com/maps/place/SPPG+KOTA+BANJAR+4/data=!4m7!3m6!1s0x2e6f63000655d14f:0x71d5515aaaca4ec3!8m2!3d-7.3713481!4d108.5291329!16s%2Fg%2F11zbdl_cyx!19sChIJT9FVBgBjby4Rw07KqlpR1XE?authuser=0&hl=id&g_ep=EgoyMDI2MDkxNi4wIJJjKgBIAVAD&rclk=1
1798;SPPG BANJAR KOTA BANJAR NEGLASARI2;Sppg Neglasari 2, Neglasari, Kec. Banjar, Kota Banjar, Jawa Barat 46315;Kalimantan Selatan;Banjar;Paramasan;T4 nama file;https://www.google.com/maps/place/Sppg+Banjar+kota+Banjar+Neglasari2/data=!4m7!3m6!1s0x2e6f610001ec5b55:0x4278312187a86ba!8m2!3d-7.3849201!4d108.4995072!16s%2Fg%2F11zkxrgdrr!19sChIJVVvsAQBhby4RuoZ6GBKDJwQ?authuser=0&hl=id&g_ep=EgoyMDI2MDkxNi4wIJJjKgBIAVAD&rclk=1
1799;SPPG KOTA BANJAR BANJAR BANJAR 7;Jl. Dr. Husein Kartasasmita No.56b, Banjar, Kec. Banjar, Kota Banjar, Jawa Barat 46311;Kalimantan Selatan;Banjar;Paramasan;T4 nama file;https://www.google.com/maps/place/SPPG+Kota+Banjar+Banjar+Banjar+7/data=!4m7!3m6!1s0x2e6f630036595319:0x9128a9408d5f0c12!8m2!3d-7.3701063!4d108.5306378!16s%2Fg%2F11y_qt1gwp!19sChIJGVNZNgBjby4REgxfjUCpKJE?authuser=0&hl=id&g_ep=EgoyMDI2MDkxNi4wIJJjKgBIAVAD&rclk=1
1804;SPPG KOTA BANDUNG SUKAJADI PASTEUR;Jl. Sederhana Kelurahan No.53, Pasteur, Kec. Sukajadi, Kota Bandung, Jawa Barat 40161;Jawa Barat;Kota Bandung;Sukajadi;T3 alamat fuzzy;https://www.google.com/maps/place/SPPG+Kota+Bandung+Sukajadi+Pasteur/data=!4m7!3m6!1s0x2e68e70019ae35a3:0x6087b6964d17fea2!8m2!3d-6.8929464!4d107.5988843!16s%2Fg%2F11msllzvvw!19sChIJozWuGQDnaC4Rov4XTZa2h2A?authuser=0&hl=id&g_ep=EgoyMDI2MDkxNi4wIJJjKgBIAVAD&rclk=1
1809;SPPG GUNTUNG MANGGIS 3 GALAKSI;Jl. Galaksi, Guntungmanggis, Landasan Ulin, Banjarbaru City, South Kalimantan 70721;Kalimantan Selatan;Banjar;Aranio;T4 nama file;https://www.google.com/maps/place/SPPG+GUNTUNG+MANGGIS+3+GALAKSI/data=!4m7!3m6!1s0x5a062f9e96ee299:0x2308c194763c2fe8!8m2!3d-3.4584547!4d114.7891917!16s%2Fg%2F11ywptgp07!19sChIJmeJu6flioAUR6C88dpTBCCM?authuser=0&hl=id&g_ep=EgoyMDI2MDkxNi4wIJJjKgBIAVAD&rclk=1
1814;SPPG RANCAMULYA #001;Jl. Paniisan No.22, Rancamulya, Pameungpeuk, Bandung Regency, West Java 40375;Kalimantan Selatan;Barito Kuala;Kuripan;T4 nama file;https://www.google.com/maps/place/SPPG+Rancamulya+%23001/data=!4m7!3m6!1s0x2e68e9004bde1a03:0x31f20eb50989e21!8m2!3d-7.0087077!4d107.5980709!16s%2Fg%2F11xhbn2dvf!19sChIJAxreSwDpaC4RIZ6YUOsgHwM?authuser=0&hl=id&g_ep=EgoyMDI2MDkxNi4wIJJjKgBIAVAD&rclk=1
1820;SPPG BARITO UTARA TEWEH TENGAH LANJAS 2;SPPG BARITO UTARA TEWEH TENGAH LANJAS 2, Jl. Panti Ajar V Blk. E, Lanjas, Central Teweh, North Barito Regency, Central Kalimantan 73814;Kalimantan Selatan;Barito Kuala;Tabukan;T4 nama file;https://www.google.com/maps/place/SPPG+BARITO+UTARA+TEWEH+TENGAH+LANJAS+2/data=!4m7!3m6!1s0x2df977005a513eaf:0xdb5c8b69981abd94!8m2!3d-0.9495499!4d114.8890468!16s%2Fg%2F11z73vyhbs!19sChIJrz5RWgB3-S0RlL0amGmLXNs?authuser=0&hl=id&g_ep=EgoyMDI2MDkxNi4wIJJjKgBIAVAD&rclk=1
1825;SPPG BARITO SELATAN DUSUN SELATAN HILIR SEPER 2;Jl. Tugu No.14, Buntok Kota, Kec. Dusun Sel., Kabupaten Barito Selatan, Kalimantan Tengah 73751;Kalimantan Selatan;Barito Kuala;Wanaraya;T4 nama file;https://www.google.com/maps/place/SPPG+Barito+Selatan+Dusun+Selatan+Hilir+Seper+2/data=!4m7!3m6!1s0x2dfb01007d647a2b:0xba03f5d5092432ed!8m2!3d-1.7231604!4d114.8309958!16s%2Fg%2F11zb4ck5v6!19sChIJK3pkfQAB-y0R7TIkCdX1A7o?authuser=0&hl=id&g_ep=EgoyMDI2MDkxNi4wIJJjKgBIAVAD&rclk=1
1830;SPPG KELAYAN SELATAN 2;SPPG Kelayan Selatan 2, Jl. Tembus Mantuil, Kelayan Sel., Kec. Banjarmasin Sel., Kota Banjarmasin, Kalimantan Selatan 70233;Kalimantan Selatan;Barito Kuala;Tabunganen;T4 nama file;https://www.google.com/maps/place/SPPG+Kelayan+Selatan+2/data=!4m7!3m6!1s0x2de4210058cf8ee5:0xaf108060dcb7f286!8m2!3d-3.3395968!4d114.5890804!16s%2Fg%2F11zkhlq7q8!19sChIJ5Y7PWAAh5C0RhvK33GCAEK8?authuser=0&hl=id&g_ep=EgoyMDI2MDkxNi4wIJJjKgBIAVAD&rclk=1
1831;SPPG ANJIR PASAR;Desa anjir pasar lama km.15, RT.005, Anjir Ps. Lama, Kec. Anjir Ps., Kabupaten Barito Kuala, Kalimantan Selatan 70565;Kalimantan Selatan;Barito Kuala;Tabunganen;T4 nama file;https://www.google.com/maps/place/SPPG+Anjir+Pasar/data=!4m7!3m6!1s0x2de4158abdb0261b:0x953fe444259e7938!8m2!3d-3.1322949!4d114.4856489!16s%2Fg%2F11y0tf8jd5!19sChIJGyawvYoV5C0ROHmeJUTkP5U?authuser=0&hl=id&g_ep=EgoyMDI2MDkxNi4wIJJjKgBIAVAD&rclk=1
1849;SPPG KAPUAS KAPUAS TIMUR ANJIR SERAPAT TIMUR;SPPG KAPUAS KAPUAS TIMUR ANJIR SERAPAT TIMUR, Jl. Trans - Kalimantan, Anjir Pasar Lama, Anjir Pasar, Barito Kuala Regency, South Kalimantan 70565;Kalimantan Selatan;Barito Kuala;Anjir Pasar;T4 nama file;https://www.google.com/maps/place/SPPG+KAPUAS+KAPUAS+TIMUR+ANJIR+SERAPAT+TIMUR/data=!4m7!3m6!1s0x2de4150000dc5ac1:0x1bebf89de442cbd1!8m2!3d-3.1242119!4d114.4807969!16s%2Fg%2F11z74wmb0w!19sChIJwVrcAAAV5C0R0ctC5J346xs?authuser=0&hl=id&g_ep=EgoyMDI2MDkxNi4wIJJjKgBIAVAD&rclk=1
1854;SPPG HSS DAHA SELATAN YAYASAN KEMALA BHAYANGKARI;Jl. Bintara Kandangan, Bayanan, Kec. Daha Sel., Kabupaten Hulu Sungai Selatan, Kalimantan Selatan 71253;Kalimantan Selatan;Hulu Sungai Selatan;Daha Utara;T4 nama file;https://www.google.com/maps/place/SPPG+HSS+DAHA+SELATAN+YAYASAN+KEMALA+BHAYANGKARI/data=!4m7!3m6!1s0x2de511006aa349f5:0xa1739529a6db2aa9!8m2!3d-2.6336062!4d115.1094895!16s%2Fg%2F11nbdfs3rq!19sChIJ9UmjagAR5S0RqSrbpimVc6E?authuser=0&hl=id&g_ep=EgoyMDI2MDkxNi4wIJJjKgBIAVAD&rclk=1
1873;SPPG WASAH TENGAH;SPPG Wasah Tengah, Wasah Tengah, Simpur, South Hulu Sungai Regency, South Kalimantan 71261;Kalimantan Selatan;Hulu Sungai Selatan;Simpur;T4 nama file;https://www.google.com/maps/place/SPPG+Wasah+Tengah/@-2.8042316,115.219993,17z/data=!3m1!4b1!4m6!3m5!1s0x2de5a1001d40bac9:0x569eb7984ed2c72e!8m2!3d-2.8042316!4d115.219993!16s%2Fg%2F11z6mzs771?hl=id&entry=ttu&g_ep=EgoyMDI2MDkxNi4wIKXMDSoASAFQAw%3D%3D
1877;SPPG KANDANGAN KOTA 2;SPPG KANDANGAN KOTA 2, Jl. Al Falah, Kandangan Kota, Kec. Kandangan, Kabupaten Hulu Sungai Selatan, Kalimantan Selatan;Kalimantan Selatan;Hulu Sungai Selatan;Kandangan;T4 nama file;https://www.google.com/maps/place/SPPG+KANDANGAN+KOTA+2/data=!4m7!3m6!1s0x2de50b0034eb8267:0xd73dcfa9ad25aefb!8m2!3d-2.7839679!4d115.2712245!16s%2Fg%2F11nj4hg7h4!19sChIJZ4LrNAAL5S0R-64lranPPdc?authuser=0&hl=id&g_ep=EgoyMDI2MDkxNi4wIJJjKgBIAVAD&rclk=1
1878;SPPG PANTAI HAMBAWANG BARAT TERATAI;Jl. Terai, Pantai Hambawang, Patai Hambawang Barat, Kec. Labuan Amas Sel., Kabupaten Hulu Sungai Tengah, Kalimantan Selatan 71361;Kalimantan Selatan;Hulu Sungai Tengah;Labuan Amas Selatan;T3 alamat fuzzy;https://www.google.com/maps/place/SPPG+Pantai+Hambawang+Barat+Teratai/data=!4m7!3m6!1s0x2de56daa0f8f0abf:0xe65a889adeb5d7e5!8m2!3d-2.6471772!4d115.3298694!16s%2Fg%2F11zfqwd3dq!19sChIJvwqPD6pt5S0R5de13pqIWuY?authuser=0&hl=id&g_ep=EgoyMDI2MDkxNi4wIJJjKgBIAVAD&rclk=1
1882;SPPG PAYA;Jl. Swadaya, Paya, Kec. Batang Alai Sel., Kabupaten Hulu Sungai Tengah, Kalimantan Selatan 71381;Kalimantan Selatan;Hulu Sungai Tengah;Batang Alai Selatan;T3 alamat fuzzy;https://www.google.com/maps/place/SPPG+Paya/data=!4m7!3m6!1s0x2de569002c6a9acf:0xf641693288301b6c!8m2!3d-2.5793271!4d115.4332324!16s%2Fg%2F11x_4cmfss!19sChIJz5pqLABp5S0RbBswiDJpQfY?authuser=0&hl=id&g_ep=EgoyMDI2MDkxNi4wIJJjKgBIAVAD&rclk=1
1883;SPPG PANTAI HAMBAWANG;SPPG Pantai Hambawang, Pantai Hambawang Bar., Kec. Labuan Amas Sel., Kabupaten Hulu Sungai Tengah, Kalimantan Selatan 71361;Kalimantan Selatan;Hulu Sungai Tengah;Labuan Amas Selatan;T3 alamat fuzzy;https://www.google.com/maps/place/SPPG+Pantai+Hambawang/data=!4m7!3m6!1s0x2de56d006732b2ed:0x22b0904422d95825!8m2!3d-2.6493381!4d115.3310552!16s%2Fg%2F11npq1388n!19sChIJ7bIyZwBt5S0RJVjZIkSQsCI?authuser=0&hl=id&g_ep=EgoyMDI2MDkxNi4wIJJjKgBIAVAD&rclk=1
1890;SPPG HULU SUNGAI TENGAH WAWAI GARDU;SPPG HULU SUNGAI TENGAH WAWAI GARDU, Wawai Gardu, Kec. Batang Alai Sel., Kabupaten Hulu Sungai Tengah, Kalimantan Selatan 71381;Kalimantan Selatan;Hulu Sungai Tengah;Batang Alai Selatan;T3 alamat fuzzy;https://www.google.com/maps/place/SPPG+HULU+SUNGAI+TENGAH+WAWAI+GARDU/data=!4m7!3m6!1s0x2de56700582e3415:0xe0431b6db34a3367!8m2!3d-2.5535011!4d115.4794082!16s%2Fg%2F11zh3wvt24!19sChIJFTQuWABn5S0RZzNKs20bQ-A?authuser=0&hl=id&g_ep=EgoyMDI2MDkxNi4wIJJjKgBIAVAD&rclk=1
1893;SPPG MARINGGIT;SPPG Maringgit, Maringgit, Batang Alai Utara, Central Hulu Sungai Regency, South Kalimantan 71391;Kalimantan Selatan;Hulu Sungai Tengah;Batang Alai Selatan;T4 nama file;https://www.google.com/maps/place/SPPG+Maringgit/data=!4m7!3m6!1s0x2de569f0d30d1063:0x62dbbb8f46fabd64!8m2!3d-2.514972!4d115.40775!16s%2Fg%2F11md1phqv9!19sChIJYxAN0_Bp5S0RZL36Ro-722I?authuser=0&hl=id&g_ep=EgoyMDI2MDkxNi4wIJJjKgBIAVAD&rclk=1
1894;SPPG BATANG BATANG KARANGASEM UTARA;SPPG BATANG BATANG KARANGASEM UTARA, Jl. RE Martadinata, Panjangkaran Kidul, North Karangasem, Batang, Batang Regency, Central Java 51216;Kalimantan Selatan;Hulu Sungai Tengah;Batang Alai Utara;T4 nama file;https://www.google.com/maps/place/SPPG+BATANG+BATANG+KARANGASEM+UTARA/data=!4m7!3m6!1s0x2e702500194d9b01:0xa4940505eb724bbd!8m2!3d-6.8944166!4d109.7361388!16s%2Fg%2F11x_ys7r5t!19sChIJAZtNGQAlcC4RvUty6wUFlKQ?authuser=0&hl=id&g_ep=EgoyMDI2MDkxNi4wIJJjKgBIAVAD&rclk=1
1895;SPPG KAMBAT UTARA;SPPG KAMBAT UTARA, Kambat Utara, Pandawan, Central Hulu Sungai Regency, South Kalimantan 71352;Kalimantan Selatan;Hulu Sungai Tengah;Batang Alai Utara;T4 nama file;https://www.google.com/maps/place/SPPG+KAMBAT+UTARA/data=!4m7!3m6!1s0x2de56b003aa9e9c5:0xf3a724acd0b14d9c!8m2!3d-2.530795!4d115.3432368!16s%2Fg%2F11y0rjdjhs!19sChIJxempOgBr5S0RnE2x0Kwkp_M?authuser=0&hl=id&g_ep=EgoyMDI2MDkxNi4wIJJjKgBIAVAD&rclk=1
1913;SPPG KANDANG HALANG;Jl. Brigjen H. Hasan Baseri, Kandang Halang, Amuntai Tengah, North Hulu Sungai Regency, South Kalimantan 71419;Kalimantan Selatan;Hulu Sungai Utara;Amuntai Selatan;T4 nama file;https://www.google.com/maps/place/SPPG+KANDANG+HALANG/data=!4m7!3m6!1s0x2de53f70cf23a023:0x2589b1228aa167cd!8m2!3d-2.44814!4d115.2364175!16s%2Fg%2F11z0gg2qsq!19sChIJI6Ajz3A_5S0RzWehiiKxiSU?authuser=0&hl=id&g_ep=EgoyMDI2MDkxNi4wIJJjKgBIAVAD&rclk=1
1914;SPPG KOTA RAJA;SPPG KOTA RAJA, Jl. Lambung Mangkurat, Kota Raja, Amuntai Selatan, North Hulu Sungai Regency, South Kalimantan 71419;Kalimantan Selatan;Hulu Sungai Utara;Amuntai Selatan;T4 nama file;https://www.google.com/maps/place/SPPG+KOTA+RAJA/data=!4m7!3m6!1s0x2de539f2f2ae0b8d:0x33b159f5c71b3c5!8m2!3d-2.4286715!4d115.2429397!16s%2Fg%2F11zbfs41sz!19sChIJjQuu8vI55S0RxbNxXJ8VOwM?authuser=0&hl=id&g_ep=EgoyMDI2MDkxNi4wIJJjKgBIAVAD&rclk=1
1915;SPPG UJUNG MURUNG;SPPG UJUNG MURUNG, RT.3, Jl. Amuntai - Alabio, Ujung Murung, Kec. Amuntai Sel., Kabupaten Hulu Sungai Utara, Kalimantan Selatan 71419;Kalimantan Selatan;Hulu Sungai Utara;Amuntai Selatan;T4 nama file;https://www.google.com/maps/place/SPPG+UJUNG+MURUNG/data=!4m7!3m6!1s0x2de53f000a99246d:0x9d7ccd57c5def025!8m2!3d-2.4427598!4d115.2393567!16s%2Fg%2F11zkw6zy36!19sChIJbSSZCgA_5S0RJfDexVfNfJ0?authuser=0&hl=id&g_ep=EgoyMDI2MDkxNi4wIJJjKgBIAVAD&rclk=1
1917;SPPG ILIR MESJID;SPPG ILIR MESJID, Jl. Amuntai - Alabio, Ilir Mesjid, Kec. Amuntai Sel., Kabupaten Hulu Sungai Utara, Kalimantan Selatan 71419;Kalimantan Selatan;Hulu Sungai Utara;Amuntai Selatan;T4 nama file;https://www.google.com/maps/place/SPPG+ILIR+MESJID/data=!4m7!3m6!1s0x2de53f00447bc329:0x88573792ee8141a4!8m2!3d-2.4455196!4d115.2364124!16s%2Fg%2F11xtm83j__!19sChIJKcN7RAA_5S0RpEGB7pI3V4g?authuser=0&hl=id&g_ep=EgoyMDI2MDkxNi4wIJJjKgBIAVAD&rclk=1
1923;SPPG CEMPAKA BANJARBARU;SPPG CEMPAKA BANJARBARU, Jl. H. Mistar Cokrokusumo, Cempaka, Kec. Cemp., Kota Banjar Baru, Kalimantan Selatan 70732;Kalimantan Selatan;Kota Banjarbaru;Cempaka;T4 nama file;https://www.google.com/maps/place/SPPG+CEMPAKA+BANJARBARU/@-3.479064,114.852073,17z/data=!3m1!4b1!4m6!3m5!1s0x2de6870014323941:0x70ebd386c0c40e5a!8m2!3d-3.479064!4d114.852073!16s%2Fg%2F11nbpbfhbg?hl=id&entry=ttu&g_ep=EgoyMDI2MDkxNi4wIKXMDSoASAFQAw%3D%3D
1924;SPPG 2 SUNGAI BESAR BANJAR BARU;Jl. Gn. Permai Barat II No.194, Loktabat Selatan, Banjarbaru Selatan, Banjarbaru City, South Kalimantan 70732;Kalimantan Selatan;Kota Banjarbaru;Banjarbaru Utara;T4 nama file;https://www.google.com/maps/place/SPPG+2+SUNGAI+BESAR+BANJAR+BARU/data=!4m7!3m6!1s0x2de6810040a0fed9:0x39bfec85f3daab56!8m2!3d-3.4643327!4d114.8437038!16s%2Fg%2F11ymkj0cwm!19sChIJ2f6gQACB5i0RVqva84Xsvzk?authuser=0&hl=id&g_ep=EgoyMDI2MDkxNi4wIJJjKgBIAVAD&rclk=1
1929;SPPG GUNTUNG PAYUNG;SPPG GUNTUNG PAYUNG, Jl. Latek, Guntung Payung, Landasan Ulin, Banjarbaru City, South Kalimantan 70721;Kalimantan Selatan;Kota Banjarbaru;Banjarbaru Utara;T4 nama file;https://www.google.com/maps/place/SPPG+GUNTUNG+PAYUNG/data=!4m7!3m6!1s0x2de683003ab6b5b7:0xb9d96f04a041535c!8m2!3d-3.4437751!4d114.8073171!16s%2Fg%2F11zb9brp6r!19sChIJt7W2OgCD5i0RXFNBoARv2bk?authuser=0&hl=id&g_ep=EgoyMDI2MDkxNi4wIJJjKgBIAVAD&rclk=1
1933;SPPG 1 LANDASAN ULIN TENGAH BANJAR BARU;SPPG 1 LANDASAN ULIN TENGAH BANJAR BARU, Jl. Sidomulyo Raya Tiga, Landasan Ulin Tengah, Liang Anggang, Banjarbaru City, South Kalimantan 70724;Kalimantan Selatan;Kota Banjarbaru;Landasan Ulin;T4 nama file;https://www.google.com/maps/place/SPPG+1+LANDASAN+ULIN+TENGAH+BANJAR+BARU/data=!4m7!3m6!1s0x2de683007907ecc1:0x3d0e0aaa4358d1ac!8m2!3d-3.4569286!4d114.7580884!16s%2Fg%2F11ypmggdkh!19sChIJwewHeQCD5i0RrNFYQ6oKDj0?authuser=0&hl=id&g_ep=EgoyMDI2MDkxNi4wIJJjKgBIAVAD&rclk=1
1934;SPPG 1 LANDASAN ULIN TENGAH BANJAR BARU;SPPG 1 LANDASAN ULIN TENGAH BANJAR BARU, Jl. Trikora Jl. Sidomulyo Raya Tiga, Landasan Ulin Tengah, Liang Anggang, Banjarbaru City, South Kalimantan 70724;Kalimantan Selatan;Kota Banjarbaru;Landasan Ulin;T4 nama file;https://www.google.com/maps/place/SPPG+1+LANDASAN+ULIN+TENGAH+BANJAR+BARU/data=!4m7!3m6!1s0x2de683002a997325:0x9cb551a820817855!8m2!3d-3.4569423!4d114.7581868!16s%2Fg%2F11mlv7fj7_!19sChIJJXOZKgCD5i0RVXiBIKhRtZw?authuser=0&hl=id&g_ep=EgoyMDI2MDkxNi4wIJJjKgBIAVAD&rclk=1
1935;SPPG 1 LANDASAN ULIN TENGAH;SPPG 1 LANDASAN ULIN TENGAH, Landasan Ulin Tengah, Liang Anggang, Banjarbaru City, South Kalimantan 70724;Kalimantan Selatan;Kota Banjarbaru;Landasan Ulin;T4 nama file;https://www.google.com/maps/place/SPPG+1+LANDASAN+ULIN+TENGAH/data=!4m7!3m6!1s0x2de683005c3b6dab:0x4df751197e824f!8m2!3d-3.4569369!4d114.7581906!16s%2Fg%2F11yprbl8dl!19sChIJq207XACD5i0RT4J-GVH3TQA?authuser=0&hl=id&g_ep=EgoyMDI2MDkxNi4wIJJjKgBIAVAD&rclk=1
1937;SPPG LANDASAN ULIN TIMUR 003;SPPG LANDASAN ULIN TIMUR 003, Landasan Ulin Tengah, Liang Anggang, Banjarbaru City, South Kalimantan 70724;Kalimantan Selatan;Kota Banjarbaru;Landasan Ulin;T4 nama file;https://www.google.com/maps/place/SPPG+LANDASAN+ULIN+TIMUR+003/data=!4m7!3m6!1s0x2de6830038ac53e7:0x2ae41a4b30d5b485!8m2!3d-3.4457184!4d114.7443454!16s%2Fg%2F11nqdf2xr0!19sChIJ51OsOACD5i0RhbTVMEsa5Co?authuser=0&hl=id&g_ep=EgoyMDI2MDkxNi4wIJJjKgBIAVAD&rclk=1
1942;SPPG RE MARTADINATA;Jl. RE Martadinata No.888, Telawang, Banjarmasin Barat, Banjarmasin City, South Kalimantan 70118;Kalimantan Selatan;Kota Banjarmasin;Banjarmasin Timur;T4 nama file;https://www.google.com/maps/place/SPPG+RE+MARTADINATA/data=!4m7!3m6!1s0x2de42361bb3fdb45:0xedeaa9e46f5b029!8m2!3d-3.3293458!4d114.5849894!16s%2Fg%2F11ms6y50fc!19sChIJRds_u2Ej5C0RKbD1Rp6q3g4?authuser=0&hl=id&g_ep=EgoyMDI2MDkxNi4wIJJjKgBIAVAD&rclk=1
1944;DAPUR SPPG BANJARMASIN BARAT;Jl. Belitung Darat No.60, Belitung Sel., Kec. Banjarmasin Bar., Kota Banjarmasin, Kalimantan Selatan 70128;Kalimantan Selatan;Kota Banjarmasin;Banjarmasin Timur;T4 nama file;https://www.google.com/maps/place/Dapur+SPPG+Banjarmasin+Barat/data=!4m7!3m6!1s0x2de423004eecccb9:0x439e97f0ba7d75fc!8m2!3d-3.3086623!4d114.5851087!16s%2Fg%2F11ydl2nkdn!19sChIJuczsTgAj5C0R_HV9uvCXnkM?authuser=0&hl=id&g_ep=EgoyMDI2MDkxNi4wIJJjKgBIAVAD&rclk=1
1947;SPPG BANJARMASIN TIMUR KEBUN BUNGA;Jl. A. Yani No.145B KM.3, Kebun Bunga, Kec. Banjarmasin Tim., Kota Banjarmasin, Kalimantan Selatan 70235;Kalimantan Selatan;Kota Banjarmasin;Banjarmasin Timur;T4 nama file;https://www.google.com/maps/place/SPPG+Banjarmasin+Timur+Kebun+Bunga/data=!4m7!3m6!1s0x2de4230018e670e5:0xd26f38d755c4a43f!8m2!3d-3.3275166!4d114.6083054!16s%2Fg%2F11nc7mtb1w!19sChIJ5XDmGAAj5C0RP6TEVdc4b9I?authuser=0&hl=id&g_ep=EgoyMDI2MDkxNi4wIJJjKgBIAVAD&rclk=1
1948;SPPG GATOT SUBROTO 1;Jl. Garuda No.35, Pengambangan, Kec. Banjarmasin Tim., Kota Banjarmasin, Kalimantan Selatan 70239;Kalimantan Selatan;Kota Banjarmasin;Banjarmasin Timur;T4 nama file;https://www.google.com/maps/place/SPPG+GATOT+SUBROTO+1/data=!4m7!3m6!1s0x2de423007d5c7b65:0x8d935c8d01edcb1e!8m2!3d-3.3246098!4d114.6183342!16s%2Fg%2F11zb80lq1f!19sChIJZXtcfQAj5C0RHsvtAY1ck40?authuser=0&hl=id&g_ep=EgoyMDI2MDkxNi4wIJJjKgBIAVAD&rclk=1
1949;SPPG BASIRIH;Jl. Cempaka Raya, Telaga Biru, Kec. Banjarmasin Bar., Kota Banjarmasin, Kalimantan Selatan 70114;Kalimantan Selatan;Kota Banjarmasin;Banjarmasin Barat;T4 nama file;https://www.google.com/maps/place/SPPG+Basirih/data=!4m7!3m6!1s0x2de4230047eae8ed:0x645f7ffc26795a86!8m2!3d-3.3317207!4d114.5752117!16s%2Fg%2F11njj2t1n0!19sChIJ7ejqRwAj5C0Rhlp5Jvx_X2Q?authuser=0&hl=id&g_ep=EgoyMDI2MDkxNi4wIJJjKgBIAVAD&rclk=1
1950;SPPG DAMAI BANJARMASIN TENGAH;SPPG Damai Banjarmasin Tengah, Telaga Biru, Kec. Banjarmasin Bar., Kota Banjarmasin, Kalimantan Selatan 70117;Kalimantan Selatan;Kota Banjarmasin;Banjarmasin Barat;T4 nama file;https://www.google.com/maps/place/SPPG+Damai+Banjarmasin+Tengah/data=!4m7!3m6!1s0x2de423005c6f1dad:0x75a9558ee4567216!8m2!3d-3.3256667!4d114.5746111!16s%2Fg%2F11zjl91hlv!19sChIJrR1vXAAj5C0RFnJW5I5VqXU?authuser=0&hl=id&g_ep=EgoyMDI2MDkxNi4wIJJjKgBIAVAD&rclk=1
1951;SPPG BELITUNG SELATAN 3;Jl. Belitung Darat No.17, RT.07/RW.01, Kelurahan Banjarmasin Selatan, Kec. Banjarmasin Bar., Kota Banjarmasin, Kalimantan Selatan 70116;Kalimantan Selatan;Kota Banjarmasin;Banjarmasin Barat;T4 nama file;https://www.google.com/maps/place/SPPG+BELITUNG+SELATAN+3/data=!4m7!3m6!1s0x2de4230071eecf41:0x212e15d8ff28d33e!8m2!3d-3.3092301!4d114.5849846!16s%2Fg%2F11njjxmr5r!19sChIJQc_ucQAj5C0RPtMo_9gVLiE?authuser=0&hl=id&g_ep=EgoyMDI2MDkxNi4wIJJjKgBIAVAD&rclk=1
1952;SPPG BELITUNG SELATAN 1;Jl. Belitung Laut No.25, RT.1/RW.1, Belitung Selatan, Banjarmasin Barat, Banjarmasin City, South Kalimantan 70113;Kalimantan Selatan;Kota Banjarmasin;Banjarmasin Barat;T4 nama file;https://www.google.com/maps/place/SPPG+BELITUNG+SELATAN+1/data=!4m7!3m6!1s0x2de42300703054b1:0x4f840145f869f616!8m2!3d-3.3100611!4d114.5879864!16s%2Fg%2F11njhlln6d!19sChIJsVQwcAAj5C0RFvZp-EUBhE8?authuser=0&hl=id&g_ep=EgoyMDI2MDkxNi4wIJJjKgBIAVAD&rclk=1
1953;SPPG TELAGA BIRU;Jl. Wildan Sari VII No.08, RW.RT.05, Telaga Biru, Kec. Banjarmasin Bar., Kota Banjarmasin, Kalimantan Selatan 70117;Kalimantan Selatan;Kota Banjarmasin;Banjarmasin Barat;T4 nama file;https://www.google.com/maps/place/SPPG+TELAGA+BIRU/data=!4m7!3m6!1s0x2de4230050309179:0x87f8e47acefd95f0!8m2!3d-3.325465!4d114.5721875!16s%2Fg%2F11yyhwhj77!19sChIJeZEwUAAj5C0R8JX9znrk-Ic?authuser=0&hl=id&g_ep=EgoyMDI2MDkxNi4wIJJjKgBIAVAD&rclk=1
1955;SPPG SEBERANG MESJID;Jl. Kapten Piere Tendean No.36 A-B, Seberang Mesjid, Banjarmasin Tengah, Banjarmasin City, South Kalimantan 70123;Kalimantan Selatan;Kota Banjarmasin;Banjarmasin Barat;T4 nama file;https://www.google.com/maps/place/SPPG+Seberang+Mesjid/data=!4m7!3m6!1s0x2de42300071fd795:0x216248152bd2604e!8m2!3d-3.3132399!4d114.5939902!16s%2Fg%2F11zb8hzpt3!19sChIJldcfBwAj5C0RTmDSKxVIYiE?authuser=0&hl=id&g_ep=EgoyMDI2MDkxNi4wIJJjKgBIAVAD&rclk=1
1956;SPPG BELITUNG 2;Jl. Belitung Laut gang m shaleh No.01, Belitung Sel., Kec. Banjarmasin Bar., Kota Banjarmasin, Kalimantan Selatan 70123;Kalimantan Selatan;Kota Banjarmasin;Banjarmasin Barat;T4 nama file;https://www.google.com/maps/place/SPPG+BELITUNG+2/data=!4m7!3m6!1s0x2de423002ecf602d:0xc975f60ff45f304a!8m2!3d-3.3104923!4d114.5881255!16s%2Fg%2F11z13z26p3!19sChIJLWDPLgAj5C0RSjBf9A_2dck?authuser=0&hl=id&g_ep=EgoyMDI2MDkxNi4wIJJjKgBIAVAD&rclk=1
1957;SPPG PEKAPURAN RAYA;SPPG PEKAPURAN RAYA, Jl. Pangeran Antasari Gg. Murni, Pekapuran Raya, Kec. Banjarmasin Tim., Kota Banjarmasin, Kalimantan Selatan 70236;Kalimantan Selatan;Kota Banjarmasin;Banjarmasin Barat;T4 nama file;https://www.google.com/maps/place/SPPG+PEKAPURAN+RAYA/data=!4m7!3m6!1s0x2de4230034bf292b:0x71e6a9d6c7c63597!8m2!3d-3.3290349!4d114.6012707!16s%2Fg%2F11njhqr586!19sChIJKym_NAAj5C0RlzXGx9ap5nE?authuser=0&hl=id&g_ep=EgoyMDI2MDkxNi4wIJJjKgBIAVAD&rclk=1
1969;SPPG KOTABARU KELUMPANG HILIR SERONGGA;RT.026/RW.003, Tegal Rejo, Kelumpang Hilir, Kotabaru Regency, South Kalimantan 72211;Kalimantan Selatan;Kotabaru;Kelumpang Hulu;T4 nama file;https://www.google.com/maps/place/SPPG+Kotabaru+Kelumpang+Hilir+Serongga/data=!4m7!3m6!1s0x2def47005a694cb7:0xc326ed31fc63126c!8m2!3d-3.1875432!4d115.9819978!16s%2Fg%2F11xvfgn4vr!19sChIJt0xpWgBH7y0RbBJj_DHtJsM?authuser=0&hl=id&g_ep=EgoyMDI2MDkxNi4wIJJjKgBIAVAD&rclk=1
1970;SPPG LONTAR TIMUR;Jl. Raya Lontar Timur No.RT. 005/003, Lontar Tim., Kec. Pulau Laut Bar., Kab. Kotabaru, Kalimantan Selatan 72153;Kalimantan Selatan;Kotabaru;Pulau Laut Barat;T3 alamat fuzzy;https://www.google.com/maps/place/SPPG+Lontar+Timur/data=!4m7!3m6!1s0x2de85f000bc43689:0xa6a792fb9cc61e44!8m2!3d-3.981423!4d116.071453!16s%2Fg%2F11zb4qsv6p!19sChIJiTbECwBf6C0RRB7GnPuSp6Y?authuser=0&hl=id&g_ep=EgoyMDI2MDkxNi4wIJJjKgBIAVAD&rclk=1
1977;SPPG CIMAREME;Jl. Raya Batujajar No.1A, Cimareme, Ngamprah, West Bandung Regency, West Java 40552;Kalimantan Selatan;Kotabaru;Hampang;T4 nama file;https://www.google.com/maps/place/SPPG+CIMAREME/data=!4m7!3m6!1s0x2e68e5c8a2f583eb:0x5d288e5128b6dd21!8m2!3d-6.8675981!4d107.5027484!16s%2Fg%2F11vwfh26tx!19sChIJ64P1osjlaC4RId22KFGOKF0?authuser=0&hl=id&g_ep=EgoyMDI2MDkxNi4wIJJjKgBIAVAD&rclk=1
1988;SPPG PEMBATAAN;Jl. Tanjung Raya No.52, Pembataan, Murung Pudak, Tabalong Regency, South Kalimantan 71571;Kalimantan Selatan;Tabalong;Haruai;T4 nama file;https://www.google.com/maps/place/SPPG+PEMBATAAN/data=!4m7!3m6!1s0x2dfab30045cd588f:0x39416bf75d5cb919!8m2!3d-2.1729419!4d115.4006672!16s%2Fg%2F11xw6t33pd!19sChIJj1jNRQCz-i0RGblcXfdrQTk?authuser=0&hl=id&g_ep=EgoyMDI2MDkxNi4wIJJjKgBIAVAD&rclk=1
1989;SPPG TABALONG TANJUNG;Jl. Jaksa Agung Suprapto No.81, Tanjung, Kec. Tj., Kabupaten Tabalong, Kalimantan Selatan 71571;Kalimantan Selatan;Tabalong;Haruai;T4 nama file;https://www.google.com/maps/place/SPPG+Tabalong+Tanjung/data=!4m7!3m6!1s0x2dfab300798aa29b:0xd72588e9712bfaeb!8m2!3d-2.162427!4d115.3827142!16s%2Fg%2F11z78g_ct2!19sChIJm6KKeQCz-i0R6_orcemIJdc?authuser=0&hl=id&g_ep=EgoyMDI2MDkxNi4wIJJjKgBIAVAD&rclk=1
1994;SPPG HIKUN;Jl. Tj. - Kambitin No.39, Hikun, Kec. Tj., Kabupaten Tabalong, Kalimantan Selatan 71571;Kalimantan Selatan;Tabalong;Haruai;T4 nama file;https://www.google.com/maps/place/SPPG+Hikun/data=!4m7!3m6!1s0x2dfab1007380a945:0x7fe6eaf6b2106c0b!8m2!3d-2.1363071!4d115.3915698!16s%2Fg%2F11njhr3ssy!19sChIJRamAcwCx-i0RC2wQsvbq5n8?authuser=0&hl=id&g_ep=EgoyMDI2MDkxNi4wIJJjKgBIAVAD&rclk=1
1999;POLSEK MUARA HARUS;POLSEK MUARA HARUS, Binturu, Kelua, Tabalong Regency, South Kalimantan 71555;Kalimantan Selatan;Tabalong;Muara Harus;T4 nama file;https://www.google.com/maps/place/POLSEK+MUARA+HARUS/data=!4m7!3m6!1s0x2de54ae14d23520b:0x46a660991faada5a!8m2!3d-2.2459205!4d115.3253662!16s%2Fg%2F11clzgnp0x!19sChIJC1IjTeFK5S0RWtqqH5lgpkY?authuser=0&hl=id&g_ep=EgoyMDI2MDkxNi4wIJJjKgBIAVAD&rclk=1
2003;POLSEK UPAU;Polsek Upau, Pangelak, Upau, Tabalong Regency, South Kalimantan 71575;Kalimantan Selatan;Tabalong;Upau;T4 nama file;https://www.google.com/maps/place/Polsek+Upau/data=!4m7!3m6!1s0x2dfaa62a663d8c93:0xe0e8051bfc7307e0!8m2!3d-2.0753007!4d115.6120478!16s%2Fg%2F11c45tdgk6!19sChIJk4w9Ziqm-i0R4Adz_BsF6OA?authuser=0&hl=id&g_ep=EgoyMDI2MDkxNi4wIJJjKgBIAVAD&rclk=1
2007;SPPG GUNUNGSARI;SPPG Gunungsari, Kp. Panyebrangan, RT.002/RW.001, Gunungsari, Sukanagara, Cianjur Regency, West Java 43264;Kalimantan Selatan;Tanah Bumbu;Kuranji;T4 nama file;https://www.google.com/maps/place/SPPG+Gunungsari/data=!4m7!3m6!1s0x2e685d0040a4d8f3:0x12e1c7efb32a7028!8m2!3d-7.1058436!4d107.1016447!16s%2Fg%2F11zb7rm976!19sChIJ89ikQABdaC4RKHAqs-_H4RI?authuser=0&hl=id&g_ep=EgoyMDI2MDkxNi4wIJJjKgBIAVAD&rclk=1
2033;PUSKESMAS SIMPANG EMPAT;Puskesmas simpang empat, Baroqah, Simpang Empat, Tanah Bumbu Regency, South Kalimantan 72273;Kalimantan Selatan;Tanah Bumbu;Simpang Empat;T4 nama file;https://www.google.com/maps/place/Puskesmas+simpang+empat/data=!4m7!3m6!1s0x2de8b451ab0b0a21:0x74392ad1e47d1994!8m2!3d-3.4102105!4d115.984808!16s%2Fg%2F11bxfv_zv9!19sChIJIQoLq1G06C0RlBl95NEqOXQ?authuser=0&hl=id&g_ep=EgoyMDI2MDkxNi4wIJJjKgBIAVAD&rclk=1
2051;KANTOR CAMAT TAKISUNG;Kantor Camat Takisung, Gn. Makmur, Takisung, Kabupaten Tanah Laut, Kalimantan Selatan 70861;Kalimantan Selatan;Tanah Laut;Takisung;T4 nama file;https://www.google.com/maps/place/Kantor+Camat+Takisung/data=!4m7!3m6!1s0x2de6e44ad03e3d1f:0x83877183043319e6!8m2!3d-3.8865125!4d114.6453327!16s%2Fg%2F11bvz_hhnw!19sChIJHz0-0Erk5i0R5hkzBINxh4M?authuser=0&hl=id&g_ep=EgoyMDI2MDkxNi4wIJJjKgBIAVAD&rclk=1
2057;SPPG TAMBARANGAN 2;Jl. A. Yani No.km 105, Tambarangan, Kec. Tapin Sel., Kabupaten Tapin, Kalimantan Selatan 71181;Kalimantan Selatan;Tapin;Bungur;T4 nama file;https://www.google.com/maps/place/SPPG+TAMBARANGAN+2/data=!4m7!3m6!1s0x2de5bb005a04435f:0x21f78e56361d1bf3!8m2!3d-3.0000936!4d115.1296716!16s%2Fg%2F11zb8fmqzp!19sChIJX0MEWgC75S0R8xsdNlaO9yE?authuser=0&hl=id&g_ep=EgoyMDI2MDkxNi4wIJJjKgBIAVAD&rclk=1
2064;SPPG TAMBARANGAN;SPPG Tambarangan, Tambarangan, Kec. Tapin Sel., Kabupaten Tapin, Kalimantan Selatan 71181;Kalimantan Selatan;Tapin;Bungur;T4 nama file;https://www.google.com/maps/place/SPPG+Tambarangan/data=!4m7!3m6!1s0x2de5bb0037f2728b:0x7a2a3f742b17ad03!8m2!3d-3.00403!4d115.1313212!16s%2Fg%2F11mlv9mj4m!19sChIJi3LyNwC75S0RA60XK3Q_Kno?authuser=0&hl=id&g_ep=EgoyMDI2MDkxNi4wIJJjKgBIAVAD&rclk=1
2070;SATUAN PELAYANAN PEMENUHAN GIZI KALIMANTAN SELATAN-98;71162, Baringin, Candi Laras Selatan, Tapin Regency, South Kalimantan 71162;Kalimantan Selatan;Tapin;Candi Laras Selatan;T4 nama file;https://www.google.com/maps/place/Satuan+Pelayanan+Pemenuhan+Gizi+Kalimantan+Selatan-98/data=!4m7!3m6!1s0x2de5ad0066ab666b:0x4042810d8d80cdd9!8m2!3d-2.893405!4d114.9371986!16s%2Fg%2F11ymkhvm_d!19sChIJa2arZgCt5S0R2c2AjQ2BQkA?authuser=0&hl=id&g_ep=EgoyMDI2MDkxNi4wIJJjKgBIAVAD&rclk=1
2071;SPPG BARINGIN A;SPPG BARINGIN A, Jl. Pelabuhan, RT.01/RW.01, Baringin, Kec. Candi Laras Sel., Kabupaten Tapin, Kalimantan Selatan 71171;Kalimantan Selatan;Tapin;Candi Laras Selatan;T3 alamat fuzzy;https://www.google.com/maps/place/SPPG+BARINGIN+A/data=!4m7!3m6!1s0x2de5ad001957e9bf:0xc5f9e6cce9db6b94!8m2!3d-2.9277232!4d114.939821!16s%2Fg%2F11z7856rr1!19sChIJv-lXGQCt5S0RlGvb6czm-cU?authuser=0&hl=id&g_ep=EgoyMDI2MDkxNi4wIJJjKgBIAVAD&rclk=1
2072;SPPG BARINGIN A;Pasar baru, Margasari - Ma. Muning, RT.01/RW.01, Baringin, Kec. Candi Laras Sel., Rantau, Kalimantan Selatan 71162;Kalimantan Selatan;Tapin;Candi Laras Selatan;T4 nama file;https://www.google.com/maps/place/SPPG+BARINGIN+A/data=!4m7!3m6!1s0x2de5ad006fdcb353:0xf9fc603649579156!8m2!3d-2.8823696!4d114.936941!16s%2Fg%2F11njj568w6!19sChIJU7PcbwCt5S0RVpFXSTZg_Pk?authuser=0&hl=id&g_ep=EgoyMDI2MDkxNi4wIJJjKgBIAVAD&rclk=1
2076;SPPG BARITO SELATAN DUSUN SELATAN SABABILAH;SPPG BARITO SELATAN DUSUN SELATAN SABABILAH, Jl. Soekarno - Hatta, Sababilah, Kec. Dusun Sel., Kabupaten Barito Selatan, Kalimantan Tengah 73713;Kalimantan Tengah;Barito Selatan;Gn. Bintang Awai;T4 nama file;https://www.google.com/maps/place/SPPG+BARITO+SELATAN+DUSUN+SELATAN+SABABILAH/data=!4m7!3m6!1s0x2dfaff000a092cf5:0xa794d3c97e524aca!8m2!3d-1.6915183!4d114.9092218!16s%2Fg%2F11nc74l2nr!19sChIJ9SwJCgD_-i0RykpSfsnTlKc?authuser=0&hl=id&g_ep=EgoyMDI2MDkxNi4wIJJjKgBIAVAD&rclk=1
2077;SPPG BARITO SELATAN DUSUN SELATAN SABABILAH;Jl. Soekarno - Hatta Induk No.01, Sababilah, Kec. Dusun Sel., Kabupaten Barito Selatan, Kalimantan Tengah 73713;Kalimantan Tengah;Barito Selatan;Gn. Bintang Awai;T4 nama file;https://www.google.com/maps/place/SPPG+Barito+Selatan+Dusun+Selatan+Sababilah/data=!4m7!3m6!1s0x2dfaff006e7db0e1:0x379196dd290f842c!8m2!3d-1.6914795!4d114.9092067!16s%2Fg%2F11nc74hnd2!19sChIJ4bB9bgD_-i0RLIQPKd2WkTc?authuser=0&hl=id&g_ep=EgoyMDI2MDkxNi4wIJJjKgBIAVAD&rclk=1
2080;SPPG A GANI BUNTOK05;Jl. A. Gani Gandrung, Buntok Kota, Kec. Dusun Sel., Kabupaten Barito Selatan, Kalimantan Tengah 73751;Kalimantan Tengah;Barito Selatan;Dusun Selatan;T4 nama file;https://www.google.com/maps/place/SPPG+A+GANI+BUNTOK05/data=!4m7!3m6!1s0x2dfb01005c54d951:0xb47c9b3c266fd69d!8m2!3d-1.7141477!4d114.8464569!16s%2Fg%2F11yyctxv4r!19sChIJUdlUXAAB-y0RndZvJjybfLQ?authuser=0&hl=id&g_ep=EgoyMDI2MDkxNi4wIJJjKgBIAVAD&rclk=1
2081;SPPG HILIR SEPER 1;SPPG HILIR SEPER 1, Jl. Pelita Raya, Buntok Kota, Kec. Dusun Sel., Kabupaten Barito Selatan, Kalimantan Tengah 73751;Kalimantan Tengah;Barito Selatan;Dusun Selatan;T4 nama file;https://www.google.com/maps/place/SPPG+HILIR+SEPER+1/data=!4m7!3m6!1s0x2dfb0100608cc619:0xce6cf3fc6dc38088!8m2!3d-1.7204972!4d114.841897!16s%2Fg%2F11ynz_zq47!19sChIJGcaMYAAB-y0RiIDDbfzzbM4?authuser=0&hl=id&g_ep=EgoyMDI2MDkxNi4wIJJjKgBIAVAD&rclk=1
2082;SPPG 5 HILIR SPER DUSUN SELATAN;SPPG 5 HILIR SPER DUSUN SELATAN, Hilir Sper, South Dusun, South Barito Regency, Central Kalimantan 73751;Kalimantan Tengah;Barito Selatan;Dusun Selatan;T4 nama file;https://www.google.com/maps/place/SPPG+5+HILIR+SPER+DUSUN+SELATAN/data=!4m7!3m6!1s0x2dfb0100507b311b:0x3ef5ffd6e33a9267!8m2!3d-1.724897!4d114.8303487!16s%2Fg%2F11mkf65dwx!19sChIJGzF7UAAB-y0RZ5I649b_9T4?authuser=0&hl=id&g_ep=EgoyMDI2MDkxNi4wIJJjKgBIAVAD&rclk=1
2084;SPPG BARITO TIMUR DUSUN TIMUR TAMIANG LAYANG;SPPG Barito Timur Dusun Timur Tamiang Layang, Jl. Ps. Panas - Tamiang Layang, Tamiang Layang, Kec. Dusun Tim., Kabupaten Barito Timur, Kalimantan Tengah 73671;Kalimantan Tengah;Barito Timur;Dusun Timur;T3 alamat fuzzy;https://www.google.com/maps/place/SPPG+Barito+Timur+Dusun+Timur+Tamiang+Layang/data=!4m7!3m6!1s0x2dfacf0025e3f6c3:0x4501633f671c3c8a!8m2!3d-2.1183641!4d115.1725055!16s%2Fg%2F11njd8s1x6!19sChIJw_bjJQDP-i0RijwcZz9jAUU?authuser=0&hl=id&g_ep=EgoyMDI2MDkxNi4wIJJjKgBIAVAD&rclk=1
2085;SPPG POLRES BARTIM;SPPG POLRES BARTIM, Sumur, Kec. Dusun Tim., Kabupaten Barito Timur, Kalimantan Tengah 73681;Kalimantan Tengah;Barito Timur;Dusun Timur;T3 alamat fuzzy;https://www.google.com/maps/place/SPPG+POLRES+BARTIM/data=!4m7!3m6!1s0x2dfac5005d58dd09:0xe3f8f2d11840e592!8m2!3d-2.0668169!4d115.1375588!16s%2Fg%2F11xrn1181r!19sChIJCd1YXQDF-i0RkuVAGNHy-OM?authuser=0&hl=id&g_ep=EgoyMDI2MDkxNi4wIJJjKgBIAVAD&rclk=1
2086;SPPG DUSUN TIMUR, MATABU;SPPG DUSUN TIMUR, MATABU, Jl. Ahmad Yani, RT.03/RW.01, Jaar, Kec. Dusun Tim., Kabupaten Barito Timur, Kalimantan Tengah 73671;Kalimantan Tengah;Barito Timur;Dusun Timur;T3 alamat fuzzy;https://www.google.com/maps/place/SPPG+DUSUN+TIMUR,+MATABU/data=!4m7!3m6!1s0x2dfac900240785c3:0xdf2a9273276b37e3!8m2!3d-2.1307619!4d115.1916561!16s%2Fg%2F11z73z3f96!19sChIJw4UHJADJ-i0R4zdrJ3OSKt8?authuser=0&hl=id&g_ep=EgoyMDI2MDkxNi4wIJJjKgBIAVAD&rclk=1
2091;SPPG BENUA LIMA BARITO TIMUR;Jl. A. Yani, Jaar, Taniran, Barito Timur, Kabupaten Barito Timur, Kalimantan Tengah 73617;Kalimantan Tengah;Barito Timur;Dusun Timur;T4 nama file;https://www.google.com/maps/place/SPPG+Benua+Lima+Barito+Timur/data=!4m7!3m6!1s0x2dfacb00569eb9b5:0xe62a7612ec822caa!8m2!3d-2.1695497!4d115.2232892!16s%2Fg%2F11z73zzn42!19sChIJtbmeVgDL-i0RqiyC7BJ2KuY?authuser=0&hl=id&g_ep=EgoyMDI2MDkxNi4wIJJjKgBIAVAD&rclk=1
2092;SPPG BARITO UTARA TEWEH TENGAH LANJAS;Taman Rekreasi Remaja, Jl. Pesona 2, Lanjas, Central Teweh, North Barito Regency, Central Kalimantan 73814;Kalimantan Tengah;Barito Utara;Teweh Selatan;T4 nama file;https://www.google.com/maps/place/SPPG+BARITO+UTARA+TEWEH+TENGAH+LANJAS/data=!4m7!3m6!1s0x2df9770025605785:0x1e3f39e17446984c!8m2!3d-0.9425196!4d114.8915431!16s%2Fg%2F11yvc_m2b8!19sChIJhVdgJQB3-S0RTJhGdOE5Px4?authuser=0&hl=id&g_ep=EgoyMDI2MDkxNi4wIJJjKgBIAVAD&rclk=1
2093;SPPG BARITO UTARA TEWEH TENGAH MELAYU;SPPG BARITO UTARA TEWEH TENGAH MELAYU, Melayu, Central Teweh, North Barito Regency, Central Kalimantan 73814;Kalimantan Tengah;Barito Utara;Teweh Selatan;T4 nama file;https://www.google.com/maps/place/SPPG+BARITO+UTARA+TEWEH+TENGAH+MELAYU/data=!4m7!3m6!1s0x2df977004736dbdd:0x9b77250e2aa02bab!8m2!3d-0.9548082!4d114.9037865!16s%2Fg%2F11y_zh1nbs!19sChIJ3ds2RwB3-S0RqyugKg4ld5s?authuser=0&hl=id&g_ep=EgoyMDI2MDkxNi4wIJJjKgBIAVAD&rclk=1
2095;SPPG BARITO UTARA TEWEH TENGAH MELAYU 2;SPPG BARITO UTARA TEWEH TENGAH MELAYU 2, Jalan Lintas Kalimantan, Palangka, Central Teweh, Palangka Raya City, Central Kalimantan 73814;Kalimantan Tengah;Barito Utara;Teweh Selatan;T4 nama file;https://www.google.com/maps/place/SPPG+BARITO+UTARA+TEWEH+TENGAH+MELAYU+2/data=!4m7!3m6!1s0x2df99d003d9164f3:0x4ef49d0926a9cc23!8m2!3d-0.9390734!4d114.9056937!16s%2Fg%2F11z73vkgf1!19sChIJ82SRPQCd-S0RI8ypJgmd9E4?authuser=0&hl=id&g_ep=EgoyMDI2MDkxNi4wIJJjKgBIAVAD&rclk=1
2096;SPPG BARITO UTARA TEWEH TENGAH LANJAS 3;Jl. Taman Remaja, Lanjas, Central Teweh, North Barito Regency, Central Kalimantan 73814;Kalimantan Tengah;Barito Utara;Teweh Selatan;T4 nama file;https://www.google.com/maps/place/SPPG+BARITO+UTARA+TEWEH+TENGAH+LANJAS+3/data=!4m7!3m6!1s0x2df977004668a2b5:0x6b7ebe59f7e28e49!8m2!3d-0.9434213!4d114.893352!16s%2Fg%2F11zb4c66hf!19sChIJtaJoRgB3-S0RSY7i91m-fms?authuser=0&hl=id&g_ep=EgoyMDI2MDkxNi4wIJJjKgBIAVAD&rclk=1
2110;SPPG GUNUNGGURUH;SPPG GUNUNGGURUH, Jl. Pajajaran, RT.43/RW.09, CIKARANG, Kec. Gn. Guruh, Kabupaten Sukabumi, Jawa Barat 43156;Kalimantan Tengah;Gunung Mas;Kurun;T4 nama file;https://www.google.com/maps/place/SPPG+GUNUNGGURUH/data=!4m7!3m6!1s0x2e6839007ff74e89:0x5ec7a2b002b92e88!8m2!3d-6.9551125!4d106.9028065!16s%2Fg%2F11yqqqyh_t!19sChIJiU73fwA5aC4RiC65ArCix14?authuser=0&hl=id&g_ep=EgoyMDI2MDkxNi4wIJJjKgBIAVAD&rclk=1
2113;MIRI MANASA;Kabupaten Gunung MAS, Kalimantan Tengah;Kalimantan Tengah;Gunung Mas;Miri Manasa;T4 nama file;https://www.google.com/maps/place/Miri+Manasa/data=!4m7!3m6!1s0x2dfee2c6b9fd4563:0x9f8a09c1f677910f!8m2!3d-0.5858075!4d113.6204644!16s%2Fg%2F122gwqlr!19sChIJY0X9ucbi_i0RD5F39sEJip8?authuser=0&hl=id&g_ep=EgoyMDI2MDkxNi4wIJJjKgBIAVAD&rclk=1
2117;SPPG KAPUAS KAPUAS TIMUR ANJIR MAMBULAU BARAT;SPPG KAPUAS KAPUAS TIMUR ANJIR MAMBULAU BARAT, Anjir Mambulau Bar., Kec. Kapuas Tim., Kabupaten Kapuas, Kalimantan Tengah 73583;Kalimantan Tengah;Kapuas;Kapuas Timur;T3 alamat fuzzy;https://www.google.com/maps/place/SPPG+KAPUAS+KAPUAS+TIMUR+ANJIR+MAMBULAU+BARAT/data=!4m7!3m6!1s0x2de46f0023ba1547:0x42c990b6a23f45f0!8m2!3d-3.0410575!4d114.406023!16s%2Fg%2F11zb56v85f!19sChIJRxW6IwBv5C0R8EU_oraQyUI?authuser=0&hl=id&g_ep=EgoyMDI2MDkxNi4wIJJjKgBIAVAD&rclk=1
2119;KEC. BASARANG;Kabupaten Kapuas, Kalimantan Tengah;Kalimantan Tengah;Kapuas;Basarang;T4 nama file;https://www.google.com/maps/place/Kec.+Basarang/data=!4m7!3m6!1s0x2de47a90e5c7ee41:0xa64c60e410523cc2!8m2!3d-2.9484067!4d114.301809!16s%2Fg%2F122qyk1f!19sChIJQe7H5ZB65C0RwjxSEORgTKY?authuser=0&hl=id&g_ep=EgoyMDI2MDkxNi4wIJJjKgBIAVAD&rclk=1
2125;SPPG KAPUAS KAPUAS BARAT,MANDOMAI;SPPG KAPUAS Kapuas Barat,mandomai, Mandomai, Kec. Kapuas Bar., Kabupaten Kapuas, Kalimantan Tengah 73564;Kalimantan Tengah;Kapuas;Kapuas Barat;T3 alamat fuzzy;https://www.google.com/maps/place/SPPG+KAPUAS+Kapuas+Barat,mandomai/@-2.8168654,114.3532619,17z/data=!3m1!4b1!4m6!3m5!1s0x2de4890060621395:0x4171ac556d82c177!8m2!3d-2.8168654!4d114.3532619!16s%2Fg%2F11njzh44lk?hl=id&entry=ttu&g_ep=EgoyMDI2MDkxNi4wIKXMDSoASAFQAw%3D%3D
2127;SPPG ANJIR MAMBULAU TIMUR (KAPUAS TIMUR 03);SPPG Anjir Mambulau Timur (Kapuas Timur 03), Anjir Mambulau Tim., Kec. Kapuas Tim., Kabupaten Kapuas, Kalimantan Tengah 73583;Kalimantan Tengah;Kapuas;Kapuas Timur;T3 alamat fuzzy;https://www.google.com/maps/place/SPPG+Anjir+Mambulau+Timur+%28Kapuas+Timur+03%29/data=!4m7!3m6!1s0x2de46b0032e311e3:0xca95522746c2cf4e!8m2!3d-3.06935!4d114.43281!16s%2Fg%2F11z77gbhy8!19sChIJ4xHjMgBr5C0RTs_CRidSlco?authuser=0&hl=id&g_ep=EgoyMDI2MDkxNi4wIJJjKgBIAVAD&rclk=1
2130;DAPUR SPPG LEMBASUNG;Dapur sppg lembasung, Sei Pinang, Mandau Talawang, Kabupaten Kapuas, Kalimantan Tengah 74511;Kalimantan Tengah;Kapuas;Mandau Talawang;T4 nama file;https://www.google.com/maps/place/Dapur+sppg+lembasung/data=!4m7!3m6!1s0x2dfec7006032faff:0x106a802daa22a29f!8m2!3d-0.789275!4d113.921327!16s%2Fg%2F11mz8nf3sp!19sChIJ__oyYADH_i0Rn6Iiqi2AahA?authuser=0&hl=id&g_ep=EgoyMDI2MDkxNi4wIJJjKgBIAVAD&rclk=1
2131;SPPG WAKATOBI BINONGKO MAKORO;SPPG Wakatobi Binongko Makoro, Sei Pinang, Mandau Talawang, Kabupaten Kapuas, Kalimantan Tengah 74511;Kalimantan Tengah;Kapuas;Mandau Talawang;T4 nama file;https://www.google.com/maps/place/SPPG+Wakatobi+Binongko+Makoro/data=!4m7!3m6!1s0x2dfec7001969b61f:0xa8b100e1eff9cc14!8m2!3d-0.789275!4d113.921327!16s%2Fg%2F11njmjk18f!19sChIJH7ZpGQDH_i0RFMz57-EAsag?authuser=0&hl=id&g_ep=EgoyMDI2MDkxNi4wIJJjKgBIAVAD&rclk=1
2132;KEC. DADAHUP;Kabupaten Kapuas, Kalimantan Tengah;Kalimantan Tengah;Kapuas;Dadahup;T4 nama file;https://www.google.com/maps/place/Kec.+Dadahup/data=!4m7!3m6!1s0x2de4ee96a5693f6f:0xfb9ecedcf5e25d25!8m2!3d-2.6588741!4d114.6018595!16s%2Fg%2F1hc0g_h9l!19sChIJbz9ppZbu5C0RJV3i9dzOnvs?authuser=0&hl=id&g_ep=EgoyMDI2MDkxNi4wIJJjKgBIAVAD&rclk=1
2135;KEC. PASAK TALAWANG;Kabupaten Kapuas, Kalimantan Tengah;Kalimantan Tengah;Kapuas;Pasak Talawang;T4 nama file;https://www.google.com/maps/place/Kec.+Pasak+Talawang,+Kabupaten+Kapuas,+Kalimantan+Tengah/@-1.0306415,114.1403495,11z/data=!3m1!4b1!4m6!3m5!1s0x2dfeaaad1fedf8f9:0xce9082c202b89358!8m2!3d-1.0852487!4d114.1408371!16s%2Fg%2F1hc0hjr79?hl=id&entry=ttu&g_ep=EgoyMDI2MDkxNi4wIKXMDSoASAFQAw%3D%3D
2144;SPPG KOTA PALANGKA RAYA BUKIT BATU TANGKILING;Jl. Bukit Tunggal No.04, Bukit Tunggal, Tangkiling, Kec. Bukit Batu, Kota Palangka Raya, Kalimantan Tengah 73221;Kalimantan Tengah;Katingan;Kamipang;T4 nama file;https://www.google.com/maps/place/SPPG+KOTA+PALANGKA+RAYA+BUKIT+BATU+TANGKILING/data=!4m7!3m6!1s0x2dfcc10040517f8b:0xa2525176979ba83e!8m2!3d-1.9758185!4d113.7439635!16s%2Fg%2F11z73wbddz!19sChIJi39RQADB_C0RPqibl3ZRUqI?authuser=0&hl=id&g_ep=EgoyMDI2MDkxNi4wIJJjKgBIAVAD&rclk=1
2169;SPPG KOTA PALANGKA RAYA SABANGAU KALAMPANGAN 2;Jl. Trans Kalimantan, Kalampangan, Sebangau, Palangka Raya City, Central Kalimantan 74874;Kalimantan Tengah;Kota Palangkaraya;Sabangau;T4 nama file;https://www.google.com/maps/place/SPPG+Kota+Palangka+Raya+Sabangau+Kalampangan+2/data=!4m7!3m6!1s0x2de353b0e95fe223:0xdaef141a69fdac7b!8m2!3d-2.2809315!4d114.0127024!16s%2Fg%2F11zf0lhv46!19sChIJI-Jf6bBT4y0Re6z9aRoU79o?authuser=0&hl=id&g_ep=EgoyMDI2MDkxNi4wIJJjKgBIAVAD&rclk=1
2182;SPPG KOTAWARINGIN BARAT ARUT SELATAN KUMPAI BATU ATAS;SPPG KOTAWARINGIN BARAT ARUT SELATAN KUMPAI BATU ATAS, Kumpai Batu Atas, Kec. Arut Sel., Kabupaten Kotawaringin Barat, Kalimantan Tengah 74181;Kalimantan Tengah;Kotawaringin Barat;Arut Selatan;T4 nama file;https://www.google.com/maps/place/SPPG+KOTAWARINGIN+BARAT+ARUT+SELATAN+KUMPAI+BATU+ATAS/data=!4m7!3m6!1s0x2e08e50039d6b161:0xa2bfe08954966033!8m2!3d-2.7672656!4d111.5902762!16s%2Fg%2F11zb82gwp7!19sChIJYbHWOQDlCC4RM2CWVIngv6I?authuser=0&hl=id&g_ep=EgoyMDI2MDkxNi4wIJJjKgBIAVAD&rclk=1
2183;SPPG 1 KECAMATAN ARUT SELATAN;Jl. Malijo, Madurejo, South Arut, West Kotawaringin Regency, Central Kalimantan 74181;Kalimantan Tengah;Kotawaringin Barat;Arut Selatan;T4 nama file;https://www.google.com/maps/place/SPPG+1+KECAMATAN+ARUT+SELATAN/data=!4m7!3m6!1s0x2e0893002c095bf7:0x1ea3234e49505567!8m2!3d-2.7064586!4d111.6480438!16s%2Fg%2F11zk2fgnhx!19sChIJ91sJLACTCC4RZ1VQSU4jox4?authuser=0&hl=id&g_ep=EgoyMDI2MDkxNi4wIJJjKgBIAVAD&rclk=1
2184;SPPG KOTAWARINGIN BARAT ARUT SELATAN BARU;SPPG KOTAWARINGIN BARAT ARUT SELATAN BARU, Jl. Matnor, Baru, Kec. Arut Sel., Kabupaten Kotawaringin Barat, Kalimantan Tengah 74112;Kalimantan Tengah;Kotawaringin Barat;Arut Selatan;T4 nama file;https://www.google.com/maps/place/SPPG+KOTAWARINGIN+BARAT+ARUT+SELATAN+BARU/data=!4m7!3m6!1s0x2e08ef001abfbef7:0xb6b4f63d391670f3!8m2!3d-2.6732574!4d111.6485397!16s%2Fg%2F11z74bhn5c!19sChIJ976_GgDvCC4R83AWOT32tLY?authuser=0&hl=id&g_ep=EgoyMDI2MDkxNi4wIJJjKgBIAVAD&rclk=1
2185;SPPG ARUT SELATAN SIDOREJO;Jl. Rambutan GG Asam Bubuk No.2, Sidorejo, Kec. Arut Sel., Kabupaten Kotawaringin Barat, Kalimantan Tengah 74111;Kalimantan Tengah;Kotawaringin Barat;Arut Selatan;T4 nama file;https://www.google.com/maps/place/SPPG+ARUT+SELATAN+SIDOREJO/data=!4m7!3m6!1s0x2e08ef0018d68581:0xc5546834284bed08!8m2!3d-2.6794679!4d111.644003!16s%2Fg%2F11z74skh46!19sChIJgYXWGADvCC4RCO1LKDRoVMU?authuser=0&hl=id&g_ep=EgoyMDI2MDkxNi4wIJJjKgBIAVAD&rclk=1
2186;SPPG AL AZHAR KOBAR 1;SPPG AL AZHAR KOBAR 1, Pasir Panjang, Kec. Arut Sel., Kabupaten Kotawaringin Barat, Kalimantan Tengah 74181;Kalimantan Tengah;Kotawaringin Barat;Kotawaringin Lama;T4 nama file;https://www.google.com/maps/place/SPPG+AL+AZHAR+KOBAR+1/data=!4m7!3m6!1s0x2e08ef0028a7d859:0x9cbbd0d0c3032936!8m2!3d-2.7261072!4d111.6271482!16s%2Fg%2F11ykw9zmqd!19sChIJWdinKADvCC4RNikDw9DQu5w?authuser=0&hl=id&g_ep=EgoyMDI2MDkxNi4wIJJjKgBIAVAD&rclk=1
2187;SPPG MUHAMMADIYAH MENDAWAI;Jl. Jenderal Sudirman, Sidorejo, South Arut, West Kotawaringin Regency, Central Kalimantan 74112;Kalimantan Tengah;Kotawaringin Barat;Kotawaringin Lama;T4 nama file;https://www.google.com/maps/place/SPPG+Muhammadiyah+Mendawai/data=!4m7!3m6!1s0x22ac593da9e40583:0x581805b432a5b836!8m2!3d-2.7016085!4d111.6134669!16s%2Fg%2F11njdytdsz!19sChIJgwXkqT1ZrCIRNrilMrQFGFg?authuser=0&hl=id&g_ep=EgoyMDI2MDkxNi4wIJJjKgBIAVAD&rclk=1
2188;SPPG KOBAR ARSEL SIDOREJO 2;Jl. Jenderal Sudirman, Sidorejo, Kec. Arut Sel., Kabupaten Kotawaringin Barat, Kalimantan Tengah 74112;Kalimantan Tengah;Kotawaringin Barat;Kotawaringin Lama;T4 nama file;https://www.google.com/maps/place/SPPG+KOBAR+ARSEL+SIDOREJO+2/data=!4m7!3m6!1s0x627a785c2647f85b:0x7756fe7ede928deb!8m2!3d-2.6921141!4d111.6194904!16s%2Fg%2F11zb709fqj!19sChIJW_hHJlx4emIR642S3n7-Vnc?authuser=0&hl=id&g_ep=EgoyMDI2MDkxNi4wIJJjKgBIAVAD&rclk=1
2189;SPPG KOBAR MADUREJO;Jl. Ahmad Wongso No.89, SPPG, Madurejo, Kec. Arut Sel., Kabupaten Kotawaringin Barat, Kalimantan Tengah 74117;Kalimantan Tengah;Kotawaringin Barat;Kotawaringin Lama;T4 nama file;https://www.google.com/maps/place/SPPG+KOBAR+MADUREJO/data=!4m7!3m6!1s0x2e08ef005f0b499b:0xb4b1f432b2351487!8m2!3d-2.699083!4d111.630861!16s%2Fg%2F11z71m4zh_!19sChIJm0kLXwDvCC4RhxQ1sjL0sbQ?authuser=0&hl=id&g_ep=EgoyMDI2MDkxNi4wIJJjKgBIAVAD&rclk=1
2190;SPPG KOBAR ARSEL PASIR PANJANG 2;SPPG KOBAR ARSEL PASIR PANJANG 2, Madurejo, Kec. Arut Sel., Kabupaten Kotawaringin Barat, Kalimantan Tengah 74181;Kalimantan Tengah;Kotawaringin Barat;Kotawaringin Lama;T4 nama file;https://www.google.com/maps/place/SPPG+KOBAR+ARSEL+PASIR+PANJANG+2/data=!4m7!3m6!1s0x2e08ef0043735c35:0x7feb496f2f50c826!8m2!3d-2.7201936!4d111.6413026!16s%2Fg%2F11njgs3fjt!19sChIJNVxzQwDvCC4RJshQL29J638?authuser=0&hl=id&g_ep=EgoyMDI2MDkxNi4wIJJjKgBIAVAD&rclk=1
2193;SPPG SUNGAI KAPITAN;Jl. Padat Karya No.1, kapitan, Kumai, West Kotawaringin Regency, Central Kalimantan 74181;Kalimantan Tengah;Kotawaringin Barat;Kumai;T4 nama file;https://www.google.com/maps/place/SPPG+SUNGAI+KAPITAN/data=!4m7!3m6!1s0x2e08fb0053bd6def:0xc869f2a91c6228d8!8m2!3d-2.7481918!4d111.6997683!16s%2Fg%2F11z131wryb!19sChIJ7229UwD7CC4R2ChiHKnyacg?authuser=0&hl=id&g_ep=EgoyMDI2MDkxNi4wIJJjKgBIAVAD&rclk=1
2194;TUALAN HULU;Kabupaten Kotawaringin Timur, Kalimantan Tengah;Kalimantan Tengah;Kotawaringin Timur;Tualan Hulu;T4 nama file;https://www.google.com/maps/place/Tualan+Hulu/data=!4m7!3m6!1s0x2dfd82bee9aa2e6f:0x22f4975617240f03!8m2!3d-1.6650603!4d112.8721979!16s%2Fg%2F112yfv125!19sChIJby6q6b6C_S0RAw8kF1aX9CI?authuser=0&hl=id&g_ep=EgoyMDI2MDkxNi4wIJJjKgBIAVAD&rclk=1
2198;SPPG YAYASAN KEMALA BHAYANGKARI CABANG KOTIM;;Kalimantan Tengah;Kotawaringin Timur;Telawang;T4 nama file;https://www.google.com/maps/place/SPPG+YAYASAN+KEMALA+BHAYANGKARI+CABANG+KOTIM/data=!4m7!3m6!1s0x27c45ff53bb28a67:0xf515dbfc4e536280!8m2!3d-2.4766335!4d112.7640526!16s%2Fg%2F11xnpk1hby!19sChIJZ4qyO_VfxCcRgGJTTvzbFfU?authuser=0&hl=id&g_ep=EgoyMDI2MDkxNi4wIJJjKgBIAVAD&rclk=1
2206;KEC. BUKIT SANTUAI;Kabupaten Kotawaringin Timur, Kalimantan Tengah;Kalimantan Tengah;Kotawaringin Timur;Bukit Santuai;T4 nama file;https://www.google.com/maps/place/Kec.+Bukit+Santuai/data=!4m7!3m6!1s0x2e079ef741b79629:0x78deedce7359c7b9!8m2!3d-1.7311998!4d112.28609!16s%2Fg%2F1q5hz92q9!19sChIJKZa3QfeeBy4RucdZc87t3ng?authuser=0&hl=id&g_ep=EgoyMDI2MDkxNi4wIJJjKgBIAVAD&rclk=1
2209;KEC. MENTAYA HILIR SELATA;Kabupaten Kotawaringin Timur, Kalimantan Tengah;Kalimantan Tengah;Kotawaringin Timur;Mentaya Hilir Selatan;T4 nama file;https://www.google.com/maps/place/Kec.+Mentaya+Hilir+Selata/data=!4m7!3m6!1s0x2de2621e1c04f945:0x1fd44e608632f986!8m2!3d-2.8828631!4d112.9614816!16s%2Fg%2F1223qm8s!19sChIJRfkEHB5i4i0RhvkyhmBO1B8?authuser=0&hl=id&g_ep=EgoyMDI2MDkxNi4wIJJjKgBIAVAD&rclk=1
2210;KEC. BAAMANG;Kabupaten Kotawaringin Timur, Kalimantan Tengah;Kalimantan Tengah;Kotawaringin Timur;Baamang;T4 nama file;https://www.google.com/maps/place/Kec.+Baamang/data=!4m7!3m6!1s0x2de2a489c93a1551:0x5bed28f092219ee0!8m2!3d-2.5322896!4d112.9555452!16s%2Fg%2F121yb497!19sChIJURU6yYmk4i0R4J4hkvAo7Vs?authuser=0&hl=id&g_ep=EgoyMDI2MDkxNi4wIJJjKgBIAVAD&rclk=1
2216;MAKO DITPOLAIRUD POLDA KALTENG;Mako Ditpolairud Polda Kalteng, Bapeang, Mentawa Baru Ketapang, East Kotawaringin Regency, Central Kalimantan 74326;Kalimantan Tengah;Kotawaringin Timur;Kota Besi;T4 nama file;https://www.google.com/maps/place/Mako+Ditpolairud+Polda+Kalteng/data=!4m7!3m6!1s0x2de293137330b703:0xb1d02967917d0fd0!8m2!3d-2.6519444!4d112.9699341!16s%2Fg%2F11bwfj6vqm!19sChIJA7cwcxOT4i0R0A99kWcp0LE?authuser=0&hl=id&g_ep=EgoyMDI2MDkxNi4wIJJjKgBIAVAD&rclk=1
2217;KEC. CEMPAGA;Kabupaten Kotawaringin Timur, Kalimantan Tengah;Kalimantan Tengah;Kotawaringin Timur;Cempaga;T4 nama file;https://www.google.com/maps/place/Kec.+Cempaga/data=!4m7!3m6!1s0x2dfd354bbc885a13:0x127e49df1da5e79b!8m2!3d-2.3289853!4d113.0146181!16s%2Fg%2F120j3m8y!19sChIJE1qIvEs1_S0Rm-elHd9JfhI?authuser=0&hl=id&g_ep=EgoyMDI2MDkxNi4wIJJjKgBIAVAD&rclk=1
2222;DPMPTSP KABUPATEN LAMANDAU;Jl. Batu Batanggui No.39, Nanga Bulik, Bulik, Lamandau Regency, Central Kalimantan 74662;Kalimantan Tengah;Lamandau;Lamandau;T4 nama file;https://www.google.com/maps/place/DPMPTSP+Kabupaten+Lamandau/data=!4m7!3m6!1s0x83081a4b4027afd3:0xcfe52bff977fdd29!8m2!3d-2.1836048!4d111.4535489!16s%2Fg%2F11ltgk9t7z!19sChIJ068nQEsaCIMRKd1_l_8r5c8?authuser=0&hl=id&g_ep=EgoyMDI2MDkxNi4wIJJjKgBIAVAD&rclk=1
2225;KEC. BATANG KAWA;Kabupaten Lamandau, Kalimantan Tengah;Kalimantan Tengah;Lamandau;Batang Kawa;T4 nama file;https://www.google.com/maps/place/Kec.+Batang+Kawa/data=!4m7!3m6!1s0x2e068443b3fc293b:0xe8b431fe7a826c3!8m2!3d-1.6494816!4d111.2649174!16s%2Fg%2F120hhsql!19sChIJOyn8s0OEBi4Rwyao5x9Diw4?authuser=0&hl=id&g_ep=EgoyMDI2MDkxNi4wIJJjKgBIAVAD&rclk=1
2226;SPPG SUNGAI LUNUK;SPPG Sungai Lunuk, Jl. Kolonel Untung Surapati, Lunuk River, Tanah Siang, Murung Raya Regency, Central Kalimantan 73911;Kalimantan Tengah;Murung Raya;Tanah Siang Selatan;T4 nama file;https://www.google.com/maps/place/SPPG+Sungai+Lunuk/data=!4m7!3m6!1s0x2df919007adf8a25:0xb53807e3c2ecbe41!8m2!3d-0.6257328!4d114.539709!16s%2Fg%2F11zf1f592h!19sChIJJYrfegAZ-S0RQb7swuMHOLU?authuser=0&hl=id&g_ep=EgoyMDI2MDkxNi4wIJJjKgBIAVAD&rclk=1
2227;SPPG CIDADAP HEGARMANAH 2;Jl. Budisari VII No.17, Hegarmanah, Kec. Cidadap, Kota Bandung, Jawa Barat 40141;Kalimantan Tengah;Murung Raya;Tanah Siang Selatan;T4 nama file;https://www.google.com/maps/place/SPPG+Cidadap+Hegarmanah+2/data=!4m7!3m6!1s0x2e68e7001711d9d9:0x42d0166a446b0cdd!8m2!3d-6.8734481!4d107.5972836!16s%2Fg%2F11z727tdsy!19sChIJ2dkRFwDnaC4R3QxrRGoW0EI?authuser=0&hl=id&g_ep=EgoyMDI2MDkxNi4wIJJjKgBIAVAD&rclk=1
2231;LOKASI SPPG;Lokasi SPPG, Jl. Hidayatullah, Tanjung Perawan, Kahayan Kuala, Pulang Pisau Regency, Central Kalimantan 74872;Kalimantan Tengah;Pulang Pisau;Kahayan Kuala;T4 nama file;https://www.google.com/maps/place/Lokasi+SPPG/@-3.2433304,114.0955003,17z/data=!3m1!4b1!4m6!3m5!1s0x2de3f70010836e0f:0x3f3ec2e4d28ba05!8m2!3d-3.2433304!4d114.0955003!16s%2Fg%2F11ywkgk9lw?hl=id&entry=ttu&g_ep=EgoyMDI2MDkxNi4wIKXMDSoASAFQAw%3D%3D
2237;SPPG MAJAPAHIT;SPPG Majapahit, Kalampangan, Kec. Sebangau, Kota Palangka Raya, Kalimantan Tengah 74874;Kalimantan Tengah;Pulang Pisau;Sebangau Kuala;T4 nama file;https://www.google.com/maps/place/SPPG+Majapahit/data=!4m7!3m6!1s0x2de3530019738de3:0xd803bc1388edd1d!8m2!3d-2.2812694!4d114.0169793!16s%2Fg%2F11ym1051qn!19sChIJ441zGQBT4y0RHd2OOME7gA0?authuser=0&hl=id&g_ep=EgoyMDI2MDkxNi4wIJJjKgBIAVAD&rclk=1
2244;SPPG SERUYAN HILIR TIMUR SUNGAI BAKAU;SPPG Seruyan Hilir Timur Sungai Bakau, Jl. Pematang Panjang Pal. 6, Sungai Bakau, Seruyan Hilir, Kabupaten Seruyan, Kalimantan Tengah 74215;Kalimantan Tengah;Seruyan;Seruyan Tengah;T4 nama file;https://www.google.com/maps/place/SPPG+Seruyan+Hilir+Timur+Sungai+Bakau/data=!4m7!3m6!1s0x2de2070002bc039d:0x75bf9a95160937d2!8m2!3d-3.3654086!4d112.6443783!16s%2Fg%2F11y049_b6x!19sChIJnQO8AgAH4i0R0jcJFpWav3U?authuser=0&hl=id&g_ep=EgoyMDI2MDkxNi4wIJJjKgBIAVAD&rclk=1
2246;KEC. SULING TAMBUN;Kabupaten Seruyan, Kalimantan Tengah;Kalimantan Tengah;Seruyan;Suling Tambun;T4 nama file;https://www.google.com/maps/place/Kec.+Suling+Tambun,+Kabupaten+Seruyan,+Kalimantan+Tengah/@-1.3007295,111.6134754,11z/data=!3m1!4b1!4m6!3m5!1s0x2e06cf7e13771ae9:0xc96f750c228be993!8m2!3d-1.3060428!4d111.6183755!16s%2Fg%2F121qg3k_?hl=id&entry=ttu&g_ep=EgoyMDI2MDkxNi4wIKXMDSoASAFQAw%3D%3D
2249;SPPG SUKAMARA NATAI SEDAWAK;SPPG SUKAMARA NATAI SEDAWAK, Natai Sedawak, Sukamara, Sukamara Regency, Central Kalimantan 74171;Kalimantan Tengah;Sukamara;Sukamara;T4 nama file;https://www.google.com/maps/place/SPPG+SUKAMARA+NATAI+SEDAWAK/data=!4m7!3m6!1s0x2e08d3003ea8594b:0x4adfabedfdfa8cc3!8m2!3d-2.748502!4d111.169577!16s%2Fg%2F11zb4d9twd!19sChIJS1moPgDTCC4Rw4z6_e2r30o?authuser=0&hl=id&g_ep=EgoyMDI2MDkxNi4wIJJjKgBIAVAD&rclk=1
2252;SPPG SALAKARIA;SPPG SALAKARIA, Dusun Girang, RT.07/RW.03, Salakaria, Kec. Sukadana, Prov, Jawa Barat 46272;Kalimantan Tengah;Sukamara;Jelai;T4 nama file;https://www.google.com/maps/place/SPPG+SALAKARIA/data=!4m7!3m6!1s0x2e6f5d0036d0c963:0x189d0bffeb73ffa9!8m2!3d-7.2700057!4d108.419886!16s%2Fg%2F11n44nsk16!19sChIJY8nQNgBdby4Rqf9z6_8LnRg?authuser=0&hl=id&g_ep=EgoyMDI2MDkxNi4wIJJjKgBIAVAD&rclk=1
2253;SPPG CITARUM;Jl. Seram No.3, Citarum, Bandung Wetan, Bandung City, West Java 40115;Kalimantan Tengah;Sukamara;Jelai;T4 nama file;https://www.google.com/maps/place/SPPG+CITARUM/data=!4m7!3m6!1s0x2e68e7e786b2d7ff:0x18680e163da18969!8m2!3d-6.9080132!4d107.6129879!16s%2Fg%2F11z66gzrq3!19sChIJ_9eyhufnaC4RaYmhPRYOaBg?authuser=0&hl=id&g_ep=EgoyMDI2MDkxNi4wIJJjKgBIAVAD&rclk=1
2255;SPPG SUKASARI GEGERKALONG 03;Jl. Dr. Setiabudi No.157.A, Gegerkalong, Kec. Sukasari, Kota Bandung, Jawa Barat 40153;Kalimantan Tengah;Sukamara;Jelai;T4 nama file;https://www.google.com/maps/place/SPPG+SUKASARI+GEGERKALONG+03/data=!4m7!3m6!1s0x2e68e700731a5a11:0xe6562037758471cb!8m2!3d-6.8689913!4d107.5931755!16s%2Fg%2F11x_z93ry8!19sChIJEVoacwDnaC4Ry3GEdTcgVuY?authuser=0&hl=id&g_ep=EgoyMDI2MDkxNi4wIJJjKgBIAVAD&rclk=1
2256;SPPG SUKARASA-SUKASARI;Jl. Sukahaji Permai No.2A, Sukarasa, Kec. Sukasari, Kota Bandung, Jawa Barat 40152;Kalimantan Tengah;Sukamara;Jelai;T4 nama file;https://www.google.com/maps/place/SPPG+SUKARASA-SUKASARI/data=!4m7!3m6!1s0x2e68e7005cbdec79:0xe6789dd42503e664!8m2!3d-6.8737012!4d107.5845401!16s%2Fg%2F11zjqvs40r!19sChIJeey9XADnaC4RZOYDJdSdeOY?authuser=0&hl=id&g_ep=EgoyMDI2MDkxNi4wIJJjKgBIAVAD&rclk=1
2257;SPPG SUKAHAJI;Jl. Sukahaji No.29, Sukarasa, Kec. Sukasari, Kota Bandung, Jawa Barat 40152;Kalimantan Tengah;Sukamara;Jelai;T4 nama file;https://www.google.com/maps/place/Sppg+Sukahaji/data=!4m7!3m6!1s0x2e68e700308f36f9:0xffbc4ede30f80aff!8m2!3d-6.8770574!4d107.5838961!16s%2Fg%2F11z06jwgw4!19sChIJ-TaPMADnaC4R_wr4MN5OvP8?authuser=0&hl=id&g_ep=EgoyMDI2MDkxNi4wIJJjKgBIAVAD&rclk=1
2258;SPPG JAMBUDIPA;Jl. Kolonel Masturi Jl. Karyawangi No.47, RT.01/RW.2, Karyawangi, Parongpong, West Bandung Regency, West Java 40559;Kalimantan Tengah;Sukamara;Jelai;T4 nama file;https://www.google.com/maps/place/SPPG+JAMBUDIPA/data=!4m7!3m6!1s0x2e68e100150bcd57:0x944545412bd1efef!8m2!3d-6.8123718!4d107.5791575!16s%2Fg%2F11x9126c03!19sChIJV80LFQDhaC4R7-_RK0FFRZQ?authuser=0&hl=id&g_ep=EgoyMDI2MDkxNi4wIJJjKgBIAVAD&rclk=1
2263;DAPUR SPPG M3 - KEC. GN. TABUR;Dapur SPPG M3 - Kec. Gn. Tabur, Jl. Tipalayo, Gn. Tabur, Kec. Gn. Tabur, Kabupaten Berau, Kalimantan Timur 77352;Kalimantan Timur;Berau;Gunung Tabur;T4 nama file;https://www.google.com/maps/place/Dapur+SPPG+M3+-+Kec.+Gn.+Tabur/data=!4m7!3m6!1s0x320df5002db9ad6f:0x94f1490f7e71de47!8m2!3d2.174186!4d117.4694611!16s%2Fg%2F11x27ygks5!19sChIJb625LQD1DTIRR95xfg9J8ZQ?authuser=0&hl=id&g_ep=EgoyMDI2MDkxNi4wIJJjKgBIAVAD&rclk=1
2264;SPPG GUNUNG TABUR-SURANUDDIN;Jl. Sm. Siranuddin No.99, Gn. Tabur, Kec. Gn. Tabur, Kabupaten Berau, Kalimantan Timur 36332;Kalimantan Timur;Berau;Gunung Tabur;T4 nama file;https://www.google.com/maps/place/SPPG+GUNUNG+TABUR-SURANUDDIN/data=!4m7!3m6!1s0x320df5004bd43abd:0xe541d56496d1c854!8m2!3d2.1651878!4d117.4747297!16s%2Fg%2F11mlv45ywk!19sChIJvTrUSwD1DTIRVMjRlmTVQeU?authuser=0&hl=id&g_ep=EgoyMDI2MDkxNi4wIJJjKgBIAVAD&rclk=1
2265;SPPG BERAU TANJUNG REDEB 3;Jl. Durian III Perum Berau Indah No.10 Blok B2, RT.008, Gn. Panjang, Kec. Tj. Redeb, Kabupaten Berau, Kalimantan Timur 77311;Kalimantan Timur;Berau;Gunung Tabur;T4 nama file;https://www.google.com/maps/place/SPPG+BERAU+TANJUNG+REDEB+3/data=!4m7!3m6!1s0x320df5d19fa5b063:0x28a3900f2f6f6672!8m2!3d2.1456096!4d117.4858109!16s%2Fg%2F11z5_nccks!19sChIJY7Cln9H1DTIRcmZvLw-Qoyg?authuser=0&hl=id&g_ep=EgoyMDI2MDkxNi4wIJJjKgBIAVAD&rclk=1
2266;SPPG TANJUNG REDEB;Jl. Korpri I No.16, Gayam, Kec. Tj. Redeb, Kabupaten Berau, Kalimantan Timur 77315;Kalimantan Timur;Berau;Gunung Tabur;T4 nama file;https://www.google.com/maps/place/SPPG+TANJUNG+REDEB/data=!4m7!3m6!1s0x320df5002b67364b:0xc95f624b5745758e!8m2!3d2.1427097!4d117.5013057!16s%2Fg%2F11njnxfg0r!19sChIJSzZnKwD1DTIRjnVFV0tiX8k?authuser=0&hl=id&g_ep=EgoyMDI2MDkxNi4wIJJjKgBIAVAD&rclk=1
2267;SPPG RINDING;SPPG RINDING, Rinding, Kec. Tlk. Bayur, Kabupaten Berau, Kalimantan Timur 77352;Kalimantan Timur;Berau;Teluk Bayur;T3 alamat fuzzy;https://www.google.com/maps/place/SPPG+RINDING/data=!4m7!3m6!1s0x320df700685d4143:0x4abd6acb3372f6e0!8m2!3d2.1717811!4d117.4501572!16s%2Fg%2F11ytglxkdm!19sChIJQ0FdaAD3DTIR4PZyM8tqvUo?authuser=0&hl=id&g_ep=EgoyMDI2MDkxNi4wIJJjKgBIAVAD&rclk=1
2268;SPPG BERAU TANJUNG REDEB GAYAM;Jl. Milono No.128, Karang Ambun, Kec. Tj. Redeb, Kabupaten Berau, Kalimantan Timur 77352;Kalimantan Timur;Berau;Gunung Tabur;T4 nama file;https://www.google.com/maps/place/SPPG+BERAU+TANJUNG+REDEB+GAYAM/data=!4m7!3m6!1s0x320df500367bc765:0xc09fa96e3d4ee587!8m2!3d2.1573792!4d117.5061916!16s%2Fg%2F11z0gz4cwz!19sChIJZcd7NgD1DTIRh-VOPW6pn8A?authuser=0&hl=id&g_ep=EgoyMDI2MDkxNi4wIJJjKgBIAVAD&rclk=1
2269;SPPG TANJUNG REDEB 2 POLRES BERAU;SPPG Tanjung Redeb 2 Polres Berau, Tj. Redeb, Kec. Tj. Redeb, Kabupaten Berau, Kalimantan Timur 77315;Kalimantan Timur;Berau;Gunung Tabur;T4 nama file;https://www.google.com/maps/place/SPPG+Tanjung+Redeb+2+Polres+Berau/data=!4m7!3m6!1s0x320df5007c93103b:0x3c525b087c870ea2!8m2!3d2.1511351!4d117.4945098!16s%2Fg%2F11yls6c0v1!19sChIJOxCTfAD1DTIRog6HfAhbUjw?authuser=0&hl=id&g_ep=EgoyMDI2MDkxNi4wIJJjKgBIAVAD&rclk=1
2270;SPPG BERAU TANJUNG REDEB GUNUNG PANJANG;SPPG BERAU TANJUNG REDEB GUNUNG PANJANG, Tj. Redeb, Kec. Tj. Redeb, Kabupaten Berau, Kalimantan Timur 77315;Kalimantan Timur;Berau;Gunung Tabur;T4 nama file;https://www.google.com/maps/place/SPPG+BERAU+TANJUNG+REDEB+GUNUNG+PANJANG/data=!4m7!3m6!1s0x320df500567f221b:0xf847440bd183be4c!8m2!3d2.1404292!4d117.4775236!16s%2Fg%2F11xswt5s52!19sChIJGyJ_VgD1DTIRTL6D0QtER_g?authuser=0&hl=id&g_ep=EgoyMDI2MDkxNi4wIJJjKgBIAVAD&rclk=1
2271;SPPG BGN SAMBALIUNG 03;SPPG BGN Sambaliung 03, Sambaliung, Berau Regency, East Kalimantan 77352;Kalimantan Timur;Berau;Gunung Tabur;T4 nama file;https://www.google.com/maps/place/SPPG+BGN+Sambaliung+03/data=!4m7!3m6!1s0x320df5003847807b:0xe0aacead99e4a4f3!8m2!3d2.1535684!4d117.5242063!16s%2Fg%2F11zbjqwt36!19sChIJe4BHOAD1DTIR86Tkma3OquA?authuser=0&hl=id&g_ep=EgoyMDI2MDkxNi4wIJJjKgBIAVAD&rclk=1
2272;SPPG KARANG AMBUN, TANJUNG REDEB;SPPG KARANG AMBUN, TANJUNG REDEB, Jl. H.M. Thaib, Gayam, Kec. Tj. Redeb, Kabupaten Berau, Kalimantan Timur 77315;Kalimantan Timur;Berau;Gunung Tabur;T4 nama file;https://www.google.com/maps/place/SPPG+KARANG+AMBUN,+TANJUNG+REDEB/data=!4m7!3m6!1s0x320df50019047721:0x53293a3433703f2!8m2!3d2.1387841!4d117.5018833!16s%2Fg%2F11z8j575bg!19sChIJIXcEGQD1DTIR8gM3Q6OTMgU?authuser=0&hl=id&g_ep=EgoyMDI2MDkxNi4wIJJjKgBIAVAD&rclk=1
2273;SPPG BERAU GUNUNG TABUR GUNUNG TABUR;Jl. Sm. Siranuddin No.99, Gn. Tabur, Kec. Gn. Tabur, Kabupaten Berau, Kalimantan Timur 36332;Kalimantan Timur;Berau;Gunung Tabur;T4 nama file;https://www.google.com/maps/place/SPPG+BERAU+GUNUNG+TABUR+GUNUNG+TABUR/data=!4m7!3m6!1s0x320df5007fed1415:0x79395509cc9bf2e8!8m2!3d2.1651878!4d117.4747297!16s%2Fg%2F11ynvdvvwp!19sChIJFRTtfwD1DTIR6PKbzAlVOXk?authuser=0&hl=id&g_ep=EgoyMDI2MDkxNi4wIJJjKgBIAVAD&rclk=1
2274;SPPG BERAU GUNUNG TABUR GUNUNG TABUR 2;SPPG BERAU GUNUNG TABUR GUNUNG TABUR 2, Jl. Tipalayo, Gn. Tabur, Kec. Gn. Tabur, Kabupaten Berau, Kalimantan Timur 77352;Kalimantan Timur;Berau;Gunung Tabur;T4 nama file;https://www.google.com/maps/place/SPPG+BERAU+GUNUNG+TABUR+GUNUNG+TABUR+2/data=!4m7!3m6!1s0x320df50076626ce9:0x2f7b778c9d00b03c!8m2!3d2.1756089!4d117.4699811!16s%2Fg%2F11njcvg3v6!19sChIJ6WxidgD1DTIRPLAAnYx3ey8?authuser=0&hl=id&g_ep=EgoyMDI2MDkxNi4wIJJjKgBIAVAD&rclk=1
2275;SPPG SEI BEDUNGUN;SPPG SEI BEDUNGUN, Rinding, Kec. Tlk. Bayur, Kabupaten Berau, Kalimantan Timur 77352;Kalimantan Timur;Berau;Teluk Bayur;T3 alamat fuzzy;https://www.google.com/maps/place/SPPG+SEI+BEDUNGUN/data=!4m7!3m6!1s0x320df500396daaf3:0x8227d5a4b410339a!8m2!3d2.1634031!4d117.465818!16s%2Fg%2F11yrnf3qm7!19sChIJ86ptOQD1DTIRmjMQtKTVJ4I?authuser=0&hl=id&g_ep=EgoyMDI2MDkxNi4wIJJjKgBIAVAD&rclk=1
2276;SPPG LABANAN MAKMUR;SPPG LABANAN MAKMUR, Labanan Jaya, Kec. Tlk. Bayur, Kabupaten Berau, Kalimantan Timur 77352;Kalimantan Timur;Berau;Teluk Bayur;T3 alamat fuzzy;https://www.google.com/maps/place/SPPG+LABANAN+MAKMUR/data=!4m7!3m6!1s0x320dfb006eb606d9:0x660f99eb004ec7e7!8m2!3d2.0627792!4d117.3011795!16s%2Fg%2F11n3qq8rnb!19sChIJ2Qa2bgD7DTIR58dOAOuZD2Y?authuser=0&hl=id&g_ep=EgoyMDI2MDkxNi4wIJJjKgBIAVAD&rclk=1
2277;SPPG MANGGA II;SPPG Mangga II, Tj. Redeb, Kec. Tj. Redeb, Kabupaten Berau, Kalimantan Timur 77315;Kalimantan Timur;Berau;Segah;T4 nama file;https://www.google.com/maps/place/SPPG+Mangga+II/data=!4m7!3m6!1s0x320df50016888199:0xb4b12871896f02f!8m2!3d2.1495816!4d117.4986035!16s%2Fg%2F11n56wj2vr!19sChIJmYGIFgD1DTIRL_CWGIcSSws?authuser=0&hl=id&g_ep=EgoyMDI2MDkxNi4wIJJjKgBIAVAD&rclk=1
2279;SPPG SAMBALIUNG 03;SPPG Sambaliung 03, Jln, Teluk, Sambaliung, Berau Regency, East Kalimantan 77352;Kalimantan Timur;Berau;Segah;T4 nama file;https://www.google.com/maps/place/SPPG+Sambaliung+03/data=!4m7!3m6!1s0x320df50047fcfc09:0x65f9e309f1471805!8m2!3d2.1639952!4d117.500984!16s%2Fg%2F11zbj3tv89!19sChIJCfz8RwD1DTIRBRhH8Qnj-WU?authuser=0&hl=id&g_ep=EgoyMDI2MDkxNi4wIJJjKgBIAVAD&rclk=1
2281;SPPG LONG BELUAH;SPPG LONG BELUAH, Long Beluah, Kec. Tj. Palas Bar., Kabupaten Bulungan, Kalimantan Utara 77261;Kalimantan Timur;Berau;Segah;T4 nama file;https://www.google.com/maps/place/SPPG+LONG+BELUAH/data=!4m7!3m6!1s0x32118100147ccef3:0x2e5a12dcf6bf8885!8m2!3d2.7261793!4d117.1295595!16s%2Fg%2F11zb85rx4z!19sChIJ8858FACBETIRhYi_9twSWi4?authuser=0&hl=id&g_ep=EgoyMDI2MDkxNi4wIJJjKgBIAVAD&rclk=1
2282;SPPG LABANAN MAKMUR;SPPG LABANAN MAKMUR, Jl. Mangga Besar, Labanan Makmur, Kec. Tlk. Bayur, Kabupaten Berau, Kalimantan Timur 77352;Kalimantan Timur;Berau;Teluk Bayur;T3 alamat fuzzy;https://www.google.com/maps/place/SPPG+LABANAN+MAKMUR/data=!4m7!3m6!1s0x320dfb000122691f:0xc7139f09de6b012a!8m2!3d2.0521156!4d117.290181!16s%2Fg%2F11yyj_f37v!19sChIJH2kiAQD7DTIRKgFr3gmfE8c?authuser=0&hl=id&g_ep=EgoyMDI2MDkxNi4wIJJjKgBIAVAD&rclk=1
2283;HOTEL BUMI SEGAH;Jl. Pulau Sambit No.747, Tj. Redeb, Kec. Tj. Redeb, Kabupaten Berau, Kalimantan Timur 77315;Kalimantan Timur;Berau;Segah;T4 nama file;https://www.google.com/maps/place/Hotel+Bumi+Segah/data=!4m10!3m9!1s0x320df7efa63985b1:0x3f4ac9c34b55850c!5m2!4m1!1i2!8m2!3d2.1530307!4d117.488595!16s%2Fg%2F1pzpqlmn1!19sChIJsYU5pu_3DTIRDIVVS8PJSj8?authuser=0&hl=id&g_ep=EgoyMDI2MDkxNi4wIJJjKgBIAVAD&rclk=1
2288;SPPG KLANDASAN ILIR #001;Jl. Ahmad Yani No.RT.01, Klandasan Ilir, Balikpapan Kota, Balikpapan City, East Kalimantan 76113;Kalimantan Timur;Kota Balikpapan;Balikpapan Timur;T4 nama file;https://www.google.com/maps/place/SPPG+KLANDASAN+ILIR+%23001/data=!4m7!3m6!1s0x2df1473b918bd323:0x871b477735034b1e!8m2!3d-1.2740037!4d116.838924!16s%2Fg%2F11npsf4m05!19sChIJI9OLkTtH8S0RHksDNXdHG4c?authuser=0&hl=id&g_ep=EgoyMDI2MDkxNi4wIJJjKgBIAVAD&rclk=1
2290;SPPG BALIKPAPAN TENGAH GUNUNGSARI ILIR;Jl. Milono No.42, RT.43, Gunungsari Ilir, Balikpapan Tengah, Balikpapan City, East Kalimantan 76112;Kalimantan Timur;Kota Balikpapan;Balikpapan Timur;T4 nama file;https://www.google.com/maps/place/SPPG+Balikpapan+Tengah+Gunungsari+Ilir/data=!4m7!3m6!1s0x2df1470035b4c399:0x4a1648dbf774b1c8!8m2!3d-1.2710611!4d116.8356729!16s%2Fg%2F11zxgd046r!19sChIJmcO0NQBH8S0RyLF099tIFko?authuser=0&hl=id&g_ep=EgoyMDI2MDkxNi4wIJJjKgBIAVAD&rclk=1
2294;SPPG BALIKPAPAN TIMUR MANGGAR 2;SPPG BALIKPAPAN TIMUR MANGGAR 2, Manggar, Kec. Balikpapan Tim., Kota Balikpapan, Kalimantan Timur 76116;Kalimantan Timur;Kota Balikpapan;Balikpapan Timur;T4 nama file;https://www.google.com/maps/place/SPPG+BALIKPAPAN+TIMUR+MANGGAR+2/data=!4m7!3m6!1s0x2df145001dcc70e7:0xba8cf1a89e6f0d78!8m2!3d-1.244555!4d116.9353595!16s%2Fg%2F11njkfkm8m!19sChIJ53DMHQBF8S0ReA1vnqjxjLo?authuser=0&hl=id&g_ep=EgoyMDI2MDkxNi4wIJJjKgBIAVAD&rclk=1
2297;SPPG LAMARU;Gg. Melati, Lamaru, Kec. Balikpapan Tim., Kota Balikpapan, Kalimantan Timur 76117;Kalimantan Timur;Kota Balikpapan;Balikpapan Timur;T4 nama file;https://www.google.com/maps/place/SPPG+LAMARU/data=!4m7!3m6!1s0x2df14f000ddb9189:0x8f31e16481d2ccfe!8m2!3d-1.2035888!4d116.9789787!16s%2Fg%2F11zb7sh1y5!19sChIJiZHbDQBP8S0R_szSgWThMY8?authuser=0&hl=id&g_ep=EgoyMDI2MDkxNi4wIJJjKgBIAVAD&rclk=1
2303;SPPG KAMPUNG TIMUR #009;l Jl. Indrakila, Gunung Samarinda, Balikpapan Utara, Balikpapan City, East Kalimantan 76114;Kalimantan Timur;Kota Balikpapan;Balikpapan Timur;T4 nama file;https://www.google.com/maps/place/SPPG+Kampung+timur+%23009/data=!4m7!3m6!1s0x2df147d52312e003:0x3ffafc96266395dc!8m2!3d-1.2359812!4d116.8559183!16s%2Fg%2F11njmjc5rl!19sChIJA-ASI9VH8S0R3JVjJpb8-j8?authuser=0&hl=id&g_ep=EgoyMDI2MDkxNi4wIJJjKgBIAVAD&rclk=1
2306;SPPG BALIKPAPAN BARAT KARIANGU 2;Sppg balikpapan barat kariangu 2, Jl. Sultan Hasanudin, Kariangau, Kec. Balikpapan Bar., Kota Balikpapan, Kalimantan Timur 76127;Kalimantan Timur;Kota Balikpapan;Balikpapan Barat;T4 nama file;https://www.google.com/maps/place/Sppg+balikpapan+barat+kariangu+2/data=!4m7!3m6!1s0x2df1490009f0b2c3:0xbbf7658de9947be7!8m2!3d-1.1861886!4d116.8360145!16s%2Fg%2F11z8f_rqnx!19sChIJw7LwCQBJ8S0R53uU6Y1l97s?authuser=0&hl=id&g_ep=EgoyMDI2MDkxNi4wIJJjKgBIAVAD&rclk=1
2308;SPPG BALIKPAPAN SELATAN 1;Regency, Jalan De Valley No.D2, Sepinggan, Balikpapan Selatan, Balikpapan City, East Kalimantan 76116;Kalimantan Timur;Kota Balikpapan;Balikpapan Selatan;T4 nama file;https://www.google.com/maps/place/SPPG+BALIKPAPAN+SELATAN+1/data=!4m7!3m6!1s0x2df14500345fedf9:0x26cbd9858ab3d0b7!8m2!3d-1.2283116!4d116.8977598!16s%2Fg%2F11njjk9bmw!19sChIJ-e1fNABF8S0Rt9CzioXZyyY?authuser=0&hl=id&g_ep=EgoyMDI2MDkxNi4wIJJjKgBIAVAD&rclk=1
2310;SPPG KOTA BALIKPAPAN BALIKPAPAN SELATAN SEPINGGAN 4;SPPG Kota Balikpapan Balikpapan Selatan Sepinggan 4, Sepinggan, Balikpapan Selatan, Balikpapan City, East Kalimantan 76115;Kalimantan Timur;Kota Balikpapan;Balikpapan Selatan;T4 nama file;https://www.google.com/maps/place/SPPG+Kota+Balikpapan+Balikpapan+Selatan+Sepinggan+4/data=!4m7!3m6!1s0x2df1450043aa8d79:0x6c14c6175573c426!8m2!3d-1.2544773!4d116.8997587!16s%2Fg%2F11z77ttkrk!19sChIJeY2qQwBF8S0RJsRzVRfGFGw?authuser=0&hl=id&g_ep=EgoyMDI2MDkxNi4wIJJjKgBIAVAD&rclk=1
2312;SPPG BALSEL SEPINGGAN 3;Jl. Mulawarman Gg. Hj. Napping, Sepinggan, Balikpapan Selatan, Balikpapan City, East Kalimantan 76115;Kalimantan Timur;Kota Balikpapan;Balikpapan Selatan;T4 nama file;https://www.google.com/maps/place/SPPG+BALSEL+SEPINGGAN+3/data=!4m7!3m6!1s0x2df14518bcb06837:0x75d06e3f67c9ff75!8m2!3d-1.2556231!4d116.9270983!16s%2Fg%2F11njjcb216!19sChIJN2iwvBhF8S0Rdf_JZz9u0HU?authuser=0&hl=id&g_ep=EgoyMDI2MDkxNi4wIJJjKgBIAVAD&rclk=1
2313;SPPG POLDA KALTIM;SPPG POLDA KALTIM, Gunung Bahagia, Balikpapan Selatan, Balikpapan City, East Kalimantan 76114;Kalimantan Timur;Kota Balikpapan;Balikpapan Selatan;T4 nama file;https://www.google.com/maps/place/SPPG+POLDA+KALTIM/data=!4m7!3m6!1s0x2df1470010b8e4ff:0x448c3b7c19201e13!8m2!3d-1.2757192!4d116.8635631!16s%2Fg%2F11m69txhvy!19sChIJ_-S4EABH8S0REx4gGXw7jEQ?authuser=0&hl=id&g_ep=EgoyMDI2MDkxNi4wIJJjKgBIAVAD&rclk=1
2319;SPPG KOTA BALIKPAPAN BALIKPAPAN TENGAH KARANG REJO;;Kalimantan Timur;Kota Balikpapan;Balikpapan Tengah;T4 nama file;https://www.google.com/maps/place/SPPG+KOTA+BALIKPAPAN+BALIKPAPAN+TENGAH+KARANG+REJO/data=!4m7!3m6!1s0x4043f830d896275:0xce163e94eacf8e73!8m2!3d-1.174603!4d116.841748!16s%2Fg%2F11zgl1pq13!19sChIJdWKJDYM_BAQRc47P6pQ-Fs4?authuser=0&hl=id&g_ep=EgoyMDI2MDkxNi4wIJJjKgBIAVAD&rclk=1
2322;SPPG BARU ULU;Jl. Wolter Monginsidi No.17, Baru Ulu, Balikpapan Barat, Balikpapan City, East Kalimantan 76132;Kalimantan Timur;Kota Balikpapan;Balikpapan Tengah;T4 nama file;https://www.google.com/maps/place/SPPG+BARU+ULU/data=!4m7!3m6!1s0x2df147003eb127ab:0x61d5b9f0d141abbf!8m2!3d-1.2207416!4d116.8129022!16s%2Fg%2F11z4xd8qs2!19sChIJqyexPgBH8S0Rv6tB0fC51WE?authuser=0&hl=id&g_ep=EgoyMDI2MDkxNi4wIJJjKgBIAVAD&rclk=1
2323;SPPG BONTANG SELATAN TANJUNG LAUT;Jl. Ir. H. Juanda No.32, Tj. Laut, Kec. Bontang Sel., Kota Bontang, Kalimantan Timur 75325;Kalimantan Timur;Kota Bontang;Bontang Utara;T4 nama file;https://www.google.com/maps/place/SPPG+BONTANG+SELATAN+TANJUNG+LAUT/data=!4m7!3m6!1s0x320a0d0041bdad83:0x75e15962d1e9ec24!8m2!3d0.1250025!4d117.4899251!16s%2Fg%2F11zb81y98h!19sChIJg629QQANCjIRJOzp0WJZ4XU?authuser=0&hl=id&g_ep=EgoyMDI2MDkxNi4wIJJjKgBIAVAD&rclk=1
2324;SPPG BONTANG SELATAN 02 TANJUNG LAUT;Jl. Ir. H. Juanda No.08, RT.36, Tj. Laut, Kec. Bontang Sel., Kota Bontang, Kalimantan Timur 75325;Kalimantan Timur;Kota Bontang;Bontang Utara;T4 nama file;https://www.google.com/maps/place/SPPG+BONTANG+SELATAN+02+TANJUNG+LAUT/data=!4m7!3m6!1s0x320a0d001ed486f9:0x8cdb0eae79ed6910!8m2!3d0.1254911!4d117.4858252!16s%2Fg%2F11z77tv_z3!19sChIJ-YbUHgANCjIREGntea4O24w?authuser=0&hl=id&g_ep=EgoyMDI2MDkxNi4wIJJjKgBIAVAD&rclk=1
2325;SPPG KOTA BONTANG BONTANG BARAT KANAAN;Jl. Soekarno Hatta No.Kel, kanaan, Kec. Bontang Bar., Kota Bontang, Kalimantan Timur 75321;Kalimantan Timur;Kota Bontang;Bontang Utara;T4 nama file;https://www.google.com/maps/place/SPPG+Kota+Bontang+Bontang+Barat+Kanaan/data=!4m7!3m6!1s0x320a0f0032355d2b:0x134e3b7e5a1934d2!8m2!3d0.1252834!4d117.4450962!16s%2Fg%2F11zb9r0c5x!19sChIJK101MgAPCjIR0jQZWn47ThM?authuser=0&hl=id&g_ep=EgoyMDI2MDkxNi4wIJJjKgBIAVAD&rclk=1
2327;SPPG BONTANG SELATAN 06;Jl. Pangeran Antasari No.11, Berbas Pantai, Kec. Bontang Sel., Kota Bontang, Kalimantan Timur 75325;Kalimantan Timur;Kota Bontang;Bontang Utara;T4 nama file;https://www.google.com/maps/place/SPPG+Bontang+Selatan+06/data=!4m7!3m6!1s0x320a0d000eaaff03:0x2edb57fb4831d127!8m2!3d0.1114018!4d117.4835859!16s%2Fg%2F11ywxpttg8!19sChIJA_-qDgANCjIRJ9ExSPtX2y4?authuser=0&hl=id&g_ep=EgoyMDI2MDkxNi4wIJJjKgBIAVAD&rclk=1
2328;SPPG BONTANG SELATAN 4;Rt27 Jl. Sultan Hasanudin No.32, Berbas Tengah, Kec. Bontang Sel., Kota Bontang, Kalimantan Timur 75325;Kalimantan Timur;Kota Bontang;Bontang Utara;T4 nama file;https://www.google.com/maps/place/SPPG+Bontang+Selatan+4/data=!4m7!3m6!1s0x320a0d006357d095:0xa7ce6dc7011f1aa5!8m2!3d0.1148638!4d117.4819789!16s%2Fg%2F11yp7kzmz9!19sChIJldBXYwANCjIRpRofAcdtzqc?authuser=0&hl=id&g_ep=EgoyMDI2MDkxNi4wIJJjKgBIAVAD&rclk=1
2331;SPPG BONTANG BARAT #03;Jl. Soekarno Hatta No.12, Kanaan, Kec. Bontang Bar., Kota Bontang, Kalimantan Timur 75321;Kalimantan Timur;Kota Bontang;Bontang Utara;T4 nama file;https://www.google.com/maps/place/SPPG+Bontang+Barat+%2303/data=!4m7!3m6!1s0x320a110050cf566b:0x137b413db110855d!8m2!3d0.1406227!4d117.4497134!16s%2Fg%2F11mzt2d0v0!19sChIJa1bPUAARCjIRXYUQsT1BexM?authuser=0&hl=id&g_ep=EgoyMDI2MDkxNi4wIJJjKgBIAVAD&rclk=1
2334;SPPG LOKTUAN 002;Jl. Kapal Feri No.12, Lok Tuan, Bontang Utara, Bontang City, East Kalimantan 75321;Kalimantan Timur;Kota Bontang;Bontang Utara;T4 nama file;https://www.google.com/maps/place/SPPG+Loktuan+002/data=!4m7!3m6!1s0x320a13001c0aa211:0x910bebfa60cc8538!8m2!3d0.1665183!4d117.4825973!16s%2Fg%2F11z2_gnw74!19sChIJEaIKHAATCjIROIXMYPrrC5E?authuser=0&hl=id&g_ep=EgoyMDI2MDkxNi4wIJJjKgBIAVAD&rclk=1
2335;SPPG BONTANG SELATAN BERBAS TENGAH 2;Jl. Angkasa No.RT.15, Berbas Tengah, Kec. Bontang Sel., Kota Bontang, Kalimantan Timur 75325;Kalimantan Timur;Kota Bontang;Bontang Utara;T4 nama file;https://www.google.com/maps/place/SPPG+Bontang+Selatan+Berbas+Tengah+2/data=!4m7!3m6!1s0x320a0d00321d8ef3:0x7d8aeb6487236f60!8m2!3d0.1177858!4d117.4783378!16s%2Fg%2F11zb9j0wnl!19sChIJ844dMgANCjIRYG8jh2Trin0?authuser=0&hl=id&g_ep=EgoyMDI2MDkxNi4wIJJjKgBIAVAD&rclk=1
2336;SPPG GUNUNG ELAI 2;Jl. Mataram No.129, Gunung Elai, Bontang Utara, Bontang City, East Kalimantan 75325;Kalimantan Timur;Kota Bontang;Bontang Utara;T4 nama file;https://www.google.com/maps/place/SPPG+Gunung+Elai+2/data=!4m7!3m6!1s0x320a13003135c3db:0xf03ef74437e0aa9f!8m2!3d0.1368548!4d117.466033!16s%2Fg%2F11z749fz_6!19sChIJ28M1MQATCjIRn6rgN0T3PvA?authuser=0&hl=id&g_ep=EgoyMDI2MDkxNi4wIJJjKgBIAVAD&rclk=1
2339;SPPG KOTA BONTANG BONTANG SELATAN TANJUNG LAUT INDAH (BONTANG SELATAN 01);SPPG Kota Bontang Bontang Selatan Tanjung Laut Indah (Bontang Selatan 01), Jl. Kakap Merah 2, Tj. Laut Indah, Kec. Bontang Sel., Kota Bontang, Kalimantan Timur 75325;Kalimantan Timur;Kota Bontang;Bontang Utara;T4 nama file;https://www.google.com/maps/place/SPPG+Kota+Bontang+Bontang+Selatan+Tanjung+Laut+Indah+%28Bontang+Selatan+01%29/data=!4m7!3m6!1s0x320a0d003ea3063f:0x4332174c7d5fa892!8m2!3d0.1220552!4d117.4931963!16s%2Fg%2F11z79dtkc8!19sChIJPwajPgANCjIRkqhffUwXMkM?authuser=0&hl=id&g_ep=EgoyMDI2MDkxNi4wIJJjKgBIAVAD&rclk=1
2340;SPPG CERIA MANDIRI BONTANG;SPPG CERIA MANDIRI BONTANG, Jl. Selat Karimata, Tj. Laut, Kec. Bontang Sel., Kota Bontang, Kalimantan Timur 75325;Kalimantan Timur;Kota Bontang;Bontang Selatan;T4 nama file;https://www.google.com/maps/place/SPPG+CERIA+MANDIRI+BONTANG/data=!4m7!3m6!1s0x320a0d000f6d0b7b:0x3a32cd48211eb523!8m2!3d0.122518!4d117.4888055!16s%2Fg%2F11nq2x8jqq!19sChIJewttDwANCjIRI7UeIUjNMjo?authuser=0&hl=id&g_ep=EgoyMDI2MDkxNi4wIJJjKgBIAVAD&rclk=1
2341;SPPG BONTANG SELATAN 05;Jl. Gajah Mada No.2, Berbas Tengah, Kec. Bontang Sel., Kota Bontang, Kalimantan Timur 75322;Kalimantan Timur;Kota Bontang;Bontang Selatan;T4 nama file;https://www.google.com/maps/place/SPPG+Bontang+Selatan+05/data=!4m7!3m6!1s0x320a0d0026570f63:0x4f3f0e3b81a1b6fe!8m2!3d0.1170344!4d117.4767346!16s%2Fg%2F11z7q5b2bj!19sChIJYw9XJgANCjIR_rahgTsOP08?authuser=0&hl=id&g_ep=EgoyMDI2MDkxNi4wIJJjKgBIAVAD&rclk=1
2342;SPPG BONTANG BARAT 04;Jl. Belibis, Gn. Telihan, Kec. Bontang Bar., Kota Bontang, Kalimantan Timur 75325;Kalimantan Timur;Kota Bontang;Bontang Selatan;T4 nama file;https://www.google.com/maps/place/SPPG+BONTANG+BARAT+04/data=!4m7!3m6!1s0x320a0d004ceba211:0x45b8df825e44ef4d!8m2!3d0.1288586!4d117.4590608!16s%2Fg%2F11z78dl3tl!19sChIJEaLrTAANCjIRTe9EXoLfuEU?authuser=0&hl=id&g_ep=EgoyMDI2MDkxNi4wIJJjKgBIAVAD&rclk=1
2343;SPPG BONTANG BARAT 02;Jl. Soekarno Hatta No.16, Gn. Telihan, Kec. Bontang Bar., Kota Bontang, Kalimantan Timur 75321;Kalimantan Timur;Kota Bontang;Bontang Selatan;T4 nama file;https://www.google.com/maps/place/SPPG+Bontang+Barat+02/data=!4m7!3m6!1s0x320a11002b9109bb:0xdb08df21bafb89fc!8m2!3d0.1344483!4d117.4487678!16s%2Fg%2F11z3wkgw7q!19sChIJuwmRKwARCjIR_In7uiHfCNs?authuser=0&hl=id&g_ep=EgoyMDI2MDkxNi4wIJJjKgBIAVAD&rclk=1
2354;SPPG SAMARINDA SUNGAI PINANG DALAM;Jl. Merdeka 4 No.44, Sungai Pinang Dalam, Kec. Sungai Pinang, Kota Samarinda, Kalimantan Timur 75242;Kalimantan Timur;Kota Samarinda;Sungai Kunjang;T4 nama file;https://www.google.com/maps/place/SPPG+SAMARINDA+SUNGAI+PINANG+DALAM/data=!4m7!3m6!1s0x2df67f0050cfbab9:0x437f438ec5caac18!8m2!3d-0.4876116!4d117.1691745!16s%2Fg%2F11njhf6rnm!19sChIJubrPUAB_9i0RGKzKxY5Df0M?authuser=0&hl=id&g_ep=EgoyMDI2MDkxNi4wIJJjKgBIAVAD&rclk=1
2356;SPPG SUNGAI PINANG DALAM 4;Jl. Pipit No.415, Bandara, Sungai Pinang, Samarinda City, East Kalimantan 75117;Kalimantan Timur;Kota Samarinda;Sungai Kunjang;T4 nama file;https://www.google.com/maps/place/SPPG+Sungai+Pinang+Dalam+4/data=!4m7!3m6!1s0x2df67f003876249d:0x8014cfa19218da95!8m2!3d-0.4816346!4d117.1561603!16s%2Fg%2F11z79bzhcm!19sChIJnSR2OAB_9i0RldoYkqHPFIA?authuser=0&hl=id&g_ep=EgoyMDI2MDkxNi4wIJJjKgBIAVAD&rclk=1
2361;SPPG KOTA SAMARINDA SUNGAI PINANG MUGIREJO;Jl. Damanhuri 2 Gg. 1 No.Rt 28, Mugirejo, Kec. Sungai Pinang, Kota Samarinda, Kalimantan Timur 75116;Kalimantan Timur;Kota Samarinda;Sungai Kunjang;T4 nama file;https://www.google.com/maps/place/SPPG+KOTA+SAMARINDA+SUNGAI+PINANG+MUGIREJO/data=!4m7!3m6!1s0x2df5d51c7f4dd521:0x5f80ed044028b25d!8m2!3d-0.4746948!4d117.1853853!16s%2Fg%2F11z77v4xg1!19sChIJIdVNfxzV9S0RXbIoQATtgF8?authuser=0&hl=id&g_ep=EgoyMDI2MDkxNi4wIJJjKgBIAVAD&rclk=1
2364;SPPG KOTA SAMARINDA SAMBUTAN SAMBUTAN;SPPG Kota Samarinda Sambutan Sambutan, Jl. Sultan Sulaiman, Sambutan, Samarinda City, East Kalimantan 75251;Kalimantan Timur;Kota Samarinda;Sambutan;T4 nama file;https://www.google.com/maps/place/SPPG+Kota+Samarinda+Sambutan+Sambutan/data=!4m7!3m6!1s0x2df5d500406e82f9:0x77d6a82323ba8bdf!8m2!3d-0.5040577!4d117.1785252!16s%2Fg%2F11ypp2_js3!19sChIJ-YJuQADV9S0R34u6IyOo1nc?authuser=0&hl=id&g_ep=EgoyMDI2MDkxNi4wIJJjKgBIAVAD&rclk=1
2378;SPPG SUNGAI PINANG DALAM 2;SPPG Sungai Pinang Dalam 2, Gg. Masyarakat, Sungai Pinang Dalam, Kec. Sungai Pinang, Kota Samarinda, Kalimantan Timur 75117;Kalimantan Timur;Kota Samarinda;Sungai Pinang;T4 nama file;https://www.google.com/maps/place/SPPG+Sungai+Pinang+Dalam+2/data=!4m7!3m6!1s0x2df67f000775ee57:0xf23a4c4ea722cb93!8m2!3d-0.476964!4d117.1611411!16s%2Fg%2F11njljc0_m!19sChIJV-51BwB_9i0Rk8sip05MOvI?authuser=0&hl=id&g_ep=EgoyMDI2MDkxNi4wIJJjKgBIAVAD&rclk=1
2379;SPPG SUNGAI PINANG MUGIREJO 2;SPPG Sungai Pinang Mugirejo 2, Jl. Bugis, Mugirejo, Sungai Pinang, Samarinda City, East Kalimantan 75243;Kalimantan Timur;Kota Samarinda;Sungai Pinang;T4 nama file;https://www.google.com/maps/place/SPPG+Sungai+Pinang+Mugirejo+2/data=!4m7!3m6!1s0x2df5d7004326d4bb:0x12b529ea0b60408!8m2!3d-0.4656294!4d117.1874211!16s%2Fg%2F11zb93fvfj!19sChIJu9QmQwDX9S0RCAS2oJ5SKwE?authuser=0&hl=id&g_ep=EgoyMDI2MDkxNi4wIJJjKgBIAVAD&rclk=1
2380;SPPG SUNGAI PINANG GUNUNG LINGAI;Jl. Mayjen D.I. Panjaitan No. 40, Blk. B No.RT 18, Gn. Lingai, Kec. Sungai Pinang, Kota Samarinda, Kalimantan Timur 75243;Kalimantan Timur;Kota Samarinda;Sungai Pinang;T4 nama file;https://www.google.com/maps/place/SPPG+Sungai+Pinang+Gunung+Lingai/data=!4m7!3m6!1s0x2df5d7007073a28b:0x748ccf73c3f8f191!8m2!3d-0.4593202!4d117.1879362!16s%2Fg%2F11zb82gpt5!19sChIJi6JzcADX9S0RkfH4w3PPjHQ?authuser=0&hl=id&g_ep=EgoyMDI2MDkxNi4wIJJjKgBIAVAD&rclk=1
2381;SPPG SUNGAI PINANG DALAM 3;SPPG Sungai Pinang Dalam 3, Sungai Pinang Dalam, Kec. Sungai Pinang, Kota Samarinda, Kalimantan Timur 75242;Kalimantan Timur;Kota Samarinda;Sungai Pinang;T4 nama file;https://www.google.com/maps/place/SPPG+Sungai+Pinang+Dalam+3/data=!4m7!3m6!1s0x2df67f0006353d33:0xf48f8c500df40936!8m2!3d-0.4724875!4d117.1697031!16s%2Fg%2F11njhq48y0!19sChIJMz01BgB_9i0RNgn0DVCMj_Q?authuser=0&hl=id&g_ep=EgoyMDI2MDkxNi4wIJJjKgBIAVAD&rclk=1
2382;SPPG KOTA SAMARINDA SUNGAI PINANG MUGIREJO;G5GP+428MugirejoKec, Temindung Permai, Kec. Sungai Pinang, Kota Samarinda, Kalimantan Timur 75243;Kalimantan Timur;Kota Samarinda;Sungai Pinang;T4 nama file;https://www.google.com/maps/place/SPPG+KOTA+SAMARINDA+SUNGAI+PINANG+MUGIREJO/data=!4m7!3m6!1s0x2df67f000fbc94d1:0x5610fd8702ca0873!8m2!3d-0.4737883!4d117.1641479!16s%2Fg%2F11zb82pmhf!19sChIJ0ZS8DwB_9i0RcwjKAof9EFY?authuser=0&hl=id&g_ep=EgoyMDI2MDkxNi4wIJJjKgBIAVAD&rclk=1
2391;SPPG SAMARINDA SEBERANG MESJID;Gg. Mandala No.4, RT.8, Mesjid, Samarinda Seberang, Samarinda City, East Kalimantan 75251;Kalimantan Timur;Kota Samarinda;Samarinda Seberang;T4 nama file;https://www.google.com/maps/place/SPPG+SAMARINDA+SEBERANG+MESJID/data=!4m7!3m6!1s0x2df67f007dace50d:0x465a9c2057cc37bc!8m2!3d-0.5172889!4d117.148506!16s%2Fg%2F11zb4cjf07!19sChIJDeWsfQB_9i0RvDfMVyCcWkY?authuser=0&hl=id&g_ep=EgoyMDI2MDkxNi4wIJJjKgBIAVAD&rclk=1
2409;KEC. MUARA LAWA;Kabupaten Kutai Barat, Kalimantan Timur;Kalimantan Timur;Kutai Barat;Muara Lawa;T4 nama file;https://www.google.com/maps/place/Kec.+Muara+Lawa/data=!4m7!3m6!1s0x2df781a105dc0bd3:0x5894ee62f64513c9!8m2!3d-0.5479059!4d115.6969761!16s%2Fg%2F120ndyy2!19sChIJ0wvcBaGB9y0RyRNF9mLulFg?authuser=0&hl=id&g_ep=EgoyMDI2MDkxNi4wIJJjKgBIAVAD&rclk=1
2414;KEC. LONG IRAM;Kabupaten Kutai Barat, Kalimantan Timur;Kalimantan Timur;Kutai Barat;Long Iram;T4 nama file;https://www.google.com/maps/place/Kec.+Long+Iram/data=!4m7!3m6!1s0x3207fe6ffbfbb35f:0x8d72e9f78e07c448!8m2!3d-0.0172244!4d115.6265037!16s%2Fg%2F122c1bp0!19sChIJX7P7-2_-BzIRSMQHjvfpco0?authuser=0&hl=id&g_ep=EgoyMDI2MDkxNi4wIJJjKgBIAVAD&rclk=1
2416;KEC. TERING;Kabupaten Kutai Barat, Kalimantan Timur;Kalimantan Timur;Kutai Barat;Tering;T4 nama file;https://www.google.com/maps/place/Kec.+Tering/data=!4m7!3m6!1s0x2df80040c11fa56d:0x32b5206d9ce74464!8m2!3d-0.061932!4d115.6079488!16s%2Fg%2F120qkm58!19sChIJbaUfwUAA-C0RZETnnG0gtTI?authuser=0&hl=id&g_ep=EgoyMDI2MDkxNi4wIJJjKgBIAVAD&rclk=1
2417;KEC. PENYINGGAHAN;Kabupaten Kutai Barat, Kalimantan Timur;Kalimantan Timur;Kutai Barat;Penyinggahan;T4 nama file;https://www.google.com/maps/place/Kec.+Penyinggahan/data=!4m7!3m6!1s0x2df7ba9f0060193d:0xe0d5f332a7d73bf3!8m2!3d-0.3862993!4d116.2238471!16s%2Fg%2F120rsdqv!19sChIJPRlgAJ-69y0R8zvXpzLz1eA?authuser=0&hl=id&g_ep=EgoyMDI2MDkxNi4wIJJjKgBIAVAD&rclk=1
2418;KEC. BENTIAN BESAR;Kabupaten Kutai Barat, Kalimantan Timur;Kalimantan Timur;Kutai Barat;Bentian Besar;T4 nama file;https://www.google.com/maps/place/Kec.+Bentian+Besar/data=!4m7!3m6!1s0x2df75f28d9a65b17:0x2635d28bc26bc7df!8m2!3d-0.7229814!4d115.7716158!16s%2Fg%2F122qxyq9!19sChIJF1um2Shf9y0R38drwovSNSY?authuser=0&hl=id&g_ep=EgoyMDI2MDkxNi4wIJJjKgBIAVAD&rclk=1
2419;SPPG KUBAR1;SPPG Kubar1, Resak, Bongan, West Kutai Regency, East Kalimantan 75773;Kalimantan Timur;Kutai Barat;Jempang;T4 nama file;https://www.google.com/maps/place/SPPG+Kubar1/@-0.697841,116.177345,17z/data=!3m1!4b1!4m6!3m5!1s0x2df711000fa8086b:0x2d0a052e7cf4bb6d!8m2!3d-0.697841!4d116.177345!16s%2Fg%2F11yqyq1sg8?hl=id&entry=ttu&g_ep=EgoyMDI2MDkxNi4wIKXMDSoASAFQAw%3D%3D
2421;KEC. NYUATAN;Kabupaten Kutai Barat, Kalimantan Timur;Kalimantan Timur;Kutai Barat;Nyuatan;T4 nama file;https://www.google.com/maps/place/Kec.+Nyuatan/data=!4m7!3m6!1s0x2df83d0249c12bf1:0x6b5c54106562814d!8m2!3d-0.3386631!4d115.3785719!16s%2Fg%2F121f8x3j!19sChIJ8SvBSQI9-C0RTYFiZRBUXGs?authuser=0&hl=id&g_ep=EgoyMDI2MDkxNi4wIJJjKgBIAVAD&rclk=1
2424;SPPG BADAK BARU;Jl. Sultan Hasanuddin No.RT.15, Badak Baru, Kecamatan Muara Badam, Kabupaten Kutai Kartanegara, Kalimantan Timur 75382;Kalimantan Timur;Kutai Kartanegara;Muara Badak;T3 alamat fuzzy;https://www.google.com/maps/place/SPPG+BADAK+BARU/data=!4m7!3m6!1s0x2df67f0063907549:0x143edb716bcb6545!8m2!3d-0.3246148!4d117.4255192!16s%2Fg%2F11njslg180!19sChIJSXWQYwB_9i0RRWXLa3HbPhQ?authuser=0&hl=id&g_ep=EgoyMDI2MDkxNi4wIJJjKgBIAVAD&rclk=1
2433;SPPG KUTAI KARTANEGARA TENGGARONG LOA IPUH;SPPG KUTAI KARTANEGARA TENGGARONG LOA IPUH, Jl. Mangkuraja, Loa Ipuh, Tenggarong, Kutai Kartanegara Regency, East Kalimantan 75513;Kalimantan Timur;Kutai Kartanegara;Tenggarong;T4 nama file;https://www.google.com/maps/place/SPPG+KUTAI+KARTANEGARA+TENGGARONG+LOA+IPUH/data=!4m7!3m6!1s0x2df665002d340281:0xdb2a2b011764ddc2!8m2!3d-0.4259791!4d116.9743065!16s%2Fg%2F11z7bhn0c8!19sChIJgQI0LQBl9i0Rwt1kFwErKts?authuser=0&hl=id&g_ep=EgoyMDI2MDkxNi4wIJJjKgBIAVAD&rclk=1
2434;SPPG KUTAI KARTANEGARA TENGGARONG SEBERANG BANGUN REJO (FCTYPECO);Jl. Benggeris, Bangun Rejo, Tenggarong Seberang, Kutai Kartanegara Regency, East Kalimantan 75517;Kalimantan Timur;Kutai Kartanegara;Tenggarong;T4 nama file;https://www.google.com/maps/place/SPPG+KUTAI+KARTANEGARA+TENGGARONG+SEBERANG+BANGUN+REJO+%28FCTYPECO%29/data=!4m7!3m6!1s0x2df677004da4f44d:0xcd8bff6408b8f444!8m2!3d-0.3578625!4d117.1046981!16s%2Fg%2F11ypjk40j0!19sChIJTfSkTQB39i0RRPS4CGT_i80?authuser=0&hl=id&g_ep=EgoyMDI2MDkxNi4wIJJjKgBIAVAD&rclk=1
2474;SPPG SANGATTA UTARA 4 (SPPG SEPAKAT);SPPG SANGATTA UTARA 4 (SPPG SEPAKAT), Gg. Al-Amin 2, North Sangatta, Sangatta Utara, East Kutai Regency, East Kalimantan 75683;Kalimantan Timur;Kutai Timur;Sangatta Utara;T4 nama file;https://www.google.com/maps/place/SPPG+SANGATTA+UTARA+4+%28SPPG+SEPAKAT%29/data=!4m7!3m6!1s0x320a3500601f7ed3:0x2d06136ac5065b8a!8m2!3d0.5059208!4d117.5371366!16s%2Fg%2F11njhkssx1!19sChIJ034fYAA1CjIRilsGxWoTBi0?authuser=0&hl=id&g_ep=EgoyMDI2MDkxNi4wIJJjKgBIAVAD&rclk=1
2480;SPPG SANGATTA SELATAN 01;SPPG Sangatta Selatan 01, Sangatta Sel., Kec. Sangatta Sel., Kabupaten Kutai Timur, Kalimantan Timur 75683;Kalimantan Timur;Kutai Timur;Sangatta Utara;T4 nama file;https://www.google.com/maps/place/SPPG+Sangatta+Selatan+01/data=!4m7!3m6!1s0x320a350048893823:0x5856fe95cd2cb20b!8m2!3d0.4987008!4d117.5176168!16s%2Fg%2F11zb49_1m9!19sChIJIziJSAA1CjIRC7IszZX-Vlg?authuser=0&hl=id&g_ep=EgoyMDI2MDkxNi4wIJJjKgBIAVAD&rclk=1
2482;SPPG SANGATTA SELATAN SANGATTA SELATAN 2;Jl. Ahmad Yani, Poros Jl. Poros Bontang - Sangatta No.KM 2, Sangatta Sel., Kec. Sangatta Sel., Kabupaten Kutai Timur, Kalimantan Timur 75683;Kalimantan Timur;Kutai Timur;Sangatta Utara;T4 nama file;https://www.google.com/maps/place/SPPG+SANGATTA+SELATAN+SANGATTA+SELATAN+2/data=!4m7!3m6!1s0x320a35003ebc71af:0x51527d42bcad0ddb!8m2!3d0.4992899!4d117.5098877!16s%2Fg%2F11z77v7xgw!19sChIJr3G8PgA1CjIR2w2tvEJ9UlE?authuser=0&hl=id&g_ep=EgoyMDI2MDkxNi4wIJJjKgBIAVAD&rclk=1
2485;SPPG RH RAWA INDAH;SPPG RH Rawa Indah, Jl. Samarinda - Berau, Rawa indah, Makmur Jaya, Kec. Kongbeng, Kabupaten Kutai Timur, Kalimantan Timur 75555;Kalimantan Timur;Kutai Timur;Muara Wahau;T4 nama file;https://www.google.com/maps/place/SPPG+RH+Rawa+Indah/data=!4m7!3m6!1s0x320eb300559b9193:0xf9733901835f923c!8m2!3d1.1078538!4d116.9287799!16s%2Fg%2F11zb8294_9!19sChIJk5GbVQCzDjIRPJJfgwE5c_k?authuser=0&hl=id&g_ep=EgoyMDI2MDkxNi4wIJJjKgBIAVAD&rclk=1
2486;DAPUR MBG SPPG MUARASARI;Dapur MBG SPPG Muarasari, Jl. Balubur Sari, RT.003/RW.001, Muarasari, Kec. Bogor Sel., Kota Bogor, Jawa Barat 16137;Kalimantan Timur;Kutai Timur;Muara Wahau;T4 nama file;https://www.google.com/maps/place/Dapur+MBG+SPPG+Muarasari/data=!4m7!3m6!1s0x2e69c90065559087:0x13750d2b81c18091!8m2!3d-6.6446538!4d106.8320193!16s%2Fg%2F11yvb00bx9!19sChIJh5BVZQDJaS4RkYDBgSsNdRM?authuser=0&hl=id&g_ep=EgoyMDI2MDkxNi4wIJJjKgBIAVAD&rclk=1
2487;SPPG KOMBENG MAKMUR JAYA;SPPG Kombeng Makmur Jaya, Jl. Poros Rawa Indah, RT.17, Makmur Jaya, Kec. Kongbeng, Kabupaten Kutai Timur, Kalimantan Timur 75655;Kalimantan Timur;Kutai Timur;Muara Wahau;T4 nama file;https://www.google.com/maps/place/SPPG+Kombeng+Makmur+Jaya/data=!4m7!3m6!1s0x320eb30025f44d3f:0xc00280988b8e0105!8m2!3d1.1412326!4d116.9505455!16s%2Fg%2F11njhqjtdk!19sChIJP030JQCzDjIRBQGOi5iAAsA?authuser=0&hl=id&g_ep=EgoyMDI2MDkxNi4wIJJjKgBIAVAD&rclk=1
2488;SP4 MUARA WAHAU KALIMANTAN TIMUR;SP4 Muara Wahau Kalimantan Timur, Jl. Pahlawan, Sidomulyo, Kec. Kongbeng, Kabupaten Kutai Timur, Kalimantan Timur 75655;Kalimantan Timur;Kutai Timur;Muara Wahau;T4 nama file;https://www.google.com/maps/place/SP4+Muara+Wahau+Kalimantan+Timur/data=!4m7!3m6!1s0x320eb338e513015b:0xbfb020b74c08f853!8m2!3d1.0921914!4d116.9169005!16s%2Fg%2F11bzt4956r!19sChIJWwET5TizDjIRU_gITLcgsL8?authuser=0&hl=id&g_ep=EgoyMDI2MDkxNi4wIJJjKgBIAVAD&rclk=1
2489;SPPG MUARA WAHAU WANASARI;;Kalimantan Timur;Kutai Timur;Muara Wahau;T4 nama file;https://www.google.com/maps/place/SPPG+MUARA+WAHAU+WANASARI/data=!4m7!3m6!1s0x8220b582d2f43e95:0x1acd3389cc09420c!8m2!3d-2.44565!4d117.8888!16s%2Fg%2F11zb9kg5pp!19sChIJlT700oK1IIIRDEIJzIkzzRo?authuser=0&hl=id&g_ep=EgoyMDI2MDkxNi4wIJJjKgBIAVAD&rclk=1
2491;SPPG MUARA WAHAU WANASARI;Jalan Aneka Sp1 Muara Wahau, Marga Mulia, Kombeng, East Kutai Regency, East Kalimantan 75655;Kalimantan Timur;Kutai Timur;Kombeng;T4 nama file;https://www.google.com/maps/place/SPPG+MUARA+WAHAU+WANASARI/data=!4m7!3m6!1s0x320eb3002520865b:0x401e21d418738a87!8m2!3d1.0933841!4d116.8970735!16s%2Fg%2F11zbcyqvbl!19sChIJW4YgJQCzDjIRh4pzGNQhHkA?authuser=0&hl=id&g_ep=EgoyMDI2MDkxNi4wIJJjKgBIAVAD&rclk=1
2495;KEC. SANDARAN;Kabupaten Kutai Timur, Kalimantan Timur;Kalimantan Timur;Kutai Timur;Sandaran;T4 nama file;https://www.google.com/maps/place/Kec.+Sandaran/data=!4m7!3m6!1s0x320b5682c5b153af:0xb189e9a05605e462!8m2!3d0.9969973!4d118.5797981!16s%2Fg%2F121q4dbp!19sChIJr1OxxYJWCzIRYuQFVqDpibE?authuser=0&hl=id&g_ep=EgoyMDI2MDkxNi4wIJJjKgBIAVAD&rclk=1
2497;POLSEK RANTAU PULUNG;Jl. Perjuangan No.1, Kebon Agung, Rantau Pulung, East Kutai Regency, East Kalimantan 75683;Kalimantan Timur;Kutai Timur;Rantau Pulung;T4 nama file;https://www.google.com/maps/place/Polsek+Rantau+Pulung/data=!4m7!3m6!1s0x320bd12225ec8c87:0xc75771f35e535037!8m2!3d0.6229781!4d117.2880172!16s%2Fg%2F11c1p8p9gs!19sChIJh4zsJSLRCzIRN1BTXvNxV8c?authuser=0&hl=id&g_ep=EgoyMDI2MDkxNi4wIJJjKgBIAVAD&rclk=1
2500;DAPUR SPPG MANDALAMEKAR;Jl. Jatihandap No.165, Mandalamekar, Cimenyan, Bandung Regency, West Java 40193;Kalimantan Timur;Mahakam Ulu;Laham;T4 nama file;https://www.google.com/maps/place/Dapur+SPPG+Mandalamekar/data=!4m7!3m6!1s0x2e68e700306508c3:0xf521eafab8f35455!8m2!3d-6.8862202!4d107.6677442!16s%2Fg%2F11mkj705k2!19sChIJwwhlMADnaC4RVVTzuPrqIfU?authuser=0&hl=id&g_ep=EgoyMDI2MDkxNi4wIJJjKgBIAVAD&rclk=1
2501;LONG APARI;Kutai Barat, Kalimantan Timur;Kalimantan Timur;Mahakam Ulu;Long Apari;T4 nama file;https://www.google.com/maps/place/Long+Apari/data=!4m7!3m6!1s0x3206ac6598750583:0xfa8d948e14172c9e!8m2!3d0.7748481!4d114.2716271!16s%2Fg%2F120ylky3!19sChIJgwV1mGWsBjIRniwXFI6Ujfo?authuser=0&hl=id&g_ep=EgoyMDI2MDkxNi4wIJJjKgBIAVAD&rclk=1
2502;KEC. LONG BAGUN;Mahakam Ulu, Kalimantan Timur;Kalimantan Timur;Mahakam Ulu;Long Bagun;T4 nama file;https://www.google.com/maps/place/Kec.+Long+Bagun/data=!4m7!3m6!1s0x32064014946877ff:0x22d45f92c4835250!8m2!3d0.5249664!4d115.2343139!16s%2Fg%2F121gprpf!19sChIJ_3dolBRABjIRUFKDxJJf1CI?authuser=0&hl=id&g_ep=EgoyMDI2MDkxNi4wIJJjKgBIAVAD&rclk=1
2503;KAMPUNG LONG LUNUK;Kampung Long Lunuk, Long Lunuk, Long Pahangai, Mahakam Ulu, Kalimantan Timur 75768;Kalimantan Timur;Mahakam Ulu;Long Pahangai;T4 nama file;https://www.google.com/maps/place/Kampung+Long+Lunuk/@0.8061856,114.5340179,17z/data=!3m1!4b1!4m6!3m5!1s0x3206ebf877bf3243:0x9e338e4fdc8347c0!8m2!3d0.8061856!4d114.5340179!16s%2Fg%2F11kr8t195n?hl=id&entry=ttu&g_ep=EgoyMDI2MDkxNi4wIKXMDSoASAFQAw%3D%3D
2513;RUMAH SINGGAH;Jl.komam Dalam No.1, RT.012/RW.004, Muara Komam, Paser Regency, East Kalimantan 76253;Kalimantan Timur;Paser;Muara Komam;T4 nama file;https://www.google.com/maps/place/Rumah+Singgah/data=!4m7!3m6!1s0x2df07d007d1c3f77:0x16b37a7e85342f05!8m2!3d-1.6739997!4d115.8166407!16s%2Fg%2F11m6sj1f5_!19sChIJdz8cfQB98C0RBS80hX56sxY?authuser=0&hl=id&g_ep=EgoyMDI2MDkxNi4wIJJjKgBIAVAD&rclk=1
2516;SMPN 1 BATU SOPANG;SMPN 1 Batu sopang, Batu Kajang, Batu Sopang, Paser Regency, East Kalimantan 76252;Kalimantan Timur;Paser;Batu Sopang;T4 nama file;https://www.google.com/maps/place/SMPN+1+Batu+sopang/data=!4m7!3m6!1s0x2df06ee760d44ce3:0x74934d71ca07a7a0!8m2!3d-1.8291031!4d115.922737!16s%2Fg%2F11d_1tm2wh!19sChIJ40zUYOdu8C0RoKcHynFNk3Q?authuser=0&hl=id&g_ep=EgoyMDI2MDkxNi4wIJJjKgBIAVAD&rclk=1
2519;SPPG GUNUNG SETELENG;SPPG GUNUNG SETELENG, Gn. Seteleng, Penajam, Kabupaten Penajam Paser Utara, Kalimantan Timur 76141;Kalimantan Timur;Penajam Paser Utara;Penajam;T4 nama file;https://www.google.com/maps/place/SPPG+GUNUNG+SETELENG/data=!4m7!3m6!1s0x2df139001aac5abd:0x75428fdf1d66dedc!8m2!3d-1.2498502!4d116.7669909!16s%2Fg%2F11z78hggmh!19sChIJvVqsGgA58S0R3N5mHd-PQnU?authuser=0&hl=id&g_ep=EgoyMDI2MDkxNi4wIJJjKgBIAVAD&rclk=1
2520;SPPG PENAJAM NIPAH-NIPAH 2;2026, Jalan Syahrun No.66, Nipah-Nipah, Penajam, Kabupaten Penajam Paser Utara, Kalimantan Timur 76142;Kalimantan Timur;Penajam Paser Utara;Penajam;T4 nama file;https://www.google.com/maps/place/SPPG+PENAJAM+NIPAH-NIPAH+2/data=!4m7!3m6!1s0x2df13f0047e551bb:0x7c0bbcf7dcb02fb4!8m2!3d-1.2934672!4d116.7466829!16s%2Fg%2F11z73wf50m!19sChIJu1HlRwA_8S0RtC-w3Pe8C3w?authuser=0&hl=id&g_ep=EgoyMDI2MDkxNi4wIJJjKgBIAVAD&rclk=1
2530;SPPG GUNUNG PUTIH;SPPG Gunung Putih, Jl. Ikhlas, Gn. Putih/Kr. Jenawi, Kec. Tj. Palas, Kabupaten Bulungan, Kalimantan Utara 77216;Kalimantan Utara;Bulungan;Tanjung Palas Utara;T4 nama file;https://www.google.com/maps/place/SPPG+Gunung+Putih/data=!4m7!3m6!1s0x3213d1005c7bc9c3:0x2fd3223cd8f6ccef!8m2!3d2.8358264!4d117.3404217!16s%2Fg%2F11zb8n1718!19sChIJw8l7XADREzIR78z22Dwi0y8?authuser=0&hl=id&g_ep=EgoyMDI2MDkxNi4wIJJjKgBIAVAD&rclk=1
2531;SPPG BULUNGAN TANJUNG PALAS TENGAH SALIMBATU;SPPG Bulungan Tanjung Palas Tengah Salimbatu, Silva Rahayu, Kec. Tj. Palas Tengah, Kabupaten Bulungan, Kalimantan Utara 77216;Kalimantan Utara;Bulungan;Tanjung Palas Utara;T4 nama file;https://www.google.com/maps/place/SPPG+Bulungan+Tanjung+Palas+Tengah+Salimbatu/data=!4m7!3m6!1s0x3213db006b957053:0x1dac36bac33e1221!8m2!3d2.943012!4d117.342376!16s%2Fg%2F11njk932m6!19sChIJU3CVawDbEzIRIRI-w7o2rB0?authuser=0&hl=id&g_ep=EgoyMDI2MDkxNi4wIJJjKgBIAVAD&rclk=1
2532;SPPG HDMI TANJUNG PALAS;Jl. Padat Karya No.kel, Tg. Palas Hilir, Kec. Tj. Palas, Kabupaten Bulungan, Kalimantan Utara 77216;Kalimantan Utara;Bulungan;Tanjung Palas Utara;T4 nama file;https://www.google.com/maps/place/SPPG+HDMI+Tanjung+Palas/data=!4m7!3m6!1s0x3213d1007a4a1f79:0xf5de6475a0ec41cd!8m2!3d2.8562717!4d117.341392!16s%2Fg%2F11ys4mqvjp!19sChIJeR9KegDREzIRzUHsoHVk3vU?authuser=0&hl=id&g_ep=EgoyMDI2MDkxNi4wIJJjKgBIAVAD&rclk=1
2533;SPPG BULUNGAN TANJUNG SELOR TANJUNG SELOR HILIR 1;SPPG Bulungan Tanjung Selor Tanjung Selor Hilir 1, Jl. Mangga, Tj. Selor Hilir, Kec. Tj. Selor, Kabupaten Bulungan, Kalimantan Utara 77214;Kalimantan Utara;Bulungan;Tanjung Palas Utara;T4 nama file;https://www.google.com/maps/place/SPPG+Bulungan+Tanjung+Selor+Tanjung+Selor+Hilir+1/data=!4m7!3m6!1s0x3213cf000a57998b:0xdfa5d3aee96a8960!8m2!3d2.8498134!4d117.3670697!16s%2Fg%2F11z77t6m_l!19sChIJi5lXCgDPEzIRYIlq6a7Tpd8?authuser=0&hl=id&g_ep=EgoyMDI2MDkxNi4wIJJjKgBIAVAD&rclk=1
2534;SPPG HDMI MANGKUPADI;SPPG HDMI MANGKUPADI, Mangku Padi, Kec. Tj. Palas Tim., Kabupaten Bulungan, Kalimantan Utara 77215;Kalimantan Utara;Bulungan;Tanjung Palas Timur;T4 nama file;https://www.google.com/maps/place/SPPG+HDMI+MANGKUPADI/data=!4m7!3m6!1s0x32125d003816ab01:0xcac0e86987951406!8m2!3d2.4933959!4d117.784246!16s%2Fg%2F11ysc1h92j!19sChIJAasWOABdEjIRBhSVh2nowMo?authuser=0&hl=id&g_ep=EgoyMDI2MDkxNi4wIJJjKgBIAVAD&rclk=1
2535;SPPG HDMI BINAI;SPPG HDMI BINAI, Binai, Kec. Tj. Palas Tim., Kabupaten Bulungan, Kalimantan Utara 77215;Kalimantan Utara;Bulungan;Tanjung Palas Timur;T4 nama file;https://www.google.com/maps/place/SPPG+HDMI+BINAI/data=!4m7!3m6!1s0x321253006990f177:0x8dc4e106ace57d7d!8m2!3d2.6885106!4d117.7607932!16s%2Fg%2F11ysbmftw3!19sChIJd_GQaQBTEjIRfX3lrAbhxI0?authuser=0&hl=id&g_ep=EgoyMDI2MDkxNi4wIJJjKgBIAVAD&rclk=1
2536;SPPG MPD;SPPG MPD, Mangku Padi, Kec. Tj. Palas Tim., Kabupaten Bulungan, Kalimantan Utara 77215;Kalimantan Utara;Bulungan;Tanjung Palas Timur;T4 nama file;https://www.google.com/maps/place/SPPG+MPD/data=!4m7!3m6!1s0x3212590055bf2c29:0xeb0dae5ab8615904!8m2!3d2.558615!4d117.8523756!16s%2Fg%2F11zkq6c0xg!19sChIJKSy_VQBZEjIRBFlhuFquDes?authuser=0&hl=id&g_ep=EgoyMDI2MDkxNi4wIJJjKgBIAVAD&rclk=1
2537;SPPG 3T DESA MANGKUPADI KAB. BULUNGAN;SPPG 3T Desa Mangkupadi Kab. Bulungan, Mangku Padi, Kec. Tj. Palas Tim., Kabupaten Bulungan, Kalimantan Utara 77215;Kalimantan Utara;Bulungan;Tanjung Palas Timur;T4 nama file;https://www.google.com/maps/place/SPPG+3T+Desa+Mangkupadi+Kab.+Bulungan/data=!4m7!3m6!1s0x3212590064ac7287:0x2cb1c511b6c30e38!8m2!3d2.5545424!4d117.8602589!16s%2Fg%2F11mrlyxy9v!19sChIJh3KsZABZEjIROA7DthHFsSw?authuser=0&hl=id&g_ep=EgoyMDI2MDkxNi4wIJJjKgBIAVAD&rclk=1
2538;SPPG BULUNGAN TANJUNG SELOR APUNG;SPPG Bulungan Tanjung Selor Apung, Apung, Kec. Tj. Selor, Kabupaten Bulungan, Kalimantan Utara 77212;Kalimantan Utara;Bulungan;Tanjung Palas Timur;T4 nama file;https://www.google.com/maps/place/SPPG+Bulungan+Tanjung+Selor+Apung/data=!4m7!3m6!1s0x3213cb002eecd09f:0x4b3bd9bb9de3cd69!8m2!3d2.7803493!4d117.4970878!16s%2Fg%2F11z8f_nf8w!19sChIJn9DsLgDLEzIRac3jnbvZO0s?authuser=0&hl=id&g_ep=EgoyMDI2MDkxNi4wIJJjKgBIAVAD&rclk=1
2539;SPPG TANAH KUNING;SPPG TANAH KUNING, Tanah Kuning, Kabupaten Bulungan, Kalimantan Utara 77215;Kalimantan Utara;Bulungan;Tanjung Palas Timur;T4 nama file;https://www.google.com/maps/place/SPPG+TANAH+KUNING/data=!4m7!3m6!1s0x3212510022169a63:0x8b5f3889e420847b!8m2!3d2.6213741!4d117.8024683!16s%2Fg%2F11zb8fbpnr!19sChIJY5oWIgBREjIRe4Qg5Ik4X4s?authuser=0&hl=id&g_ep=EgoyMDI2MDkxNi4wIJJjKgBIAVAD&rclk=1
2540;SPPG WONOMULYO KEC. TANJUNG PALAS TIMUR;Jl.Mira ( poros tanah kuning ) RT. 1, RW. 1, Desa Wonomulyo, kec. TGP. Timur, Wono Mulyo, Kec. Tj. Palas Tim., Kabupaten Bulungan, Kalimantan Utara 77215;Kalimantan Utara;Bulungan;Tanjung Palas Timur;T4 nama file;https://www.google.com/maps/place/Sppg+wonomulyo+kec.+Tanjung+palas+timur/data=!4m7!3m6!1s0x321235002ef0c3f5:0xdeb584ef5db0c775!8m2!3d2.7139691!4d117.5372207!16s%2Fg%2F11z77vf6cm!19sChIJ9cPwLgA1EjIRdcewXe-Etd4?authuser=0&hl=id&g_ep=EgoyMDI2MDkxNi4wIJJjKgBIAVAD&rclk=1
2541;SPPG BULUNGAN TANJUNG SELOR TANJUNG SELOR TIMUR 2;SPPG BULUNGAN TANJUNG SELOR TANJUNG SELOR TIMUR 2, Jl. Manunggal, Tj. Selor Tim., Kec. Tj. Selor, Kabupaten Bulungan, Kalimantan Utara 77211;Kalimantan Utara;Bulungan;Tanjung Palas Timur;T4 nama file;https://www.google.com/maps/place/SPPG+BULUNGAN+TANJUNG+SELOR+TANJUNG+SELOR+TIMUR+2/data=!4m7!3m6!1s0x3213cf004547bbb1:0x95581d85633e485b!8m2!3d2.8335714!4d117.4149827!16s%2Fg%2F11z77vdd6f!19sChIJsbtHRQDPEzIRW0g-Y4UdWJU?authuser=0&hl=id&g_ep=EgoyMDI2MDkxNi4wIJJjKgBIAVAD&rclk=1
2542;SPPG DESA BINAI;Sppg desa binai, Binai, Kec. Tj. Palas Tim., Kabupaten Bulungan, Kalimantan Utara 77215;Kalimantan Utara;Bulungan;Tanjung Palas Timur;T4 nama file;https://www.google.com/maps/place/Sppg+desa+binai/data=!4m7!3m6!1s0x32124d0029cd94cd:0xd718946f81ecb381!8m2!3d2.6759541!4d117.7164494!16s%2Fg%2F11yqd50ksh!19sChIJzZTNKQBNEjIRgbPsgW-UGNc?authuser=0&hl=id&g_ep=EgoyMDI2MDkxNi4wIJJjKgBIAVAD&rclk=1
2543;SPPG BULUNGAN TANJUNG SELOR HILIR 2;SPPG Bulungan Tanjung Selor Hilir 2, Jl. Sengkawit, Tj. Selor Hilir, Kec. Tj. Selor, Kabupaten Bulungan, Kalimantan Utara 77216;Kalimantan Utara;Bulungan;Tanjung Palas;T4 nama file;https://www.google.com/maps/place/SPPG+Bulungan+Tanjung+Selor+Hilir+2/data=!4m7!3m6!1s0x3213cf003d953c45:0x2321cbb6a1ea8f08!8m2!3d2.8551268!4d117.3667804!16s%2Fg%2F11zb7z7y8q!19sChIJRTyVPQDPEzIRCI_qobbLISM?authuser=0&hl=id&g_ep=EgoyMDI2MDkxNi4wIJJjKgBIAVAD&rclk=1
2544;SPPG ANTUTAN;SPPG ANTUTAN, Jl. Pasar Minggu, Bira, Antutan, Kec. Tj. Palas, Kabupaten Bulungan, Kalimantan Utara 77217;Kalimantan Utara;Bulungan;Tanjung Palas Barat;T4 nama file;https://www.google.com/maps/place/SPPG+ANTUTAN/data=!4m7!3m6!1s0x32122d000a8a6717:0xf347260a701878b6!8m2!3d2.6908169!4d117.3028803!16s%2Fg%2F11yq2w49zb!19sChIJF2eKCgAtEjIRtngYcAomR_M?authuser=0&hl=id&g_ep=EgoyMDI2MDkxNi4wIJJjKgBIAVAD&rclk=1
2545;RENCANA SPPG 2;Rencana SPPG 2, Long Bang, Peso Hilir, Kabupaten Bulungan, Kalimantan Utara 77261;Kalimantan Utara;Bulungan;Peso;T4 nama file;https://www.google.com/maps/place/Rencana+SPPG+2/data=!4m7!3m6!1s0x32117b003ef3fe01:0x520754ca628f3673!8m2!3d2.9042476!4d116.9852422!16s%2Fg%2F11yzj8bjgl!19sChIJAf7zPgB7ETIRczaPYspUB1I?authuser=0&hl=id&g_ep=EgoyMDI2MDkxNi4wIJJjKgBIAVAD&rclk=1
2546;SPPG TANJUNG SELOR HILIR 5;SPPG Tanjung Selor Hilir 5, Jl. Jelarai Raya, Tj. Selor Hilir, Kec. Tj. Selor, Kabupaten Bulungan, Kalimantan Utara 77211;Kalimantan Utara;Bulungan;Peso Hilir;T4 nama file;https://www.google.com/maps/place/SPPG+Tanjung+Selor+Hilir+5/data=!4m7!3m6!1s0x3213cf0039a50105:0x4a078cee025ea881!8m2!3d2.8407475!4d117.4008147!16s%2Fg%2F11nb4vkn4_!19sChIJBQGlOQDPEzIRgaheAu6MB0o?authuser=0&hl=id&g_ep=EgoyMDI2MDkxNi4wIJJjKgBIAVAD&rclk=1
2547;SPPG DMI TANJUNG SELOR;SPPG DMI TANJUNG SELOR, Jl. Lestari, Tj. Selor Hilir, Kec. Tj. Selor, Kabupaten Bulungan, Kalimantan Utara 77216;Kalimantan Utara;Bulungan;Tanjung Selor;T4 nama file;https://www.google.com/maps/place/SPPG+DMI+TANJUNG+SELOR/data=!4m7!3m6!1s0x3213cf006ccf1439:0xc82d0e80847e0c43!8m2!3d2.8576966!4d117.3673397!16s%2Fg%2F11yscn02fz!19sChIJORTPbADPEzIRQwx-hIAOLcg?authuser=0&hl=id&g_ep=EgoyMDI2MDkxNi4wIJJjKgBIAVAD&rclk=1
2548;SPPG BULUNGAN TANJUNG SELOR HILIR 6 (POLDA KALTARA);SPPG BULUNGAN TANJUNG SELOR HILIR 6 (POLDA KALTARA), Jl. Agatish, Tj. Selor Hilir, Kec. Tj. Selor, Kabupaten Bulungan, Kalimantan Utara 77216;Kalimantan Utara;Bulungan;Tanjung Selor;T4 nama file;https://www.google.com/maps/place/SPPG+BULUNGAN+TANJUNG+SELOR+HILIR+6+%28POLDA+KALTARA%29/data=!4m7!3m6!1s0x3213cf002ae6e021:0x2597121523cbd4f0!8m2!3d2.8440797!4d117.374878!16s%2Fg%2F11njh89rzj!19sChIJIeDmKgDPEzIR8NTLIxUSlyU?authuser=0&hl=id&g_ep=EgoyMDI2MDkxNi4wIJJjKgBIAVAD&rclk=1
2549;SPPG TANJUNG SELOR HILIR 4;Jl. Meranti, Tj. Selor Hilir, Kec. Tj. Selor, Kabupaten Bulungan, Kalimantan Utara 77214;Kalimantan Utara;Bulungan;Tanjung Selor;T4 nama file;https://www.google.com/maps/place/SPPG+Tanjung+Selor+Hilir+4/data=!4m7!3m6!1s0x3213cf0040b86c1f:0x313f5eb240ddb1d9!8m2!3d2.8398822!4d117.3689993!16s%2Fg%2F11njhqgqv8!19sChIJH2y4QADPEzIR2bHdQLJePzE?authuser=0&hl=id&g_ep=EgoyMDI2MDkxNi4wIJJjKgBIAVAD&rclk=1
2550;SPPG BULUNGAN TANJUNG SELORJELARAI SELOR;Tengkapak, Kec. Tj. Selor, Kabupaten Bulungan, Kalimantan Utara 77215;Kalimantan Utara;Bulungan;Tanjung Selor;T4 nama file;https://www.google.com/maps/place/SPPG+Bulungan+Tanjung+SelorJelarai+Selor/data=!4m7!3m6!1s0x3213cf004801adf1:0x9c6f12a41786cc5!8m2!3d2.8259894!4d117.4014217!16s%2Fg%2F11z79d_b6l!19sChIJ8a0BSADPEzIRxWx4QSrxxgk?authuser=0&hl=id&g_ep=EgoyMDI2MDkxNi4wIJJjKgBIAVAD&rclk=1
2551;SPPG TANJUNG SELOR HILIR 3;Jl. Kedondong No.17, Tj. Selor Hilir, Kec. Tj. Selor, Kabupaten Bulungan, Kalimantan Utara 77214;Kalimantan Utara;Bulungan;Tanjung Selor;T4 nama file;https://www.google.com/maps/place/SPPG+TANJUNG+SELOR+HILIR+3/data=!4m7!3m6!1s0x3213cf0064ceb32b:0x18f4085d90cd4f63!8m2!3d2.8470975!4d117.3687551!16s%2Fg%2F11zb7yxtsc!19sChIJK7POZADPEzIRY0_NkF0I9Bg?authuser=0&hl=id&g_ep=EgoyMDI2MDkxNi4wIJJjKgBIAVAD&rclk=1
2553;SPPG MAKAN BERGIZI MUHAMMADIYAH BUNYU;Jl. Bintara No.RT. 10, Bunyu Sel., Bunyu, Kabupaten Bulungan, Kalimantan Utara 77281;Kalimantan Utara;Bulungan;Bunyu;T4 nama file;https://www.google.com/maps/place/SPPG+Makan+Bergizi+Muhammadiyah+Bunyu/@3.4623622,117.8651154,17z/data=!3m1!4b1!4m6!3m5!1s0x321463007090beb5:0x959ee4aa1b87bfd5!8m2!3d3.4623622!4d117.8651154!16s%2Fg%2F11yqr7n0zq?hl=id&entry=ttu&g_ep=EgoyMDI2MDkxNi4wIKXMDSoASAFQAw%3D%3D
2556;SPPG PAMUSIAN 6 TARAKAN TENGAH;Jl. Pattimura No.36, RT.017/RW.000, Pamusian, Tarakan Tengah, Tarakan City, North Kalimantan 77131;Kalimantan Utara;Kota Tarakan;Tarakan Barat;T4 nama file;https://www.google.com/maps/place/SPPG+Pamusian+6+Tarakan+Tengah/data=!4m7!3m6!1s0x32138b0034a7d7c1:0x59dae04c3800a37c!8m2!3d3.3058753!4d117.6032988!16s%2Fg%2F11njhd_wx8!19sChIJwdenNACLEzIRfKMAOEzg2lk?authuser=0&hl=id&g_ep=EgoyMDI2MDkxNi4wIJJjKgBIAVAD&rclk=1
2558;SPPG KOTA TARAKAN TARAKAN TIMUR MAMBURUNGAN;SPPG Kota Tarakan Tarakan Timur Mamburungan, Mamburungan Tim., Kec. Tarakan Tim., Kota Tarakan, Kalimantan Utara;Kalimantan Utara;Kota Tarakan;Tarakan Barat;T4 nama file;https://www.google.com/maps/place/SPPG+Kota+Tarakan+Tarakan+Timur+Mamburungan/data=!4m7!3m6!1s0x32138b006c631013:0x96b3c95fe80d4fef!8m2!3d3.2794963!4d117.6176877!16s%2Fg%2F11njhdzw72!19sChIJExBjbACLEzIR708N6F_Js5Y?authuser=0&hl=id&g_ep=EgoyMDI2MDkxNi4wIJJjKgBIAVAD&rclk=1
2559;SPPG KOTA TARAKAN TARAKAN TIMUR LINGKAS UJUNG;SPPG KOTA TARAKAN TARAKAN TIMUR LINGKAS UJUNG, Jl. Palem, Lingkas Ujung, Kec. Tarakan Tim., Kota Tarakan, Kalimantan Utara;Kalimantan Utara;Kota Tarakan;Tarakan Barat;T4 nama file;https://www.google.com/maps/place/SPPG+KOTA+TARAKAN+TARAKAN+TIMUR+LINGKAS+UJUNG/data=!4m7!3m6!1s0x32138b0036c0af45:0x87babb04dd834658!8m2!3d3.2852044!4d117.5982141!16s%2Fg%2F11zb7r7y9j!19sChIJRa_ANgCLEzIRWEaD3QS7uoc?authuser=0&hl=id&g_ep=EgoyMDI2MDkxNi4wIJJjKgBIAVAD&rclk=1
2560;SPPG KARANG HARAPAN SADEWA PEJUANG BERGIZI;Jl. Lestari No.RT. 03, Karang Harapan, Kec. Tarakan Bar., Kota Tarakan, Kalimantan Utara;Kalimantan Utara;Kota Tarakan;Tarakan Barat;T4 nama file;https://www.google.com/maps/place/SPPG+KARANG+HARAPAN+SADEWA+PEJUANG+BERGIZI/data=!4m7!3m6!1s0x321475b0ee571e2d:0x6ae5435c84040148!8m2!3d3.3463192!4d117.5672748!16s%2Fg%2F11zb7r47cf!19sChIJLR5X7rB1FDIRSAEEhFxD5Wo?authuser=0&hl=id&g_ep=EgoyMDI2MDkxNi4wIJJjKgBIAVAD&rclk=1
2562;SPPG KOTA TARAKAN TARAKAN TIMUR GUNUNG LINGKAS 02;Jl. Kusuma Bangsa No.6, RT.07, Gn. Lingkas, Kec. Tarakan Tim., Kota Tarakan, Kalimantan Utara;Kalimantan Utara;Kota Tarakan;Tarakan Barat;T4 nama file;https://www.google.com/maps/place/SPPG+KOTA+TARAKAN+TARAKAN+TIMUR+GUNUNG+LINGKAS+02/data=!4m7!3m6!1s0x32138b00711d9f45:0xa1005e024adcc991!8m2!3d3.2959349!4d117.599972!16s%2Fg%2F11z7968t9b!19sChIJRZ8dcQCLEzIRkcncSgJeAKE?authuser=0&hl=id&g_ep=EgoyMDI2MDkxNi4wIJJjKgBIAVAD&rclk=1
2564;SPPG KOTA TARAKAN TARAKAN BARAT KARANG ANYAR 2;SPPG Kota Tarakan Tarakan Barat Karang Anyar 2, Karang Anyar, Kec. Tarakan Bar., Kota Tarakan, Kalimantan Utara;Kalimantan Utara;Kota Tarakan;Tarakan Barat;T4 nama file;https://www.google.com/maps/place/SPPG+Kota+Tarakan+Tarakan+Barat+Karang+Anyar+2/data=!4m7!3m6!1s0x32147500677f3763:0xde720d0d92d60576!8m2!3d3.3279221!4d117.5833302!16s%2Fg%2F11njj15kks!19sChIJYzd_ZwB1FDIRdgXWkg0Nct4?authuser=0&hl=id&g_ep=EgoyMDI2MDkxNi4wIJJjKgBIAVAD&rclk=1
2565;SPPG KARANG ANYAR 4 TARAKAN;SPPG KARANG ANYAR 4 TARAKAN, Jl. Jemb. Bongkok, Karang Anyar Pantai, Kec. Tarakan Bar., Kota Tarakan, Kalimantan Utara;Kalimantan Utara;Kota Tarakan;Tarakan Barat;T4 nama file;https://www.google.com/maps/place/SPPG+KARANG+ANYAR+4+TARAKAN/data=!4m7!3m6!1s0x32138b0002469fc7:0x3f4f77a576a70b40!8m2!3d3.3062752!4d117.5753258!16s%2Fg%2F11njhczjm8!19sChIJx59GAgCLEzIRQAundqV3Tz8?authuser=0&hl=id&g_ep=EgoyMDI2MDkxNi4wIJJjKgBIAVAD&rclk=1
2566;SPPG PWM GN. LINGKAS;Jl. Kusuma Bangsa No.91, Gn. Lingkas, Kec. Tarakan Tim., Kota Tarakan, Kalimantan Utara 77122;Kalimantan Utara;Kota Tarakan;Tarakan Barat;T4 nama file;https://www.google.com/maps/place/SPPG+PWM+Gn.+Lingkas/data=!4m7!3m6!1s0x32138b004347b5ad:0x6d96fc82db4be3be!8m2!3d3.2962824!4d117.599414!16s%2Fg%2F11y0pt0193!19sChIJrbVHQwCLEzIRvuNL24L8lm0?authuser=0&hl=id&g_ep=EgoyMDI2MDkxNi4wIJJjKgBIAVAD&rclk=1
2568;SPPG LKSA PUTRI MELATI TARAKAN;jl. kh. ahmad dahlan, Sebengkok, Tarakan Tengah, Tarakan City, North Kalimantan 77114;Kalimantan Utara;Kota Tarakan;Tarakan Barat;T4 nama file;https://www.google.com/maps/place/SPPG+LKSA+PUTRI+MELATI+TARAKAN/data=!4m7!3m6!1s0x32138b0d12bb4145:0x91d6184ee1432f3b!8m2!3d3.300125!4d117.5971414!16s%2Fg%2F11ywc857_f!19sChIJRUG7Eg2LEzIROy9D4U4Y1pE?authuser=0&hl=id&g_ep=EgoyMDI2MDkxNi4wIJJjKgBIAVAD&rclk=1
2570;SPPG KARANG ANYAR 5;No.2 No.54, Gg. Bhakti V No.1, Karang Anyar, Kec. Tarakan Bar., Kota Tarakan, Kalimantan Utara 77111;Kalimantan Utara;Kota Tarakan;Tarakan Barat;T4 nama file;https://www.google.com/maps/place/SPPG+Karang+Anyar+5/data=!4m7!3m6!1s0x32138b004c17e549:0x3cece90a1df08f33!8m2!3d3.3181348!4d117.5846773!16s%2Fg%2F11zb7rk_dq!19sChIJSeUXTACLEzIRM4_wHQrp7Dw?authuser=0&hl=id&g_ep=EgoyMDI2MDkxNi4wIJJjKgBIAVAD&rclk=1
2571;SPPG KARANG ANYAR 1;SPPG Karang Anyar 1, Jl. Anggrek, Karang Anyar, Kec. Tarakan Bar., Kota Tarakan, Kalimantan Utara;Kalimantan Utara;Kota Tarakan;Tarakan Barat;T4 nama file;https://www.google.com/maps/place/SPPG+Karang+Anyar+1/data=!4m7!3m6!1s0x321475001b3fc0af:0x2854abe23d62dbc8!8m2!3d3.3208155!4d117.5936732!16s%2Fg%2F11zb7rk_c8!19sChIJr8A_GwB1FDIRyNtiPeKrVCg?authuser=0&hl=id&g_ep=EgoyMDI2MDkxNi4wIJJjKgBIAVAD&rclk=1
2573;SPPG GUNUNG LINGKAS #001 YAYASAN AS-SALAAM TARAKAN;Gn. Lingkas, Kec. Tarakan Tim., Kota Tarakan, Kalimantan Utara;Kalimantan Utara;Kota Tarakan;Tarakan Barat;T4 nama file;https://www.google.com/maps/place/SPPG+GUNUNG+LINGKAS+%23001+Yayasan+As-salaam+Tarakan/data=!4m7!3m6!1s0x32138b005ac2cb2d:0xf007e79a928ff45e!8m2!3d3.295999!4d117.599956!16s%2Fg%2F11mlwdm188!19sChIJLcvCWgCLEzIRXvSPkprnB_A?authuser=0&hl=id&g_ep=EgoyMDI2MDkxNi4wIJJjKgBIAVAD&rclk=1
2574;SPPG SADEWA PEJUANG LINGKAS UJUNG;Jl. Palem No.RT 02, Gn. Lingkas, Kec. Tarakan Tim., Kota Tarakan, Kalimantan Utara;Kalimantan Utara;Kota Tarakan;Tarakan Utara;T4 nama file;https://www.google.com/maps/place/SPPG+SADEWA+PEJUANG+LINGKAS+UJUNG/data=!4m7!3m6!1s0x32138b0051df1fff:0x8628d4038501e323!8m2!3d3.2846446!4d117.5976904!16s%2Fg%2F11zk38ggjz!19sChIJ_x_fUQCLEzIRI-MBhQPUKIY?authuser=0&hl=id&g_ep=EgoyMDI2MDkxNi4wIJJjKgBIAVAD&rclk=1
2575;SPPG KOTA TARAKAN TARAKANTIMUR KAMPUNG EMPAT;Jl. Sei Mahakam No.RT.02, Kp. Empat, Kec. Tarakan Tim., Kota Tarakan, Kalimantan Utara;Kalimantan Utara;Kota Tarakan;Tarakan Utara;T4 nama file;https://www.google.com/maps/place/SPPG+Kota+Tarakan+TarakanTimur+Kampung+Empat/data=!4m7!3m6!1s0x32138b0033d65041:0x8aee703a53a76e91!8m2!3d3.3005584!4d117.6229445!16s%2Fg%2F11zb7rfgt3!19sChIJQVDWMwCLEzIRkW6nUzpw7oo?authuser=0&hl=id&g_ep=EgoyMDI2MDkxNi4wIJJjKgBIAVAD&rclk=1
2578;SPPG MALINAU BARAT;SPPG MALINAU BARAT, Kuala Lapang, Kec. Malinau Bar., Kabupaten Malinau, Kalimantan Utara 77554;Kalimantan Utara;Malinau;Malinau Barat;T3 alamat fuzzy;https://www.google.com/maps/place/SPPG+MALINAU+BARAT/data=!4m7!3m6!1s0x3216c50063e4f541:0x234cf933d5ec982f!8m2!3d3.5450625!4d116.6118906!16s%2Fg%2F11njljs8tw!19sChIJQfXkYwDFFjIRL5js1TP5TCM?authuser=0&hl=id&g_ep=EgoyMDI2MDkxNi4wIJJjKgBIAVAD&rclk=1
2581;SPPG NARAWITA #002;Kp. Ciseureuh, RT.002/RW.002, Narawita, Cicalengka, Bandung Regency, West Java 40395;Kalimantan Utara;Malinau;Pujungan;T4 nama file;https://www.google.com/maps/place/SPPG+Narawita+%23002/data=!4m7!3m6!1s0x2e68c7ffd0636a5b:0xee30c1ce1893709b!8m2!3d-7.0119891!4d107.8503905!16s%2Fg%2F11xys2q158!19sChIJW2pj0P_HaC4Rm3CTGM7BMO4?authuser=0&hl=id&g_ep=EgoyMDI2MDkxNi4wIJJjKgBIAVAD&rclk=1
2582;SPPG MARGAHURIP 02;SPPG Margahurip 02, Margahurip, Banjaran, Bandung Regency, West Java 40377;Kalimantan Utara;Malinau;Pujungan;T4 nama file;https://www.google.com/maps/place/SPPG+Margahurip+02/data=!4m7!3m6!1s0x2e68ed001a4c54d3:0x6d73bf0cd467b1e0!8m2!3d-7.0599352!4d107.5680302!16s%2Fg%2F11y1475cgd!19sChIJ01RMGgDtaC4R4LFn1Ay_c20?authuser=0&hl=id&g_ep=EgoyMDI2MDkxNi4wIJJjKgBIAVAD&rclk=1
2583;SPPG 3T TANJUNG NANGA MALSEHU MALINAU;Tj. Nanga, Malinau Sel. Hulu, Kabupaten Malinau, Kalimantan Utara 77554;Kalimantan Utara;Malinau;Pujungan;T4 nama file;https://www.google.com/maps/place/SPPG+3T+TANJUNG+NANGA+MALSEHU+MALINAU/data=!4m7!3m6!1s0x3210e51f2c7c68df:0x6e843e129b41dcf0!8m2!3d2.9583684!4d116.2777073!16s%2Fg%2F11zb758l_0!19sChIJ32h8LB_lEDIR8NxBmxI-hG4?authuser=0&hl=id&g_ep=EgoyMDI2MDkxNi4wIJJjKgBIAVAD&rclk=1
2585;KANTOR CAMAT KAYAN SELATAN;Kantor Camat Kayan Selatan, Long Ampung, Kayan Sel., Kabupaten Malinau, Kalimantan Utara 77572;Kalimantan Utara;Malinau;Kayan Selatan;T4 nama file;https://www.google.com/maps/place/Kantor+Camat+Kayan+Selatan/data=!4m7!3m6!1s0x320501f4a1e6f193:0x55dc8b6bb9a54eb2!8m2!3d1.7237053!4d114.9620795!16s%2Fg%2F11q1pmn0t5!19sChIJk_HmofQBBTIRsk6luWuL3FU?authuser=0&hl=id&g_ep=EgoyMDI2MDkxNi4wIJJjKgBIAVAD&rclk=1
2588;SPPG NUNUKAN SEBATIK TENGAH;Jl. Lkr. Pulau Sebatik, Aji Kuning, Sebatik Tengah, Nunukan Regency, North Kalimantan 77483;Kalimantan Utara;Nunukan;Sembakung;T4 nama file;https://www.google.com/maps/place/SPPG+Nunukan+Sebatik+Tengah/data=!4m7!3m6!1s0x3215a3003de9fab1:0x7a850ff087374ab3!8m2!3d4.1622644!4d117.8155537!16s%2Fg%2F11ymp46xrg!19sChIJsfrpPQCjFTIRs0o3h_APhXo?authuser=0&hl=id&g_ep=EgoyMDI2MDkxNi4wIJJjKgBIAVAD&rclk=1
2594;SPPG YAYASAN ABI AL UMMI;SPPG Yayasan Abi Al Ummi, Jl. Anasta Wijaya, Mansapa, Nunukan Sel., Kabupaten Nunukan, Kalimantan Utara 77482;Kalimantan Utara;Nunukan;Nunukan Selatan;T4 nama file;https://www.google.com/maps/place/SPPG+Yayasan+Abi+Al+Ummi/data=!4m7!3m6!1s0x3215bb002a399b59:0x2556e28c549c6d41!8m2!3d4.0672195!4d117.7256317!16s%2Fg%2F11lzcl26ts!19sChIJWZs5KgC7FTIRQW2cVIziViU?authuser=0&hl=id&g_ep=EgoyMDI2MDkxNi4wIJJjKgBIAVAD&rclk=1
2595;SPPG NUNUKAN NUNUKAN NUNUKAN TIMUR, YAYASAN PERSYARIKATAN MUHAMMADIYAH;SPPG Nunukan Nunukan Nunukan Timur, Yayasan Persyarikatan Muhammadiyah, East Nunukan, Nunukan, Nunukan Regency, North Kalimantan 77482;Kalimantan Utara;Nunukan;Nunukan Selatan;T4 nama file;https://www.google.com/maps/place/SPPG+Nunukan+Nunukan+Nunukan+Timur,+Yayasan+Persyarikatan+Muhammadiyah/data=!4m7!3m6!1s0x3215bd0058ebbe2f:0x3f2713bf41fd579a!8m2!3d4.1335665!4d117.6646967!16s%2Fg%2F11zb829f4m!19sChIJL77rWAC9FTIRmlf9Qb8TJz8?authuser=0&hl=id&g_ep=EgoyMDI2MDkxNi4wIJJjKgBIAVAD&rclk=1
2597;SPPG SELISUN;SPPG SELISUN, Jl. Ujang Dewa, Selisun, Nunukan Sel., Kabupaten Nunukan, Kalimantan Utara 77482;Kalimantan Utara;Nunukan;Nunukan Selatan;T4 nama file;https://www.google.com/maps/place/SPPG+SELISUN/data=!4m7!3m6!1s0x3215bd0024e99281:0x8b2f5ce3628a7981!8m2!3d4.1292433!4d117.6821599!16s%2Fg%2F11z3xzby0h!19sChIJgZLpJAC9FTIRgXmKYuNcL4s?authuser=0&hl=id&g_ep=EgoyMDI2MDkxNi4wIJJjKgBIAVAD&rclk=1
2600;SPPG NUNUKAN SEBATIK BARAT;SPPG Nunukan Sebatik Barat, Kec. Sebatik Bar., Kabupaten Nunukan, Kalimantan Utara 77483;Kalimantan Utara;Nunukan;Sebatik Barat;T3 alamat fuzzy;https://www.google.com/maps/place/SPPG+Nunukan+Sebatik+Barat/data=!4m7!3m6!1s0x3215bd002b1ebb25:0x8d4e63aaa94d60d2!8m2!3d4.1287858!4d117.7261632!16s%2Fg%2F11zb7rkm_x!19sChIJJbseKwC9FTIR0mBNqapjTo0?authuser=0&hl=id&g_ep=EgoyMDI2MDkxNi4wIJJjKgBIAVAD&rclk=1
2609;BPP TULIN ONSOI;Bpp Tulin Onsoi, jl. mundu kecamatan, Sanur, Tulin Onsoi, Kabupaten Nunukan, Kalimantan Utara 77491;Kalimantan Utara;Nunukan;Tulin Onsoi;T4 nama file;https://www.google.com/maps/place/Bpp+Tulin+Onsoi/data=!4m7!3m6!1s0x321665fa68465607:0xb7b1ef659685b540!8m2!3d4.0306967!4d116.9851345!16s%2Fg%2F11j3rw090p!19sChIJB1ZGaPplFjIRQLWFlmXvsbc?authuser=0&hl=id&g_ep=EgoyMDI2MDkxNi4wIJJjKgBIAVAD&rclk=1
2610;LUMBIS OGONG;Kabupaten Nunukan, Kalimantan Utara;Kalimantan Utara;Nunukan;Lumbis Ogong;T4 nama file;https://www.google.com/maps/place/Lumbis+Ogong,+Kabupaten+Nunukan,+Kalimantan+Utara/@4.156635,117.0087125,9z/data=!3m1!4b1!4m6!3m5!1s0x32167215fef1a279:0x20a478a00ef5cc48!8m2!3d4.158316!4d116.5137964!16s%2Fg%2F1hc0qwc53?hl=id&entry=ttu&g_ep=EgoyMDI2MDkxNi4wIKXMDSoASAFQAw%3D%3D
2611;SPPG NUNUKAN SEBATIK UTARA SUNGAI PANCANG;SPPG Nunukan Sebatik Utara Sungai Pancang, Pancang, Lumbis Ogong, Kabupaten Nunukan, Kalimantan Utara 77483;Kalimantan Utara;Nunukan;Sebatik Utara;T4 nama file;https://www.google.com/maps/place/SPPG+Nunukan+Sebatik+Utara+Sungai+Pancang/data=!4m7!3m6!1s0x3215a1001cedc047:0xdbea11b596fee0d1!8m2!3d4.1532256!4d117.8897468!16s%2Fg%2F11z73wmtcv!19sChIJR8DtHAChFTIR0eD-lrUR6ts?authuser=0&hl=id&g_ep=EgoyMDI2MDkxNi4wIJJjKgBIAVAD&rclk=1
2614;SPPG RANY TRY YAYASAN NURUL HIDAYAH MUARA;SPPG RANY TRY YAYASAN NURUL HIDAYAH MUARA, KP. CIPEUNDEUY, RT.07/RW.07, Sukahaji, Kecamaten Cipeundeuy, Kabupaten Bandung Barat, Jawa Barat 40558;Kalimantan Utara;Tana Tidung;Muruk Rian;T4 nama file;https://www.google.com/maps/place/SPPG+RANY+TRY+YAYASAN+NURUL+HIDAYAH+MUARA/data=!4m7!3m6!1s0x2e6901007ba477b9:0x46675cb91517345f!8m2!3d-6.7354617!4d107.3741538!16s%2Fg%2F11ykwgp15d!19sChIJuXekewABaS4RXzQXFblcZ0Y?authuser=0&hl=id&g_ep=EgoyMDI2MDkxNi4wIJJjKgBIAVAD&rclk=1
2620;SPPG KUTO PANJI BELINYU;SPPG KUTO PANJI BELINYU, Jln Komplek PGRI No., RW.2, Batu Tunu, Belinyu, Kabupaten Bangka, Kepulauan Bangka Belitung 33253;Kepulauan Bangka Belitung;Bangka;Belinyu;T4 nama file;https://www.google.com/maps/place/SPPG+KUTO+PANJI+BELINYU/data=!4m7!3m6!1s0x2e225300069b19d3:0x30a29a0632fba77e!8m2!3d-1.6455876!4d105.7937127!16s%2Fg%2F11njcv7t2n!19sChIJ0xmbBgBTIi4Rfqf7MgaaojA?authuser=0&hl=id&g_ep=EgoyMDI2MDkxNi4wIJJjKgBIAVAD&rclk=1
2621;SPPG BANGKA BELINYU KUTO PANJI 2;SPPG BANGKA BELINYU KUTO PANJI 2, Jl. Ma'had Islam Jamalullail, Kuto Panji, Belinyu, Kabupaten Bangka, Kepulauan Bangka Belitung 33253;Kepulauan Bangka Belitung;Bangka;Belinyu;T4 nama file;https://www.google.com/maps/place/SPPG+BANGKA+BELINYU+KUTO+PANJI+2/data=!4m7!3m6!1s0x2e23ad00383bca1d:0xc18ef0d9b0ca0f47!8m2!3d-1.6458043!4d105.7722095!16s%2Fg%2F11zb4dkml4!19sChIJHco7OACtIy4RRw_KsNnwjsE?authuser=0&hl=id&g_ep=EgoyMDI2MDkxNi4wIJJjKgBIAVAD&rclk=1
2626;SPPG NANGNUNG SUNGAILIAT;Jl. Yos Sudarso No.41, Sungailiat, Sungai Liat, Kabupaten Bangka, Kepulauan Bangka Belitung 33215;Kepulauan Bangka Belitung;Bangka;Merawang;T4 nama file;https://www.google.com/maps/place/SPPG+NANGNUNG+SUNGAILIAT/data=!4m7!3m6!1s0x2e22f30060706059:0xd850398fe9164031!8m2!3d-1.8620457!4d106.1238868!16s%2Fg%2F11n9b656_r!19sChIJWWBwYADzIi4RMUAW6Y85UNg?authuser=0&hl=id&g_ep=EgoyMDI2MDkxNi4wIJJjKgBIAVAD&rclk=1
2628;SPPG MENDO BARAT KACE 1;SPPG MENDO BARAT KACE 1, Jl. Raya Kace, Kace, Kec. Mendo Bar., Kabupaten Bangka, Kepulauan Bangka Belitung 33173;Kepulauan Bangka Belitung;Bangka;Mendo Barat;T3 alamat fuzzy;https://www.google.com/maps/place/SPPG+MENDO+BARAT+KACE+1/data=!4m7!3m6!1s0x2e22c100546ba0dd:0xb2d632a08eef8931!8m2!3d-2.1351842!4d106.0739745!16s%2Fg%2F11z58g1z53!19sChIJ3aBrVADBIi4RMYnvjqAy1rI?authuser=0&hl=id&g_ep=EgoyMDI2MDkxNi4wIJJjKgBIAVAD&rclk=1
2630;SPPG MENDO BARAT KACE 2;SPPG MENDO BARAT KACE 2, Jl. Raya Kace, Kace, Kec. Mendo Bar., Kabupaten Bangka, Kepulauan Bangka Belitung 33173;Kepulauan Bangka Belitung;Bangka;Mendo Barat;T3 alamat fuzzy;https://www.google.com/maps/place/SPPG+MENDO+BARAT+KACE+2/data=!4m7!3m6!1s0x2e22c1003316db47:0x73e64cae597897e7!8m2!3d-2.1351823!4d106.0739761!16s%2Fg%2F11nhhc_frv!19sChIJR9sWMwDBIi4R55d4Wa5M5nM?authuser=0&hl=id&g_ep=EgoyMDI2MDkxNi4wIJJjKgBIAVAD&rclk=1
2635;SATUAN PELAYANAN PEMENUHAN GIZI(SPPG) AIR KENANGA SUNGAILIAT;Satuan Pelayanan Pemenuhan Gizi(SPPG) Air Kenanga Sungailiat, Kenanga, Sungai Liat, Kabupaten Bangka, Kepulauan Bangka Belitung 33211;Kepulauan Bangka Belitung;Bangka;Sungailiat;T4 nama file;https://www.google.com/maps/place/Satuan+Pelayanan+Pemenuhan+Gizi%28SPPG%29+Air+Kenanga+Sungailiat/data=!4m7!3m6!1s0x2e22f3007bf14b2b:0xa9832fd346da5cc9!8m2!3d-1.9075771!4d106.114702!16s%2Fg%2F11z84_88j6!19sChIJK0vxewDzIi4RyVzaRtMvg6k?authuser=0&hl=id&g_ep=EgoyMDI2MDkxNi4wIJJjKgBIAVAD&rclk=1
2636;SPPG POLDA BABEL PARIT PADANG SUNGAILIAT;samping gg.merbabu, Parit Padang, Sungai Liat, Kabupaten Bangka, Kepulauan Bangka Belitung 33211;Kepulauan Bangka Belitung;Bangka;Sungailiat;T4 nama file;https://www.google.com/maps/place/SPPG+POLDA+BABEL+PARIT+PADANG+SUNGAILIAT/data=!4m7!3m6!1s0x2e22f374c81f28ed:0xb002104ab4ea727f!8m2!3d-1.8785157!4d106.1148836!16s%2Fg%2F11yw1mn3g_!19sChIJ7SgfyHTzIi4Rf3LqtEoQArA?authuser=0&hl=id&g_ep=EgoyMDI2MDkxNi4wIJJjKgBIAVAD&rclk=1
2638;SATUAN PELAYANAN PEMENUHAN GIZI(SPPG) AHMAD YANI SUNGAILIAT;Satuan Pelayanan Pemenuhan Gizi(SPPG) Ahmad Yani Sungailiat, Parit Padang, Sungai Liat, Kabupaten Bangka, Kepulauan Bangka Belitung 33215;Kepulauan Bangka Belitung;Bangka;Sungailiat;T4 nama file;https://www.google.com/maps/place/Satuan+Pelayanan+Pemenuhan+Gizi%28SPPG%29+Ahmad+Yani+Sungailiat/data=!4m7!3m6!1s0x2e22f30056cdbf2f:0xe4f252ea7fe7a92!8m2!3d-1.8935543!4d106.1048228!16s%2Fg%2F11zc3n3rx7!19sChIJL7_NVgDzIi4Rknr-py4lTw4?authuser=0&hl=id&g_ep=EgoyMDI2MDkxNi4wIJJjKgBIAVAD&rclk=1
2639;SATUAN PELAYANAN PEMENUHAN GIZI (SSPG) PARIT PADANG 4 SUNGAILIAT;Ruko Sudirman Centre blokA1, Jl. Jenderal Sudirman, Parit Padang, Sungai Liat, Kabupaten Bangka, Kepulauan Bangka Belitung 33215;Kepulauan Bangka Belitung;Bangka;Sungailiat;T4 nama file;https://www.google.com/maps/place/Satuan+Pelayanan+Pemenuhan+Gizi+%28SSPG%29+Parit+Padang+4+Sungailiat/data=!4m7!3m6!1s0x2e22f300371fafd7:0xd1c70c3ae467ec!8m2!3d-1.8785183!4d106.1149223!16s%2Fg%2F11z2y9xx6p!19sChIJ168fNwDzIi4R7GfkOgzH0QA?authuser=0&hl=id&g_ep=EgoyMDI2MDkxNi4wIJJjKgBIAVAD&rclk=1
2640;SATUAN PELAYANAN PEMENUHAN GIZI (SSPG) IMAM BONJOL SUNGAILIAT;Jl. Imam Bonjol No.33, Parit Padang, Sungai Liat, Kabupaten Bangka, Kepulauan Bangka Belitung 33215;Kepulauan Bangka Belitung;Bangka;Sungailiat;T4 nama file;https://www.google.com/maps/place/Satuan+Pelayanan+Pemenuhan+Gizi+%28SSPG%29+Imam+Bonjol+Sungailiat/data=!4m7!3m6!1s0x2e22f3005b47f943:0x42fec18a5a663311!8m2!3d-1.8776403!4d106.1134793!16s%2Fg%2F11xymj_y77!19sChIJQ_lHWwDzIi4RETNmWorB_kI?authuser=0&hl=id&g_ep=EgoyMDI2MDkxNi4wIJJjKgBIAVAD&rclk=1
2641;SATUAN PELAYANAN PEMENUHAN GIZI (SPPG) AIR HANYUT SUNGAILIAT;Satuan Pelayanan Pemenuhan Gizi (SPPG) Air Hanyut Sungailiat, Jl. Muhidin, Sungailiat, Sungai Liat, Kabupaten Bangka, Kepulauan Bangka Belitung;Kepulauan Bangka Belitung;Bangka;Sungailiat;T4 nama file;https://www.google.com/maps/place/Satuan+Pelayanan+Pemenuhan+Gizi+%28SPPG%29+Air+Hanyut+Sungailiat/data=!4m7!3m6!1s0x2e22f30078ed6dc3:0xa66fb6db53502230!8m2!3d-1.8490426!4d106.1144918!16s%2Fg%2F11xt2vvr56!19sChIJw23teADzIi4RMCJQU9u2b6Y?authuser=0&hl=id&g_ep=EgoyMDI2MDkxNi4wIJJjKgBIAVAD&rclk=1
2642;SPPG PUPUT PARITTIGA;SPPG PUPUT PARITTIGA, dekat kec 33363, Puput, Parittiga, West Bangka Regency, Bangka Belitung Islands 33362;Kepulauan Bangka Belitung;Bangka;Sungailiat;T4 nama file;https://www.google.com/maps/place/SPPG+PUPUT+PARITTIGA/data=!4m7!3m6!1s0x2e23a500411660af:0xe9d8011ac07d41e3!8m2!3d-1.6756827!4d105.5134387!16s%2Fg%2F11ytkz1dtc!19sChIJr2AWQQClIy4R40F9wBoB2Ok?authuser=0&hl=id&g_ep=EgoyMDI2MDkxNi4wIJJjKgBIAVAD&rclk=1
2643;SATUAN PELAYANAN PEMENUHAN GIZI (SPPG) PARIT PADANG SUNGAILIAT;Satuan Pelayanan Pemenuhan Gizi (SPPG) Parit Padang Sungailiat, Jl. Jenderal Sudirman, Parit Padang, Sungai Liat, Kabupaten Bangka, Kepulauan Bangka Belitung 33211;Kepulauan Bangka Belitung;Bangka;Sungailiat;T4 nama file;https://www.google.com/maps/place/Satuan+Pelayanan+Pemenuhan+Gizi+%28SPPG%29+Parit+Padang+Sungailiat/data=!4m7!3m6!1s0x2e22f3006e8d1369:0xa8387a5d8f17ef46!8m2!3d-1.8916734!4d106.1123645!16s%2Fg%2F11xvqq0btn!19sChIJaRONbgDzIi4RRu8Xj116OKg?authuser=0&hl=id&g_ep=EgoyMDI2MDkxNi4wIJJjKgBIAVAD&rclk=1
2645;SATUAN PELAYANAN PEMENUHAN GIZI (SPPG) JELITIK SUNGAILIAT;Satuan Pelayanan Pemenuhan Gizi (SPPG) Jelitik Sungailiat, Jl. Tj. Pesona, Sungailiat, Sungai Liat, Kabupaten Bangka, Kepulauan Bangka Belitung 33215;Kepulauan Bangka Belitung;Bangka;Sungailiat;T4 nama file;https://www.google.com/maps/place/Satuan+Pelayanan+Pemenuhan+Gizi+%28SPPG%29+Jelitik+Sungailiat/data=!4m7!3m6!1s0x2e22f3007fb61c93:0x59b7c3f39fb91df8!8m2!3d-1.8719607!4d106.1230142!16s%2Fg%2F11xt350mx3!19sChIJkxy2fwDzIi4R-B25n_PDt1k?authuser=0&hl=id&g_ep=EgoyMDI2MDkxNi4wIJJjKgBIAVAD&rclk=1
2649;SPPG PENYAMPAK;;Kepulauan Bangka Belitung;Bangka;Bakam;T4 nama file;https://www.google.com/maps/place/SPPG+PENYAMPAK/data=!4m7!3m6!1s0x86ea8fb9eec6a341:0xe1df71a6dd54f1d2!8m2!3d-2.000592!4d105.6902925!16s%2Fg%2F11z7mktfnj!19sChIJQaPG7rmP6oYR0vFU3aZx3-E?authuser=0&hl=id&g_ep=EgoyMDI2MDkxNi4wIJJjKgBIAVAD&rclk=1
2653;SPPG BUKIT KETOK ( DAPUR SABER );SPPG BUKIT KETOK ( DAPUR SABER ), Jl. Jend. Achmad Yani, Bukit Ketok, Belinyu, Kabupaten Bangka, Kepulauan Bangka Belitung 33253;Kepulauan Bangka Belitung;Bangka;Riau Silip;T4 nama file;https://www.google.com/maps/place/SPPG+BUKIT+KETOK+%28+DAPUR+SABER+%29/data=!4m7!3m6!1s0x2e23ad005350b371:0xaa552aea4dd3ebc3!8m2!3d-1.6255094!4d105.7776728!16s%2Fg%2F11ykgc8y93!19sChIJcbNQUwCtIy4Rw-vTTeoqVao?authuser=0&hl=id&g_ep=EgoyMDI2MDkxNi4wIJJjKgBIAVAD&rclk=1
2654;SPPG KELAPA 2 BANGKA BARAT;Jl. Padat Karya, Kelapa, Kec. Klp., Kabupaten Bangka Barat, Kepulauan Bangka Belitung 33364;Kepulauan Bangka Belitung;Bangka;Riau Silip;T4 nama file;https://www.google.com/maps/place/SPPG+Kelapa+2+Bangka+Barat/data=!4m7!3m6!1s0x2e23050043619573:0x2e89af1991e82c3d!8m2!3d-1.884893!4d105.6776509!16s%2Fg%2F11zb4cf_nd!19sChIJc5VhQwAFIy4RPSzokRmviS4?authuser=0&hl=id&g_ep=EgoyMDI2MDkxNi4wIJJjKgBIAVAD&rclk=1
2655;SPPG KELAPA BANGKA BARAT #1;Jl. Binaria Desa, RT.015/RW.005, Kelapa, West Bangka Regency, Bangka Belitung Islands 33364;Kepulauan Bangka Belitung;Bangka;Riau Silip;T4 nama file;https://www.google.com/maps/place/SPPG+KELAPA+BANGKA+BARAT+%231/data=!4m7!3m6!1s0x2e2305000aa0395b:0xf5430d603c345b0e!8m2!3d-1.8764098!4d105.6717691!16s%2Fg%2F11njljsyjg!19sChIJWzmgCgAFIy4RDls0PGANQ_U?authuser=0&hl=id&g_ep=EgoyMDI2MDkxNi4wIJJjKgBIAVAD&rclk=1
2676;KEC. LEPAR PONGOK;Kabupaten Bangka Selatan, Kepulauan Bangka Belitung;Kepulauan Bangka Belitung;Bangka Selatan;Lepar Pongok;T4 nama file;https://www.google.com/maps/place/Kec.+Lepar+Pongok/data=!4m7!3m6!1s0x2e17caf6da4d4175:0x4039d80b2210120!8m2!3d-2.9930054!4d106.7669231!16s%2Fg%2F121lytrq!19sChIJdUFN2vbKFy4RIAEhsoCdAwQ?authuser=0&hl=id&g_ep=EgoyMDI2MDkxNi4wIJJjKgBIAVAD&rclk=1
2679;KEC. AIR GEGAS;Kabupaten Bangka Selatan, Kepulauan Bangka Belitung;Kepulauan Bangka Belitung;Bangka Selatan;Air Gegas;T4 nama file;https://www.google.com/maps/place/Kec.+Air+Gegas/data=!4m7!3m6!1s0x2e3d66ae400049bf:0xc54dbe7f329b1ba9!8m2!3d-2.7034469!4d106.3934777!16s%2Fg%2F12116t6g!19sChIJv0kAQK5mPS4RqRubMn--TcU?authuser=0&hl=id&g_ep=EgoyMDI2MDkxNi4wIJJjKgBIAVAD&rclk=1
2680;SPPG AIR SAGA 2;Jl. Gatot Subroto, RT.009/RW.004, Air Saga, Kec. Tj. Pandan, Kabupaten Belitung, Kepulauan Bangka Belitung 33414;Kepulauan Bangka Belitung;Bangka Selatan;Air Gegas;T4 nama file;https://www.google.com/maps/place/SPPG+AIR+SAGA+2/data=!4m7!3m6!1s0x2e1715aea00cbd49:0x55b4e0948ba8c1ed!8m2!3d-2.7230678!4d107.6311639!16s%2Fg%2F11z74y2my8!19sChIJSb0MoK4VFy4R7cGoi5TgtFU?authuser=0&hl=id&g_ep=EgoyMDI2MDkxNi4wIJJjKgBIAVAD&rclk=1
2681;SPPG POLDA KECAMATAN TAMAN SARI;Jl. Linggarjati No.1, Batin Tikal, Kec. Taman Sari, Kota Pangkal Pinang, Kepulauan Bangka Belitung 33684;Kepulauan Bangka Belitung;Bangka Selatan;Kepulauan Pongok;T4 nama file;https://www.google.com/maps/place/SPPG+Polda+Kecamatan+Taman+Sari/data=!4m7!3m6!1s0x2e22c1002d596151:0xa2e52244d5d6979f!8m2!3d-2.1231638!4d106.1093641!16s%2Fg%2F11x_d5z8c8!19sChIJUWFZLQDBIi4Rn5fW1UQi5aI?authuser=0&hl=id&g_ep=EgoyMDI2MDkxNi4wIJJjKgBIAVAD&rclk=1
2682;SPPG KAMBOJA PANGKALLALANG;SPPG KAMBOJA PANGKALLALANG, Jl. Kamboja II, Pangkal Lalang, Tanjung Pandan, Belitung Regency, Bangka Belitung Islands 33411;Kepulauan Bangka Belitung;Bangka Selatan;Kepulauan Pongok;T4 nama file;https://www.google.com/maps/place/SPPG+KAMBOJA+PANGKALLALANG/data=!4m7!3m6!1s0x2e17170073f52453:0x40fb2ee98a0cea23!8m2!3d-2.7413666!4d107.6429357!16s%2Fg%2F11ywd7439n!19sChIJUyT1cwAXFy4RI-oMiuku-0A?authuser=0&hl=id&g_ep=EgoyMDI2MDkxNi4wIJJjKgBIAVAD&rclk=1
2696;DAPUR SPPG PERAWAS;Jl. Dukong, RT.021/RW.008, Perawas, Kec. Tj. Pandan, Kabupaten Belitung, Kepulauan Bangka Belitung 33411;Kepulauan Bangka Belitung;Belitung;Selat Nasik;T4 nama file;https://www.google.com/maps/place/Dapur+SPPG+Perawas/data=!4m7!3m6!1s0x2e173d002a24bdfd:0x90ef69c8c18937d9!8m2!3d-2.7686166!4d107.6758387!16s%2Fg%2F11yny0k3w2!19sChIJ_b0kKgA9Fy4R2TeJwchp75A?authuser=0&hl=id&g_ep=EgoyMDI2MDkxNi4wIJJjKgBIAVAD&rclk=1
2697;SPPG AIR SELUMAR;RT.015/RW007, Dusun Air Gelarak, Air Selumar, Sijuk, Kabupaten Belitung, Kepulauan Bangka Belitung 33414;Kepulauan Bangka Belitung;Belitung;Selat Nasik;T4 nama file;https://www.google.com/maps/place/SPPG+AIR+SELUMAR/data=!4m7!3m6!1s0x2e17410052aabcc9:0xc3758ba5bcc04c66!8m2!3d-2.6282842!4d107.738905!16s%2Fg%2F11yt8b8g2w!19sChIJybyqUgBBFy4RZkzAvKWLdcM?authuser=0&hl=id&g_ep=EgoyMDI2MDkxNi4wIJJjKgBIAVAD&rclk=1
2698;SPPG BELITUNG TANJUNGPANDAN KOTA;SPPG BELITUNG TANJUNGPANDAN KOTA, Jl. Merdeka, Tj. Pandan, Kec. Tj. Pandan, Kabupaten Belitung, Kepulauan Bangka Belitung 33411;Kepulauan Bangka Belitung;Belitung;Selat Nasik;T4 nama file;https://www.google.com/maps/place/SPPG+BELITUNG+TANJUNGPANDAN+KOTA/data=!4m7!3m6!1s0x2e1717001fb956a1:0xb025700331fb4405!8m2!3d-2.7443204!4d107.6380171!16s%2Fg%2F11njlj9qq4!19sChIJoVa5HwAXFy4RBUT7MQNwJbA?authuser=0&hl=id&g_ep=EgoyMDI2MDkxNi4wIJJjKgBIAVAD&rclk=1
2699;DAPUR SPPG KENANGA PAAL SATU;Dapur SPPG KENANGA PAAL SATU, Jl. kenanga, RT.036/RW.008, Paal Satu, Kec. Tj. Pandan, Kabupaten Belitung, Kepulauan Bangka Belitung 33411;Kepulauan Bangka Belitung;Belitung;Selat Nasik;T4 nama file;https://www.google.com/maps/place/Dapur+SPPG+KENANGA+PAAL+SATU/data=!4m7!3m6!1s0x2e17170035908e49:0x619330a34f65df25!8m2!3d-2.721777!4d107.6449227!16s%2Fg%2F11xsvd2kgg!19sChIJSY6QNQAXFy4RJd9lT6Mwk2E?authuser=0&hl=id&g_ep=EgoyMDI2MDkxNi4wIJJjKgBIAVAD&rclk=1
2700;SPPG PANGKALLALANG;SPPG Pangkallalang, Jl. Letda. Zainudin Aba, RT.011/RW.005, Pangkal Lalang, Kec. Tj. Pandan, Kabupaten Belitung, Kepulauan Bangka Belitung 33412;Kepulauan Bangka Belitung;Belitung;Selat Nasik;T4 nama file;https://www.google.com/maps/place/SPPG+Pangkallalang/data=!4m7!3m6!1s0x2e17170026f147d3:0x11f8dad588062f6b!8m2!3d-2.7458!4d107.6443779!16s%2Fg%2F11ytjsb37b!19sChIJ00fxJgAXFy4Ray8GiNXa-BE?authuser=0&hl=id&g_ep=EgoyMDI2MDkxNi4wIJJjKgBIAVAD&rclk=1
2702;SPPG AIR SERUK;SPPG AIR SERUK, Air Seru, Sijuk, Kabupaten Belitung, Kepulauan Bangka Belitung 33415;Kepulauan Bangka Belitung;Belitung;Sijuk;T4 nama file;https://www.google.com/maps/place/SPPG+AIR+SERUK/data=!4m7!3m6!1s0x2e173f00182f2179:0x2b37e2e7f00e867!8m2!3d-2.685791!4d107.6931342!16s%2Fg%2F11yqxnxtlt!19sChIJeSEvGAA_Fy4RZ-gAfy5-swI?authuser=0&hl=id&g_ep=EgoyMDI2MDkxNi4wIJJjKgBIAVAD&rclk=1
2703;SPPG BELITUNG TANJUNG PANDAN DUKONG;SPPG Belitung Tanjung Pandan Dukong, Jl. Akil Ali, Pangkal Lalang, Kec. Tj. Pandan, Kabupaten Belitung, Kepulauan Bangka Belitung 33417;Kepulauan Bangka Belitung;Belitung;Sijuk;T4 nama file;https://www.google.com/maps/place/SPPG+Belitung+Tanjung+Pandan+Dukong/data=!4m7!3m6!1s0x2e171700113be495:0x933ad890263b9836!8m2!3d-2.7603204!4d107.6438686!16s%2Fg%2F11zb7rk5qn!19sChIJleQ7EQAXFy4RNpg7JpDYOpM?authuser=0&hl=id&g_ep=EgoyMDI2MDkxNi4wIJJjKgBIAVAD&rclk=1
2704;SPPG AIK SAGA SITI ARFAH;SPPG AIK SAGA SITI ARFAH, Jl. Pak Tahau, Air Saga, Kec. Tj. Pandan, Kabupaten Belitung, Kepulauan Bangka Belitung 33411;Kepulauan Bangka Belitung;Belitung;Sijuk;T4 nama file;https://www.google.com/maps/place/SPPG+AIK+SAGA+SITI+ARFAH/data=!4m7!3m6!1s0x2e17150034abf7cd:0xf8bdab06a0a68256!8m2!3d-2.7071161!4d107.6265637!16s%2Fg%2F11yppgf0d4!19sChIJzferNAAVFy4RVoKmoAarvfg?authuser=0&hl=id&g_ep=EgoyMDI2MDkxNi4wIJJjKgBIAVAD&rclk=1
2705;SPPG PAAL SATU 2 GATOT SUBROTO;SPPG PAAL SATU 2 GATOT SUBROTO, Jl. Gatot Subroto, Paal Satu, Kec. Tj. Pandan, Kabupaten Belitung, Kepulauan Bangka Belitung 33411;Kepulauan Bangka Belitung;Belitung;Sijuk;T4 nama file;https://www.google.com/maps/place/SPPG+PAAL+SATU+2+GATOT+SUBROTO/data=!4m7!3m6!1s0x2e1717007ad9a7cb:0x99a2087fabaaf630!8m2!3d-2.7255583!4d107.6404129!16s%2Fg%2F11njcvl1fz!19sChIJy6fZegAXFy4RMPaqq38Iopk?authuser=0&hl=id&g_ep=EgoyMDI2MDkxNi4wIJJjKgBIAVAD&rclk=1
2706;SPPG BULUH TUMBANG;SPPG BULUH TUMBANG, Buluh Tumbang, Kec. Tj. Pandan, Kabupaten Belitung, Kepulauan Bangka Belitung 33451;Kepulauan Bangka Belitung;Belitung;Sijuk;T4 nama file;https://www.google.com/maps/place/SPPG+BULUH+TUMBANG/data=!4m7!3m6!1s0x2e173d003408c381:0xe90a47b810dd06da!8m2!3d-2.7699142!4d107.711574!16s%2Fg%2F11njlj9hhk!19sChIJgcMINAA9Fy4R2gbdELhHCuk?authuser=0&hl=id&g_ep=EgoyMDI2MDkxNi4wIJJjKgBIAVAD&rclk=1
2707;SPPG BUDING KELAPA KAMPIT;SPPG Buding Kelapa Kampit, Buding, Kec. Klp. Kampit, Kabupaten Belitung Timur, Kepulauan Bangka Belitung 33571;Kepulauan Bangka Belitung;Belitung;Sijuk;T4 nama file;https://www.google.com/maps/place/SPPG+Buding+Kelapa+Kampit/data=!4m7!3m6!1s0x2e1735005d220301:0x19340fc802f9bb5c!8m2!3d-2.7043605!4d108.0240563!16s%2Fg%2F11yyjc5jyl!19sChIJAQMiXQA1Fy4RXLv5AsgPNBk?authuser=0&hl=id&g_ep=EgoyMDI2MDkxNi4wIJJjKgBIAVAD&rclk=1
2709;SPX EXPRESS TANJUNG PANDAN HUB;Jl. Pattimura No.13, Tanjung Pendam, Tanjung Pandan, Belitung Regency, Bangka Belitung Islands 33415;Kepulauan Bangka Belitung;Belitung;Tanjung Pandan;T4 nama file;https://www.google.com/maps/place/SPX+Express+Tanjung+Pandan+Hub/data=!4m7!3m6!1s0x2e1717f6791277e7:0xde24662af7a80de9!8m2!3d-2.7368108!4d107.6273612!16s%2Fg%2F11lzp29_9k!19sChIJ53cSefYXFy4R6Q2o9ypmJN4?authuser=0&hl=id&g_ep=EgoyMDI2MDkxNi4wIJJjKgBIAVAD&rclk=1
2710;SPPG MEMBALONG;SPPG MEMBALONG, Jl.tanjung rusa dusun air buntar, Membalong, Kabupaten Belitung, Kepulauan Bangka Belitung 33452;Kepulauan Bangka Belitung;Belitung;Membalong;T4 nama file;https://www.google.com/maps/place/SPPG+MEMBALONG/@-3.1303932,107.6912247,17z/data=!3m1!4b1!4m6!3m5!1s0x2e16c30017c2f045:0xfb7ece039cd4adcd!8m2!3d-3.1303932!4d107.6912247!16s%2Fg%2F11n4db2019?hl=id&entry=ttu&g_ep=EgoyMDI2MDkxNi4wIKXMDSoASAFQAw%3D%3D
2712;SPPG KELAPA KAMPIT 1;SPPG Kelapa Kampit 1, Mentawak, Kec. Klp. Kampit, Kabupaten Belitung Timur, Kepulauan Bangka Belitung 33571;Kepulauan Bangka Belitung;Belitung Timur;Kelapa Kampit;T4 nama file;https://www.google.com/maps/place/SPPG+Kelapa+Kampit+1/data=!4m7!3m6!1s0x2e10cb007a129bb1:0xc86af43bcf74262d!8m2!3d-2.6887834!4d108.0622956!16s%2Fg%2F11zk76snz8!19sChIJsZsSegDLEC4RLSZ0zzv0asg?authuser=0&hl=id&g_ep=EgoyMDI2MDkxNi4wIJJjKgBIAVAD&rclk=1
2722;SPPG TAMAN SARI 2;Jl. AIPDA Rebuin No.164, Batin Tikal, Kec. Taman Sari, Kota Pangkal Pinang, Kepulauan Bangka Belitung 33684;Kepulauan Bangka Belitung;Kota Pangkal Pinang;Bukitintan;T4 nama file;https://www.google.com/maps/place/SPPG+Taman+Sari+2/data=!4m7!3m6!1s0x2e22c1002f371149:0x1c43dbe22f618a8c!8m2!3d-2.1209018!4d106.1086608!16s%2Fg%2F11zfgsvyjj!19sChIJSRE3LwDBIi4RjIphL-LbQxw?authuser=0&hl=id&g_ep=EgoyMDI2MDkxNi4wIJJjKgBIAVAD&rclk=1
2724;SPPG POLDA KEP. BABEL;Jl. Linggarjati No.35, Batin Tikal, Kec. Taman Sari, Kota Pangkal Pinang, Kepulauan Bangka Belitung 33684;Kepulauan Bangka Belitung;Kota Pangkal Pinang;Taman Sari;T4 nama file;https://www.google.com/maps/place/SPPG+POLDA+KEP.+BABEL/data=!4m7!3m6!1s0x2e22c1007d6df69b:0xf821b3e2de5a9fa2!8m2!3d-2.1227588!4d106.1092415!16s%2Fg%2F11x_dctxx5!19sChIJm_ZtfQDBIi4Rop9a3uKzIfg?authuser=0&hl=id&g_ep=EgoyMDI2MDkxNi4wIJJjKgBIAVAD&rclk=1
2726;SPPG GUNUNG KIJANG YAYASAN MITRA MERAH PUTIH;SPPG Gunung Kijang Yayasan Mitra Merah Putih, Tlk. Bakau, Kec. Gn. Kijang, Kabupaten Bintan, Kepulauan Riau;Kepulauan Riau;Bintan;Gunung Kijang;T4 nama file;https://www.google.com/maps/place/SPPG+Gunung+Kijang+Yayasan+Mitra+Merah+Putih/data=!4m7!3m6!1s0x31d967000966380b:0x6efafd7656c50fb6!8m2!3d1.0380852!4d104.6546171!16s%2Fg%2F11yxxgdww5!19sChIJCzhmCQBn2TERtg_FVnb9-m4?authuser=0&hl=id&g_ep=EgoyMDI2MDkxNi4wIJJjKgBIAVAD&rclk=1
2727;SPPG BINTAN GUNUNG KIJANG 46;Jl. Pantai No.34, Tlk. Bakau, Kec. Gn. Kijang, Kabupaten Bintan, Kepulauan Riau 29151;Kepulauan Riau;Bintan;Gunung Kijang;T4 nama file;https://www.google.com/maps/place/SPPG+BINTAN+GUNUNG+KIJANG+46/data=!4m7!3m6!1s0x31d9670033b22fb5:0x87691a9f78b7a90d!8m2!3d1.0188226!4d104.6513555!16s%2Fg%2F11zx3jhnfd!19sChIJtS-yMwBn2TERDam3eJ8aaYc?authuser=0&hl=id&g_ep=EgoyMDI2MDkxNi4wIJJjKgBIAVAD&rclk=1
2732;SPPG SEBONG LAGOI YAYASAN HADIAH ALAM SEMESTA;SPPG Sebong Lagoi Yayasan Hadiah Alam Semesta, Sebong Lagoi, Kec. Tlk. Sebong, Kabupaten Bintan, Kepulauan Riau 29152;Kepulauan Riau;Bintan;Telok Sebong;T3 alamat fuzzy;https://www.google.com/maps/place/SPPG+Sebong+Lagoi+Yayasan+Hadiah+Alam+Semesta/data=!4m7!3m6!1s0x31d97f0031463d3b:0x78c937049f9010bb!8m2!3d1.133422!4d104.326081!16s%2Fg%2F11zdjv1jx0!19sChIJOz1GMQB_2TERuxCQnwQ3yXg?authuser=0&hl=id&g_ep=EgoyMDI2MDkxNi4wIJJjKgBIAVAD&rclk=1
2734;SPPG MUARA PAWAN SUNGAI AWAN KIRI;;Kepulauan Riau;Bintan;Teluk Bintan;T4 nama file;https://www.google.com/maps/place/SPPG+MUARA+PAWAN+SUNGAI+AWAN+KIRI/data=!4m7!3m6!1s0x2b2bc91350cff921:0x94e4b7c3cf1f659e!8m2!3d-1.745926!4d110.1154225!16s%2Fg%2F11yb95yn3y!19sChIJIfnPUBPJKysRnmUfz8O35JQ?authuser=0&hl=id&g_ep=EgoyMDI2MDkxNi4wIJJjKgBIAVAD&rclk=1
2735;SPPG SEI LEKOP BINTAN TIMUR;SPPG SEI LEKOP BINTAN TIMUR, Sungai Lekop, Kec. Bintan Tim., Kabupaten Bintan, Kepulauan Riau 29151;Kepulauan Riau;Bintan;Bintan Timur;T3 alamat fuzzy;https://www.google.com/maps/place/SPPG+SEI+LEKOP+BINTAN+TIMUR/data=!4m7!3m6!1s0x31d96b00570656f3:0x16632daefcc95752!8m2!3d0.9011781!4d104.5945661!16s%2Fg%2F11ylqzkd6z!19sChIJ81YGVwBr2TERUlfJ_K4tYxY?authuser=0&hl=id&g_ep=EgoyMDI2MDkxNi4wIJJjKgBIAVAD&rclk=1
2736;SPPG BINTAN BERKAH ABADI;SPPG Bintan Berkah Abadi, Jl. Kp. Lengkuas, Kijang Kota, Kec. Bintan Tim., Kabupaten Bintan, Kepulauan Riau 29151;Kepulauan Riau;Bintan;Bintan Timur;T3 alamat fuzzy;https://www.google.com/maps/place/SPPG+Bintan+Berkah+Abadi/data=!4m7!3m6!1s0x31d91500524ddcbd:0xb683b664e160dbaf!8m2!3d0.8564115!4d104.5949965!16s%2Fg%2F11yvthb4h3!19sChIJvdxNUgAV2TERr9tg4WS2g7Y?authuser=0&hl=id&g_ep=EgoyMDI2MDkxNi4wIJJjKgBIAVAD&rclk=1
2737;SPPG TAMBELAN;SPPG TAMBELAN, Tambelan, Kabupaten Bintan, Kepulauan Riau;Kepulauan Riau;Bintan;Tambelan;T4 nama file;https://www.google.com/maps/place/SPPG+TAMBELAN/@0.9913644,107.5627546,17z/data=!3m1!4b1!4m6!3m5!1s0x31e13b005f4b5127:0xe0e7ef489e55d15c!8m2!3d0.9913644!4d107.5627546!16s%2Fg%2F11zbc437r2?hl=id&entry=ttu&g_ep=EgoyMDI2MDkxNi4wIKXMDSoASAFQAw%3D%3D
2738;SPPG KOTA TANJUNG PINANG TANJUNG PINANG TIMUR PINANG KENCANA 3;Jl. Raya Tj. Uban lama No.km12, RT.003/RW.002, Pinang Kencana, Kec. Tanjungpinang Tim., Kota Tanjung Pinang, Kepulauan Riau 29125;Kepulauan Riau;Bintan;Bintan Pesisir;T4 nama file;https://www.google.com/maps/place/SPPG+KOTA+TANJUNG+PINANG+TANJUNG+PINANG+TIMUR+PINANG+KENCANA+3/data=!4m7!3m6!1s0x31d96dd08015060b:0xd567581426dffafc!8m2!3d0.9487445!4d104.5237167!16s%2Fg%2F11zdrvx450!19sChIJCwYVgNBt2TER_PrfJhRYZ9U?authuser=0&hl=id&g_ep=EgoyMDI2MDkxNi4wIJJjKgBIAVAD&rclk=1
2739;SPPG BATU IX TANJUNG PINANG TIMUR;SPPG BATU IX TANJUNG PINANG TIMUR, Batu IX, Kec. Tanjungpinang Tim., Kota Tanjung Pinang, Kepulauan Riau 29125;Kepulauan Riau;Bintan;Bintan Pesisir;T4 nama file;https://www.google.com/maps/place/SPPG+BATU+IX+TANJUNG+PINANG+TIMUR/data=!4m7!3m6!1s0x31d96d0078c82e9d:0x3d7bcba146feaff3!8m2!3d0.9159275!4d104.517026!16s%2Fg%2F11xzplbpz_!19sChIJnS7IeABt2TER86_-RqHLez0?authuser=0&hl=id&g_ep=EgoyMDI2MDkxNi4wIJJjKgBIAVAD&rclk=1
2740;SPPG TANJUNGPINANG TIMUR PINANG KENCANA;Jl. Mekar Sari No.1, Pinang Kencana, Kec. Tanjungpinang Tim., Kota Tanjung Pinang, Kepulauan Riau 29125;Kepulauan Riau;Bintan;Bintan Pesisir;T4 nama file;https://www.google.com/maps/place/SPPG+Tanjungpinang+Timur+Pinang+Kencana/data=!4m7!3m6!1s0x31d96d007fefea8d:0x3a2133d09581d002!8m2!3d0.9261412!4d104.5231426!16s%2Fg%2F11z77ghkm7!19sChIJjervfwBt2TERAtCBldAzITo?authuser=0&hl=id&g_ep=EgoyMDI2MDkxNi4wIJJjKgBIAVAD&rclk=1
2741;SPPG PANGLIMA DOMPAK TANJUNGPINANG TIMUR 1;Jl. Panglima Dompak perumahan wedadari No.3, Batu IX, Kec. Tanjungpinang Tim., Kota Tanjung Pinang, Kepulauan Riau 29112;Kepulauan Riau;Bintan;Bintan Pesisir;T4 nama file;https://www.google.com/maps/place/SPPG+Panglima+Dompak+Tanjungpinang+Timur+1/data=!4m7!3m6!1s0x31d96d004e21ba0f:0xcb692a73b3efc577!8m2!3d0.8894186!4d104.5096521!16s%2Fg%2F11ykj1p0w3!19sChIJD7ohTgBt2TERd8Xvs3Mqacs?authuser=0&hl=id&g_ep=EgoyMDI2MDkxNi4wIJJjKgBIAVAD&rclk=1
2744;SPPG KP SUNGAI CARANG;Jl. Kp. Sungai Carang Gg. Sunflower No.18, RT.03/RW.05, Air Raja, Kec. Tanjungpinang Tim., Kota Tanjung Pinang, Kepulauan Riau 29125;Kepulauan Riau;Bintan;Bintan Pesisir;T4 nama file;https://www.google.com/maps/place/SPPG+Kp+Sungai+Carang/data=!4m7!3m6!1s0x31d96d005af88f0f:0x301f6515d9f6305!8m2!3d0.9385735!4d104.5041671!16s%2Fg%2F11xw2pcy8m!19sChIJD4_4WgBt2TERBWOfXVH2AQM?authuser=0&hl=id&g_ep=EgoyMDI2MDkxNi4wIJJjKgBIAVAD&rclk=1
2745;SPPG PINANG KENCANA 2;Sppg Pinang Kencana 2, RW.4, Pinang Kencana, Kec. Tanjungpinang Tim., Kota Tanjung Pinang, Kepulauan Riau 29125;Kepulauan Riau;Bintan;Bintan Pesisir;T4 nama file;https://www.google.com/maps/place/Sppg+Pinang+Kencana+2/data=!4m7!3m6!1s0x31d96d004c8b5491:0x43a7a0958698f71f!8m2!3d0.9236947!4d104.5135832!16s%2Fg%2F11nq4zbmtb!19sChIJkVSLTABt2TERH_eYhpWgp0M?authuser=0&hl=id&g_ep=EgoyMDI2MDkxNi4wIJJjKgBIAVAD&rclk=1
2746;SPPG KOTA TANJUNGPINANG TANJUNGPINANG TIMUR 4;SPPG KOTA TANJUNGPINANG TANJUNGPINANG TIMUR 4, Batu IX, Kec. Tanjungpinang Tim., Kota Tanjung Pinang, Kepulauan Riau 29123;Kepulauan Riau;Bintan;Bintan Pesisir;T4 nama file;https://www.google.com/maps/place/SPPG+KOTA+TANJUNGPINANG+TANJUNGPINANG+TIMUR+4/data=!4m7!3m6!1s0x31d96d002628c14b:0x7cc5ad50c7ed1aca!8m2!3d0.9112138!4d104.4934913!16s%2Fg%2F11z2q5k7jk!19sChIJS8EoJgBt2TERyhrtx1CtxXw?authuser=0&hl=id&g_ep=EgoyMDI2MDkxNi4wIJJjKgBIAVAD&rclk=1
2749;SPPG KARIMUN TEBING PAMAK 2;SPPG Karimun Tebing Pamak 2, Pamak, Tebing, Karimun Regency, Riau Islands 29664;Kepulauan Riau;Karimun;Meral;T4 nama file;https://www.google.com/maps/place/SPPG+Karimun+Tebing+Pamak+2/data=!4m7!3m6!1s0x31d7510002758903:0x2efa961cb06f858c!8m2!3d1.0507054!4d103.3699685!16s%2Fg%2F11mz75m4v6!19sChIJA4l1AgBR1zERjIVvsByW-i4?authuser=0&hl=id&g_ep=EgoyMDI2MDkxNi4wIJJjKgBIAVAD&rclk=1
2750;SPPG KARIMUN MERAL BARAN TIMUR;SPPG Karimun Meral Baran Timur, Lakam River, Karimun, Karimun Regency, Riau Islands 29664;Kepulauan Riau;Karimun;Meral;T4 nama file;https://www.google.com/maps/place/SPPG+Karimun+Meral+Baran+Timur/data=!4m7!3m6!1s0x31d75b002f0ac145:0x9adb94cff69e8db1!8m2!3d0.9981774!4d103.4097215!16s%2Fg%2F11mz766k3j!19sChIJRcEKLwBb1zERsY2e9s-U25o?authuser=0&hl=id&g_ep=EgoyMDI2MDkxNi4wIJJjKgBIAVAD&rclk=1
2752;SPPG SUNGAI PASIR 2;SPPG Sungai Pasir 2, Jl. Letjen Suprapto, Meral Kota, Meral, Karimun Regency, Riau Islands 29664;Kepulauan Riau;Karimun;Meral;T4 nama file;https://www.google.com/maps/place/SPPG+Sungai+Pasir+2/data=!4m7!3m6!1s0x31d75b0031fc15f1:0x8190b2023336dee4!8m2!3d1.0107146!4d103.3891284!16s%2Fg%2F11mz4k5xtn!19sChIJ8RX8MQBb1zER5N42MwKykIE?authuser=0&hl=id&g_ep=EgoyMDI2MDkxNi4wIJJjKgBIAVAD&rclk=1
2753;SPPG KARIMUN MERAL BARAT DARUSSALAM;SPPG Karimun Meral Barat Darussalam, Darussalam, Meral Barat, Karimun Regency, Riau Islands 29664;Kepulauan Riau;Karimun;Meral;T4 nama file;https://www.google.com/maps/place/SPPG+Karimun+Meral+Barat+Darussalam/data=!4m7!3m6!1s0x31d751000a1df251:0xa7bde852a83b74f5!8m2!3d1.0517043!4d103.3691236!16s%2Fg%2F11yx1s2vrx!19sChIJUfIdCgBR1zER9XQ7qFLovac?authuser=0&hl=id&g_ep=EgoyMDI2MDkxNi4wIJJjKgBIAVAD&rclk=1
2755;SPPG KARIMUN MERAL SUNGAI PASIR 3;SPPG Karimun Meral Sungai Pasir 3, Meral Kota, Meral, Karimun Regency, Riau Islands 29664;Kepulauan Riau;Karimun;Meral;T4 nama file;https://www.google.com/maps/place/SPPG+Karimun+Meral+Sungai+Pasir+3/data=!4m7!3m6!1s0x31d75b00030dd86b:0xe9092ce93e0a19e9!8m2!3d1.0113825!4d103.3929175!16s%2Fg%2F11mz760ytm!19sChIJa9gNAwBb1zER6RkKPuksCek?authuser=0&hl=id&g_ep=EgoyMDI2MDkxNi4wIJJjKgBIAVAD&rclk=1
2757;SPPG KARIMUN MERAL SUNGAI PASIR 1;SPPG Karimun Meral Sungai Pasir 1, Meral Kota, Meral, Karimun Regency, Riau Islands 29664;Kepulauan Riau;Karimun;Meral;T4 nama file;https://www.google.com/maps/place/SPPG+Karimun+Meral+Sungai+Pasir+1/data=!4m7!3m6!1s0x31d75b00305f7a93:0xa9ac3615dd893f6!8m2!3d1.003608!4d103.3897042!16s%2Fg%2F11mz76m040!19sChIJk3pfMABb1zER9pPYXWHDmgo?authuser=0&hl=id&g_ep=EgoyMDI2MDkxNi4wIJJjKgBIAVAD&rclk=1
2762;SPPG SAWANG;SPPG SAWANG, Sawang, Kundur Barat, Karimun Regency, Riau Islands 29662;Kepulauan Riau;Karimun;Kundur;T4 nama file;https://www.google.com/maps/place/SPPG+SAWANG/data=!4m7!3m6!1s0x31d765001d65b69f:0x7010d14d00acd901!8m2!3d0.7337914!4d103.3707944!16s%2Fg%2F11n3zxk2mt!19sChIJn7ZlHQBl1zERAdmsAE3REHA?authuser=0&hl=id&g_ep=EgoyMDI2MDkxNi4wIJJjKgBIAVAD&rclk=1
2764;SPPG KARIMUN DURAI TELAGA TUJUH;Jln.Kapten Muchtar, Durai, Kabupaten Karimun, Kepulauan Riau 29663;Kepulauan Riau;Karimun;Karimun;T4 nama file;https://www.google.com/maps/place/SPPG+KARIMUN+DURAI+TELAGA+TUJUH/data=!4m7!3m6!1s0x31d8297f0ab028b1:0x1873658584354ab!8m2!3d0.5048999!4d103.6190333!16s%2Fg%2F11zc810rsq!19sChIJsSiwCn8p2DERq1RDWFg2hwE?authuser=0&hl=id&g_ep=EgoyMDI2MDkxNi4wIJJjKgBIAVAD&rclk=1
2766;SPPG REZEKILA KARIMUN;;Kepulauan Riau;Karimun;Karimun;T4 nama file;https://www.google.com/maps/place/SPPG+Rezekila+Karimun/data=!4m7!3m6!1s0x8336d83f97f5e247:0x96658f1d6dfbef0e!8m2!3d0.82109!4d103.631867!16s%2Fg%2F11xd9q990z!19sChIJR-L1lz_YNoMRDu_7bR2PZZY?authuser=0&hl=id&g_ep=EgoyMDI2MDkxNi4wIJJjKgBIAVAD&rclk=1
2768;SPPG KARIMUN SAWANG KUNDUR BARAT;SPPG KARIMUN SAWANG KUNDUR BARAT, Jalan Layang, Sawang, Kec. Kundur Bar., Kabupaten Karimun, Kepulauan Riau 29662;Kepulauan Riau;Karimun;Kundur Barat;T3 alamat fuzzy;https://www.google.com/maps/place/SPPG+KARIMUN+SAWANG+KUNDUR+BARAT/data=!4m7!3m6!1s0x31d76f0033df79af:0x7fa819608222a3a9!8m2!3d0.7594308!4d103.3564869!16s%2Fg%2F11zd8z0gjf!19sChIJr3nfMwBv1zERqaMigmAZqH8?authuser=0&hl=id&g_ep=EgoyMDI2MDkxNi4wIJJjKgBIAVAD&rclk=1
2769;SPPG KARIMUN SAWANG SELATAN;SPPG KARIMUN SAWANG SELATAN, Jalan Layang, Sawang, Kec. Kundur Bar., Kabupaten Karimun, Kepulauan Riau 29662;Kepulauan Riau;Karimun;Kundur Barat;T3 alamat fuzzy;https://www.google.com/maps/place/SPPG+KARIMUN+SAWANG+SELATAN/data=!4m7!3m6!1s0x31d76f001086c59b:0x24245fc94ad14bf3!8m2!3d0.7595602!4d103.3564634!16s%2Fg%2F11zd8z1046!19sChIJm8WGEABv1zER80vRSslfJCQ?authuser=0&hl=id&g_ep=EgoyMDI2MDkxNi4wIJJjKgBIAVAD&rclk=1
2770;SPPG TERPENCIL SANGLAR;SPPG TERPENCIL SANGLAR, Pulau, Sanglar, Durai, Kabupaten Karimun, Kepulauan Riau 29664;Kepulauan Riau;Karimun;Durai;T4 nama file;https://www.google.com/maps/place/SPPG+TERPENCIL+SANGLAR/data=!4m7!3m6!1s0x31d9d3000a8058a9:0x7a42639d573735d4!8m2!3d0.6172199!4d103.6784079!16s%2Fg%2F11y_ft4dg_!19sChIJqViACgDT2TER1DU3V51jQno?authuser=0&hl=id&g_ep=EgoyMDI2MDkxNi4wIJJjKgBIAVAD&rclk=1
2777;SPPG AIR ASUK;SPPG AIR ASUK, Air Asuk, Kabupaten Kepulauan Anambas, Kepulauan Riau;Kepulauan Riau;Kepulauan Anambas;Siantan Utara;T4 nama file;https://www.google.com/maps/place/SPPG+AIR+ASUK/@3.246307,106.293619,17z/data=!3m1!4b1!4m6!3m5!1s0x31c26d0020598ffd:0xf590d7d0fa0153fb!8m2!3d3.246307!4d106.293619!16s%2Fg%2F11nk0ynzqp?hl=id&entry=ttu&g_ep=EgoyMDI2MDkxNi4wIKXMDSoASAFQAw%3D%3D
2780;SPPG BELAKANG PADANG TANJUNG SARI;SPPG BELAKANG PADANG TANJUNG SARI, Sekanak Raya, Belakang Padang, Kota Batam, Kepulauan Riau;Kepulauan Riau;Kota Batam;Belakang Padang;T4 nama file;https://www.google.com/maps/place/SPPG+BELAKANG+PADANG+TANJUNG+SARI/@1.1534668,103.8920004,17z/data=!3m1!4b1!4m6!3m5!1s0x31d9f5002abbb1e9:0x2558cfdc740f6156!8m2!3d1.1534668!4d103.8920004!16s%2Fg%2F11zb4f63_9?hl=id&entry=ttu&g_ep=EgoyMDI2MDkxNi4wIKXMDSoASAFQAw%3D%3D
2781;DAPUR SPPG TANJUNG PIAYU 1;Dapur SPPG Tanjung Piayu 1, Jl. Kav. Pancur, Kabil, Nongsa, Batam City, Riau Islands 29433;Kepulauan Riau;Kota Batam;Nongsa;T4 nama file;https://www.google.com/maps/place/Dapur+SPPG+Tanjung+Piayu+1/data=!4m7!3m6!1s0x31d991000d832b35:0xb83c178c7d6d3731!8m2!3d1.0255016!4d104.0685539!16s%2Fg%2F11n3mz5250!19sChIJNSuDDQCR2TERMTdtfYwXPLg?authuser=0&hl=id&g_ep=EgoyMDI2MDkxNi4wIJJjKgBIAVAD&rclk=1
2789;SPPG BATU BESAR NONGSA 3;SPPG Batu Besar Nongsa 3, Batu Besar, Nongsa, Batam City, Riau Islands 29466;Kepulauan Riau;Kota Batam;Nongsa;T4 nama file;https://www.google.com/maps/place/SPPG+Batu+Besar+Nongsa+3/data=!4m7!3m6!1s0x31d9870052631b21:0x7af9aacc8bcddff3!8m2!3d1.1668727!4d104.1240721!16s%2Fg%2F11yz07ztnz!19sChIJIRtjUgCH2TER89_Ni8yq-Xo?authuser=0&hl=id&g_ep=EgoyMDI2MDkxNi4wIJJjKgBIAVAD&rclk=1
2791;SPPG BATU BESAR NONGSA 1;SPPG Batu Besar Nongsa 1, Batu Besar, Nongsa, Batam City, Riau Islands 29466;Kepulauan Riau;Kota Batam;Nongsa;T4 nama file;https://www.google.com/maps/place/SPPG+Batu+Besar+Nongsa+1/data=!4m7!3m6!1s0x31d9870040548303:0x406230e54c18c194!8m2!3d1.1436173!4d104.1442728!16s%2Fg%2F11yqkr3pps!19sChIJA4NUQACH2TERlMEYTOUwYkA?authuser=0&hl=id&g_ep=EgoyMDI2MDkxNi4wIJJjKgBIAVAD&rclk=1
2800;SPPG KOTA BATAM BATU AJI KIBING;Ruko Citra Fortuna, 1, RW.5, Kibing, Batu Aji, Batam City, Riau Islands 29424;Kepulauan Riau;Kota Batam;Bulang;T4 nama file;https://www.google.com/maps/place/SPPG+KOTA+BATAM+BATU+AJI+KIBING/data=!4m7!3m6!1s0x31d98d003711d0ff:0x6045be1d663835ea!8m2!3d1.0425198!4d103.989789!16s%2Fg%2F11ypmvk7q4!19sChIJ_9ARNwCN2TER6jU4Zh2-RWA?authuser=0&hl=id&g_ep=EgoyMDI2MDkxNi4wIJJjKgBIAVAD&rclk=1
2801;SPPG AIR RAJA, GALANG, KOTA BATAM;SPPG AIR RAJA, GALANG, KOTA BATAM, Air Raja, Galang, Kota Batam, Kepulauan Riau;Kepulauan Riau;Kota Batam;Bulang;T4 nama file;https://www.google.com/maps/place/SPPG+AIR+RAJA,+GALANG,+KOTA+BATAM/data=!4m7!3m6!1s0x31d99b004c835fe3:0xc2baa9fbf8546b9f!8m2!3d0.9730812!4d104.1478776!16s%2Fg%2F11myd03ksv!19sChIJ41-DTACb2TERn2tU-PupusI?authuser=0&hl=id&g_ep=EgoyMDI2MDkxNi4wIJJjKgBIAVAD&rclk=1
2808;SPPG KOTA BATAM BATU AJI BULIANG 1;Perumahan, Jl. Citra Pendawa Asri Jl. Blk. F1 No.17, Buliang, Batu Aji, Batam City, Riau Islands 29425;Kepulauan Riau;Kota Batam;Bulang;T4 nama file;https://www.google.com/maps/place/SPPG+Kota+Batam+Batu+Aji+Buliang+1/data=!4m7!3m6!1s0x31d98d004ca3fcfd:0x5f5b0106e6a82f3e!8m2!3d1.0459008!4d103.9739773!16s%2Fg%2F11njhdlqtm!19sChIJ_fyjTACN2TERPi-o5gYBW18?authuser=0&hl=id&g_ep=EgoyMDI2MDkxNi4wIJJjKgBIAVAD&rclk=1
2810;SPPG BENGKONG SADAI 4;SPPG Bengkong Sadai 4, Sadai, Bengkong, Batam City, Riau Islands 29444;Kepulauan Riau;Kota Batam;Batu Ampar;T4 nama file;https://www.google.com/maps/place/SPPG+Bengkong+Sadai+4/data=!4m7!3m6!1s0x31d9890067e374fd:0x20d375d284cd8933!8m2!3d1.1382265!4d104.0338651!16s%2Fg%2F11z5w34zhw!19sChIJ_XTjZwCJ2TERM4nNhNJ10yA?authuser=0&hl=id&g_ep=EgoyMDI2MDkxNi4wIJJjKgBIAVAD&rclk=1
2817;SPPG BENGKONG LAUT 1;SPPG BENGKONG LAUT 1, Tanjung Buntung, Bengkong, Batam City, Riau Islands;Kepulauan Riau;Kota Batam;Batu Ampar;T4 nama file;https://www.google.com/maps/place/SPPG+BENGKONG+LAUT+1/data=!4m7!3m6!1s0x31d9890003c333a5:0x7ae54c929d107c1e!8m2!3d1.160423!4d104.041136!16s%2Fg%2F11z7n2ncjf!19sChIJpTPDAwCJ2TERHnwQnZJM5Xo?authuser=0&hl=id&g_ep=EgoyMDI2MDkxNi4wIJJjKgBIAVAD&rclk=1
2820;SPPG PATAM LESTARI 6;SPPG Patam Lestari 6, Patam Lestari, Sekupang, Batam City, Riau Islands 29424;Kepulauan Riau;Kota Batam;Sekupang;T4 nama file;https://www.google.com/maps/place/SPPG+Patam+Lestari+6/data=!4m7!3m6!1s0x31d98b0046942a27:0xca74a92eaa116dd4!8m2!3d1.1204978!4d103.9667327!16s%2Fg%2F11yxt74446!19sChIJJyqURgCL2TER1G0Rqi6pdMo?authuser=0&hl=id&g_ep=EgoyMDI2MDkxNi4wIJJjKgBIAVAD&rclk=1
2821;SPPG PATAM LESTARI 2;SPPG PATAM LESTARI 2, kios deretan Vihara Maitri Sagara, jalan raya tiban lll Jl. Tiban III, Patam Lestari, Sekupang, Batam City, Riau Islands 29424;Kepulauan Riau;Kota Batam;Sekupang;T4 nama file;https://www.google.com/maps/place/SPPG+PATAM+LESTARI+2/data=!4m7!3m6!1s0x31d98b000e1bfb27:0xddd47e8ae5eed2e7!8m2!3d1.114403!4d103.9696392!16s%2Fg%2F11npq0p5l7!19sChIJJ_sbDgCL2TER59Lu5Yp-1N0?authuser=0&hl=id&g_ep=EgoyMDI2MDkxNi4wIJJjKgBIAVAD&rclk=1
2826;SPPG KOTA BATAM SEKUPANG TIBAN INDAH 3;SPPG Kota Batam Sekupang Tiban Indah 3, Jl. Gajah Mada, Tiban Indah, Sekupang, Batam City, Riau Islands 29426;Kepulauan Riau;Kota Batam;Sekupang;T4 nama file;https://www.google.com/maps/place/SPPG+Kota+Batam+Sekupang+Tiban+Indah+3/data=!4m7!3m6!1s0x31d98b0038706159:0xe1f513f21f300244!8m2!3d1.1165419!4d103.9843616!16s%2Fg%2F11xzxqd3bd!19sChIJWWFwOACL2TERRAIwH_IT9eE?authuser=0&hl=id&g_ep=EgoyMDI2MDkxNi4wIJJjKgBIAVAD&rclk=1
2827;SATUAN PELAYANAN PEMENUHAN GIZI (SPPG) PATAM LESTARI 7;Satuan Pelayanan Pemenuhan Gizi (SPPG) Patam Lestari 7, Jl. Ir. Sutami, Patam Lestari, Sekupang, Batam City, Riau Islands;Kepulauan Riau;Kota Batam;Sekupang;T4 nama file;https://www.google.com/maps/place/Satuan+Pelayanan+Pemenuhan+Gizi+%28SPPG%29+Patam+Lestari+7/data=!4m7!3m6!1s0x31d98b000ae92a8b:0x65586634adc2a64e!8m2!3d1.1223497!4d103.9573863!16s%2Fg%2F11npfqt6jf!19sChIJiyrpCgCL2TERTqbCrTRmWGU?authuser=0&hl=id&g_ep=EgoyMDI2MDkxNi4wIJJjKgBIAVAD&rclk=1
2830;DAPUR MBG SPPG TANJUNG PENGAPIT;DAPUR MBG SPPG TANJUNG PENGAPIT, Tanjung Pengapit, Galang, Kota Batam, Kepulauan Riau 29486;Kepulauan Riau;Kota Batam;Galang;T4 nama file;https://www.google.com/maps/place/DAPUR+MBG+SPPG+TANJUNG+PENGAPIT/data=!4m7!3m6!1s0x31d9a9006e70f955:0xc193b924a2064b8a!8m2!3d0.6877005!4d104.2596642!16s%2Fg%2F11n43rqv9q!19sChIJVflwbgCp2TERiksGoiS5k8E?authuser=0&hl=id&g_ep=EgoyMDI2MDkxNi4wIJJjKgBIAVAD&rclk=1
2831;DAPUR MBG SPPG PULAU NGUAN;DAPUR MBG SPPG PULAU NGUAN, Galang Baru, Galang, Kota Batam, Kepulauan Riau 29487;Kepulauan Riau;Kota Batam;Galang;T4 nama file;https://www.google.com/maps/place/DAPUR+MBG+SPPG+PULAU+NGUAN/data=!4m7!3m6!1s0x31d9ab005d5a468b:0x55004f063edfd3e2!8m2!3d0.648082!4d104.239383!16s%2Fg%2F11z23tk4rw!19sChIJi0ZaXQCr2TER4tPfPgZPAFU?authuser=0&hl=id&g_ep=EgoyMDI2MDkxNi4wIJJjKgBIAVAD&rclk=1
2832;DAPUR MBG SPPG PULAU ABANG;Pulau Abang, Galang, Kota Batam, Kepulauan Riau 29487;Kepulauan Riau;Kota Batam;Galang;T4 nama file;https://www.google.com/maps/place/DAPUR+MBG+SPPG+PULAU+ABANG/data=!4m7!3m6!1s0x31d8552ef32cf633:0x598ef4316dca827c!8m2!3d0.541292!4d104.2359523!16s%2Fg%2F11mydzn11k!19sChIJM_Ys8y5V2DERfILKbTH0jlk?authuser=0&hl=id&g_ep=EgoyMDI2MDkxNi4wIJJjKgBIAVAD&rclk=1
2836;SPPG BELIAN 6;SPPG BELIAN 6, Jl. Raja M. Saleh, Belian, Batam Kota, Batam City, Riau Islands 29433;Kepulauan Riau;Kota Batam;Sei Beduk;T4 nama file;https://www.google.com/maps/place/SPPG+BELIAN+6/data=!4m7!3m6!1s0x31d989007d89f38d:0x4085b7032aded19c!8m2!3d1.1098132!4d104.0903595!16s%2Fg%2F11z8h7_bmt!19sChIJjfOJfQCJ2TERnNHeKgO3hUA?authuser=0&hl=id&g_ep=EgoyMDI2MDkxNi4wIJJjKgBIAVAD&rclk=1
2854;SPPG KOTA BATAM BATAM KOTA BALOI PERMAI 4;SPPG Kota Batam Batam Kota Baloi Permai 4, Baloi Permai, Batam Kota, Batam City, Riau Islands 29433;Kepulauan Riau;Kota Batam;Batam Kota;T4 nama file;https://www.google.com/maps/place/SPPG+Kota+Batam+Batam+Kota+Baloi+Permai+4/data=!4m7!3m6!1s0x31d9890026ba8105:0x831173532afbc872!8m2!3d1.1035375!4d104.0740028!16s%2Fg%2F11zc2q0lq8!19sChIJBYG6JgCJ2TERcsj7KlNzEYM?authuser=0&hl=id&g_ep=EgoyMDI2MDkxNi4wIJJjKgBIAVAD&rclk=1
2856;DAPUR SPPG KOARMADA I;Dapur SPPG Koarmada I, Tanjungpinang Bar., Kec. Tanjungpinang Bar., Kota Tanjung Pinang, Kepulauan Riau;Kepulauan Riau;Kota Tanjung Pinang;Tanjung Pinang Barat;T4 nama file;https://www.google.com/maps/place/Dapur+SPPG+Koarmada+I/data=!4m7!3m6!1s0x31d973006ba8d201:0x1e04e7ce78ddfe98!8m2!3d0.9086266!4d104.4408216!16s%2Fg%2F11ycz36j_p!19sChIJAdKoawBz2TERmP7deM7nBB4?authuser=0&hl=id&g_ep=EgoyMDI2MDkxNi4wIJJjKgBIAVAD&rclk=1
2857;SPPG TANJUNGPINANG BARAT ( POLRESTA TANJUNGPINANG);Gg. Kapaya II No.10, RT.06/RW.03, Tanjungpinang Bar., Kec. Tanjungpinang Bar., Kota Tanjung Pinang, Kepulauan Riau;Kepulauan Riau;Kota Tanjung Pinang;Tanjung Pinang Barat;T4 nama file;https://www.google.com/maps/place/SPPG+TANJUNGPINANG+BARAT+%28+Polresta+Tanjungpinang%29/data=!4m7!3m6!1s0x31d973003e385ba1:0xc84c72ab010e32e0!8m2!3d0.9242642!4d104.4426294!16s%2Fg%2F11npqfbvz5!19sChIJoVs4PgBz2TER4DIOAatyTMg?authuser=0&hl=id&g_ep=EgoyMDI2MDkxNi4wIJJjKgBIAVAD&rclk=1
2859;SPPG TANJUNG AYUN SAKTI 1;SPPG TANJUNG AYUN SAKTI 1, Jl. Lembah Purnama, Tanjung Ayun Sakti, Bukit Bestari, Tanjung Pinang City, Riau Islands 29113;Kepulauan Riau;Kota Tanjung Pinang;Tanjung Pinang Kota;T4 nama file;https://www.google.com/maps/place/SPPG+TANJUNG+AYUN+SAKTI+1/data=!4m7!3m6!1s0x31d9730059cff7a9:0xb098074a2b2513bf!8m2!3d0.9012928!4d104.4608582!16s%2Fg%2F11z72v2vc9!19sChIJqffPWQBz2TERvxMlK0oHmLA?authuser=0&hl=id&g_ep=EgoyMDI2MDkxNi4wIJJjKgBIAVAD&rclk=1
2861;SPPG SUKASARI GEGERKALONG 04;Jl. Sarikaso II No.12, Sarijadi, Kec. Sukasari, Kota Bandung, Jawa Barat 40151;Kepulauan Riau;Lingga;Kepulauan Posek;T4 nama file;https://www.google.com/maps/place/SPPG+SUKASARI+GEGERKALONG+04/data=!4m7!3m6!1s0x2e68e70064082d6d:0x534ca732aed2ae94!8m2!3d-6.8679944!4d107.5794493!16s%2Fg%2F11z5cb19r_!19sChIJbS0IZADnaC4RlK7SrjKnTFM?authuser=0&hl=id&g_ep=EgoyMDI2MDkxNi4wIJJjKgBIAVAD&rclk=1
2866;SATUAN PELAYANAN PEMENUHAN GIZI;Satuan Pelayanan Pemenuhan Gizi, Padaulun, Majalaya, Bandung Regency, West Java 40392;Kepulauan Riau;Lingga;Bakung Serumpun;T4 nama file;https://www.google.com/maps/place/Satuan+Pelayanan+Pemenuhan+Gizi/data=!4m7!3m6!1s0x2e68c1004f88eb39:0xbc72e7362e71e734!8m2!3d-7.0417842!4d107.7419027!16s%2Fg%2F11lzd9g_4y!19sChIJOeuITwDBaC4RNOdxLjbncrw?authuser=0&hl=id&g_ep=EgoyMDI2MDkxNi4wIJJjKgBIAVAD&rclk=1
2870;KABUPATEN LINGGA;Kepulauan Riau;Kepulauan Riau;Lingga;Katang Bidare;T4 nama file;https://www.google.com/maps/place/Kabupaten+Lingga/data=!4m7!3m6!1s0x2e276fadce4274a9:0x1615cf99cfa61742!8m2!3d-0.4726065!4d104.4257533!16s%2Fg%2F1q6j1nn93!19sChIJqXRCzq1vJy4RQhemz5nPFRY?authuser=0&hl=id&g_ep=EgoyMDI2MDkxNi4wIJJjKgBIAVAD&rclk=1
2871;TEMIANG;Senayang, Kabupaten Lingga, Kepulauan Riau;Kepulauan Riau;Lingga;Temiang Pesisir;T4 nama file;https://www.google.com/maps/place/Temiang/data=!4m7!3m6!1s0x31d8f2d579f4c567:0xb717300c2aa9f851!8m2!3d0.3220282!4d104.4082908!16s%2Fg%2F12hhgwpql!19sChIJZ8X0edXy2DERUfipKgwwF7c?authuser=0&hl=id&g_ep=EgoyMDI2MDkxNi4wIJJjKgBIAVAD&rclk=1
2875;SPPG 3T DESA MAROK KECIL KAB.LINGGA;SPPG 3T DESA MAROK KECIL KAB.LINGGA, Marok Kecil, Singkep, Lingga Regency, Riau Islands 29871;Kepulauan Riau;Lingga;Singkep Barat;T4 nama file;https://www.google.com/maps/place/SPPG+3T+DESA+MAROK+KECIL+KAB.LINGGA/data=!4m7!3m6!1s0x2e26fd007b8ef5b1:0x7eef3bf81fa957df!8m2!3d-0.5877938!4d104.4427263!16s%2Fg%2F11msr7kld1!19sChIJsfWOewD9Ji4R31epH_g7734?authuser=0&hl=id&g_ep=EgoyMDI2MDkxNi4wIJJjKgBIAVAD&rclk=1
2876;SPPG MBG 3T DESA TINJUL;SPPG MBG 3T DESA TINJUL, JL.Tinjul, Dusun III, Bakong, Singkep Barat, Lingga Regency, Riau Islands 29875;Kepulauan Riau;Lingga;Singkep Barat;T4 nama file;https://www.google.com/maps/place/SPPG+MBG+3T+DESA+TINJUL/data=!4m7!3m6!1s0x2e27070050fa3bd1:0xbc66607456cb81be!8m2!3d-0.4550155!4d104.3638308!16s%2Fg%2F11mrz_j88y!19sChIJ0Tv6UAAHJy4RvoHLVnRgZrw?authuser=0&hl=id&g_ep=EgoyMDI2MDkxNi4wIJJjKgBIAVAD&rclk=1
2884;SPPG BATUBI JAYA;SPPG BATUBI JAYA, Batubi Jaya, Kec. Bunguran Bar., Kabupaten Natuna, Kepulauan Riau 29782;Kepulauan Riau;Natuna;Bunguran Barat;T3 alamat fuzzy;https://www.google.com/maps/place/SPPG+BATUBI+JAYA/data=!4m7!3m6!1s0x31ec0d00278de7b3:0x24c715a63f3b6f02!8m2!3d3.848621!4d108.1491328!16s%2Fg%2F11nb6yzw_4!19sChIJs-eNJwAN7DERAm87P6YVxyQ?authuser=0&hl=id&g_ep=EgoyMDI2MDkxNi4wIJJjKgBIAVAD&rclk=1
2885;SPPG BATU HITAM, BUNGURAN TIMUR;SPPG Batu Hitam, Bunguran Timur, Jl. Yos Sudarso, Ranai Kota, Kec. Bunguran Tim., Kabupaten Natuna, Kepulauan Riau 29783;Kepulauan Riau;Natuna;Bunguran Timur;T3 alamat fuzzy;https://www.google.com/maps/place/SPPG+Batu+Hitam,+Bunguran+Timur/data=!4m7!3m6!1s0x31ec6b005b7dc8b5:0x1a0ba98f059362a6!8m2!3d3.9264432!4d108.3806986!16s%2Fg%2F11mt7fz8k4!19sChIJtch9WwBr7DERpmKTBY-pCxo?authuser=0&hl=id&g_ep=EgoyMDI2MDkxNi4wIJJjKgBIAVAD&rclk=1
2887;DAPUR SPPG SUBI;DAPUR SPPG SUBI, Subi, Kabupaten Natuna, Kepulauan Riau 29781;Kepulauan Riau;Natuna;Serasan;T4 nama file;https://www.google.com/maps/place/DAPUR+SPPG+SUBI/data=!4m7!3m6!1s0x31ee57007a55012b:0x6ee2e2e65932415a!8m2!3d3.0161767!4d108.8607164!16s%2Fg%2F11zgt48my7!19sChIJKwFVegBX7jERWkEyWebi4m4?authuser=0&hl=id&g_ep=EgoyMDI2MDkxNi4wIJJjKgBIAVAD&rclk=1
2891;SPPG BUNGURAN TIMUR LAUT DIBAWAH NAUNGAN YAYASAN KEMALA BHAYANGKARI POLRES NATUNA;SPPG BUNGURAN TIMUR LAUT DIBAWAH NAUNGAN YAYASAN KEMALA BHAYANGKARI POLRES NATUNA, Jl. Raya Sepempang, Limau Manis, Bunguran Tim. Laut, Kabupaten Natuna, Kepulauan Riau 29783;Kepulauan Riau;Natuna;Bunguran Timur;T4 nama file;https://www.google.com/maps/place/SPPG+BUNGURAN+TIMUR+LAUT+DIBAWAH+NAUNGAN+YAYASAN+KEMALA+BHAYANGKARI+POLRES+NATUNA/data=!4m7!3m6!1s0x31ec69001348dc03:0x97ad2fa11116fb03!8m2!3d4.001998!4d108.34436!16s%2Fg%2F11zgrbbwm9!19sChIJA9xIEwBp7DERA_sWEaEvrZc?authuser=0&hl=id&g_ep=EgoyMDI2MDkxNi4wIJJjKgBIAVAD&rclk=1
2892;SPPG - NATUNA BANDARSYAH;SPPG - NATUNA BANDARSYAH, Bandarsyah, Kec. Bunguran Tim., Kabupaten Natuna, Kepulauan Riau 29783;Kepulauan Riau;Natuna;Bunguran Timur;T3 alamat fuzzy;https://www.google.com/maps/place/SPPG+-+NATUNA+BANDARSYAH/data=!4m7!3m6!1s0x31ec6b000d7f00af:0x298931b7f74841ba!8m2!3d3.9181337!4d108.3729966!16s%2Fg%2F11mf654pn0!19sChIJrwB_DQBr7DERukFI97cxiSk?authuser=0&hl=id&g_ep=EgoyMDI2MDkxNi4wIJJjKgBIAVAD&rclk=1
2893;KABUPATEN NATUNA;Seleman, Bunguran Tim. Laut, Kabupaten Natuna, Kepulauan Riau;Kepulauan Riau;Natuna;Bunguran Timur Laut;T4 nama file;https://www.google.com/maps/place/Kabupaten+Natuna/data=!4m7!3m6!1s0x31ec6fc2ce9cc2a3:0x5d117d4612d1f817!8m2!3d4!4d108.25!16zL20vMDJtN2I1!19sChIJo8KczsJv7DERF_jREkZ9EV0?authuser=0&hl=id&g_ep=EgoyMDI2MDkxNi4wIJJjKgBIAVAD&rclk=1
2895;SPPG KOTA BANDUNG REGOL ANCOL 1;Jl. Pasir Salam Asri No.D6, Ancol, Regol, Bandung City, West Java 40254;Kepulauan Riau;Natuna;Pulau Laut;T4 nama file;https://www.google.com/maps/place/SPPG+KOTA+BANDUNG+REGOL+ANCOL+1/data=!4m7!3m6!1s0x2e68e93323359aad:0xd2279bf57345a150!8m2!3d-6.9435626!4d107.6193924!16s%2Fg%2F11yjk6smdv!19sChIJrZo1IzPpaC4RUKFFc_WbJ9I?authuser=0&hl=id&g_ep=EgoyMDI2MDkxNi4wIJJjKgBIAVAD&rclk=1
2897;SPPG REGOL - ANCOL #003;Jl. Pasirluyu VII No.11, Ancol, Regol, Bandung City, West Java 40254;Kepulauan Riau;Natuna;Pulau Laut;T4 nama file;https://www.google.com/maps/place/SPPG+REGOL+-+ANCOL+%23003/data=!4m7!3m6!1s0x2e68e903f2da6645:0xd9547101a7ef13d5!8m2!3d-6.9401142!4d107.6171923!16s%2Fg%2F11zjd2tppp!19sChIJRWba8gPpaC4R1RPvpwFxVNk?authuser=0&hl=id&g_ep=EgoyMDI2MDkxNi4wIJJjKgBIAVAD&rclk=1
2898;PULAU TIGA;Kabupaten Natuna, Kepulauan Riau;Kepulauan Riau;Natuna;Pulau Tiga;T4 nama file;https://www.google.com/maps/place/Pulau+Tiga/data=!4m7!3m6!1s0x31ebfe643e7a2ed7:0x38fc741bb7aaeef5!8m2!3d3.6838166!4d108.1310083!16s%2Fg%2F120p52ql!19sChIJ1y56PmT-6zER9e6qtxt0_Dg?authuser=0&hl=id&g_ep=EgoyMDI2MDkxNi4wIJJjKgBIAVAD&rclk=1
2906;SPPG PALAPA BERGIZI RAYA;Jl. Maulana Yusuf No.21, Palapa, Kec. Tj. Karang Pusat, Kota Bandar Lampung, Lampung 35119;Lampung;Kota Bandar Lampung;Panjang;T4 nama file;https://www.google.com/maps/place/SPPG+Palapa+Bergizi+Raya/data=!4m7!3m6!1s0x2e40db001acfebb9:0xa319cac420aba7a7!8m2!3d-5.4173649!4d105.250334!16s%2Fg%2F11yzpxm1t4!19sChIJuevPGgDbQC4Rp6erIMTKGaM?authuser=0&hl=id&g_ep=EgoyMDI2MDkxNi4wIJJjKgBIAVAD&rclk=1
2913;SPPG KALIBALAU KENCANA 02;Jl. P. Antasari No.18, Kalibalau Kencana, Kedamaian, Bandar Lampung City, Lampung 35121;Lampung;Kota Bandar Lampung;Panjang;T4 nama file;https://www.google.com/maps/place/SPPG+Kalibalau+Kencana+02/data=!4m7!3m6!1s0x2a093a842cdd780f:0x62d77696bd59be33!8m2!3d-5.3982028!4d105.2887705!16s%2Fg%2F11ynxz10gg!19sChIJD3jdLIQ6CSoRM75ZvZZ212I?authuser=0&hl=id&g_ep=EgoyMDI2MDkxNi4wIJJjKgBIAVAD&rclk=1
2917;SPPG TANJUNG KARANG BARAT GEDONG AIR BANDAR LAMPUNG;Jl. Nangka No.12, Gedong Air, Kec. Tj. Karang Bar., Kota Bandar Lampung, Lampung 35118;Lampung;Kota Bandar Lampung;Tanjungkarang Timur;T4 nama file;https://www.google.com/maps/place/SPPG+tanjung+karang+barat+gedong+air+bandar+Lampung/data=!4m7!3m6!1s0x2e40db0037960afd:0xbbfc5f4f3bf2831d!8m2!3d-5.3997204!4d105.2478143!16s%2Fg%2F11njmdf571!19sChIJ_QqWNwDbQC4RHYPyO09f_Ls?authuser=0&hl=id&g_ep=EgoyMDI2MDkxNi4wIJJjKgBIAVAD&rclk=1
2918;SPPG PALAPA 1 TANJUNG KARANG PUSAT;SPPG PALAPA 1 TANJUNG KARANG PUSAT, Gg. Hidayat, Palapa, Kec. Tj. Karang Pusat, Kota Bandar Lampung, Lampung 35119;Lampung;Kota Bandar Lampung;Tanjungkarang Timur;T4 nama file;https://www.google.com/maps/place/SPPG+PALAPA+1+TANJUNG+KARANG+PUSAT/data=!4m7!3m6!1s0x2e40db0021510829:0x4d2ce7a9f5764f6f!8m2!3d-5.4163131!4d105.2473388!16s%2Fg%2F11yr_m1ms6!19sChIJKQhRIQDbQC4Rb0929annLE0?authuser=0&hl=id&g_ep=EgoyMDI2MDkxNi4wIJJjKgBIAVAD&rclk=1
2919;SPPG KOTA BANDAR LAMPUNG TANJUNG KARANG PUSAT GOTONG ROYONG 4;SPPG Kota Bandar Lampung Tanjung Karang Pusat Gotong Royong 4, Gg. S.M.P. V, Gotong Royong, Tanjungkarung Pusat, Bandar Lampung City, Lampung 35214;Lampung;Kota Bandar Lampung;Tanjungkarang Timur;T4 nama file;https://www.google.com/maps/place/SPPG+Kota+Bandar+Lampung+Tanjung+Karang+Pusat+Gotong+Royong+4/data=!4m7!3m6!1s0x2e40db5374c6d251:0x2bd553935b43f04e!8m2!3d-5.4264994!4d105.253982!16s%2Fg%2F11z0zjp7t3!19sChIJUdLGdFPbQC4RTvBDW5NT1Ss?authuser=0&hl=id&g_ep=EgoyMDI2MDkxNi4wIJJjKgBIAVAD&rclk=1
2921;SPPG ENGGAL RAWA LAUT BANDAR LAMPUNG;Jl. Tj. Gang SMA 1 No.28, Rw. Laut, Engal, Kota Bandar Lampung, Lampung 35213;Lampung;Kota Bandar Lampung;Tanjungkarang Timur;T4 nama file;https://www.google.com/maps/place/SPPG+Enggal+Rawa+Laut+bandar+lampung/data=!4m7!3m6!1s0x2e40db0032b5d39f:0xe56b10b4e5134875!8m2!3d-5.4216024!4d105.265151!16s%2Fg%2F11n46ms6mt!19sChIJn9O1MgDbQC4RdUgT5bQQa-U?authuser=0&hl=id&g_ep=EgoyMDI2MDkxNi4wIJJjKgBIAVAD&rclk=1
2922;SPPG KOTA BANDAR LAMPUNG TANJUNG KARANG BARAT SEGALAMIDER 3;Jl. Pagar Alam No.78, Segala Mider, Kec. Tj. Karang Bar., Kota Bandar Lampung, Lampung 35132;Lampung;Kota Bandar Lampung;Tanjungkarang Timur;T4 nama file;https://www.google.com/maps/place/Sppg+Kota+Bandar+Lampung+Tanjung+Karang+Barat+Segalamider+3/data=!4m7!3m6!1s0x2e40db00390d2ead:0x1e14ee4289e12ed0!8m2!3d-5.3858193!4d105.2488377!16s%2Fg%2F11zbcx0z0t!19sChIJrS4NOQDbQC4R0C7hiULuFB4?authuser=0&hl=id&g_ep=EgoyMDI2MDkxNi4wIJJjKgBIAVAD&rclk=1
2923;SPPG BANDAR LAMPUNG TELUKBETUNG TIMUR KOTA KARANG;SPPG Bandar Lampung Telukbetung Timur Kota Karang, Kota Karang, Kec. Tlk. Betung Bar., Kota Bandar Lampung, Lampung;Lampung;Kota Bandar Lampung;Tanjungkarang Timur;T4 nama file;https://www.google.com/maps/place/SPPG+Bandar+Lampung+Telukbetung+Timur+Kota+Karang/data=!4m7!3m6!1s0x2e40d900669f6b43:0x8dc2d9afda6aa9fd!8m2!3d-5.4561587!4d105.2589057!16s%2Fg%2F11zbcs41cv!19sChIJQ2ufZgDZQC4R_alq2q_Zwo0?authuser=0&hl=id&g_ep=EgoyMDI2MDkxNi4wIJJjKgBIAVAD&rclk=1
2925;SPPG TANJUNGKARANG BARAT SEGALA MIDER;Jl. Pagar Alam No.145, Segala Mider, Kec. Tj. Karang Bar., Kota Bandar Lampung, Lampung 35132;Lampung;Kota Bandar Lampung;Tanjungkarang Timur;T4 nama file;https://www.google.com/maps/place/SPPG+Tanjungkarang+Barat+Segala+Mider/data=!4m7!3m6!1s0x2e40db0055dbffb1:0xcd4c69f8f3aaf45a!8m2!3d-5.3866406!4d105.2447242!16s%2Fg%2F11x_cw06sr!19sChIJsf_bVQDbQC4RWvSq8_hpTM0?authuser=0&hl=id&g_ep=EgoyMDI2MDkxNi4wIJJjKgBIAVAD&rclk=1
2926;SPPG KOTA BANDAR LAMPUNG TANJUNGKARANG BARAT GEDONG AIR 2;Jl. Kebersihan Gg. Nurul Huda No.2, RT.05/RW/RW.LK 01, Gedong Air, Kec. Tj. Karang Bar., Kota Bandar Lampung, Lampung 35116;Lampung;Kota Bandar Lampung;Tanjungkarang Timur;T4 nama file;https://www.google.com/maps/place/SPPG+KOTA+BANDAR+LAMPUNG+TANJUNGKARANG+BARAT+GEDONG+AIR+2/data=!4m7!3m6!1s0x2e40db0046b6c6cd:0xe6e1693bdd34ab27!8m2!3d-5.4073612!4d105.2396622!16s%2Fg%2F11z7cc61qr!19sChIJzca2RgDbQC4RJ6s03Ttp4eY?authuser=0&hl=id&g_ep=EgoyMDI2MDkxNi4wIJJjKgBIAVAD&rclk=1
2927;SPPG TANJUNG SENANG TANJUNG SENANG;Gg. Timbai, Tj. Senang, Kec. Tj. Senang, Kota Bandar Lampung, Lampung 35141;Lampung;Kota Bandar Lampung;Tanjungkarang Timur;T4 nama file;https://www.google.com/maps/place/SPPG+TANJUNG+SENANG+TANJUNG+SENANG/data=!4m7!3m6!1s0x2e40c5001f7e0b1b:0x7906856057a8bb88!8m2!3d-5.363344!4d105.2741482!16s%2Fg%2F11z77g7s10!19sChIJGwt-HwDFQC4RiLuoV2CFBnk?authuser=0&hl=id&g_ep=EgoyMDI2MDkxNi4wIJJjKgBIAVAD&rclk=1
2928;SPPG D.I. PANJAITAN GOTONG ROYONG;Jl. Mayjend. D.I. Panjaitan No.25, Gotong Royong, Tanjungkarung Pusat, Bandar Lampung City, Lampung 35214;Lampung;Kota Bandar Lampung;Tanjungkarang Timur;T4 nama file;https://www.google.com/maps/place/SPPG+D.I.+Panjaitan+Gotong+Royong/data=!4m7!3m6!1s0x2e40db0026d085f9:0x1ed34d1edccff3b4!8m2!3d-5.4228866!4d105.2579949!16s%2Fg%2F11mldkcrn1!19sChIJ-YXQJgDbQC4RtPPP3B5N0x4?authuser=0&hl=id&g_ep=EgoyMDI2MDkxNi4wIJJjKgBIAVAD&rclk=1
2929;SPPG KOTA BANDAR LAMPUNG TANJUNGKARANG BARAT SEGALAMIDER 4 YAYASAN AL MOCHTAR SANY FIRDAUS;Segala Mider, Tanjungkarang Barat, Bandar Lampung City, Lampung 35118;Lampung;Kota Bandar Lampung;Tanjungkarang Timur;T4 nama file;https://www.google.com/maps/place/SPPG+Kota+Bandar+Lampung+Tanjungkarang+Barat+Segalamider+4+Yayasan+Al+Mochtar+Sany+Firdaus/data=!4m7!3m6!1s0x2e40dbd687ab1f37:0x65e00ac33fe375ec!8m2!3d-5.3977933!4d105.2425594!16s%2Fg%2F11njn6q259!19sChIJNx-rh9bbQC4R7HXjP8MK4GU?authuser=0&hl=id&g_ep=EgoyMDI2MDkxNi4wIJJjKgBIAVAD&rclk=1
2930;SPPG GOTONG ROYONG 3;1 No.36, Jl. Amir Hamzah, Gotong Royong, Kec. Tj. Karang Pusat, Kota Bandar Lampung, Lampung 35214;Lampung;Kota Bandar Lampung;Tanjungkarang Timur;T4 nama file;https://www.google.com/maps/place/SPPG+Gotong+Royong+3/data=!4m7!3m6!1s0x2e40db001f24c63d:0xda69e8f38841f25e!8m2!3d-5.4261373!4d105.2541935!16s%2Fg%2F11ym7qhtkt!19sChIJPcYkHwDbQC4RXvJBiPPoado?authuser=0&hl=id&g_ep=EgoyMDI2MDkxNi4wIJJjKgBIAVAD&rclk=1
2931;SPPG SUKA JAWA TANJUNG KARANG BARAT;Jl. Tamin No.40, Suka Jawa, Kec. Tj. Karang Bar., Kota Bandar Lampung, Lampung 35118;Lampung;Kota Bandar Lampung;Tanjungkarang Timur;T4 nama file;https://www.google.com/maps/place/SPPG+SUKA+JAWA+TANJUNG+KARANG+BARAT/data=!4m7!3m6!1s0x2e40db006a2f3197:0x6d014d29350fba23!8m2!3d-5.4063712!4d105.2491893!16s%2Fg%2F11njm447pq!19sChIJlzEvagDbQC4RI7oPNSlNAW0?authuser=0&hl=id&g_ep=EgoyMDI2MDkxNi4wIJJjKgBIAVAD&rclk=1
2933;SPPG GEDONG AIR;Jl. Tamin No.40, Suka Jawa, Kec. Tj. Karang Bar., Kota Bandar Lampung, Lampung 35118;Lampung;Kota Bandar Lampung;Tanjungkarang Timur;T4 nama file;https://www.google.com/maps/place/SPPG+GEDONG+AIR/data=!4m7!3m6!1s0x2e40db006f83cd87:0x4e6dc3ca3ba2ef22!8m2!3d-5.4063712!4d105.2491893!16s%2Fg%2F11yz52m0qv!19sChIJh82DbwDbQC4RIu-iO8rDbU4?authuser=0&hl=id&g_ep=EgoyMDI2MDkxNi4wIJJjKgBIAVAD&rclk=1
2934;SPPG SUKARAME 6 BANDAR LAMPUNG;Jl. Murai 3, Harapan Jaya, Kec. Sukarame, Kota Bandar Lampung, Lampung 35131;Lampung;Kota Bandar Lampung;Sukarame;T4 nama file;https://www.google.com/maps/place/SPPG+SUKARAME+6+BANDAR+LAMPUNG/data=!4m7!3m6!1s0x2e40db0006235e93:0xad3c2aad5cf4017d!8m2!3d-5.369185!4d105.2924648!16s%2Fg%2F11zbq6b557!19sChIJk14jBgDbQC4RfQH0XK0qPK0?authuser=0&hl=id&g_ep=EgoyMDI2MDkxNi4wIJJjKgBIAVAD&rclk=1
2936;SPPG KOTA BANDAR LAMPUNG TANJUNG SENANG WAY KANDIS 5;SPPG Kota Bandar Lampung Tanjung Senang Way Kandis 5, Gg. Tower, Way Kandis, Kec. Tj. Senang, Kota Bandar Lampung, Lampung 35131;Lampung;Kota Bandar Lampung;Sukarame;T4 nama file;https://www.google.com/maps/place/SPPG+Kota+Bandar+Lampung+Tanjung+Senang+Way+Kandis+5/data=!4m7!3m6!1s0x2e40c5005667a3bb:0xf1d4e9bd3f6f390!8m2!3d-5.353978!4d105.2886594!16s%2Fg%2F11zbcr_xhd!19sChIJu6NnVgDFQC4RkPP205tOHQ8?authuser=0&hl=id&g_ep=EgoyMDI2MDkxNi4wIJJjKgBIAVAD&rclk=1
2937;SPPG SUKARAME KORPRI RAYA 3;Perum Jl. Perumahan Korpri No.1 Blok D7, RT.09, Korpri Raya, Kec. Sukarame, Kota Bandar Lampung, Lampung 35131;Lampung;Kota Bandar Lampung;Sukarame;T4 nama file;https://www.google.com/maps/place/SPPG+Sukarame+Korpri+Raya+3/data=!4m7!3m6!1s0x2e40db004531143b:0x52acd711ad757df4!8m2!3d-5.3679317!4d105.3007254!16s%2Fg%2F11njk966_g!19sChIJOxQxRQDbQC4R9H11rRHXrFI?authuser=0&hl=id&g_ep=EgoyMDI2MDkxNi4wIJJjKgBIAVAD&rclk=1
2938;SPPG SUKARAME 04;SPPG SUKARAME 04, Sukarame, Kec. Sukarame, Kota Bandar Lampung, Lampung 35131;Lampung;Kota Bandar Lampung;Sukarame;T4 nama file;https://www.google.com/maps/place/SPPG+SUKARAME+04/data=!4m7!3m6!1s0x2e40db002d0b2121:0x4382640593842c44!8m2!3d-5.3885975!4d105.3057039!16s%2Fg%2F11njmd2qmn!19sChIJISELLQDbQC4RRCyEkwVkgkM?authuser=0&hl=id&g_ep=EgoyMDI2MDkxNi4wIJJjKgBIAVAD&rclk=1
2939;SPPG SUKARAME 2 BANDAR LAMPUNG;SPPG SUKARAME 2 Bandar Lampung, Harapan Jaya, Kec. Sukarame, Kota Bandar Lampung, Lampung 35131;Lampung;Kota Bandar Lampung;Sukarame;T4 nama file;https://www.google.com/maps/place/SPPG+SUKARAME+2+Bandar+Lampung/data=!4m7!3m6!1s0x2e40db003752823f:0x2318e441d986d2f1!8m2!3d-5.3750738!4d105.2998205!16s%2Fg%2F11nr0ctnqs!19sChIJP4JSNwDbQC4R8dKG2UHkGCM?authuser=0&hl=id&g_ep=EgoyMDI2MDkxNi4wIJJjKgBIAVAD&rclk=1
2940;SPPG SUKABUMI BANDAR LAMPUNG;SPPG SUKABUMI BANDAR LAMPUNG, Sukarame, Kec. Sukarame, Kota Bandar Lampung, Lampung 35122;Lampung;Kota Bandar Lampung;Sukarame;T4 nama file;https://www.google.com/maps/place/SPPG+SUKABUMI+BANDAR+LAMPUNG/data=!4m7!3m6!1s0x2e40dd001be0b437:0x4a8f04620af84997!8m2!3d-5.3953489!4d105.3197004!16s%2Fg%2F11yrdcftfs!19sChIJN7TgGwDdQC4Rl0n4CmIEj0o?authuser=0&hl=id&g_ep=EgoyMDI2MDkxNi4wIJJjKgBIAVAD&rclk=1
2941;SPPG WAY DADI;Jl. Mangga 2 Baru No.45, RT.04/RW.LK. 01, Way Dadi, Kec. Sukarame, Kota Bandar Lampung, Lampung 35132;Lampung;Kota Bandar Lampung;Sukarame;T4 nama file;https://www.google.com/maps/place/SPPG+WAY+DADI/data=!4m7!3m6!1s0x2e40db0026140829:0x4b118f559428d488!8m2!3d-5.37556!4d105.2828535!16s%2Fg%2F11z7c9xd22!19sChIJKQgUJgDbQC4RiNQolFWPEUs?authuser=0&hl=id&g_ep=EgoyMDI2MDkxNi4wIJJjKgBIAVAD&rclk=1
2943;SPPG KOTA BANDAR LAMPUNG SUKABUMI 2;SPPG Kota Bandar Lampung Sukabumi 2, Jl. P. Tirtayasa No.27, Sukabumi, Kec. Sukabumi, Kota Bandar Lampung, Lampung 35122;Lampung;Kota Bandar Lampung;Sukarame;T4 nama file;https://www.google.com/maps/place/SPPG+Kota+Bandar+Lampung+Sukabumi+2/data=!4m7!3m6!1s0x2e40db002472cc0f:0x23767970fb201a6c!8m2!3d-5.3971689!4d105.3071197!16s%2Fg%2F11zbdmlbvw!19sChIJD8xyJADbQC4RbBog-3B5diM?authuser=0&hl=id&g_ep=EgoyMDI2MDkxNi4wIJJjKgBIAVAD&rclk=1
2944;SPPG SUKARAME WAY DADI;Jl. Mangga 2 No.60, Way Dadi, Kec. Sukarame, Kota Bandar Lampung, Lampung 35132;Lampung;Kota Bandar Lampung;Sukarame;T4 nama file;https://www.google.com/maps/place/SPPG+SUKARAME+WAY+DADI/data=!4m7!3m6!1s0x2e40db007ba8763f:0xbc72209f4d93739b!8m2!3d-5.3753254!4d105.2824762!16s%2Fg%2F11zbcqjt1t!19sChIJP3aoewDbQC4Rm3OTTZ8gcrw?authuser=0&hl=id&g_ep=EgoyMDI2MDkxNi4wIJJjKgBIAVAD&rclk=1
2945;SPPG RAJABASA 2;Jl. Abdul Muis 9 No.3, Gedong Meneng, Kec. Rajabasa, Kota Bandar Lampung, Lampung 35141;Lampung;Kota Bandar Lampung;Sukarame;T4 nama file;https://www.google.com/maps/place/SPPG+Rajabasa+2/data=!4m7!3m6!1s0x2e40db00388994d3:0x28a6be68858a73b6!8m2!3d-5.3711992!4d105.2458051!16s%2Fg%2F11yj_322ny!19sChIJ05SJOADbQC4RtnOKhWi-pig?authuser=0&hl=id&g_ep=EgoyMDI2MDkxNi4wIJJjKgBIAVAD&rclk=1
2946;SPPG PULAU SINGKEP;SPPG PULAU SINGKEP, Jl. Pulau Singkep, Sukarame, Kec. Sukarame, Kota Bandar Lampung, Lampung 35122;Lampung;Kota Bandar Lampung;Sukarame;T4 nama file;https://www.google.com/maps/place/SPPG+PULAU+SINGKEP/data=!4m7!3m6!1s0x2e40dd000e602159:0x89a8268999333338!8m2!3d-5.395962!4d105.3210816!16s%2Fg%2F11mzk7ptfd!19sChIJWSFgDgDdQC4RODMzmYkmqIk?authuser=0&hl=id&g_ep=EgoyMDI2MDkxNi4wIJJjKgBIAVAD&rclk=1
2947;SPPG WAY DADI 2;Jl. Pulau Tegal No.17, Way Dadi, Kec. Sukarame, Kota Bandar Lampung, Lampung 35131;Lampung;Kota Bandar Lampung;Sukarame;T4 nama file;https://www.google.com/maps/place/SPPG+WAY+DADI+2/data=!4m7!3m6!1s0x2e40db0063a391e1:0xc8d883c78102de25!8m2!3d-5.3837025!4d105.290413!16s%2Fg%2F11z77g9qjs!19sChIJ4ZGjYwDbQC4RJd4CgceD2Mg?authuser=0&hl=id&g_ep=EgoyMDI2MDkxNi4wIJJjKgBIAVAD&rclk=1
2948;SPPG SUKABUMI 03;Jl. P Singkep 7 No.123, Sukabumi, Kec. Sukabumi, Kota Bandar Lampung, Lampung 35122;Lampung;Kota Bandar Lampung;Sukarame;T4 nama file;https://www.google.com/maps/place/SPPG+SUKABUMI+03/data=!4m7!3m6!1s0x2e40dd003835dd9d:0x68ff899499fb15b0!8m2!3d-5.3947832!4d105.3133896!16s%2Fg%2F11njn5yyt0!19sChIJnd01OADdQC4RsBX7mZSJ_2g?authuser=0&hl=id&g_ep=EgoyMDI2MDkxNi4wIJJjKgBIAVAD&rclk=1
2949;SPPG SUKABUMI 04;Jl. Pulau Singkep No.37, Sukabumi, Kec. Sukabumi, Kota Bandar Lampung, Lampung 35122;Lampung;Kota Bandar Lampung;Sukarame;T4 nama file;https://www.google.com/maps/place/SPPG+SUKABUMI+04/data=!4m7!3m6!1s0x2e40dd005f966107:0x751eec5382687800!8m2!3d-5.3942873!4d105.3133066!16s%2Fg%2F11yzclyz6n!19sChIJB2GWXwDdQC4RAHhoglPsHnU?authuser=0&hl=id&g_ep=EgoyMDI2MDkxNi4wIJJjKgBIAVAD&rclk=1
2950;SPPG TANJUNGKARANG BARAT GEDONG AIR 03;Gg. Kelinci No.29, Gedong Air, Kec. Tj. Karang Bar., Kota Bandar Lampung, Lampung 35118;Lampung;Kota Bandar Lampung;Tanjungkarang Barat;T4 nama file;https://www.google.com/maps/place/SPPG+TANJUNGKARANG+BARAT+GEDONG+AIR+03/data=!4m7!3m6!1s0x2e40db00253c4367:0xf9e7efde3831f2ed!8m2!3d-5.4023995!4d105.2444131!16s%2Fg%2F11zbky88_g!19sChIJZ0M8JQDbQC4R7fIxON7v5_k?authuser=0&hl=id&g_ep=EgoyMDI2MDkxNi4wIJJjKgBIAVAD&rclk=1
2951;SPPG KOTA BANDAR LAMPUNG TANJUNGKARANG PUSAT DURIAN PAYUNG 2;Jl. P. Emir Moh. Noer No.27, Palapa, Kec. Tlk. Betung Utara, Kota Bandar Lampung, Lampung 35211;Lampung;Kota Bandar Lampung;Tanjungkarang Barat;T4 nama file;https://www.google.com/maps/place/SPPG+Kota+Bandar+Lampung+Tanjungkarang+Pusat+Durian+Payung+2/data=!4m7!3m6!1s0x2e40db0022cf3745:0x9f6de115742c57db!8m2!3d-5.4228107!4d105.2473347!16s%2Fg%2F11njmjrkw4!19sChIJRTfPIgDbQC4R21csdBXhbZ8?authuser=0&hl=id&g_ep=EgoyMDI2MDkxNi4wIJJjKgBIAVAD&rclk=1
2952;SPPG SEGALA MIDER 05;Jalan Sultan Badaruddin Gg. Cempaka No.11, RT.002/RW.003, Segala Mider, Tanjungkarang Barat, Bandar Lampung City, Lampung 35152;Lampung;Kota Bandar Lampung;Tanjungkarang Barat;T4 nama file;https://www.google.com/maps/place/SPPG+SEGALA+MIDER+05/data=!4m7!3m6!1s0x2e40dbca444bd4cf:0xba486ebbbd3c8784!8m2!3d-5.4026547!4d105.2391566!16s%2Fg%2F11xzpl2xbv!19sChIJz9RLRMrbQC4RhIc8vbtuSLo?authuser=0&hl=id&g_ep=EgoyMDI2MDkxNi4wIJJjKgBIAVAD&rclk=1
2955;SPPG TELUKBETUNG UTARA GULAK GALIK 4;SPPG TelukBetung Utara Gulak Galik 4, Pengajaran, Kec. Tlk. Betung Utara, Kota Bandar Lampung, Lampung 35214;Lampung;Kota Bandar Lampung;Telukbetung Barat;T4 nama file;https://www.google.com/maps/place/SPPG+TelukBetung+Utara+Gulak+Galik+4/data=!4m7!3m6!1s0x2e40db0075e7157b:0x862730dd095ba371!8m2!3d-5.4303788!4d105.2518229!16s%2Fg%2F11njl9ddhk!19sChIJexXndQDbQC4RcaNbCd0wJ4Y?authuser=0&hl=id&g_ep=EgoyMDI2MDkxNi4wIJJjKgBIAVAD&rclk=1
2956;SPPG TELUK BETUNG UTARA GULAK GALIK;Jl. Cut Mutia No.50, Gulak Galik, Kec. Tlk. Betung Utara, Kota Bandar Lampung, Lampung 35124;Lampung;Kota Bandar Lampung;Telukbetung Barat;T4 nama file;https://www.google.com/maps/place/SPPG+Teluk+Betung+Utara+Gulak+Galik/data=!4m7!3m6!1s0x2e40db0000c0bd9b:0xf0f0c616930208c0!8m2!3d-5.4332864!4d105.2570147!16s%2Fg%2F11xzvy9r43!19sChIJm73AAADbQC4RwAgCkxbG8PA?authuser=0&hl=id&g_ep=EgoyMDI2MDkxNi4wIJJjKgBIAVAD&rclk=1
2957;SPPG GULAK GALIK 2;Jl. Diponegoro No.108, Gulak Galik, Kec. Tlk. Betung Utara, Kota Bandar Lampung, Lampung 35225;Lampung;Kota Bandar Lampung;Telukbetung Barat;T4 nama file;https://www.google.com/maps/place/SPPG+GULAK+GALIK+2/data=!4m7!3m6!1s0x2e40db00348f81d5:0x2d6a3c77978489df!8m2!3d-5.4334044!4d105.2623359!16s%2Fg%2F11zbcqjtn9!19sChIJ1YGPNADbQC4R34mEl3c8ai0?authuser=0&hl=id&g_ep=EgoyMDI2MDkxNi4wIJJjKgBIAVAD&rclk=1
2958;SPPG TELUK BETUNG BARAT BAKUNG;Bakung, Kec. Tlk. Betung Bar., Kota Bandar Lampung, Lampung 35223;Lampung;Kota Bandar Lampung;Telukbetung Barat;T4 nama file;https://www.google.com/maps/place/SPPG+TELUK+BETUNG+BARAT+BAKUNG/data=!4m7!3m6!1s0x2e40d9005d37fac1:0xcb5b9c76887ff7c9!8m2!3d-5.4543877!4d105.2488941!16s%2Fg%2F11zcfkv8j7!19sChIJwfo3XQDZQC4Ryfd_iHacW8s?authuser=0&hl=id&g_ep=EgoyMDI2MDkxNi4wIJJjKgBIAVAD&rclk=1
2959;SPPG KOTA BANDAR LAMPUNG TELUK BETUNG TIMUR R;SPPG Kota Bandar Lampung Teluk Betung Timur R, Jl. Laksamana R.E.Martadinata, Sukamaju, Kec. Tlk. Betung Bar., Kota Bandar Lampung, Lampung 35236;Lampung;Kota Bandar Lampung;Telukbetung Barat;T4 nama file;https://www.google.com/maps/place/SPPG+Kota+Bandar+Lampung+Teluk+Betung+Timur+R/data=!4m7!3m6!1s0x2e40d90038689919:0x5a41f52a46d7b906!8m2!3d-5.4814257!4d105.2497463!16s%2Fg%2F11zbfhjmpd!19sChIJGZloOADZQC4RBrnXRir1QVo?authuser=0&hl=id&g_ep=EgoyMDI2MDkxNi4wIJJjKgBIAVAD&rclk=1
2960;SPPG SUMUR PUTRI 1;Jl. Saleh Raja Kusuma Yudha, Sumur Putri, Kec. Tlk. Betung Utara, Kota Bandar Lampung, Lampung 35211;Lampung;Kota Bandar Lampung;Telukbetung Barat;T4 nama file;https://www.google.com/maps/place/SPPG+SUMUR+PUTRI+1/data=!4m7!3m6!1s0x2e40db001e7dfa09:0x39a031a6ea60d44f!8m2!3d-5.4362885!4d105.2487532!16s%2Fg%2F11zbbrwvlp!19sChIJCfp9HgDbQC4RT9Rg6qYxoDk?authuser=0&hl=id&g_ep=EgoyMDI2MDkxNi4wIJJjKgBIAVAD&rclk=1
2961;SPPG TELUK BETUNG UTARA GULAK GALIK 3;Jl. Rasuna Said No.43, Pengajaran, Kec. Tlk. Betung Utara, Kota Bandar Lampung, Lampung 35212;Lampung;Kota Bandar Lampung;Telukbetung Barat;T4 nama file;https://www.google.com/maps/place/SPPG+TELUK+BETUNG+UTARA+GULAK+GALIK+3/data=!4m7!3m6!1s0x2e40db0036e57587:0xb03f5c96c037a890!8m2!3d-5.429925!4d105.255493!16s%2Fg%2F11zbcx4jnw!19sChIJh3XlNgDbQC4RkKg3wJZcP7A?authuser=0&hl=id&g_ep=EgoyMDI2MDkxNi4wIJJjKgBIAVAD&rclk=1
2962;SPPG TELUK BETUNG UTARA PENGAJARAN;SPPG TELUK BETUNG UTARA PENGAJARAN, Pengajaran, Kec. Tlk. Betung Utara, Kota Bandar Lampung, Lampung 35214;Lampung;Kota Bandar Lampung;Telukbetung Barat;T4 nama file;https://www.google.com/maps/place/SPPG+TELUK+BETUNG+UTARA+PENGAJARAN/data=!4m7!3m6!1s0x2e40db004fd4429b:0x3fc5743766b67a30!8m2!3d-5.4317563!4d105.2523058!16s%2Fg%2F11z7ccgv4h!19sChIJm0LUTwDbQC4RMHq2Zjd0xT8?authuser=0&hl=id&g_ep=EgoyMDI2MDkxNi4wIJJjKgBIAVAD&rclk=1
2963;SPPG NEGERI OLOK GADING;SPPG NEGERI OLOK GADING, Jl. Sunda, Negeri Olok Gading, Kec. Tlk. Betung Bar., Kota Bandar Lampung, Lampung 35223;Lampung;Kota Bandar Lampung;Telukbetung Utara;T4 nama file;https://www.google.com/maps/place/SPPG+NEGERI+OLOK+GADING/data=!4m7!3m6!1s0x2e40db003d80a87f:0x459fe71c3ce0e394!8m2!3d-5.4439178!4d105.2507109!16s%2Fg%2F11njmjqsvr!19sChIJf6iAPQDbQC4RlOPgPBznn0U?authuser=0&hl=id&g_ep=EgoyMDI2MDkxNi4wIJJjKgBIAVAD&rclk=1
2966;SPPG TBU BANDAR LAMPUNG;SPPG TBU BANDAR LAMPUNG, Jl. Dr. Cipto Mangunkusumo, Sumur Batu, Kec. Tlk. Betung Utara, Kota Bandar Lampung, Lampung 35212;Lampung;Kota Bandar Lampung;Telukbetung Utara;T4 nama file;https://www.google.com/maps/place/SPPG+TBU+BANDAR+LAMPUNG/data=!4m7!3m6!1s0x2e40db007197376b:0x966079362e8c0031!8m2!3d-5.432139!4d105.265408!16s%2Fg%2F11yzd3xpyb!19sChIJazeXcQDbQC4RMQCMLjZ5YJY?authuser=0&hl=id&g_ep=EgoyMDI2MDkxNi4wIJJjKgBIAVAD&rclk=1
2967;SPPG GOTONG ROYONG 1;Jl. Amir Hamzah No.20, Gotong Royong, Kec. Tj. Karang Pusat, Kota Bandar Lampung, Lampung 35214;Lampung;Kota Bandar Lampung;Tanjungkarang Pusat;T4 nama file;https://www.google.com/maps/place/SPPG+Gotong+royong+1/data=!4m7!3m6!1s0x2e40db006ee86b09:0x3b2cd80e6d65ccad!8m2!3d-5.4264486!4d105.2531688!16s%2Fg%2F11yrdy9gr6!19sChIJCWvobgDbQC4RrcxlbQ7YLDs?authuser=0&hl=id&g_ep=EgoyMDI2MDkxNi4wIJJjKgBIAVAD&rclk=1
2968;SPPG KELAPA TIGA GOTONG ROYONG 5;SPPG Kelapa Tiga Gotong Royong 5, Jl. M. Husni Thamrin, Gotong Royong, Kec. Tj. Karang Pusat, Kota Bandar Lampung, Lampung 35214;Lampung;Kota Bandar Lampung;Tanjungkarang Pusat;T4 nama file;https://www.google.com/maps/place/SPPG+Kelapa+Tiga+Gotong+Royong+5/data=!4m7!3m6!1s0x2e40db003452b31f:0x7ee781c122489fb5!8m2!3d-5.4239399!4d105.2556321!16s%2Fg%2F11npj02mv7!19sChIJH7NSNADbQC4RtZ9IIsGB534?authuser=0&hl=id&g_ep=EgoyMDI2MDkxNi4wIJJjKgBIAVAD&rclk=1
2970;SPPG LAMPUNG SELATAN TANJUNG BINTANG PURWODADI SIMPANG;SPPG Lampung Selatan Tanjung Bintang Purwodadi Simpang, Purwodadi Simpang, Kec. Tj. Bintang, Kabupaten Lampung Selatan, Lampung 35361;Lampung;Kota Bandar Lampung;Telukbetung Selatan;T4 nama file;https://www.google.com/maps/place/SPPG+Lampung+Selatan+Tanjung+Bintang+Purwodadi+Simpang/data=!4m7!3m6!1s0x2e40e900097076bb:0xd2103a5cf089bb2d!8m2!3d-5.3566816!4d105.4138308!16s%2Fg%2F11yk0kqym0!19sChIJu3ZwCQDpQC4RLbuJ8Fw6ENI?authuser=0&hl=id&g_ep=EgoyMDI2MDkxNi4wIJJjKgBIAVAD&rclk=1
2972;SPPG SEPANG JAYA 2;Jl. Kayu Manis No.1c, Sepang Jaya, Kedaton, Bandar Lampung City, Lampung 35132;Lampung;Kota Bandar Lampung;Kedaton;T4 nama file;https://www.google.com/maps/place/SPPG+SEPANG+JAYA+2/data=!4m7!3m6!1s0x2e40db005b2286c5:0x98966706a7512497!8m2!3d-5.3735729!4d105.2674127!16s%2Fg%2F11n9w1_f50!19sChIJxYYiWwDbQC4RlyRRpwZnlpg?authuser=0&hl=id&g_ep=EgoyMDI2MDkxNi4wIJJjKgBIAVAD&rclk=1
2973;SPPG KOTA BANDAR LAMPUNG RAJABASA. RAJABASA RAYA 2;SPPG kota bandar Lampung Rajabasa. Rajabasa Raya 2, M62R+2MCRajabasa RayaKec, Rajabasa Raya, Kec. Rajabasa, Kota Bandar Lampung, Lampung 35144;Lampung;Kota Bandar Lampung;Kedaton;T4 nama file;https://www.google.com/maps/place/SPPG+kota+bandar+Lampung+Rajabasa.+Rajabasa+Raya+2/data=!4m7!3m6!1s0x2e40c5002852fbb1:0x867dffc7f295d754!8m2!3d-5.3499355!4d105.2415511!16s%2Fg%2F11z7cpqd9b!19sChIJsftSKADFQC4RVNeV8sf_fYY?authuser=0&hl=id&g_ep=EgoyMDI2MDkxNi4wIJJjKgBIAVAD&rclk=1
2977;SPPG RAJABASA JAYA 01;SPPG RAJABASA JAYA 01, Gg. Hi. Jamhuri, Rajabasa Jaya, Kec. Rajabasa, Kota Bandar Lampung, Lampung 35142;Lampung;Kota Bandar Lampung;Kedaton;T4 nama file;https://www.google.com/maps/place/SPPG+RAJABASA+JAYA+01/data=!4m7!3m6!1s0x2e40c50068e4b4d9:0xe7225b511efcdd3f!8m2!3d-5.3540605!4d105.2474038!16s%2Fg%2F11njw5z2lw!19sChIJ2bTkaADFQC4RP938HlFbIuc?authuser=0&hl=id&g_ep=EgoyMDI2MDkxNi4wIJJjKgBIAVAD&rclk=1
2979;SPPG RAJABASA, RAJABASA;SPPG RAJABASA, RAJABASA, Jl. ZA. Pagar Alam, Rajabasa, Bandar Lampung City, Lampung 35141;Lampung;Kota Bandar Lampung;Kedaton;T4 nama file;https://www.google.com/maps/place/SPPG+RAJABASA,+RAJABASA/data=!4m7!3m6!1s0x2e40db007b18880d:0x6a42c1bde68495d1!8m2!3d-5.3676463!4d105.2341331!16s%2Fg%2F11zbdjm5rm!19sChIJDYgYewDbQC4R0ZWE5r3BQmo?authuser=0&hl=id&g_ep=EgoyMDI2MDkxNi4wIJJjKgBIAVAD&rclk=1
2983;SPPG KEDAMAIAN 2;Jl. P. Kelagian Gg. Rambutan No.2, Kedamaian, Bandar Lampung City, Lampung 35122;Lampung;Kota Bandar Lampung;Way Halim;T4 nama file;https://www.google.com/maps/place/SPPG+KEDAMAIAN+2/data=!4m7!3m6!1s0x2e40db00407e8c27:0xcbe15ab4661136e0!8m2!3d-5.4100908!4d105.2769087!16s%2Fg%2F11zbcj4k2g!19sChIJJ4x-QADbQC4R4DYRZrRa4cs?authuser=0&hl=id&g_ep=EgoyMDI2MDkxNi4wIJJjKgBIAVAD&rclk=1
2987;SPPG ENGGAL 2 PAHOMAN;Jl. Way Ngarip No.2, Pahoman, Engal, Kota Bandar Lampung, Lampung 35213;Lampung;Kota Bandar Lampung;Langkapura;T4 nama file;https://www.google.com/maps/place/SPPG+ENGGAL+2+PAHOMAN/data=!4m7!3m6!1s0x2e40db0061e583c7:0x7f36eadf6988233b!8m2!3d-5.4236835!4d105.2714377!16s%2Fg%2F11nppydb_7!19sChIJx4PlYQDbQC4ROyOIad_qNn8?authuser=0&hl=id&g_ep=EgoyMDI2MDkxNi4wIJJjKgBIAVAD&rclk=1
2989;SPPG KOTA BANDAR LAMPUNG KEMILING SUMBERREJO SEJAHTERA;SPPG Kota Bandar Lampung Kemiling Sumberrejo Sejahtera, Sumber Rejo, Kemiling, Bandar Lampung City, Lampung 35156;Lampung;Kota Bandar Lampung;Langkapura;T4 nama file;https://www.google.com/maps/place/SPPG+Kota+Bandar+Lampung+Kemiling+Sumberrejo+Sejahtera/data=!4m7!3m6!1s0x2e40d10065df2489:0xcae7929ef03ea448!8m2!3d-5.4027354!4d105.2140764!16s%2Fg%2F11z7cbdzby!19sChIJiSTfZQDRQC4RSKQ-8J6S58o?authuser=0&hl=id&g_ep=EgoyMDI2MDkxNi4wIJJjKgBIAVAD&rclk=1
2990;SPPG SUMBER REJO 03;Jl. Raden Imba Kusuma Ratu No.100, Beringin Raya, Kemiling, Bandar Lampung City, Lampung 35215;Lampung;Kota Bandar Lampung;Langkapura;T4 nama file;https://www.google.com/maps/place/Sppg+Sumber+Rejo+03/data=!4m7!3m6!1s0x2e40d10060c51945:0xf6fb64fd341acb7d!8m2!3d-5.4037018!4d105.2117616!16s%2Fg%2F11yx_6kjkw!19sChIJRRnFYADRQC4RfcsaNP1k-_Y?authuser=0&hl=id&g_ep=EgoyMDI2MDkxNi4wIJJjKgBIAVAD&rclk=1
2999;SPPG LABUHAN DALAM;SPPG LABUHAN DALAM, Jl. Sandi Hasan, Labuhan Dalam, Kec. Tj. Senang, Kota Bandar Lampung, Lampung 35141;Lampung;Kota Bandar Lampung;Labuhan Ratu;T4 nama file;https://www.google.com/maps/place/SPPG+LABUHAN+DALAM/data=!4m7!3m6!1s0x2e40c50001832cc1:0x37b876f76e9564aa!8m2!3d-5.3598231!4d105.2674077!16s%2Fg%2F11yj5b3p17!19sChIJwSyDAQDFQC4RqmSVbvd2uDc?authuser=0&hl=id&g_ep=EgoyMDI2MDkxNi4wIJJjKgBIAVAD&rclk=1
3002;SPPG ENGGAL ENGGAL 3;Jl. Hos Cokroaminoto No.78, Enggal, Engal, Kota Bandar Lampung, Lampung 35213;Lampung;Kota Bandar Lampung;Enggal;T4 nama file;https://www.google.com/maps/place/SPPG+ENGGAL+ENGGAL+3/data=!4m7!3m6!1s0x2e40db0036293fd9:0xb5546a9d02cfa554!8m2!3d-5.420945!4d105.2624709!16s%2Fg%2F11njmk0s2m!19sChIJ2T8pNgDbQC4RVKXPAp1qVLU?authuser=0&hl=id&g_ep=EgoyMDI2MDkxNi4wIJJjKgBIAVAD&rclk=1
3004;SPPG FLAMBOYAN;SPPG FLAMBOYAN, Jl. Flamboyan, Enggal, Kec. Tj. Karang Pusat, Kota Bandar Lampung, Lampung 35213;Lampung;Kota Bandar Lampung;Enggal;T4 nama file;https://www.google.com/maps/place/SPPG+FLAMBOYAN/data=!4m7!3m6!1s0x2e40db0041d3d5f9:0xbef82b3225b5112!8m2!3d-5.4243425!4d105.2601048!16s%2Fg%2F11zkhrxx14!19sChIJ-dXTQQDbQC4RElFbIrOC7ws?authuser=0&hl=id&g_ep=EgoyMDI2MDkxNi4wIJJjKgBIAVAD&rclk=1
3005;SPPG PELITA ENGGAL;Gg. Kenari No.14, Pelita, Engal, Sukabumi, Lampung 35127;Lampung;Kota Bandar Lampung;Enggal;T4 nama file;https://www.google.com/maps/place/SPPG+PELITA+ENGGAL/data=!4m7!3m6!1s0x2e40db0041d547e7:0xf2ce92a39dc01b79!8m2!3d-5.417086!4d105.2554346!16s%2Fg%2F11nr52tly6!19sChIJ50fVQQDbQC4ReRvAnaOSzvI?authuser=0&hl=id&g_ep=EgoyMDI2MDkxNi4wIJJjKgBIAVAD&rclk=1
3006;SPPG KOTA BANDAR LAMPUNG ENGGAL 04;Jl. Jend. Sudirman No.64, Enggal, Kec. Tj, Kota Bandar Lampung, Lampung 35213;Lampung;Kota Bandar Lampung;Enggal;T4 nama file;https://www.google.com/maps/place/SPPG+Kota+Bandar+Lampung+Enggal+04/data=!4m7!3m6!1s0x2e40db00667f5563:0xbc1424e31b5b3b0a!8m2!3d-5.422735!4d105.262087!16s%2Fg%2F11xspy7c4t!19sChIJY1V_ZgDbQC4RCjtbG-MkFLw?authuser=0&hl=id&g_ep=EgoyMDI2MDkxNi4wIJJjKgBIAVAD&rclk=1
3008;SPPG KEDAMAIAN;Jl. P. Antasari No.87/93, Tanjung Baru, Kedamaian, Bandar Lampung City, Lampung 35126;Lampung;Kota Bandar Lampung;Kedamaian;T4 nama file;https://www.google.com/maps/place/SPPG+Kedamaian/data=!4m7!3m6!1s0x2e40dbfd9b15b05b:0x2ad9426010d2d515!8m2!3d-5.4068787!4d105.2755504!16s%2Fg%2F11ydm54gkv!19sChIJW7AVm_3bQC4RFdXSEGBC2So?authuser=0&hl=id&g_ep=EgoyMDI2MDkxNi4wIJJjKgBIAVAD&rclk=1
3009;SPPG TANJUNG SENANG TANJUNG SENANG 2;SPPG TANJUNG SENANG TANJUNG SENANG 2, Tj. Senang, Kec. Tj. Senang, Kota Bandar Lampung, Lampung 35135;Lampung;Kota Bandar Lampung;Tanjung Senang;T4 nama file;https://www.google.com/maps/place/SPPG+TANJUNG+SENANG+TANJUNG+SENANG+2/data=!4m7!3m6!1s0x2e40c5005500b8e5:0xd8e84c2f5f378a1f!8m2!3d-5.3625125!4d105.2796719!16s%2Fg%2F11z87yzt4n!19sChIJ5bgAVQDFQC4RH4o3Xy9M6Ng?authuser=0&hl=id&g_ep=EgoyMDI2MDkxNi4wIJJjKgBIAVAD&rclk=1
3010;SPPG TANJUNG SENANG TANJUNG SENANG 3;Jl. Sersan Jl. M.Yunus No.95, RT.023, Tj. Senang, Kec. Tj. Senang, Kota Bandar Lampung, Lampung 35135;Lampung;Kota Bandar Lampung;Tanjung Senang;T4 nama file;https://www.google.com/maps/place/SPPG+TANJUNG+SENANG+TANJUNG+SENANG+3/data=!4m7!3m6!1s0x2e40c5007fc15f0b:0x87fc224fc1ec6948!8m2!3d-5.3618973!4d105.279249!16s%2Fg%2F11zfr6sp43!19sChIJC1_BfwDFQC4RSGnswU8i_Ic?authuser=0&hl=id&g_ep=EgoyMDI2MDkxNi4wIJJjKgBIAVAD&rclk=1
3011;SPPG TANJUNG SENANG;Gg. Keluarga No.161, Way Kandis, Kec. Tj. Senang, Kota Bandar Lampung, Lampung 35135;Lampung;Kota Bandar Lampung;Tanjung Senang;T4 nama file;https://www.google.com/maps/place/SPPG+TANJUNG+SENANG/data=!4m7!3m6!1s0x2e40c50058e945e5:0xa48c6a38d0ed9722!8m2!3d-5.3532823!4d105.2826211!16s%2Fg%2F11zgdxn46h!19sChIJ5UXpWADFQC4RIpft0DhqjKQ?authuser=0&hl=id&g_ep=EgoyMDI2MDkxNi4wIJJjKgBIAVAD&rclk=1
3012;SPPG TANJUNG SENANG 3;SPPG Tanjung Senang 3, Jl. M.Yunus, Tj. Senang, Kec. Tj. Senang, Kota Bandar Lampung, Lampung 35135;Lampung;Kota Bandar Lampung;Tanjung Senang;T4 nama file;https://www.google.com/maps/place/SPPG+Tanjung+Senang+3/data=!4m7!3m6!1s0x2e40c50024fb3e7d:0x37802fa2a84426c4!8m2!3d-5.3608999!4d105.2795255!16s%2Fg%2F11z8swp13n!19sChIJfT77JADFQC4RxCZEqKIvgDc?authuser=0&hl=id&g_ep=EgoyMDI2MDkxNi4wIJJjKgBIAVAD&rclk=1
3013;SPPG TUAH GIZI TANJUNG SENANG;SPPG TUAH GIZI TANJUNG SENANG, Jl. M.Yunus, Fajar Baru, Tanjung Senang, Bandar Lampung City, Lampung 35141;Lampung;Kota Bandar Lampung;Tanjung Senang;T4 nama file;https://www.google.com/maps/place/SPPG+TUAH+GIZI+TANJUNG+SENANG/data=!4m7!3m6!1s0x2e40c500461f3fe5:0xcc116453b78ac044!8m2!3d-5.3543262!4d105.276216!16s%2Fg%2F11zjf8r8_2!19sChIJ5T8fRgDFQC4RRMCKt1NkEcw?authuser=0&hl=id&g_ep=EgoyMDI2MDkxNi4wIJJjKgBIAVAD&rclk=1
3014;SPPG TANJUNG SENANG WAY KANDIS 2;Sppg Tanjung Senang Way Kandis 2, Jl. M.Yunus, Fajar Baru, Kec. Tj. Senang, Kota Bandar Lampung, Lampung 35141;Lampung;Kota Bandar Lampung;Tanjung Senang;T4 nama file;https://www.google.com/maps/place/Sppg+Tanjung+Senang+Way+Kandis+2/data=!4m7!3m6!1s0x2e40c5005f8f08df:0x8984a896947f0c74!8m2!3d-5.3536586!4d105.2759126!16s%2Fg%2F11njhdgd7v!19sChIJ3wiPXwDFQC4RdAx_lJaohIk?authuser=0&hl=id&g_ep=EgoyMDI2MDkxNi4wIJJjKgBIAVAD&rclk=1
3015;SPPG SUKABUMI01;SPPG SUKABUMI01, Jl. P. Tirtayasa, Sukabumi, Kec. Sukabumi, Kota Bandar Lampung, Lampung 35134;Lampung;Kota Bandar Lampung;Sukabumi;T4 nama file;https://www.google.com/maps/place/SPPG+SUKABUMI01/data=!4m7!3m6!1s0x2e40db005eb41669:0xb98b5555ad202ae0!8m2!3d-5.3995101!4d105.3072904!16s%2Fg%2F11z7cmmq4m!19sChIJaRa0XgDbQC4R4CogrVVVi7k?authuser=0&hl=id&g_ep=EgoyMDI2MDkxNi4wIJJjKgBIAVAD&rclk=1
3016;SPPG SUKABUMI 8 YAYASAN INDONESIA EMPAT LIMA;SPPG SUKABUMI 8 YAYASAN INDONESIA EMPAT LIMA, Jl. P. Kalimantan, Sukabumi, Kec. Sukabumi, Kota Bandar Lampung, Lampung 35122;Lampung;Kota Bandar Lampung;Sukabumi;T4 nama file;https://www.google.com/maps/place/SPPG+SUKABUMI+8+YAYASAN+INDONESIA+EMPAT+LIMA/data=!4m7!3m6!1s0x2e40db003d6e15f9:0xcbe2b811f864744d!8m2!3d-5.3988879!4d105.3081212!16s%2Fg%2F11npx4_hns!19sChIJ-RVuPQDbQC4RTXRk-BG44ss?authuser=0&hl=id&g_ep=EgoyMDI2MDkxNi4wIJJjKgBIAVAD&rclk=1
3017;SPPG SUKABUMI 7;Jl. Pangeran Tirtayasa, Sukabumi, Kec. Sukabumi, Kota Bandar Lampung, Lampung 35122;Lampung;Kota Bandar Lampung;Sukabumi;T4 nama file;https://www.google.com/maps/place/SPPG+Sukabumi+7/data=!4m7!3m6!1s0x2e40dd0053d26a95:0xbed83073bd083936!8m2!3d-5.405206!4d105.3185199!16s%2Fg%2F11z8pc0n8j!19sChIJlWrSUwDdQC4RNjkIvXMw2L4?authuser=0&hl=id&g_ep=EgoyMDI2MDkxNi4wIJJjKgBIAVAD&rclk=1
3018;SPPG SUKABUMI 06;SPPG Sukabumi 06, Sukabumi, Kec. Sukabumi, Kota Bandar Lampung, Lampung 35122;Lampung;Kota Bandar Lampung;Sukabumi;T4 nama file;https://www.google.com/maps/place/SPPG+Sukabumi+06/data=!4m7!3m6!1s0x2e40db0021591e53:0xcd4c36623f18b97d!8m2!3d-5.4022133!4d105.3117401!16s%2Fg%2F11ms2w0l_8!19sChIJUx5ZIQDbQC4RfbkYP2I2TM0?authuser=0&hl=id&g_ep=EgoyMDI2MDkxNi4wIJJjKgBIAVAD&rclk=1
3019;SPPG RAJABASA RAYA;SPPG RAJABASA RAYA, Dekat, Gg. Bypass Raya, Rajabasa Raya, Kec. Rajabasa, Kota Bandar Lampung, Lampung 35142;Lampung;Kota Bandar Lampung;Rajabasa;T4 nama file;https://www.google.com/maps/place/SPPG+RAJABASA+RAYA/data=!4m7!3m6!1s0x2e40c500136325b5:0x68dda3b121d0ff6c!8m2!3d-5.3588927!4d105.2438022!16s%2Fg%2F11zkt6600m!19sChIJtSVjEwDFQC4RbP_QIbGj3Wg?authuser=0&hl=id&g_ep=EgoyMDI2MDkxNi4wIJJjKgBIAVAD&rclk=1
3020;SPPG KOTA BANDAR LAMPUNG,RAJABASA,RAJABASA NUNYAI;SPPG Kota Bandar Lampung,Rajabasa,Rajabasa Nunyai, Jl. Pramuka, Rajabasa, Kec. Rajabasa, Kota Bandar Lampung, Lampung;Lampung;Kota Bandar Lampung;Rajabasa;T4 nama file;https://www.google.com/maps/place/SPPG+Kota+Bandar+Lampung,Rajabasa,Rajabasa+Nunyai/data=!4m7!3m6!1s0x2e40db004b128939:0x5bc623d950050e30!8m2!3d-5.373873!4d105.2261439!16s%2Fg%2F11njmf8db5!19sChIJOYkSSwDbQC4RMA4FUNkjxls?authuser=0&hl=id&g_ep=EgoyMDI2MDkxNi4wIJJjKgBIAVAD&rclk=1
3021;SPPG RAJABASA JAYA 2;Gg. Hi. Jamhuri, Rajabasa Jaya, Kec. Rajabasa, Kota Bandar Lampung, Lampung 35142;Lampung;Kota Bandar Lampung;Rajabasa;T4 nama file;https://www.google.com/maps/place/SPPG+RAJABASA+JAYA+2/data=!4m7!3m6!1s0x2e40c597a9acf9eb:0xb6a990be6e24638!8m2!3d-5.3537231!4d105.2472743!16s%2Fg%2F11npqkqxhy!19sChIJ6_msqZfFQC4ROEbi5guZags?authuser=0&hl=id&g_ep=EgoyMDI2MDkxNi4wIJJjKgBIAVAD&rclk=1
3022;SPPG RAJABASA JAYA 1&2;SPPG RAJABASA JAYA 1&2, Gg. Hi. Jamhuri, Rajabasa Jaya, Kec. Rajabasa, Kota Bandar Lampung, Lampung 35142;Lampung;Kota Bandar Lampung;Rajabasa;T4 nama file;https://www.google.com/maps/place/SPPG+RAJABASA+JAYA+1%262/data=!4m7!3m6!1s0x2e40c50071e8060d:0xa7a242a290619fd0!8m2!3d-5.3538261!4d105.2473165!16s%2Fg%2F11y16nl829!19sChIJDQbocQDFQC4R0J9hkKJCoqc?authuser=0&hl=id&g_ep=EgoyMDI2MDkxNi4wIJJjKgBIAVAD&rclk=1
3023;SPPG RAJABASA 3;Jl. Kapten Abdul Haq No.69, Rajabasa, Kec. Rajabasa, Kota Bandar Lampung, Lampung 35142;Lampung;Kota Bandar Lampung;Rajabasa;T4 nama file;https://www.google.com/maps/place/SPPG+RAJABASA+3/data=!4m7!3m6!1s0x2e40c5007880f933:0xc8a2b65dc52b29a2!8m2!3d-5.3612468!4d105.23549!16s%2Fg%2F11ms83h2lj!19sChIJM_mAeADFQC4RoikrxV22osg?authuser=0&hl=id&g_ep=EgoyMDI2MDkxNi4wIJJjKgBIAVAD&rclk=1
3024;SPPG RAJABASA JAYA 3;SPPG Rajabasa Jaya 3, Rajabasa Jaya, Kec. Rajabasa, Kota Bandar Lampung, Lampung 35142;Lampung;Kota Bandar Lampung;Rajabasa;T4 nama file;https://www.google.com/maps/place/SPPG+Rajabasa+Jaya+3/data=!4m7!3m6!1s0x2e40c5002307c5ff:0x20593904a1111081!8m2!3d-5.3462125!4d105.2453414!16s%2Fg%2F11ynx6_zj6!19sChIJ_8UHIwDFQC4RgRARoQQ5WSA?authuser=0&hl=id&g_ep=EgoyMDI2MDkxNi4wIJJjKgBIAVAD&rclk=1
3025;SPPG RAJABASA GEDONG MENENG 2;SPPG Rajabasa Gedong Meneng 2, Jl. Abdul Muis 10 No.156, Gedong Meneng, Kec. Rajabasa, Kota Bandar Lampung, Lampung 35141;Lampung;Kota Bandar Lampung;Rajabasa;T4 nama file;https://www.google.com/maps/place/SPPG+Rajabasa+Gedong+Meneng+2/data=!4m7!3m6!1s0x2e40db0021843a55:0x576d8f82397c148a!8m2!3d-5.3696921!4d105.246137!16s%2Fg%2F11njmc_8gj!19sChIJVTqEIQDbQC4RihR8OYKPbVc?authuser=0&hl=id&g_ep=EgoyMDI2MDkxNi4wIJJjKgBIAVAD&rclk=1
3030;SPPG MARGODADI 2 METRO SELATAN;SPPG Margodadi 2 Metro Selatan, Jl. Nusantara III, Margodadi, Kec. Metro Sel., Kota Metro, Lampung 34122;Lampung;Kota Metro;Metro Selatan;T4 nama file;https://www.google.com/maps/place/SPPG+Margodadi+2+Metro+Selatan/data=!4m7!3m6!1s0x2e40b9007b5c5e4b:0xa8654ed92e69ee46!8m2!3d-5.1514578!4d105.303127!16s%2Fg%2F11zbcx6dhp!19sChIJS15cewC5QC4RRu5pLtlOZag?authuser=0&hl=id&g_ep=EgoyMDI2MDkxNi4wIJJjKgBIAVAD&rclk=1
3032;SPPG TEJO AGUNG METRO TIMUR;SPPG Tejo Agung Metro Timur, Jl. Cemara, Tejoagung, Metro Timur, Metro City, Lampung 34124;Lampung;Kota Metro;Metro Selatan;T4 nama file;https://www.google.com/maps/place/SPPG+Tejo+Agung+Metro+Timur/data=!4m7!3m6!1s0x2e40bf003a0cfda5:0x95401cd40e1c8139!8m2!3d-5.1341326!4d105.3227144!16s%2Fg%2F11z7csj9vm!19sChIJpf0MOgC_QC4ROYEcDtQcQJU?authuser=0&hl=id&g_ep=EgoyMDI2MDkxNi4wIJJjKgBIAVAD&rclk=1
3033;SPPG REJOMULYO;SPPG REJOMULYO, JL. MAYJEN S PARMAN, Rejomulyo, Kec. Metro Sel., Kota Metro, Lampung 34331;Lampung;Kota Metro;Metro Selatan;T4 nama file;https://www.google.com/maps/place/SPPG+REJOMULYO/data=!4m7!3m6!1s0x2e40b90024fbdff9:0x5a853ac84b2a0b97!8m2!3d-5.1591266!4d105.3024015!16s%2Fg%2F11zbcrlp_f!19sChIJ-d_7JAC5QC4RlwsqS8g6hVo?authuser=0&hl=id&g_ep=EgoyMDI2MDkxNi4wIJJjKgBIAVAD&rclk=1
3034;SPPG MARGODADI 1;Margodadi, Metro Selatan, Metro City, Lampung 34122;Lampung;Kota Metro;Metro Selatan;T4 nama file;https://www.google.com/maps/place/SPPG+Margodadi+1/data=!4m7!3m6!1s0x2e40b90061fe5ae7:0x9912dbf764054ab2!8m2!3d-5.1515679!4d105.3023966!16s%2Fg%2F11yhncy3g_!19sChIJ51r-YQC5QC4RskoFZPfbEpk?authuser=0&hl=id&g_ep=EgoyMDI2MDkxNi4wIJJjKgBIAVAD&rclk=1
3035;SPPG METRO BARAT (GANJAR AGUNG);SPPG METRO BARAT (GANJAR AGUNG), Jl. Soekarno Hatta, Ganjaragung, Kec. Metro Bar., Kota Metro, Lampung 34121;Lampung;Kota Metro;Metro Selatan;T4 nama file;https://www.google.com/maps/place/SPPG+METRO+BARAT+%28GANJAR+AGUNG%29/data=!4m7!3m6!1s0x2e40b9001cd83573:0x2c38c2e9000792e0!8m2!3d-5.1332666!4d105.2889286!16s%2Fg%2F11yfthvj_z!19sChIJczXYHAC5QC4R4JIHAOnCOCw?authuser=0&hl=id&g_ep=EgoyMDI2MDkxNi4wIJJjKgBIAVAD&rclk=1
3036;SPPG GANJAR ASRI;Jl. Cemp. No.2, Ganjarasri, Kec. Metro Bar., Kota Metro, Lampung 34121;Lampung;Kota Metro;Metro Selatan;T4 nama file;https://www.google.com/maps/place/SPPG+GANJAR+ASRI/data=!4m7!3m6!1s0x2e40b90018a22cbf:0x4df26baf58201ae1!8m2!3d-5.1242715!4d105.294263!16s%2Fg%2F11yjjwdqph!19sChIJvyyiGAC5QC4R4RogWK9r8k0?authuser=0&hl=id&g_ep=EgoyMDI2MDkxNi4wIJJjKgBIAVAD&rclk=1
3040;SPPG MARGODADI 2 METRO SELAMAT;Sppg Margodadi 2 metro selamat, Margodadi, Kec. Metro Sel., Kota Metro, Lampung 34331;Lampung;Kota Metro;Metro Selatan;T4 nama file;https://www.google.com/maps/place/Sppg+Margodadi+2+metro+selamat/data=!4m7!3m6!1s0x2e40b900543d9b0f:0x1861f8c44748f391!8m2!3d-5.1614145!4d105.2981323!16s%2Fg%2F11njn7ns0h!19sChIJD5s9VAC5QC4RkfNIR8T4YRg?authuser=0&hl=id&g_ep=EgoyMDI2MDkxNi4wIJJjKgBIAVAD&rclk=1
3042;SPPG MULYOJATI 3 METRO BARAT;Jl. Akasia No.3, Mulyojati, Kec. Metro Bar., Kota Metro, Lampung 34121;Lampung;Kota Metro;Metro Selatan;T4 nama file;https://www.google.com/maps/place/SPPG+Mulyojati+3+Metro+Barat/data=!4m7!3m6!1s0x2e40b900292ccf7d:0xdfe380655a30eaa6!8m2!3d-5.1340819!4d105.3024861!16s%2Fg%2F11zbdnpyv7!19sChIJfc8sKQC5QC4RpuowWmWA498?authuser=0&hl=id&g_ep=EgoyMDI2MDkxNi4wIJJjKgBIAVAD&rclk=1
3043;SPPG MARGOREJO;SPPG MARGOREJO, Jl. Soekarno Hatta, Mulyojati, Metro Barat, Metro City, Lampung 34121;Lampung;Kota Metro;Metro Selatan;T4 nama file;https://www.google.com/maps/place/SPPG+MARGOREJO/data=!4m7!3m6!1s0x2e40b9002596692d:0xf40a107fd5a4f908!8m2!3d-5.1405998!4d105.2968325!16s%2Fg%2F11xgln42lh!19sChIJLWmWJQC5QC4RCPmk1X8QCvQ?authuser=0&hl=id&g_ep=EgoyMDI2MDkxNi4wIJJjKgBIAVAD&rclk=1
3044;SPPG TEJOSARI METRO TIMUR;Jl. Raya Stadion No.133, Tejosari, Kec. Metro Tim., Kota Metro, Lampung 34124;Lampung;Kota Metro;Metro Selatan;T4 nama file;https://www.google.com/maps/place/SPPG+Tejosari+Metro+Timur/data=!4m7!3m6!1s0x2e40bf90f0bafb33:0xe7f28a6fed35023e!8m2!3d-5.1422796!4d105.3278429!16s%2Fg%2F11nbx0hf97!19sChIJM_u68JC_QC4RPgI17W-K8uc?authuser=0&hl=id&g_ep=EgoyMDI2MDkxNi4wIJJjKgBIAVAD&rclk=1
3045;SPPG YOSODADI;Jl. Kerang No.12, Yosodadi, Kec. Metro Tim., Kota Metro, Lampung 34381;Lampung;Kota Metro;Metro Selatan;T4 nama file;https://www.google.com/maps/place/SPPG+Yosodadi/data=!4m7!3m6!1s0x2e40bd0057acfc09:0x14eb6ecc86faf43!8m2!3d-5.1095282!4d105.3289011!16s%2Fg%2F11mrk70bff!19sChIJCfysVwC9QC4RQ69vyOy2TgE?authuser=0&hl=id&g_ep=EgoyMDI2MDkxNi4wIJJjKgBIAVAD&rclk=1
3046;SPPG MARGODADI 4;SPPG MARGODADI 4, Jl. Jeruk, Sumbersari, Kec. Metro Sel., Kota Metro, Lampung 34331;Lampung;Kota Metro;Metro Selatan;T4 nama file;https://www.google.com/maps/place/SPPG+MARGODADI+4/data=!4m7!3m6!1s0x2e40b90009439ac9:0x5d410341e8d8a2bf!8m2!3d-5.1591492!4d105.2958291!16s%2Fg%2F11njmjrlym!19sChIJyZpDCQC5QC4Rv6LY6EEDQV0?authuser=0&hl=id&g_ep=EgoyMDI2MDkxNi4wIJJjKgBIAVAD&rclk=1
3047;SPPG MULYOJATI, METRO BARAT;SPPG MULYOJATI, METRO BARAT, Jl. Soekarno Hatta, Mulyojati, Kec. Metro Bar., Kota Metro, Lampung 34121;Lampung;Kota Metro;Metro Selatan;T4 nama file;https://www.google.com/maps/place/SPPG+MULYOJATI,+METRO+BARAT/data=!4m7!3m6!1s0x2e40b900261b79c1:0x2d8f546651b93d80!8m2!3d-5.1367967!4d105.3043557!16s%2Fg%2F11xs7v25yb!19sChIJwXkbJgC5QC4RgD25UWZUjy0?authuser=0&hl=id&g_ep=EgoyMDI2MDkxNi4wIJJjKgBIAVAD&rclk=1
3048;SPPG GANJAR ASRI 2;SPPG GANJAR ASRI 2, Ganjarasri, Metro Barat, Metro City, Lampung 34121;Lampung;Kota Metro;Metro Selatan;T4 nama file;https://www.google.com/maps/place/SPPG+GANJAR+ASRI+2/data=!4m7!3m6!1s0x2e40bb001cf91195:0xf01ca8ddb5888f0!8m2!3d-5.1226683!4d105.2927025!16s%2Fg%2F11n9xzcb0n!19sChIJlRH5HAC7QC4R8IhY243KAQ8?authuser=0&hl=id&g_ep=EgoyMDI2MDkxNi4wIJJjKgBIAVAD&rclk=1
3051;SPPG IRINGMULYO 2;Jl. Satelit 1 No.8, Iringmulyo, Kec. Metro Tim., Kota Metro, Lampung 34124;Lampung;Kota Metro;Metro Timur;T4 nama file;https://www.google.com/maps/place/SPPG+Iringmulyo+2/data=!4m7!3m6!1s0x2e40bd0054f0baaf:0xc8d36983bd72323e!8m2!3d-5.1202832!4d105.3173335!16s%2Fg%2F11yhpxyt6h!19sChIJr7rwVAC9QC4RPjJyvYNp08g?authuser=0&hl=id&g_ep=EgoyMDI2MDkxNi4wIJJjKgBIAVAD&rclk=1
3054;SPPG YOSOREJO 2;Jl way bunut Rawasari 4, keluarahan No.25, RT.22/RW.06, Yosorejo, Kec. Metro Tim., Kota Metro, Lampung 34111;Lampung;Kota Metro;Metro Timur;T4 nama file;https://www.google.com/maps/place/SPPG+Yosorejo+2/data=!4m7!3m6!1s0x2e40bd001cf83d25:0x8e48d540cbd6b2e3!8m2!3d-5.1078841!4d105.3162633!16s%2Fg%2F11zgzd3bvt!19sChIJJT34HAC9QC4R47LWy0DVSI4?authuser=0&hl=id&g_ep=EgoyMDI2MDkxNi4wIJJjKgBIAVAD&rclk=1
3055;SPPG YOSOREJO METRO TIMUR;Jl. Way Seputih No.167, Yosorejo, Kec. Metro Tim., Kota Metro, Lampung 34112;Lampung;Kota Metro;Metro Timur;T4 nama file;https://www.google.com/maps/place/SPPG+YOSOREJO+METRO+TIMUR/data=!4m7!3m6!1s0x2e40bdc280555135:0x8a2b9d43b03e6b47!8m2!3d-5.1118994!4d105.3147418!16s%2Fg%2F11njxfl91x!19sChIJNVFVgMK9QC4RR2s-sEOdK4o?authuser=0&hl=id&g_ep=EgoyMDI2MDkxNi4wIJJjKgBIAVAD&rclk=1
3056;SPPG IRINGMULYO 2;Jl. Satelit 1 No.8, Iringmulyo, Kec. Metro Tim., Kota Metro, Lampung 34124;Lampung;Kota Metro;Metro Timur;T4 nama file;https://www.google.com/maps/place/SPPG+Iringmulyo+2/data=!4m7!3m6!1s0x2e40bd0073f1de87:0x7854f118e7b568fc!8m2!3d-5.1203204!4d105.3174!16s%2Fg%2F11yyw8sc4p!19sChIJh97xcwC9QC4R_Gi15xjxVHg?authuser=0&hl=id&g_ep=EgoyMDI2MDkxNi4wIJJjKgBIAVAD&rclk=1
3057;SPPG IRINGMULYO METRO TIMUR;Jl. Satelit 1 No.50, Iringmulyo, Kec. Metro Tim., Kota Metro, Lampung 34124;Lampung;Kota Metro;Metro Timur;T4 nama file;https://www.google.com/maps/place/SPPG+Iringmulyo+Metro+Timur/data=!4m7!3m6!1s0x2e40bd003f2947af:0x12e6e6f8de539031!8m2!3d-5.1202406!4d105.3149153!16s%2Fg%2F11z7cscnb1!19sChIJr0cpPwC9QC4RMZBT3vjm5hI?authuser=0&hl=id&g_ep=EgoyMDI2MDkxNi4wIJJjKgBIAVAD&rclk=1
3058;SPPG KOTA METRO METRO PUSAT HADIMULYO TIMUR;SPPG KOTA METRO METRO PUSAT HADIMULYO TIMUR, East Hadimulyo, Metro Pusat, Metro City, Lampung 34111;Lampung;Kota Metro;Metro Timur;T4 nama file;https://www.google.com/maps/place/SPPG+KOTA+METRO+METRO+PUSAT+HADIMULYO+TIMUR/data=!4m7!3m6!1s0x2e40bb006c91b3bd:0xdddaa4895f90f4bc!8m2!3d-5.0914967!4d105.305275!16s%2Fg%2F11njmjydpc!19sChIJvbORbAC7QC4RvPSQX4mk2t0?authuser=0&hl=id&g_ep=EgoyMDI2MDkxNi4wIJJjKgBIAVAD&rclk=1
3111;SPPG NATAR NATAR KEC.NATAR LAMSEL;Jl. Raya Natar No.247, Natar, South Lampung Regency, Lampung 35362;Lampung;Lampung Selatan;Natar;T4 nama file;https://www.google.com/maps/place/SPPG+NATAR+NATAR+Kec.Natar+LamSel/data=!4m7!3m6!1s0x2e40cf00195cf035:0x109d13772d9dc70!8m2!3d-5.3262831!4d105.2018874!16s%2Fg%2F11x0r76zv7!19sChIJNfBcGQDPQC4RcNzZcjfRCQE?authuser=0&hl=id&g_ep=EgoyMDI2MDkxNi4wIJJjKgBIAVAD&rclk=1
3117;SPPG RADIN INTEN MERAK BATIN;SPPG RADIN INTEN MERAK BATIN, Jl. Lintas Sumatera, Merak Batin, Natar, South Lampung Regency, Lampung 35362;Lampung;Lampung Selatan;Natar;T4 nama file;https://www.google.com/maps/place/SPPG+RADIN+INTEN+MERAK+BATIN/data=!4m7!3m6!1s0x2e40cf002eb09329:0x6f1640f4b3136394!8m2!3d-5.3098422!4d105.1940475!16s%2Fg%2F11yq8cvyq_!19sChIJKZOwLgDPQC4RlGMTs_RAFm8?authuser=0&hl=id&g_ep=EgoyMDI2MDkxNi4wIJJjKgBIAVAD&rclk=1
3121;SPPG PURWODADI DALAM;SPPG Purwodadi Dalam, Purwodadi Dalam, Kec. Tj. Sari, Kabupaten Lampung Selatan, Lampung 35361;Lampung;Lampung Selatan;Natar;T4 nama file;https://www.google.com/maps/place/SPPG+Purwodadi+Dalam/data=!4m7!3m6!1s0x2e40e70001f6fb01:0x369edc67c23c48dc!8m2!3d-5.37008!4d105.4310831!16s%2Fg%2F11yp61nwkb!19sChIJAfv2AQDnQC4R3Eg8wmfcnjY?authuser=0&hl=id&g_ep=EgoyMDI2MDkxNi4wIJJjKgBIAVAD&rclk=1
3122;SPPG MERAK BATIN;SPPG Merak Batin, Jl. Sitara, Merak Batin, Natar, South Lampung Regency, Lampung 35362;Lampung;Lampung Selatan;Natar;T4 nama file;https://www.google.com/maps/place/SPPG+Merak+Batin/data=!4m7!3m6!1s0x2e40cf003ad91911:0x84e759818cd1f418!8m2!3d-5.3093265!4d105.2047807!16s%2Fg%2F11y0nxsk_8!19sChIJERnZOgDPQC4RGPTRjIFZ54Q?authuser=0&hl=id&g_ep=EgoyMDI2MDkxNi4wIJJjKgBIAVAD&rclk=1
3128;SPPG LAMPUNG SELATAN SIDOMULYO SELORETNO;SPPG Lampung Selatan Sidomulyo Seloretno, Seloretno, Sidomulyo, South Lampung Regency, Lampung 35353;Lampung;Lampung Selatan;Sidomulyo;T4 nama file;https://www.google.com/maps/place/SPPG+Lampung+Selatan+Sidomulyo+Seloretno/data=!4m7!3m6!1s0x2e411d0059fc3581:0xe966521fc695fa6e!8m2!3d-5.599729!4d105.5172014!16s%2Fg%2F11xrdmmcy0!19sChIJgTX8WQAdQS4RbvqVxh9SZuk?authuser=0&hl=id&g_ep=EgoyMDI2MDkxNi4wIJJjKgBIAVAD&rclk=1
3139;SPPG JATIBARU 3;Jl. Cendana No.14, RT.001/RW.007, Jatibaru, Kec. Tj. Bintang, Kabupaten Lampung Selatan, Lampung 35361;Lampung;Lampung Selatan;Tanjung Bintang;T4 nama file;https://www.google.com/maps/place/SPPG+JATIBARU+3/data=!4m7!3m6!1s0x2e40e7006b37f97b:0xe39e84d8ccf0f538!8m2!3d-5.4234287!4d105.4221945!16s%2Fg%2F11zh6spsdg!19sChIJe_k3awDnQC4ROPXwzNiEnuM?authuser=0&hl=id&g_ep=EgoyMDI2MDkxNi4wIJJjKgBIAVAD&rclk=1
3140;SPPG TANJUNG BINTANG SERDANG;SPPG Tanjung Bintang Serdang, Jl. Raya Serdang, Serdang, Kec. Tj. Bintang, Kabupaten Lampung Selatan, Lampung 35361;Lampung;Lampung Selatan;Tanjung Bintang;T4 nama file;https://www.google.com/maps/place/SPPG+Tanjung+Bintang+Serdang/data=!4m7!3m6!1s0x2e40e7007d775895:0x347e807aefb682ba!8m2!3d-5.4217447!4d105.4090028!16s%2Fg%2F11yl35m_ww!19sChIJlVh3fQDnQC4RuoK273qAfjQ?authuser=0&hl=id&g_ep=EgoyMDI2MDkxNi4wIJJjKgBIAVAD&rclk=1
3141;SPPG TANJUNG BINTANG;SPPG Tanjung Bintang, Way Galih - Bergen, Lematang, Kec. Tj. Bintang, Kabupaten Lampung Selatan, Lampung 35361;Lampung;Lampung Selatan;Tanjung Bintang;T4 nama file;https://www.google.com/maps/place/SPPG+Tanjung+Bintang/data=!4m7!3m6!1s0x2e40dd004e2ffa8d:0x534592fefca4f91a!8m2!3d-5.3943978!4d105.384935!16s%2Fg%2F11zgfd261s!19sChIJjfovTgDdQC4RGvmk_P6SRVM?authuser=0&hl=id&g_ep=EgoyMDI2MDkxNi4wIJJjKgBIAVAD&rclk=1
3142;SPPG SUKANEGARA;SPPG SUKANEGARA, Sukanegara, Kec. Tj. Bintang, Kabupaten Lampung Selatan, Lampung 35361;Lampung;Lampung Selatan;Tanjung Bintang;T4 nama file;https://www.google.com/maps/place/SPPG+SUKANEGARA/data=!4m7!3m6!1s0x2e40dd0019ea2fc3:0xceb895b01b4f3671!8m2!3d-5.3885845!4d105.3595679!16s%2Fg%2F11zgv_mp99!19sChIJwy_qGQDdQC4RcTZPG7CVuM4?authuser=0&hl=id&g_ep=EgoyMDI2MDkxNi4wIJJjKgBIAVAD&rclk=1
3143;SPPG SINDANG SARI TANJUNG BINTANG;SPPG SINDANG SARI TANJUNG BINTANG, Sindang Sari, Kec. Tj. Bintang, Kabupaten Lampung Selatan, Lampung 35361;Lampung;Lampung Selatan;Tanjung Bintang;T4 nama file;https://www.google.com/maps/place/SPPG+SINDANG+SARI+TANJUNG+BINTANG/data=!4m7!3m6!1s0x2e40c30019fbe5c1:0xd74dce3615414e24!8m2!3d-5.3603172!4d105.4003125!16s%2Fg%2F11mrlvp5nd!19sChIJweX7GQDDQC4RJE5BFTbOTdc?authuser=0&hl=id&g_ep=EgoyMDI2MDkxNi4wIJJjKgBIAVAD&rclk=1
3144;SATUAN PELAYANAN PEMENUHAN GIZI ( SPPG ) MBG DESA LEMATANG;Satuan Pelayanan Pemenuhan Gizi ( SPPG ) MBG Desa Lematang, Lematang, Kec. Tj. Bintang, Kabupaten Lampung Selatan, Lampung 35361;Lampung;Lampung Selatan;Tanjung Bintang;T4 nama file;https://www.google.com/maps/place/Satuan+Pelayanan+Pemenuhan+Gizi+%28+SPPG+%29+MBG+Desa+Lematang/data=!4m7!3m6!1s0x2e40dd005c538cbf:0xf1c61d026a11fb98!8m2!3d-5.398419!4d105.3495687!16s%2Fg%2F11yx2fxcj8!19sChIJv4xTXADdQC4RmPsRagIdxvE?authuser=0&hl=id&g_ep=EgoyMDI2MDkxNi4wIJJjKgBIAVAD&rclk=1
3145;SPPG SABAH BALAU;Jl. KBN. Klp. Dusun No.1C, Sabah Balau, Tanjung Bintang, South Lampung Regency, Lampung 35361;Lampung;Lampung Selatan;Tanjung Bintang;T4 nama file;https://www.google.com/maps/place/SPPG+Sabah+Balau/data=!4m7!3m6!1s0x2e40ddeea0ca578d:0x6ece425fae57604a!8m2!3d-5.3815488!4d105.317713!16s%2Fg%2F11ytv88mpw!19sChIJjVfKoO7dQC4RSmBXrl9Czm4?authuser=0&hl=id&g_ep=EgoyMDI2MDkxNi4wIJJjKgBIAVAD&rclk=1
3146;SPPG JATI INDAH;Jati Indah, Kec. Tj. Bintang, Kabupaten Lampung Selatan, Lampung 35361;Lampung;Lampung Selatan;Tanjung Bintang;T4 nama file;https://www.google.com/maps/place/SPPG+JATI+INDAH/data=!4m7!3m6!1s0x2e40e7003663c73b:0xb2a7c389ba8c6f27!8m2!3d-5.4095994!4d105.4162603!16s%2Fg%2F11zj8m27r7!19sChIJO8djNgDnQC4RJ2-MuonDp7I?authuser=0&hl=id&g_ep=EgoyMDI2MDkxNi4wIJJjKgBIAVAD&rclk=1
3147;SPPG MBG;SPPG MBG, Jl. Raya Serdang, Serdang, Kec. Tj. Bintang, Kabupaten Lampung Selatan, Lampung 35361;Lampung;Lampung Selatan;Tanjung Bintang;T4 nama file;https://www.google.com/maps/place/SPPG+MBG/data=!4m7!3m6!1s0x2e40e70051c737a9:0x13958783a30dee86!8m2!3d-5.421808!4d105.4086843!16s%2Fg%2F11x08mcj42!19sChIJqTfHUQDnQC4Rhu4No4OHlRM?authuser=0&hl=id&g_ep=EgoyMDI2MDkxNi4wIJJjKgBIAVAD&rclk=1
3148;SPPG JATIBARU 2;SPPG JATIBARU 2, Jl. Budi Santoso, Jatibaru, Kec. Tj. Bintang, Kabupaten Lampung Selatan, Lampung 35361;Lampung;Lampung Selatan;Tanjung Bintang;T4 nama file;https://www.google.com/maps/place/SPPG+JATIBARU+2/data=!4m7!3m6!1s0x2e40e70005114473:0x3a4efe596ec83e32!8m2!3d-5.417281!4d105.4206553!16s%2Fg%2F11nvdr418r!19sChIJc0QRBQDnQC4RMj7Ibln-Tjo?authuser=0&hl=id&g_ep=EgoyMDI2MDkxNi4wIJJjKgBIAVAD&rclk=1
3149;SPPG MULYOSARI TANJUNG SARI;SPPG MULYOSARI TANJUNG SARI, Mulyo Sari, Kec. Tj. Sari, Kabupaten Lampung Selatan, Lampung 35361;Lampung;Lampung Selatan;Tanjung Bintang;T4 nama file;https://www.google.com/maps/place/SPPG+MULYOSARI+TANJUNG+SARI/data=!4m7!3m6!1s0x2e40e90026f59b95:0x2073c6b36c3620f7!8m2!3d-5.3267586!4d105.4860345!16s%2Fg%2F11z54r3cs8!19sChIJlZv1JgDpQC4R9yA2bLPGcyA?authuser=0&hl=id&g_ep=EgoyMDI2MDkxNi4wIJJjKgBIAVAD&rclk=1
3157;SPPG LAMPUNG SELATAN RAJABASA BANDING;SPPG Lampung Selatan Rajabasa Banding, Banding, Rajabasa, Kabupaten Lampung Selatan, Lampung 35552;Lampung;Lampung Selatan;Kalianda;T4 nama file;https://www.google.com/maps/place/SPPG+Lampung+Selatan+Rajabasa+Banding/data=!4m7!3m6!1s0x2e4113001e6daab1:0x409c13b14d641ad3!8m2!3d-5.8084746!4d105.5892871!16s%2Fg%2F11zbbq1sny!19sChIJsaptHgATQS4R0xpkTbETnEA?authuser=0&hl=id&g_ep=EgoyMDI2MDkxNi4wIJJjKgBIAVAD&rclk=1
3160;SPPG CANGGUNG RAJABASA;Canggung, Rajabasa, Kabupaten Lampung Selatan, Lampung 35552;Lampung;Lampung Selatan;Kalianda;T4 nama file;https://www.google.com/maps/place/SPPG+CANGGUNG+RAJABASA/data=!4m7!3m6!1s0x2e4113007103b7ab:0x7124ae60d3d32c4f!8m2!3d-5.7833192!4d105.5832565!16s%2Fg%2F11zbc44q61!19sChIJq7cDcQATQS4RTyzT02CuJHE?authuser=0&hl=id&g_ep=EgoyMDI2MDkxNi4wIJJjKgBIAVAD&rclk=1
3165;SPPG REJOMULYO;Rejo Mulyo, Palas, South Lampung Regency, Lampung 35594;Lampung;Lampung Selatan;Palas;T4 nama file;https://www.google.com/maps/place/SPPG+Rejomulyo/data=!4m7!3m6!1s0x2e410577b9cce861:0xb3f9a3c5d2429e96!8m2!3d-5.6251919!4d105.6696478!16s%2Fg%2F11ykx2p5hy!19sChIJYejMuXcFQS4Rlp5C0sWj-bM?authuser=0&hl=id&g_ep=EgoyMDI2MDkxNi4wIJJjKgBIAVAD&rclk=1
3168;SPPG LAMSEL KETAPANG PEMATANG PASIR;SPPG LAMSEL KETAPANG PEMATANG PASIR, belakang bakso pojok, Pematang Pasir, Ketapang, South Lampung Regency, Lampung 35596;Lampung;Lampung Selatan;Ketapang;T4 nama file;https://www.google.com/maps/place/SPPG+LAMSEL+KETAPANG+PEMATANG+PASIR/data=!4m7!3m6!1s0x2e41070059101ebd:0x9566f3bf361a9019!8m2!3d-5.6753558!4d105.7807948!16s%2Fg%2F11njcv4lbp!19sChIJvR4QWQAHQS4RGZAaNr_zZpU?authuser=0&hl=id&g_ep=EgoyMDI2MDkxNi4wIJJjKgBIAVAD&rclk=1
3169;SPPG KETAPANG SUNGKAI SELATAN;SPPG KETAPANG SUNGKAI SELATAN, Jl.lebaksari, Ketapang, Kec. Sungkai Sel., Kabupaten Lampung Utara, Lampung 34554;Lampung;Lampung Selatan;Ketapang;T4 nama file;https://www.google.com/maps/place/SPPG+KETAPANG+SUNGKAI+SELATAN/data=!4m7!3m6!1s0x2e38bb00595a1935:0x8366dc93d80a74e7!8m2!3d-4.7256588!4d104.8039913!16s%2Fg%2F11z21vp0l7!19sChIJNRlaWQC7OC4R53QK2JPcZoM?authuser=0&hl=id&g_ep=EgoyMDI2MDkxNi4wIJJjKgBIAVAD&rclk=1
3172;SPPG LAMPUNG SELATAN KETAPANG, BANGUN REJO;SPPG LAMPUNG SELATAN KETAPANG, BANGUN REJO, Jl. Jend. Ahmad Yani Desa, RT.06/RW.03, Bangun Rejo, Ketapang, South Lampung Regency, Lampung 35596;Lampung;Lampung Selatan;Ketapang;T4 nama file;https://www.google.com/maps/place/SPPG+LAMPUNG+SELATAN+KETAPANG,+BANGUN+REJO/data=!4m7!3m6!1s0x2e410900393a9239:0xee4f639b35572394!8m2!3d-5.7325346!4d105.7692972!16s%2Fg%2F11nphx89p7!19sChIJOZI6OQAJQS4RlCNXNZtjT-4?authuser=0&hl=id&g_ep=EgoyMDI2MDkxNi4wIJJjKgBIAVAD&rclk=1
3190;SPPG JATI AGUNG KARANG SARI 3;SPPG JATI AGUNG KARANG SARI 3, Jl. R.A. Basyid, Karang Sari, Jati Agung, South Lampung Regency, Lampung 35143;Lampung;Lampung Selatan;Jati Agung;T4 nama file;https://www.google.com/maps/place/SPPG+JATI+AGUNG+KARANG+SARI+3/data=!4m7!3m6!1s0x2e40c500798d7581:0x220278652643771!8m2!3d-5.3341464!4d105.2790719!16s%2Fg%2F11zd909wyj!19sChIJgXWNeQDFQC4RcTdkUoYnIAI?authuser=0&hl=id&g_ep=EgoyMDI2MDkxNi4wIJJjKgBIAVAD&rclk=1
3194;SPPG MERBAU MATARAM MEKAR JAYA;SPPG MERBAU MATARAM MEKAR JAYA, Mekar Jaya, Merbau Mataram, South Lampung Regency, Lampung 35357;Lampung;Lampung Selatan;Merbau Mataram;T4 nama file;https://www.google.com/maps/place/SPPG+MERBAU+MATARAM+MEKAR+JAYA/data=!4m7!3m6!1s0x2e40df0015086725:0x3099b51cae79b575!8m2!3d-5.4980554!4d105.3895203!16s%2Fg%2F11xzfl06qh!19sChIJJWcIFQDfQC4RdbV5rhy1mTA?authuser=0&hl=id&g_ep=EgoyMDI2MDkxNi4wIJJjKgBIAVAD&rclk=1
3203;SPPG BAKAUHENI LAMPUNG SELATAN;Bakauheni, South Lampung Regency, Lampung 35592;Lampung;Lampung Selatan;Bakauheni;T4 nama file;https://www.google.com/maps/place/SPPG+Bakauheni+Lampung+Selatan/data=!4m7!3m6!1s0x2e4175afd8ef6b29:0x9b64425dabfb3e4b!8m2!3d-5.8674729!4d105.7409852!16s%2Fg%2F11xrzhv9j4!19sChIJKWvv2K91QS4RSz77q11CZJs?authuser=0&hl=id&g_ep=EgoyMDI2MDkxNi4wIJJjKgBIAVAD&rclk=1
3204;SPPG MULYOSARI;SPPG MULYOSARI, Mulyo Sari, Kec. Tj. Sari, Kabupaten Lampung Selatan, Lampung 35361;Lampung;Lampung Selatan;Tanjung Sari;T4 nama file;https://www.google.com/maps/place/SPPG+MULYOSARI/data=!4m7!3m6!1s0x2e40e9001432bfd7:0x36a87c6716ff1cb5!8m2!3d-5.3267449!4d105.4860217!16s%2Fg%2F11z63cf33j!19sChIJ178yFADpQC4RtRz_Fmd8qDY?authuser=0&hl=id&g_ep=EgoyMDI2MDkxNi4wIJJjKgBIAVAD&rclk=1
3205;SPPG WAWASAN;SPPG WAWASAN, Jl. Tritunggal Raya, Jembrana, Kec. Tj. Sari, Kabupaten Lampung Selatan, Lampung 35361;Lampung;Lampung Selatan;Tanjung Sari;T4 nama file;https://www.google.com/maps/place/SPPG+WAWASAN/data=!4m7!3m6!1s0x2e40e5004331b229:0xfaa754aaf64c7340!8m2!3d-5.3676846!4d105.5065209!16s%2Fg%2F11zk8vfq63!19sChIJKbIxQwDlQC4RQHNM9qpUp_o?authuser=0&hl=id&g_ep=EgoyMDI2MDkxNi4wIJJjKgBIAVAD&rclk=1
3206;SPPG KALIWUNGU 2;SPPG KALIWUNGU 2, Jl. Jend. Sudirman, Kali Wungu, Kalirejo, Central Lampung Regency, Lampung 34174;Lampung;Lampung Tengah;Kalirejo;T4 nama file;https://www.google.com/maps/place/SPPG+KALIWUNGU+2/data=!4m7!3m6!1s0x2e473500154255a7:0x1f19be533d2d66d!8m2!3d-5.2169339!4d104.9623617!16s%2Fg%2F11njwp_mqx!19sChIJp1VCFQA1Ry4RbdbSM-Wb8QE?authuser=0&hl=id&g_ep=EgoyMDI2MDkxNi4wIJJjKgBIAVAD&rclk=1
3207;SPPG LANGGENG JAYA 5;Sri Dadi, Kalirejo, Central Lampung Regency, Lampung 34174;Lampung;Lampung Tengah;Kalirejo;T4 nama file;https://www.google.com/maps/place/SPPG+LANGGENG+JAYA+5/data=!4m7!3m6!1s0x2e474be9213e8e2f:0x7f7a296f07646369!8m2!3d-5.1918644!4d104.9622498!16s%2Fg%2F11yvw3mkw0!19sChIJL44-IelLRy4RaWNkB28pen8?authuser=0&hl=id&g_ep=EgoyMDI2MDkxNi4wIJJjKgBIAVAD&rclk=1
3222;SPPG KOMERING AGUNG 2;SPPG KOMERING AGUNG 2, Jl. Pd. Pesantren, Seputih Jaya, Kec. Gn. Sugih, Kabupaten Lampung Tengah, Lampung 34161;Lampung;Lampung Tengah;Gunung Sugih;T4 nama file;https://www.google.com/maps/place/SPPG+KOMERING+AGUNG+2/data=!4m7!3m6!1s0x2e40af001cd9a403:0x34b5c588a5f8b470!8m2!3d-4.968472!4d105.2018055!16s%2Fg%2F11zf2xfbcz!19sChIJA6TZHACvQC4RcLT4pYjFtTQ?authuser=0&hl=id&g_ep=EgoyMDI2MDkxNi4wIJJjKgBIAVAD&rclk=1
3223;SPPG SEPUTIH JAYA 3;SPPG Seputih Jaya 3, Jl. Pd. Pesantren, Seputih Jaya, Kec. Gn. Sugih, Kabupaten Lampung Tengah, Lampung 34161;Lampung;Lampung Tengah;Gunung Sugih;T4 nama file;https://www.google.com/maps/place/SPPG+Seputih+Jaya+3/data=!4m7!3m6!1s0x2e40a9005c6cb38b:0xfd1dbe7b45952875!8m2!3d-4.9618657!4d105.2106621!16s%2Fg%2F11zbcjl5vr!19sChIJi7NsXACpQC4RdSiVRXu-Hf0?authuser=0&hl=id&g_ep=EgoyMDI2MDkxNi4wIJJjKgBIAVAD&rclk=1
3226;SPPG TERBANGGI AGUNG;SPPG TERBANGGI AGUNG, Terbanggi Agung, Kec. Gn. Sugih, Kabupaten Lampung Tengah, Lampung 34172;Lampung;Lampung Tengah;Gunung Sugih;T4 nama file;https://www.google.com/maps/place/SPPG+TERBANGGI+AGUNG/data=!4m7!3m6!1s0x2e40af004102edab:0x265d15cb213dbcca!8m2!3d-5.0100877!4d105.2106793!16s%2Fg%2F11z0hkyk_6!19sChIJq-0CQQCvQC4Ryrw9IcsVXSY?authuser=0&hl=id&g_ep=EgoyMDI2MDkxNi4wIJJjKgBIAVAD&rclk=1
3228;SPPG SEPUTIH JAYA GUNUNG SUGIH #007;SPPG SEPUTIH JAYA GUNUNG SUGIH 007, Jl. Proklamator Raya, Seputih Jaya, Kec. Gn. Sugih, Kabupaten Lampung Tengah, Lampung 34161;Lampung;Lampung Tengah;Gunung Sugih;T4 nama file;https://www.google.com/maps/place/SPPG+SEPUTIH+JAYA+GUNUNG+SUGIH+%23007/data=!4m7!3m6!1s0x2e40a9005bda4191:0x634f3628ae320dd9!8m2!3d-4.953787!4d105.2156822!16s%2Fg%2F11zkvrwl5y!19sChIJkUHaWwCpQC4R2Q0yrig2T2M?authuser=0&hl=id&g_ep=EgoyMDI2MDkxNi4wIJJjKgBIAVAD&rclk=1
3230;SPPG TERBANGGI AGUNG 02;SPPG TERBANGGI AGUNG 02, Gn. Sugih - Tegineneng, Terbanggi Agung, Kec. Gn. Sugih, Kabupaten Lampung Tengah, Lampung 34161;Lampung;Lampung Tengah;Gunung Sugih;T4 nama file;https://www.google.com/maps/place/SPPG+TERBANGGI+AGUNG+02/data=!4m7!3m6!1s0x2e40af00069a1a59:0xf7f54f7ce7eafa6d!8m2!3d-5.0221699!4d105.2045045!16s%2Fg%2F11zdcqtsgc!19sChIJWRqaBgCvQC4Rbfrq53xP9fc?authuser=0&hl=id&g_ep=EgoyMDI2MDkxNi4wIJJjKgBIAVAD&rclk=1
3232;SPPG SEPUTIH JAYA 02;SPPG SEPUTIH JAYA 02, Jl. Pd. Pesantren, Seputih Jaya, Kec. Gn. Sugih, Kabupaten Lampung Tengah, Lampung 34161;Lampung;Lampung Tengah;Gunung Sugih;T4 nama file;https://www.google.com/maps/place/SPPG+SEPUTIH+JAYA+02/data=!4m7!3m6!1s0x2e40a90044be18c9:0xf46c3420253b81e4!8m2!3d-4.9625147!4d105.207008!16s%2Fg%2F11npqp8xt9!19sChIJyRi-RACpQC4R5IE7JSA0bPQ?authuser=0&hl=id&g_ep=EgoyMDI2MDkxNi4wIJJjKgBIAVAD&rclk=1
3263;SPPG RAMAN AJI 2;RT.01, Raman Aji, Raman Utara, East Lampung Regency, Lampung 34371;Lampung;Lampung Tengah;Seputih Raman;T4 nama file;https://www.google.com/maps/place/SPPG+Raman+Aji+2/data=!4m7!3m6!1s0x2e40998a9a685c47:0x76fcfbcac0b884de!8m2!3d-4.9986411!4d105.4334831!16s%2Fg%2F11ytnx4jpr!19sChIJR1xomoqZQC4R3oS4wMr7_HY?authuser=0&hl=id&g_ep=EgoyMDI2MDkxNi4wIJJjKgBIAVAD&rclk=1
3268;SPPG RESTU BARU RUMBIA;SPPG RESTU BARU RUMBIA, Rukti Basuki, Rumbia, Central Lampung Regency, Lampung 34157;Lampung;Lampung Tengah;Rumbia;T4 nama file;https://www.google.com/maps/place/SPPG+RESTU+BARU+RUMBIA/data=!4m7!3m6!1s0x2e3f65001f109229:0xa33b046add79cb89!8m2!3d-4.7566404!4d105.5459772!16s%2Fg%2F11zd52ypsl!19sChIJKZIQHwBlPy4Rict53WoEO6M?authuser=0&hl=id&g_ep=EgoyMDI2MDkxNi4wIJJjKgBIAVAD&rclk=1
3278;SPPG LEMPUYANG BANDAR 2;Jl. Lintas Sumatera No.78, Lempuyang Bandar, Kec. Way Pengubuan, Kabupaten Lampung Tengah, Lampung 35213;Lampung;Lampung Tengah;Way Pangubuan;T3 alamat fuzzy;https://www.google.com/maps/place/SPPG+LEMPUYANG+BANDAR+2/data=!4m7!3m6!1s0x2e3f5900454ccb19:0xd7709c56e9edca6f!8m2!3d-4.8097471!4d105.2259169!16s%2Fg%2F11z7csb173!19sChIJGctMRQBZPy4Rb8rt6VaccNc?authuser=0&hl=id&g_ep=EgoyMDI2MDkxNi4wIJJjKgBIAVAD&rclk=1
3280;SPPG FAJAR MATARAM;SPPG FAJAR MATARAM, Jl. Pendidikan, Qurnia Mataram, Seputih Mataram, Central Lampung Regency, Lampung 34164;Lampung;Lampung Tengah;Seputih Mataram;T4 nama file;https://www.google.com/maps/place/SPPG+FAJAR+MATARAM/data=!4m7!3m6!1s0x2e3f5f00717d698b:0xd4f4ea806ae9abcd!8m2!3d-4.8413762!4d105.314009!16s%2Fg%2F11yx_q31tq!19sChIJi2l9cQBfPy4RzavpaoDq9NQ?authuser=0&hl=id&g_ep=EgoyMDI2MDkxNi4wIJJjKgBIAVAD&rclk=1
3292;SPPG KESUMADADI BEKRI;SPPG Kesumadadi Bekri, Kesumadadi, Bekri, Central Lampung Regency, Lampung 34162;Lampung;Lampung Tengah;Bekri;T4 nama file;https://www.google.com/maps/place/SPPG+Kesumadadi+Bekri/data=!4m7!3m6!1s0x2e40b10025d1ab55:0x61e49d5b4c38934f!8m2!3d-5.0850689!4d105.1411762!16s%2Fg%2F11ynttj0f_!19sChIJVavRJQCxQC4RT5M4TFud5GE?authuser=0&hl=id&g_ep=EgoyMDI2MDkxNi4wIJJjKgBIAVAD&rclk=1
3293;SPPG GORAS JAYA BEKRI (GAGAL BEROPERASI);SPPG GORAS JAYA BEKRI (Gagal Beroperasi), Goras Jaya, Bekri, Central Lampung Regency, Lampung 34162;Lampung;Lampung Tengah;Bekri;T4 nama file;https://www.google.com/maps/place/SPPG+GORAS+JAYA+BEKRI+%28Gagal+Beroperasi%29/data=!4m7!3m6!1s0x2e40b10023e30db3:0xcbe203285cd9c56!8m2!3d-5.0887905!4d105.1347077!16s%2Fg%2F11mlt82qpz!19sChIJsw3jIwCxQC4RVpzNhTIgvgw?authuser=0&hl=id&g_ep=EgoyMDI2MDkxNi4wIJJjKgBIAVAD&rclk=1
3306;SPPG WATES 01 BUMI RATU NUBAN;SPPG Wates 01 Bumi Ratu Nuban, Jl. Bumi Sholawat, Wates, Bumi Ratu Nuban, Central Lampung Regency, Lampung 34161;Lampung;Lampung Tengah;Bumi Ratu Nuban;T4 nama file;https://www.google.com/maps/place/SPPG+Wates+01+Bumi+Ratu+Nuban/data=!4m7!3m6!1s0x2e40b100464f420b:0xd0ea535c712a1d63!8m2!3d-5.1058781!4d105.1833465!16s%2Fg%2F11zbb_qwfr!19sChIJC0JPRgCxQC4RYx0qcVxT6tA?authuser=0&hl=id&g_ep=EgoyMDI2MDkxNi4wIJJjKgBIAVAD&rclk=1
3312;SPPG WAY PENGUBUAN;SPPG Way Pengubuan, Purnama Tunggal, Kec. Way Pengubuan, Kabupaten Lampung Tengah, Lampung 35213;Lampung;Lampung Tengah;Way Pangubuan;T3 alamat fuzzy;https://www.google.com/maps/place/SPPG+Way+Pengubuan/@-4.8926766,105.1369978,17z/data=!3m1!4b1!4m6!3m5!1s0x2e40a9007f4395f1:0xa0e17e6bec0a28e9!8m2!3d-4.8926766!4d105.1369978!16s%2Fg%2F11xzqz3z6d?hl=id&entry=ttu&g_ep=EgoyMDI2MDkxNi4wIKXMDSoASAFQAw%3D%3D
3315;SPPG SENDANG REJO;SPPG SENDANG REJO, Sendang Rejo, Sendang Agung, Central Lampung Regency, Lampung 34174;Lampung;Lampung Tengah;Sendang Agung;T4 nama file;https://www.google.com/maps/place/SPPG+SENDANG+REJO/data=!4m7!3m6!1s0x2e473700315558df:0x74db1c40496ace16!8m2!3d-5.2179608!4d104.8994243!16s%2Fg%2F11nph_kc6k!19sChIJ31hVMQA3Ry4RFs5qSUAc23Q?authuser=0&hl=id&g_ep=EgoyMDI2MDkxNi4wIJJjKgBIAVAD&rclk=1
3316;SPPG SENDANG ASIH;SPPG Sendang Asih, Sendang Asih, Sendang Agung, Central Lampung Regency, Lampung 34174;Lampung;Lampung Tengah;Sendang Agung;T4 nama file;https://www.google.com/maps/place/SPPG+Sendang+Asih/data=!4m7!3m6!1s0x2e47490047b92a39:0x390c86ee138112d2!8m2!3d-5.1657134!4d104.8677768!16s%2Fg%2F11zd8z7_nz!19sChIJOSq5RwBJRy4R0hKBE-6GDDk?authuser=0&hl=id&g_ep=EgoyMDI2MDkxNi4wIJJjKgBIAVAD&rclk=1
3322;SPPG KOTA GAJAH 05;SPPG Kota Gajah 05, Sri Tejo Kencono, :Kota Gajah, Central Lampung Regency, Lampung 34153;Lampung;Lampung Tengah;Kota Gajah;T4 nama file;https://www.google.com/maps/place/SPPG+Kota+Gajah+05/data=!4m7!3m6!1s0x2e40a3007686f82d:0x8c5321c4af1d14dd!8m2!3d-5.0142049!4d105.3507271!16s%2Fg%2F11njksyysy!19sChIJLfiGdgCjQC4R3RQdr8QhU4w?authuser=0&hl=id&g_ep=EgoyMDI2MDkxNi4wIJJjKgBIAVAD&rclk=1
3365;SPPG TEGAL YOSO, PURBOLINGGO, KEC. LAMPUNG TIMUR;SPPG TEGAL YOSO, PURBOLINGGO, KEC. LAMPUNG TIMUR, Jl. Jend. Sudirman, Tegal Yoso, Kec. Purbolinggo, Kabupaten Lampung Timur, Lampung 34192;Lampung;Lampung Timur;Purbolinggo;T4 nama file;https://www.google.com/maps/place/SPPG+TEGAL+YOSO,+PURBOLINGGO,+KEC.+LAMPUNG+TIMUR/data=!4m7!3m6!1s0x2e409b000c28351f:0x7246f4a8573839f!8m2!3d-4.9655869!4d105.5131524!16s%2Fg%2F11nr5506hc!19sChIJHzUoDACbQC4Rn4NzhUpvJAc?authuser=0&hl=id&g_ep=EgoyMDI2MDkxNi4wIJJjKgBIAVAD&rclk=1
3374;SPPG LAMPUNG TIMUR MARGA SEKAMPUNG BUNGKUK;SPPG LAMPUNG TIMUR MARGA SEKAMPUNG BUNGKUK, Bungkuk, Kec. Marga Sekapung, Kabupaten Lampung Timur, Lampung 34376;Lampung;Lampung Timur;Marga Sekampung;T3 alamat fuzzy;https://www.google.com/maps/place/SPPG+LAMPUNG+TIMUR+MARGA+SEKAMPUNG+BUNGKUK/data=!4m7!3m6!1s0x2e40fb006723419f:0x905c5717da8912e0!8m2!3d-5.4034966!4d105.6155751!16s%2Fg%2F11ntnqf6hw!19sChIJn0EjZwD7QC4R4BKJ2hdXXJA?authuser=0&hl=id&g_ep=EgoyMDI2MDkxNi4wIJJjKgBIAVAD&rclk=1
3386;SPPG TANJUNG HARAPAN MARGA TIGA;SPPG Tanjung Harapan Marga Tiga, Sumber Gede, Marga Tiga, East Lampung Regency, Lampung 34386;Lampung;Lampung Timur;Marga Tiga;T4 nama file;https://www.google.com/maps/place/SPPG+Tanjung+Harapan+Marga+Tiga/data=!4m7!3m6!1s0x2e4093007d8fba3d:0x2baad7bfc182a5ff!8m2!3d-5.1563897!4d105.5105643!16s%2Fg%2F11nhf126xf!19sChIJPbqPfQCTQC4R_6WCwb_Xqis?authuser=0&hl=id&g_ep=EgoyMDI2MDkxNi4wIJJjKgBIAVAD&rclk=1
3392;SPPG LAMPUNG TIMUR MELINTING WANA 01;SPPG Lampung Timur Melinting Wana 01, Tebing, Melinting, East Lampung Regency, Lampung 34377;Lampung;Lampung Timur;Melinting;T4 nama file;https://www.google.com/maps/place/SPPG+Lampung+Timur+Melinting+Wana+01/data=!4m7!3m6!1s0x2e40f9002b2de5b9:0x13d5916aa229276d!8m2!3d-5.3723113!4d105.7800431!16s%2Fg%2F11zcfm0vqn!19sChIJueUtKwD5QC4RbScpomqR1RM?authuser=0&hl=id&g_ep=EgoyMDI2MDkxNi4wIJJjKgBIAVAD&rclk=1
3393;SPPG LAMPUNG TIMUR GUNUNG PELINDUNG WAY MILI;SPPG Lampung Timur Gunung Pelindung Way Mili, Gang 1 Timur, RT.005/RW.003, Dusun II, Wai Mili, Kec. Gn. Pelindung, Kabupaten Lampung Timur, Lampung 34388;Lampung;Lampung Timur;Melinting;T4 nama file;https://www.google.com/maps/place/SPPG+Lampung+Timur+Gunung+Pelindung+Way+Mili/data=!4m7!3m6!1s0x2e40f90008dbec07:0xb99ed5b1bae04434!8m2!3d-5.4245134!4d105.7647254!16s%2Fg%2F11yts73hk6!19sChIJB-zbCAD5QC4RNETgurHVnrk?authuser=0&hl=id&g_ep=EgoyMDI2MDkxNi4wIJJjKgBIAVAD&rclk=1
3399;SPPG BANDAR AGUNG;SPPG BANDAR AGUNG, Bandar Agung, Kec. Bandar Sribawono, Kabupaten Lampung Timur, Lampung 34384;Lampung;Lampung Timur;Bandar Sribhawono;T3 alamat fuzzy;https://www.google.com/maps/place/SPPG+BANDAR+AGUNG/data=!4m7!3m6!1s0x2e40f10064b7ee99:0xb2514952f7a11a3f!8m2!3d-5.2944825!4d105.6452354!16s%2Fg%2F11xztnsm4h!19sChIJme63ZADxQC4RPxqh91JJUbI?authuser=0&hl=id&g_ep=EgoyMDI2MDkxNi4wIJJjKgBIAVAD&rclk=1
3400;SPPG SRIBHAWONO 005;SPPG SRIBHAWONO 005, Jl. Fatahillah, Sri Bawono, Kec. Bandar Sribawono, Kabupaten Lampung Timur, Lampung 34389;Lampung;Lampung Timur;Bandar Sribhawono;T3 alamat fuzzy;https://www.google.com/maps/place/SPPG+SRIBHAWONO+005/data=!4m7!3m6!1s0x2e40f7003b141b29:0x5cd9e0294c044630!8m2!3d-5.3158152!4d105.743424!16s%2Fg%2F11z4yx333m!19sChIJKRsUOwD3QC4RMEYETCng2Vw?authuser=0&hl=id&g_ep=EgoyMDI2MDkxNi4wIJJjKgBIAVAD&rclk=1
3401;SPPG SADAR SRIWIJAYA;SPPG SADAR SRIWIJAYA, Sadar Sriwijaya, Kec. Bandar Sribawono, Kabupaten Lampung Timur, Lampung 34389;Lampung;Lampung Timur;Bandar Sribhawono;T3 alamat fuzzy;https://www.google.com/maps/place/SPPG+SADAR+SRIWIJAYA/data=!4m7!3m6!1s0x2e40f70054b3994f:0x33bebaa9b6d639e9!8m2!3d-5.2825825!4d105.7080879!16s%2Fg%2F11njmd53q1!19sChIJT5mzVAD3QC4R6TnWtqm6vjM?authuser=0&hl=id&g_ep=EgoyMDI2MDkxNi4wIJJjKgBIAVAD&rclk=1
3402;SPPG SIDOREJO 2;SPPG Sidorejo 2, Bandar Agung, Kec. Bandar Sribawono, Kabupaten Lampung Timur, Lampung 34384;Lampung;Lampung Timur;Bandar Sribhawono;T3 alamat fuzzy;https://www.google.com/maps/place/SPPG+Sidorejo+2/data=!4m7!3m6!1s0x2e40f1005bb37c2b:0x325199f9558ff410!8m2!3d-5.2944963!4d105.6452363!16s%2Fg%2F11ntn8f5qj!19sChIJK3yzWwDxQC4REPSPVfmZUTI?authuser=0&hl=id&g_ep=EgoyMDI2MDkxNi4wIJJjKgBIAVAD&rclk=1
3403;SPPG SRIPENDOWO 02;SPPG Sripendowo 02, Jl. Ir. Sutami, Sri Pendowo, Kec. Bandar Sribawono, Kabupaten Lampung Timur, Lampung 34389;Lampung;Lampung Timur;Bandar Sribhawono;T3 alamat fuzzy;https://www.google.com/maps/place/SPPG+Sripendowo+02/data=!4m7!3m6!1s0x2e40f700679960ff:0x72e58e2eada0122c!8m2!3d-5.3109309!4d105.7146817!16s%2Fg%2F11z8vtn892!19sChIJ_2CZZwD3QC4RLBKgrS6O5XI?authuser=0&hl=id&g_ep=EgoyMDI2MDkxNi4wIJJjKgBIAVAD&rclk=1
3404;SPPG LAMPUNG TIMUR GUNUNG PELINDUNG PELINDUNG JAYA;SPPG Lampung Timur Gunung Pelindung Pelindung Jaya, Gang 7 barat, Pelindung Jaya, Kec. Gn. Pelindung, Kabupaten Lampung Timur, Lampung 34387;Lampung;Lampung Timur;Gunung Pelindung;T4 nama file;https://www.google.com/maps/place/SPPG+Lampung+Timur+Gunung+Pelindung+Pelindung+Jaya/data=!4m7!3m6!1s0x2e40f90062df3df1:0x142ff4f93554167b!8m2!3d-5.426783!4d105.750531!16s%2Fg%2F11z8h79r_r!19sChIJ8T3fYgD5QC4RexZUNfn0LxQ?authuser=0&hl=id&g_ep=EgoyMDI2MDkxNi4wIJJjKgBIAVAD&rclk=1
3408;SPPG BUKIT RAYA MARGA SEKAMPUNG;SPPG BUKIT RAYA MARGA SEKAMPUNG, Bukit Raya, Kec. Marga Sekapung, Kabupaten Lampung Timur, Lampung 34384;Lampung;Lampung Timur;Marga Sekampung;T3 alamat fuzzy;https://www.google.com/maps/place/SPPG+BUKIT+RAYA+MARGA+SEKAMPUNG/data=!4m7!3m6!1s0x2e40f1002ca46f1d:0xdb9eca5f5c66c7af!8m2!3d-5.3353609!4d105.6037288!16s%2Fg%2F11zjckld6r!19sChIJHW-kLADxQC4Rr8dmXF_Knts?authuser=0&hl=id&g_ep=EgoyMDI2MDkxNi4wIJJjKgBIAVAD&rclk=1
3418;SPPG LABUHAN RATU PASIR SAKTI;Labuhan Ratu, East Lampung Regency, Lampung 34375;Lampung;Lampung Timur;Labuhan Ratu;T4 nama file;https://www.google.com/maps/place/SPPG+Labuhan+Ratu+Pasir+Sakti/data=!4m7!3m6!1s0x2e408da5aa497ffb:0xeb48a4fa899de152!8m2!3d-5.1159118!4d105.6773128!16s%2Fg%2F11yzqh0r82!19sChIJ-39JqqWNQC4RUuGdifqkSOs?authuser=0&hl=id&g_ep=EgoyMDI2MDkxNi4wIJJjKgBIAVAD&rclk=1
3420;SPPG LAMPUNG TIMUR BRAJA SELEBAH BRAJA MULYA;SPPG LAMPUNG TIMUR BRAJA SELEBAH BRAJA MULYA, Braja Mulya, Kec. Braja Slebah, Kabupaten Lampung Timur, Lampung 34198;Lampung;Lampung Timur;Braja Selebah;T3 alamat fuzzy;https://www.google.com/maps/place/SPPG+LAMPUNG+TIMUR+BRAJA+SELEBAH+BRAJA+MULYA/data=!4m7!3m6!1s0x2e405f0073021f4d:0x63a61ad9b747ccf1!8m2!3d-5.2235897!4d105.7847846!16s%2Fg%2F11mm23wbj5!19sChIJTR8CcwBfQC4R8cxHt9kapmM?authuser=0&hl=id&g_ep=EgoyMDI2MDkxNi4wIJJjKgBIAVAD&rclk=1
3421;SPPG BRAJA HARJOSARI;SPPG BRAJA HARJOSARI, Braja Harjosari, Kec. Braja Slebah, Kabupaten Lampung Timur, Lampung 34196;Lampung;Lampung Timur;Braja Selebah;T3 alamat fuzzy;https://www.google.com/maps/place/SPPG+BRAJA+HARJOSARI/data=!4m7!3m6!1s0x2e40f50022287ded:0x21ca3172b6849acb!8m2!3d-5.1990284!4d105.7717438!16s%2Fg%2F11ygdnz6mr!19sChIJ7X0oIgD1QC4Ry5qEtnIxyiE?authuser=0&hl=id&g_ep=EgoyMDI2MDkxNi4wIJJjKgBIAVAD&rclk=1
3422;SPPG BRAJA YEKTI BRAJA SELEBAH, LAMPUNG TIMUR;SPPG Braja Yekti Braja Selebah, Lampung Timur, Braja Yekti, Braja Slebah, East Lampung Regency, Lampung 34196;Lampung;Lampung Timur;Braja Selebah;T4 nama file;https://www.google.com/maps/place/SPPG+Braja+Yekti+Braja+Selebah,+Lampung+Timur/data=!4m7!3m6!1s0x2e408b005765a305:0xd3921100cb239e2f!8m2!3d-5.1598311!4d105.7504976!16s%2Fg%2F11nq_0nzg9!19sChIJBaNlVwCLQC4RL54jywARktM?authuser=0&hl=id&g_ep=EgoyMDI2MDkxNi4wIJJjKgBIAVAD&rclk=1
3423;SPPG MIFTAHUL HUDA BRAJA LUHUR;SPPG MIFTAHUL HUDA BRAJA LUHUR, Braja Harjosari, Braja Slebah, East Lampung Regency, Lampung 34196;Lampung;Lampung Timur;Braja Selebah;T4 nama file;https://www.google.com/maps/place/SPPG+MIFTAHUL+HUDA+BRAJA+LUHUR/data=!4m7!3m6!1s0x2e40f5004f208a03:0xb72d90b758d54a01!8m2!3d-5.2006109!4d105.7683328!16s%2Fg%2F11njmd2q3c!19sChIJA4ogTwD1QC4RAUrVWLeQLbc?authuser=0&hl=id&g_ep=EgoyMDI2MDkxNi4wIJJjKgBIAVAD&rclk=1
3424;SPPG BRAJA HARJOSARI 2 BRAJA SELEBAH YAYASAN GEMILANG MAKMUR MULYA ABADI;Jl. Bhayangkara, Braja Harjosari, Kec. Braja Slebah, Kabupaten Lampung Timur, Lampung 34196;Lampung;Lampung Timur;Braja Selebah;T3 alamat fuzzy;https://www.google.com/maps/place/SPPG+Braja+Harjosari+2+Braja+selebah+Yayasan+Gemilang+Makmur+Mulya+Abadi/data=!4m7!3m6!1s0x2e40f5002caa93cb:0x6502769ab9cb0633!8m2!3d-5.1983925!4d105.7709765!16s%2Fg%2F11yvkxnp0j!19sChIJy5OqLAD1QC4RMwbLuZp2AmU?authuser=0&hl=id&g_ep=EgoyMDI2MDkxNi4wIJJjKgBIAVAD&rclk=1
3438;SPPG MEKAR MUKTI;Mekar Mukti, Sekampung, East Lampung Regency, Lampung 34382;Lampung;Lampung Timur;Sekampung;T4 nama file;https://www.google.com/maps/place/SPPG+Mekar+Mukti/data=!4m7!3m6!1s0x89e2c85c9d6c8009:0x7ebd7032ebf1582f!8m2!3d-5.207999!4d105.4295225!16s%2Fg%2F11yxh6fyzp!19sChIJCYBsnVzI4okRL1jx6zJwvX4?authuser=0&hl=id&g_ep=EgoyMDI2MDkxNi4wIJJjKgBIAVAD&rclk=1
3441;SPPG LAMPUNG TIMUR BATANGHARI SUMBEREJO;SPPG Lampung Timur Batanghari Sumberejo, Sumber Rejo, Batanghari, East Lampung Regency, Lampung 34381;Lampung;Lampung Timur;Batanghari;T4 nama file;https://www.google.com/maps/place/SPPG+Lampung+Timur+Batanghari+Sumberejo/data=!4m7!3m6!1s0x2e40bf0023163747:0x98ddcab70189ed7c!8m2!3d-5.137046!4d105.357742!16s%2Fg%2F11ynwjcryb!19sChIJRzcWIwC_QC4RfO2JAbfK3Zg?authuser=0&hl=id&g_ep=EgoyMDI2MDkxNi4wIJJjKgBIAVAD&rclk=1
3448;SPPG KOTA PEKALONGAN PEKALONGAN TIMUR KAUMAN 2;Jl. Toba No.21d, Keputran, Kec. Pekalongan Tim., Kota Pekalongan, Jawa Tengah 51128;Jawa Tengah;Kota Pekalongan;Pekalongan Timur;T3 alamat fuzzy;https://www.google.com/maps/place/SPPG+KOTA+PEKALONGAN+PEKALONGAN+TIMUR+KAUMAN+2/data=!4m7!3m6!1s0x2e70250067965d99:0xb265bcb7566af240!8m2!3d-6.8928904!4d109.6771872!16s%2Fg%2F11z73w75_1!19sChIJmV2WZwAlcC4RQPJqVre8ZbI?authuser=0&hl=id&g_ep=EgoyMDI2MDkxNi4wIJJjKgBIAVAD&rclk=1
3459;SPPG TANJUNG HARAPAN I;SPPG Tanjung Harapan I, Tj. Aman, Kec. Kotabumi Sel., Kabupaten Lampung Utara, Lampung 34514;Lampung;Lampung Utara;Kotabumi;T4 nama file;https://www.google.com/maps/place/SPPG+Tanjung+Harapan+I/data=!4m7!3m6!1s0x2e38a900588e7df3:0x862c16a7194a29e5!8m2!3d-4.838884!4d104.8934907!16s%2Fg%2F11n9b53fcq!19sChIJ832OWACpOC4R5SlKGacWLIY?authuser=0&hl=id&g_ep=EgoyMDI2MDkxNi4wIJJjKgBIAVAD&rclk=1
3460;SPPG KELAPA TUJUH 4;sppg kelapa tujuh 4, Klp. Tujuh, Kec. Kotabumi Sel., Kabupaten Lampung Utara, Lampung 34511;Lampung;Lampung Utara;Kotabumi;T4 nama file;https://www.google.com/maps/place/sppg+kelapa+tujuh+4/data=!4m7!3m6!1s0x2e38a90062be5d59:0x5a1539d4af1c8200!8m2!3d-4.8556895!4d104.8988719!16s%2Fg%2F11ms6zyb7h!19sChIJWV2-YgCpOC4RAIIcr9Q5FVo?authuser=0&hl=id&g_ep=EgoyMDI2MDkxNi4wIJJjKgBIAVAD&rclk=1
3463;SPPG REJOSARI DAPUR NUWO LADO;SPPG REJOSARI DAPUR NUWO LADO, Jl. Lebung Curup, Rejosari, Kotabumi, North Lampung Regency, Lampung 34514;Lampung;Lampung Utara;Kotabumi;T4 nama file;https://www.google.com/maps/place/SPPG+REJOSARI+DAPUR+NUWO+LADO/data=!4m7!3m6!1s0x2e38a9004373d587:0x6de435802d07a0c5!8m2!3d-4.8316016!4d104.9031533!16s%2Fg%2F11ypr48d0x!19sChIJh9VzQwCpOC4RxaAHLYA15G0?authuser=0&hl=id&g_ep=EgoyMDI2MDkxNi4wIJJjKgBIAVAD&rclk=1
3465;SPPG TANJUNG AMAN 2;SPPG TANJUNG AMAN 2, kode pos 34511, Jl. Merdeka, Tj. Aman, Kec. Kotabumi Sel., Kabupaten Lampung Utara, Lampung 34516;Lampung;Lampung Utara;Kotabumi;T4 nama file;https://www.google.com/maps/place/SPPG+TANJUNG+AMAN+2/data=!4m7!3m6!1s0x2e38a9005ebb91bb:0xed8776b0404fdd66!8m2!3d-4.8315538!4d104.8878618!16s%2Fg%2F11z1_q504h!19sChIJu5G7XgCpOC4RZt1PQLB2h-0?authuser=0&hl=id&g_ep=EgoyMDI2MDkxNi4wIJJjKgBIAVAD&rclk=1
3466;SPPG KOTABUMI SELATAN KELAPA TUJUH;SPPG KOTABUMI SELATAN KELAPA TUJUH, Kelapa Tujuh, Kotabumi Selatan, North Lampung Regency, Lampung 34514;Lampung;Lampung Utara;Kotabumi;T4 nama file;https://www.google.com/maps/place/SPPG+KOTABUMI+SELATAN+KELAPA+TUJUH/data=!4m7!3m6!1s0x2e38a9002d61c135:0x4d7894742eec0d28!8m2!3d-4.8460349!4d104.9143498!16s%2Fg%2F11z73x7nm0!19sChIJNcFhLQCpOC4RKA3sLnSUeE0?authuser=0&hl=id&g_ep=EgoyMDI2MDkxNi4wIJJjKgBIAVAD&rclk=1
3468;SPPG AL HUDA TANJUNG HARAPAN 2;SPPG AL Huda Tanjung Harapan 2, Gg. Merpati 1, Tj. Aman, Kec. Kotabumi Sel., Kabupaten Lampung Utara, Lampung 34517;Lampung;Lampung Utara;Kotabumi;T4 nama file;https://www.google.com/maps/place/SPPG+AL+Huda+Tanjung+Harapan+2/data=!4m7!3m6!1s0x2e38a9000c33ce83:0xdaf7f15cf4ff5025!8m2!3d-4.839745!4d104.887897!16s%2Fg%2F11z74x__fz!19sChIJg84zDACpOC4RJVD_9Fzx99o?authuser=0&hl=id&g_ep=EgoyMDI2MDkxNi4wIJJjKgBIAVAD&rclk=1
3469;SPPG LAMPUNG UTARA KOTABUMI SELATAN KOTA ALAM;Kota Alam, Kec. Kotabumi Sel., Kabupaten Lampung Utara, Lampung 34516;Lampung;Lampung Utara;Kotabumi;T4 nama file;https://www.google.com/maps/place/SPPG+Lampung+Utara+Kotabumi+Selatan+Kota+Alam/data=!4m7!3m6!1s0x2e38a9001c56c9f1:0xac07d2622e8be9dc!8m2!3d-4.8411133!4d104.8681964!16s%2Fg%2F11z73tfknz!19sChIJ8clWHACpOC4R3OmLLmLSB6w?authuser=0&hl=id&g_ep=EgoyMDI2MDkxNi4wIJJjKgBIAVAD&rclk=1
3474;SPPG LAMPUNG UTARA SUNGKAI UTARA BATU RAJA;SPPG Lampung Utara Sungkai Utara Batu Raja, Jl. Protokol, Ciamis, Sungkai Utara, North Lampung Regency, Lampung 34555;Lampung;Lampung Utara;Kotabumi;T4 nama file;https://www.google.com/maps/place/SPPG+Lampung+Utara+Sungkai+Utara+Batu+Raja/data=!4m7!3m6!1s0x2e38bd004962a147:0x4d0dcc4e6c466f25!8m2!3d-4.6701412!4d104.7518673!16s%2Fg%2F11n53dd9cm!19sChIJR6FiSQC9OC4RJW9GbE7MDU0?authuser=0&hl=id&g_ep=EgoyMDI2MDkxNi4wIJJjKgBIAVAD&rclk=1
3475;SPPG LAMPUNG UTARA KOTABUMI SELATAN KOTA ALAM 2;SPPG LAMPUNG UTARA KOTABUMI SELATAN KOTA ALAM 2, Kota Alam, Kec. Kotabumi Sel., Kabupaten Lampung Utara, Lampung 34516;Lampung;Lampung Utara;Kotabumi;T4 nama file;https://www.google.com/maps/place/SPPG+LAMPUNG+UTARA+KOTABUMI+SELATAN+KOTA+ALAM+2/data=!4m7!3m6!1s0x2e38a9003084e46b:0x408db1b65acf4f2e!8m2!3d-4.8361859!4d104.8724829!16s%2Fg%2F11z73t8vwr!19sChIJa-SEMACpOC4RLk_PWraxjUA?authuser=0&hl=id&g_ep=EgoyMDI2MDkxNi4wIJJjKgBIAVAD&rclk=1
3478;SPPG LAMPUNG UTARA SUNGKAI SELATAN 1;SPPG Lampung Utara Sungkai Selatan 1, Ketapang, Kec. Sungkai Sel., Kabupaten Lampung Utara, Lampung 34554;Lampung;Lampung Utara;Abung Timur;T4 nama file;https://www.google.com/maps/place/SPPG+Lampung+Utara+Sungkai+Selatan+1/data=!4m7!3m6!1s0x2e38bb007531d56b:0x619944e28102e503!8m2!3d-4.7251669!4d104.7964573!16s%2Fg%2F11zhjqmq4l!19sChIJa9UxdQC7OC4RA-UCgeJEmWE?authuser=0&hl=id&g_ep=EgoyMDI2MDkxNi4wIJJjKgBIAVAD&rclk=1
3482;SPPG LAMPUNG UTARA ABUNG SELATAN WAY LUNIK;SPPG Lampung Utara Abung Selatan Way Lunik, Jl. Rajawali, Way Lunik, Kec. Abung Sel., Kabupaten Lampung Utara, Lampung 34581;Lampung;Lampung Utara;Abung Timur;T4 nama file;https://www.google.com/maps/place/SPPG+Lampung+Utara+Abung+Selatan+Way+Lunik/data=!4m7!3m6!1s0x2e38ab006bbd65dd:0xd92714a0c8a851ce!8m2!3d-4.8410815!4d104.9864312!16s%2Fg%2F11z7ctt872!19sChIJ3WW9awCrOC4RzlGoyKAUJ9k?authuser=0&hl=id&g_ep=EgoyMDI2MDkxNi4wIJJjKgBIAVAD&rclk=1
3483;DAPUR SPPG PEMUDA MUHAMMADIYAH ABUNG SEMULI;DAPUR SPPG Pemuda Muhammadiyah Abung Semuli, Semuli Jaya, Kec. Abung Sel., Kabupaten Lampung Utara, Lampung 34581;Lampung;Lampung Utara;Abung Timur;T4 nama file;https://www.google.com/maps/place/DAPUR+SPPG+Pemuda+Muhammadiyah+Abung+Semuli/data=!4m7!3m6!1s0x2e38ab0028c36b63:0xcb70ae7bb0fd362c!8m2!3d-4.8384724!4d104.9847799!16s%2Fg%2F11x_gjf9j1!19sChIJY2vDKACrOC4RLDb9sHuucMs?authuser=0&hl=id&g_ep=EgoyMDI2MDkxNi4wIJJjKgBIAVAD&rclk=1
3484;SPPG PANGLIMA ANEK PAK;SPPG Panglima Anek Pak, Penagan Ratu, Kec. Abung Tim., Kabupaten Lampung Utara, Lampung 34583;Lampung;Lampung Utara;Abung Timur;T3 alamat fuzzy;https://www.google.com/maps/place/SPPG+Panglima+Anek+Pak/data=!4m7!3m6!1s0x2e38ad007f24d8f7:0x143cc9095ed8c67b!8m2!3d-4.7551644!4d104.9464045!16s%2Fg%2F11zb709bx0!19sChIJ99gkfwCtOC4Re8bYXgnJPBQ?authuser=0&hl=id&g_ep=EgoyMDI2MDkxNi4wIJJjKgBIAVAD&rclk=1
3485;SPPG SIMPANG AGUNG, ABUNG BARAT;SPPG SIMPANG AGUNG, ABUNG BARAT, Jl. Lintas Sumatera, RT.07/RW.07, desa simpag agung, Kec. Abung Bar., Kabupaten Lampung Utara, Lampung 34558;Lampung;Lampung Utara;Abung Barat;T3 alamat fuzzy;https://www.google.com/maps/place/SPPG+SIMPANG+AGUNG,+ABUNG+BARAT/data=!4m7!3m6!1s0x2e38a10079d4543b:0x2fd22e5dfe13b8f4!8m2!3d-4.8721534!4d104.7192735!16s%2Fg%2F11zbcrxztn!19sChIJO1TUeQChOC4R9LgT_l0u0i8?authuser=0&hl=id&g_ep=EgoyMDI2MDkxNi4wIJJjKgBIAVAD&rclk=1
3487;SPPG KETAPANG SUNGKAI SELATAN;SPPG KETAPANG SUNGKAI SELATAN, Jl. Raya Ketapang Sawojajar, Sawo Jajar, Kec. Sungkai Sel., Kabupaten Lampung Utara, Lampung 34554;Lampung;Lampung Utara;Sungkai Selatan;T4 nama file;https://www.google.com/maps/place/SPPG+KETAPANG+SUNGKAI+SELATAN/data=!4m7!3m6!1s0x2e38a50079136ab5:0x970d4a2b9a48c409!8m2!3d-4.7443334!4d104.8279502!16s%2Fg%2F11n9cnhl8w!19sChIJtWoTeQClOC4RCcRImitKDZc?authuser=0&hl=id&g_ep=EgoyMDI2MDkxNi4wIJJjKgBIAVAD&rclk=1
3488;SPPG SUNGKAI BERSATU;Jalan lada dusun bangun mulyo No.20, Ketapang, Kec. Sungkai Sel., Kabupaten Lampung Utara, Lampung 34554;Lampung;Lampung Utara;Sungkai Selatan;T4 nama file;https://www.google.com/maps/place/SPPG+Sungkai+Bersatu/data=!4m7!3m6!1s0x2e38a500209fc569:0x3ca35a51c879aced!8m2!3d-4.7329229!4d104.7933543!16s%2Fg%2F11yvhpmv9r!19sChIJacWfIAClOC4R7ax5yFFaozw?authuser=0&hl=id&g_ep=EgoyMDI2MDkxNi4wIJJjKgBIAVAD&rclk=1
3491;SPPG DESA SUKASARI;SPPG DESA SUKASARI, Karang Waringin, Kec. Tj. Raja, Kabupaten Lampung Utara, Lampung 34557;Lampung;Lampung Utara;Tanjung Raja;T4 nama file;https://www.google.com/maps/place/SPPG+DESA+SUKASARI/data=!4m7!3m6!1s0x2e475d0004fcca3f:0xc7411bd7911a309a!8m2!3d-4.9847854!4d104.6957622!16s%2Fg%2F11yv1d5mkf!19sChIJP8r8BABdRy4RmjAakdcbQcc?authuser=0&hl=id&g_ep=EgoyMDI2MDkxNi4wIJJjKgBIAVAD&rclk=1
3492;SPPG LAMPUNG UTARA TANJUNG RAJA TANJUNG RAJA;SPPG LAMPUNG UTARA TANJUNG RAJA TANJUNG RAJA, Sinar Mulya, Kec. Tj. Raja, Kabupaten Lampung Utara, Lampung 34557;Lampung;Lampung Utara;Tanjung Raja;T4 nama file;https://www.google.com/maps/place/SPPG+LAMPUNG+UTARA+TANJUNG+RAJA+TANJUNG+RAJA/data=!4m7!3m6!1s0x2e475f0072a2551b:0x1040252fc5ab01be!8m2!3d-4.9172739!4d104.6659937!16s%2Fg%2F11z7cvbf5s!19sChIJG1WicgBfRy4RvgGrxS8lQBA?authuser=0&hl=id&g_ep=EgoyMDI2MDkxNi4wIJJjKgBIAVAD&rclk=1
3493;SPPG SINDANG AGUNG TANJUNG RAJA;SPPG Sindang Agung Tanjung Raja, Sindang Agung, Kec. Tj. Raja, Kabupaten Lampung Utara, Lampung 34557;Lampung;Lampung Utara;Tanjung Raja;T4 nama file;https://www.google.com/maps/place/SPPG+Sindang+Agung+Tanjung+Raja/data=!4m7!3m6!1s0x2e47610044ad0bcd:0x3d7a167227eb4afe!8m2!3d-4.9148581!4d104.6490384!16s%2Fg%2F11njpm7f2y!19sChIJzQutRABhRy4R_krrJ3IWej0?authuser=0&hl=id&g_ep=EgoyMDI2MDkxNi4wIJJjKgBIAVAD&rclk=1
3494;SPPG TANJUNG RAJA LAMPUNG UTARA;Jl.puting marga, Tj. Raja, Kec. Tj. Raja, Kabupaten Lampung Utara, Lampung 34557;Lampung;Lampung Utara;Tanjung Raja;T4 nama file;https://www.google.com/maps/place/SPPG+TANJUNG+RAJA+LAMPUNG+UTARA/data=!4m7!3m6!1s0x2e475f00421251db:0x4638bec8872ba7ba!8m2!3d-4.8983962!4d104.6644142!16s%2Fg%2F11n559vx2b!19sChIJ21ESQgBfRy4Ruqcrh8i-OEY?authuser=0&hl=id&g_ep=EgoyMDI2MDkxNi4wIJJjKgBIAVAD&rclk=1
3495;DAPUR SPPG BANDAR KAGUNGAN RAYA ABUNG SELATAN;Dapur SPPG Bandar Kagungan Raya Abung Selatan, Bandar Kagungan Raya, Kec. Abung Sel., Kabupaten Lampung Utara, Lampung 34581;Lampung;Lampung Utara;Abung Selatan;T4 nama file;https://www.google.com/maps/place/Dapur+SPPG+Bandar+Kagungan+Raya+Abung+Selatan/data=!4m7!3m6!1s0x2e38ab0013c417a5:0x2dea8c6a32e878f!8m2!3d-4.8799493!4d104.9785783!16s%2Fg%2F11my_7x489!19sChIJpRfEEwCrOC4Rj4cuo8ao3gI?authuser=0&hl=id&g_ep=EgoyMDI2MDkxNi4wIJJjKgBIAVAD&rclk=1
3497;SPPG SUKUNG KOTBUMI SELATAN;SPPG SUKUNG KOTBUMI SELATAN, Jl. Etshiko Siomi, Klp. Tujuh, Kec. Kotabumi Sel., Kabupaten Lampung Utara, Lampung 34514;Lampung;Lampung Utara;Kotabumi Selatan;T4 nama file;https://www.google.com/maps/place/SPPG+SUKUNG+KOTBUMI+SELATAN/data=!4m7!3m6!1s0x2e38a9000195e203:0x1091341667cf7d3e!8m2!3d-4.8414645!4d104.8986559!16s%2Fg%2F11ydwqdhs0!19sChIJA-KVAQCpOC4RPn3PZxY0kRA?authuser=0&hl=id&g_ep=EgoyMDI2MDkxNi4wIJJjKgBIAVAD&rclk=1
3498;SPPG CANDIMAS DAPUR BERKAH ADZRA 08;SPPG CANDIMAS DAPUR BERKAH ADZRA 08, Candi MAS, Kec. Abung Sel., Kabupaten Lampung Utara, Lampung 34511;Lampung;Lampung Utara;Abung Tengah;T4 nama file;https://www.google.com/maps/place/SPPG+CANDIMAS+DAPUR+BERKAH+ADZRA+08/data=!4m7!3m6!1s0x2e38a90009a5ecab:0x54da051e06ec435b!8m2!3d-4.8528277!4d104.918746!16s%2Fg%2F11ypm5tv67!19sChIJq-ylCQCpOC4RW0PsBh4F2lQ?authuser=0&hl=id&g_ep=EgoyMDI2MDkxNi4wIJJjKgBIAVAD&rclk=1
3500;SPPG BUMI RAYA;SPPG BUMI RAYA, Bumi Raya, Kec. Abung Sel., Kabupaten Lampung Utara, Lampung 34513;Lampung;Lampung Utara;Abung Tengah;T4 nama file;https://www.google.com/maps/place/SPPG+BUMI+RAYA/data=!4m7!3m6!1s0x2e38a9005ac80b23:0x145f711a40b3caba!8m2!3d-4.8591995!4d104.9337169!16s%2Fg%2F11mdgys5dg!19sChIJIwvIWgCpOC4RusqzQBpxXxQ?authuser=0&hl=id&g_ep=EgoyMDI2MDkxNi4wIJJjKgBIAVAD&rclk=1
3503;DAPUR MBG SPPG;Dapur MBG SPPG, Kota Napal, Kec. Bunga Mayang, Kabupaten Lampung Utara, Lampung 34555;Lampung;Lampung Utara;Bunga Mayang;T4 nama file;https://www.google.com/maps/place/Dapur+MBG+SPPG/data=!4m7!3m6!1s0x2e38b900006d07c3:0x3703d1100dc12fa!8m2!3d-4.6002782!4d104.8412433!16s%2Fg%2F11z22x5q36!19sChIJwwdtAAC5OC4R-hLcABE9cAM?authuser=0&hl=id&g_ep=EgoyMDI2MDkxNi4wIJJjKgBIAVAD&rclk=1
3505;DAPUR SPPG TRIMODADI;Dapur SPPG Trimodadi, KEC:, Trimodadi, Kec. Abung Sel., Kabupaten Lampung Utara, Lampung 34581;Lampung;Lampung Utara;Abung Surakarta;T4 nama file;https://www.google.com/maps/place/Dapur+SPPG+Trimodadi/data=!4m7!3m6!1s0x2e47550045839eab:0x124ad818a985ebd7!8m2!3d-4.9084756!4d104.9487431!16s%2Fg%2F11nr5h45tb!19sChIJq56DRQBVRy4R1-uFqRjYShI?authuser=0&hl=id&g_ep=EgoyMDI2MDkxNi4wIJJjKgBIAVAD&rclk=1
3509;SPPG MUKTI KARYA;SPPG Mukti karya, Mukti Karya, Kec. Mesuji Tim., Kabupaten Mesuji, Lampung 34698;Lampung;Mesuji;Mesuji Timur;T3 alamat fuzzy;https://www.google.com/maps/place/SPPG+Mukti+karya/data=!4m7!3m6!1s0x2e3ec700095733e3:0xf782182b6261e126!8m2!3d-3.9996802!4d105.2848511!16s%2Fg%2F11z38_4g27!19sChIJ4zNXCQDHPi4RJuFhYisYgvc?authuser=0&hl=id&g_ep=EgoyMDI2MDkxNi4wIJJjKgBIAVAD&rclk=1
3510;SPPG MESUJI TANJUNG RAYA GEDUNG RAM 2;SPPG MESUJI TANJUNG RAYA GEDUNG RAM 2, Gedung Ram, Kec. Tj. Raya, Kabupaten Mesuji, Lampung 34598;Lampung;Mesuji;Mesuji Timur;T4 nama file;https://www.google.com/maps/place/SPPG+MESUJI+TANJUNG+RAYA+GEDUNG+RAM+2/data=!4m7!3m6!1s0x2e3ec10009cd5f0d:0x84ad4f2c912ad3a9!8m2!3d-3.9536112!4d105.3720502!16s%2Fg%2F11z7bp_xrx!19sChIJDV_NCQDBPi4RqdMqkSxPrYQ?authuser=0&hl=id&g_ep=EgoyMDI2MDkxNi4wIJJjKgBIAVAD&rclk=1
3511;SPPG SIMPANG PEMATANG 2;Jl. Lintas Sumatera No.99, Simpang Pematang, Mesuji Regency, Lampung 34699;Lampung;Mesuji;Mesuji Timur;T4 nama file;https://www.google.com/maps/place/SPPG+Simpang+Pematang+2/data=!4m7!3m6!1s0xa1a56d365b209149:0xec56b37d17251b92!8m2!3d-4.0232557!4d105.2355324!16s%2Fg%2F11zbdntg36!19sChIJSZEgWzZtpaERkhslF32zVuw?authuser=0&hl=id&g_ep=EgoyMDI2MDkxNi4wIJJjKgBIAVAD&rclk=1
3512;SPPG TANJUNG MENANG MESUJI TIMUR;jl. Lintas KTM, Tj. Menang, Kec. Mesuji Tim., Kabupaten Mesuji, Lampung 34598;Lampung;Mesuji;Mesuji Timur;T3 alamat fuzzy;https://www.google.com/maps/place/SPPG+TANJUNG+MENANG+MESUJI+TIMUR/data=!4m7!3m6!1s0x2e3ee900244809b5:0xfb1f3897f3e7c8b2!8m2!3d-4.0067705!4d105.4529213!16s%2Fg%2F11zb70w5cp!19sChIJtQlIJADpPi4Rssjn85c4H_s?authuser=0&hl=id&g_ep=EgoyMDI2MDkxNi4wIJJjKgBIAVAD&rclk=1
3513;SPPG TANJUNG RAYA BRABASAN 1;SPPG TANJUNG RAYA BRABASAN 1, Jl. ZA Pagar Alam, Brabasan, Kec. Tj. Raya, Kabupaten Mesuji, Lampung 34698;Lampung;Mesuji;Mesuji Timur;T4 nama file;https://www.google.com/maps/place/SPPG+TANJUNG+RAYA+BRABASAN+1/data=!4m7!3m6!1s0x2e3ec1006234a165:0xfae16bd13b909190!8m2!3d-3.9953934!4d105.3349397!16s%2Fg%2F11xf91w882!19sChIJZaE0YgDBPi4RkJGQO9Fr4fo?authuser=0&hl=id&g_ep=EgoyMDI2MDkxNi4wIJJjKgBIAVAD&rclk=1
3516;SPPG MUKTI JAYA MESUJI;Jalan Petamburan Bangun Jaya, Desa, Mukti Jaya, Kec. Tj. Raya, Kabupaten Mesuji, Lampung 34697;Lampung;Mesuji;Mesuji Timur;T4 nama file;https://www.google.com/maps/place/SPPG+MUKTI+JAYA+MESUJI/data=!4m7!3m6!1s0x2e3ec1fbcb328dbb:0x3ce1a69283c719e0!8m2!3d-3.9319635!4d105.4015255!16s%2Fg%2F11z6mzs9h4!19sChIJu40yy_vBPi4R4BnHg5Km4Tw?authuser=0&hl=id&g_ep=EgoyMDI2MDkxNi4wIJJjKgBIAVAD&rclk=1
3517;DAPUR SPPG MESUJI TANJUNG RAYA BRABASAN 2;Dapur SPPG Mesuji Tanjung Raya Brabasan 2, Brabasan, Kec. Tj. Raya, Kabupaten Mesuji, Lampung 34698;Lampung;Mesuji;Mesuji Timur;T4 nama file;https://www.google.com/maps/place/Dapur+SPPG+Mesuji+Tanjung+Raya+Brabasan+2/data=!4m7!3m6!1s0x2e3ec1001af71061:0xcf7d82c64106292f!8m2!3d-3.994237!4d105.3402387!16s%2Fg%2F11zbbx1_nx!19sChIJYRD3GgDBPi4RLykGQcaCfc8?authuser=0&hl=id&g_ep=EgoyMDI2MDkxNi4wIJJjKgBIAVAD&rclk=1
3518;SPPG TANJUNG MAS MAKMUR 2;SPPG Tanjung Mas Makmur 2, jl soekarno hatta, Tj. MAS Makmur, Kec. Mesuji Tim., Kabupaten Mesuji, Lampung 34697;Lampung;Mesuji;Mesuji Timur;T3 alamat fuzzy;https://www.google.com/maps/place/SPPG+Tanjung+Mas+Makmur+2/data=!4m7!3m6!1s0x2e3eed0020466941:0xf3e108f39bf1c8b5!8m2!3d-3.9926918!4d105.5589896!16s%2Fg%2F11y_31_vrw!19sChIJQWlGIADtPi4Rtcjxm_MI4fM?authuser=0&hl=id&g_ep=EgoyMDI2MDkxNi4wIJJjKgBIAVAD&rclk=1
3519;SPPG MUARA TENANG;SPPG MUARA TENANG, Muara Tenang, Kec. Tj. Raya, Kabupaten Mesuji, Lampung 34598;Lampung;Mesuji;Mesuji Timur;T4 nama file;https://www.google.com/maps/place/SPPG+MUARA+TENANG/data=!4m7!3m6!1s0x2e3ec1006f955269:0x9ac23c42b931b7d8!8m2!3d-3.9980863!4d105.3892372!16s%2Fg%2F11n3mvwndq!19sChIJaVKVbwDBPi4R2LcxuUI8wpo?authuser=0&hl=id&g_ep=EgoyMDI2MDkxNi4wIJJjKgBIAVAD&rclk=1
3520;DAPUR SPPG MEDASARI;;Lampung;Mesuji;Rawa Jitu Utara;T4 nama file;https://www.google.com/maps/place/Dapur+SPPG+Medasari/data=!4m7!3m6!1s0x2b6f48c99bef250b:0x9194ae4fc358856d!8m2!3d-4.244193!4d105.713509!16s%2Fg%2F11yjx2yb9k!19sChIJCyXvm8lIbysRbYVYw0-ulJE?authuser=0&hl=id&g_ep=EgoyMDI2MDkxNi4wIJJjKgBIAVAD&rclk=1
3521;SPPG GEDUNG KARYA JITU;Sppg gedung karya jitu, Gedung Karya Jitu, Kec. Rawajitu Sel., Kab. Tulang Bawang, Lampung 34596;Lampung;Mesuji;Rawa Jitu Utara;T4 nama file;https://www.google.com/maps/place/Sppg+gedung+karya+jitu/data=!4m7!3m6!1s0x2e3eff0078a4563b:0x6abe09cf0fb72a5c!8m2!3d-4.2120508!4d105.7521609!16s%2Fg%2F11z7bpkh4v!19sChIJO1akeAD_Pi4RXCq3D88Jvmo?authuser=0&hl=id&g_ep=EgoyMDI2MDkxNi4wIJJjKgBIAVAD&rclk=1
3522;SPPG WONO AGUNG RAWAJITU SELATAN;SPPG WONO AGUNG Rawajitu Selatan, Wono Agung, Kec. Rawajitu Sel., Kab. Tulang Bawang, Lampung 34596;Lampung;Mesuji;Rawa Jitu Utara;T4 nama file;https://www.google.com/maps/place/SPPG+WONO+AGUNG+Rawajitu+Selatan/data=!4m7!3m6!1s0x2e3efd0025f4ff19:0x3ae8a87dd8a63660!8m2!3d-4.2133245!4d105.6734827!16s%2Fg%2F11zkgxrpy7!19sChIJGf_0JQD9Pi4RYDam2H2o6Do?authuser=0&hl=id&g_ep=EgoyMDI2MDkxNi4wIJJjKgBIAVAD&rclk=1
3523;SPPG TULANG BAWANG RAWA JITU TIMUR BUMI DIPASENA MULYA 2;Bumi Dipasena Mulya, Kec. Rawajitu Tim., Kab. Tulang Bawang, Lampung 34596;Lampung;Tulang Bawang;Rawa Jitu Timur;T3 alamat fuzzy;https://www.google.com/maps/place/SPPG+Tulang+Bawang+Rawa+Jitu+Timur+Bumi+Dipasena+Mulya+2/data=!4m7!3m6!1s0xa23839158081d535:0x45b0dc9d35a7f04e!8m2!3d-4.2112935!4d105.7668269!16s%2Fg%2F11z7bv8c2d!19sChIJNdWBgBU5OKIRTvCnNZ3csEU?authuser=0&hl=id&g_ep=EgoyMDI2MDkxNi4wIJJjKgBIAVAD&rclk=1
3525;DAPUR SPPG MULYA AGUNG;RT 4 Mulya agung RK 2, Agung Batin, Simpang Pematang, Mesuji Regency, Lampung 34698;Lampung;Mesuji;Rawa Jitu Utara;T4 nama file;https://www.google.com/maps/place/Dapur+SPPG+Mulya+Agung/data=!4m7!3m6!1s0x2e3ecf0070c59271:0x2ba8f84f80ff774a!8m2!3d-4.0298848!4d105.1377346!16s%2Fg%2F11xl_07xw8!19sChIJcZLFcADPPi4RSnf_gE_4qCs?authuser=0&hl=id&g_ep=EgoyMDI2MDkxNi4wIJJjKgBIAVAD&rclk=1
3527;SPPG GEDUNG KARYA JITU;Gedung Karya Jitu, Kec. Rawajitu Sel., Kab. Tulang Bawang, Lampung 34596;Lampung;Mesuji;Rawa Jitu Utara;T4 nama file;https://www.google.com/maps/place/SPPG+Gedung+karya+jitu/data=!4m7!3m6!1s0x2e3eff0018815fdf:0xaf2531d58f60ec33!8m2!3d-4.2085744!4d105.7409852!16s%2Fg%2F11yylf527s!19sChIJ31-BGAD_Pi4RM-xgj9UxJa8?authuser=0&hl=id&g_ep=EgoyMDI2MDkxNi4wIJJjKgBIAVAD&rclk=1
3528;KANTOR SPPG RAWAJITU TIMUR;Kantor SPPG Rawajitu Timur, Bumi Dipasena Mulya, Kec. Rawajitu Tim., Kab. Tulang Bawang, Lampung 34596;Lampung;Tulang Bawang;Rawa Jitu Timur;T3 alamat fuzzy;https://www.google.com/maps/place/Kantor+SPPG+Rawajitu+Timur/data=!4m7!3m6!1s0x2e3eff00233d4341:0x3bd14cd6a1da8bb0!8m2!3d-4.2208106!4d105.7695648!16s%2Fg%2F11mkv7t502!19sChIJQUM9IwD_Pi4RsIvaodZM0Ts?authuser=0&hl=id&g_ep=EgoyMDI2MDkxNi4wIJJjKgBIAVAD&rclk=1
3529;SPPG TULANG BAWANG RAWA JITU TIMUR BUMI DIPASENA MULYA;SPPG TULANG BAWANG Rawa jitu timur Bumi Dipasena Mulya, Bumi Dipasena Mulya, Kec. Rawajitu Tim., Kab. Tulang Bawang, Lampung 34596;Lampung;Tulang Bawang;Rawa Jitu Timur;T3 alamat fuzzy;https://www.google.com/maps/place/SPPG+TULANG+BAWANG+Rawa+jitu+timur+Bumi+Dipasena+Mulya/data=!4m7!3m6!1s0x2e3eff003fbec73b:0x1a220dfa14272dc6!8m2!3d-4.2208264!4d105.7694852!16s%2Fg%2F11z7cmzbxn!19sChIJO8e-PwD_Pi4Rxi0nFPoNIho?authuser=0&hl=id&g_ep=EgoyMDI2MDkxNi4wIJJjKgBIAVAD&rclk=1
3531;SPPG TULANG BAWANG RAWAJITU TIMUR BUMI DIPASENA MULYA 2;SPPG TULANG BAWANG RAWAJITU TIMUR BUMI DIPASENA MULYA 2, Bumi Dipasena Makmur, Kec. Rawajitu Tim., Kab. Tulang Bawang, Lampung 34596;Lampung;Tulang Bawang;Rawa Jitu Timur;T3 alamat fuzzy;https://www.google.com/maps/place/SPPG+TULANG+BAWANG+RAWAJITU+TIMUR+BUMI+DIPASENA+MULYA+2/data=!4m7!3m6!1s0x2e3eff0047a1870d:0xdd505a5a576c25bb!8m2!3d-4.2113691!4d105.7670928!16s%2Fg%2F11njdy_zwk!19sChIJDYehRwD_Pi4RuyVsV1paUN0?authuser=0&hl=id&g_ep=EgoyMDI2MDkxNi4wIJJjKgBIAVAD&rclk=1
3532;SPPG MEDASARI;SPPG MEDASARI, Medasari, Kec. Rawajitu Sel., Kab. Tulang Bawang, Lampung 34596;Lampung;Mesuji;Rawa Jitu Utara;T4 nama file;https://www.google.com/maps/place/SPPG+MEDASARI/data=!4m7!3m6!1s0x2e3eff0034647e99:0xaad598849691ee9b!8m2!3d-4.2139939!4d105.7048377!16s%2Fg%2F11xyflwhsb!19sChIJmX5kNAD_Pi4Rm-6RloSY1ao?authuser=0&hl=id&g_ep=EgoyMDI2MDkxNi4wIJJjKgBIAVAD&rclk=1
3534;SPPG SUNGAI BUAYA;SPPG Sungai Buaya, Sungai Buaya, Kec. Rw. Jitu Utara, Kabupaten Mesuji, Lampung 34596;Lampung;Mesuji;Rawa Jitu Utara;T3 alamat fuzzy;https://www.google.com/maps/place/SPPG+Sungai+Buaya/data=!4m7!3m6!1s0x2e3ef1007c82b079:0xd8c061110173157e!8m2!3d-4.0638003!4d105.6257694!16s%2Fg%2F11yns3d7k7!19sChIJebCCfADxPi4RfhVzARFhwNg?authuser=0&hl=id&g_ep=EgoyMDI2MDkxNi4wIJJjKgBIAVAD&rclk=1
3535;SPPG TANJUNG MAS MAKMUR KEC. MESUJI TIMUR;Tanjung MAS Makmur, Mesuji Timur, Mesuji Regency, Lampung 34994;Lampung;Mesuji;Mesuji;T4 nama file;https://www.google.com/maps/place/SPPG+Tanjung+Mas+Makmur+KEC.+MESUJI+TIMUR/data=!4m7!3m6!1s0x2e3eed3d6e8dcbed:0x6f8709ff275e3d4!8m2!3d-3.9967308!4d105.5636483!16s%2Fg%2F11xrlk578j!19sChIJ7cuNbj3tPi4R1ON18p9w-AY?authuser=0&hl=id&g_ep=EgoyMDI2MDkxNi4wIJJjKgBIAVAD&rclk=1
3538;SPPG YAYASAN HIDAYATUL MUBTADDIN MUARA TENANG;SPPG Yayasan Hidayatul Mubtaddin Muara Tenang, Muara Tenang, Kec. Tj. Raya, Kabupaten Mesuji, Lampung 34598;Lampung;Mesuji;Mesuji;T4 nama file;https://www.google.com/maps/place/SPPG+Yayasan+Hidayatul+Mubtaddin+Muara+Tenang/data=!4m7!3m6!1s0x2e3ec100557cbfc7:0x79149ba3c6b3a5eb!8m2!3d-3.999528!4d105.3815804!16s%2Fg%2F11yyfpxn32!19sChIJx798VQDBPi4R66WzxqObFHk?authuser=0&hl=id&g_ep=EgoyMDI2MDkxNi4wIJJjKgBIAVAD&rclk=1
3540;SPPG BUJUNG BURING;SPPG BUJUNG BURING, Bujung Buring, Kec. Tj. Raya, Kabupaten Mesuji, Lampung 34598;Lampung;Mesuji;Mesuji;T4 nama file;https://www.google.com/maps/place/SPPG+BUJUNG+BURING/data=!4m7!3m6!1s0x2e3ebf0071ca76e7:0xefa5d3a50580de0f!8m2!3d-3.921967!4d105.3563235!16s%2Fg%2F11zynmpjf2!19sChIJ53bKcQC_Pi4RD96ABaXTpe8?authuser=0&hl=id&g_ep=EgoyMDI2MDkxNi4wIJJjKgBIAVAD&rclk=1
3550;SPPG PESAWARAN TEGINENENG TRIMULYO 2;SPPG Pesawaran Tegineneng Trimulyo 2, Jl. Ngudi Ilmu, Trimulyo, Tegineneng, Pesawaran Regency, Lampung 35353;Lampung;Pesawaran;Tegineneng;T4 nama file;https://www.google.com/maps/place/SPPG+Pesawaran+Tegineneng+Trimulyo+2/data=!4m7!3m6!1s0x2e40b5007a7f14ab:0x8d6ef0dfc842f4c0!8m2!3d-5.1853645!4d105.1222865!16s%2Fg%2F11zbcxd9l6!19sChIJqxR_egC1QC4RwPRCyN_wbo0?authuser=0&hl=id&g_ep=EgoyMDI2MDkxNi4wIJJjKgBIAVAD&rclk=1
3557;SPPG WAY LAYAP;Jl. Raya sukadamai No.desa, pampangan, Gedong Tataan, Pesawaran Regency, Lampung 35366;Lampung;Pesawaran;Way Lima;T4 nama file;https://www.google.com/maps/place/SPPG+WAY+LAYAP/data=!4m7!3m6!1s0x2e40d300344068a5:0x2ac2151dbf73ea0!8m2!3d-5.4057228!4d105.0803712!16s%2Fg%2F11xyylg1gs!19sChIJpWhANADTQC4RoD7321EhrAI?authuser=0&hl=id&g_ep=EgoyMDI2MDkxNi4wIJJjKgBIAVAD&rclk=1
3572;SPPG PESAWARAN WAY LIMA BATURAJA;SPPG PESAWARAN WAY LIMA BATURAJA, Jl. Sidang Gaurut, Baturaja, Way Lima, Kabupaten Pesawaran, Lampung 35367;Lampung;Pesawaran;Way Lima;T4 nama file;https://www.google.com/maps/place/SPPG+PESAWARAN+WAY+LIMA+BATURAJA/data=!4m7!3m6!1s0x2e472d0053e060bb:0xe1b8e95cec6c30cf!8m2!3d-5.4180125!4d105.0137656!16s%2Fg%2F11xztgwjhw!19sChIJu2DgUwAtRy4RzzBs7FzpuOE?authuser=0&hl=id&g_ep=EgoyMDI2MDkxNi4wIJJjKgBIAVAD&rclk=1
3580;SPPG KUTOARJO PESAWARAN;SPPG KUTOARJO PESAWARAN, Jl. Ahmad Yani, Kutoarjo, Gedong Tataan, Pesawaran Regency, Lampung 35366;Lampung;Pesawaran;Gedong Tataan;T4 nama file;https://www.google.com/maps/place/SPPG+KUTOARJO+PESAWARAN/data=!4m7!3m6!1s0x2e40d3001f8cc2d3:0xd71e30f3db4b9c75!8m2!3d-5.3752671!4d105.0866243!16s%2Fg%2F11zcfl_l8c!19sChIJ08KMHwDTQC4RdZxL2_MwHtc?authuser=0&hl=id&g_ep=EgoyMDI2MDkxNi4wIJJjKgBIAVAD&rclk=1
3584;SPPG PADANG MANIS;SPPG PADANG MANIS, Padang Manis, Way Lima, Kabupaten Pesawaran, Lampung 35367;Lampung;Pesawaran;Gedong Tataan;T4 nama file;https://www.google.com/maps/place/SPPG+PADANG+MANIS/data=!4m7!3m6!1s0x2e40d3000654a01d:0x167dce64b4aecaa7!8m2!3d-5.418074!4d105.055014!16s%2Fg%2F11z4xkq2sw!19sChIJHaBUBgDTQC4Rp8qutGTOfRY?authuser=0&hl=id&g_ep=EgoyMDI2MDkxNi4wIJJjKgBIAVAD&rclk=1
3603;SPPG PADANG CERMIN II;SPPG PADANG CERMIN II, Hutan, Kec. Hutan, Kabupaten Pesawaran, Lampung 35451;Lampung;Pesawaran;Padang Cermin;T4 nama file;https://www.google.com/maps/place/SPPG+PADANG+CERMIN+II/data=!4m7!3m6!1s0x2e41290051211b13:0xac0f8f21627b2eee!8m2!3d-5.5814692!4d105.1437753!16s%2Fg%2F11ymkcpdj6!19sChIJExshUQApQS4R7i57YiGPD6w?authuser=0&hl=id&g_ep=EgoyMDI2MDkxNi4wIJJjKgBIAVAD&rclk=1
3611;SPPG MULYOSARI WAY RATAI;SPPG Mulyosari Way Ratai, Gunung Rejo, Padang Cermin, Pesawaran Regency, Lampung 35451;Lampung;Pesawaran;Way Ratai;T4 nama file;https://www.google.com/maps/place/SPPG+Mulyosari+Way+Ratai/data=!4m7!3m6!1s0x2e412b0075aa3b2d:0x35e127897356b33b!8m2!3d-5.5667879!4d105.0636939!16s%2Fg%2F11xz4v38cv!19sChIJLTuqdQArQS4RO7NWc4kn4TU?authuser=0&hl=id&g_ep=EgoyMDI2MDkxNi4wIJJjKgBIAVAD&rclk=1
3614;SPPG PASAR KRUI 2;Pasar Mulia Barat 01 No 056. Kel. Pasar Krui, Kec. Pesisir Tengah. Kab. Pesisir Barat, Lampung 1813, Ps. Krui, Kec. Pesisir Tengah, Kabupaten Pesisir Barat, Lampung 34894;Lampung;Pesisir Barat;Pesisir Utara;T4 nama file;https://www.google.com/maps/place/SPPG+PASAR+KRUI+2/data=!4m7!3m6!1s0x2e4795c08410f797:0x8372c9db6918a08c!8m2!3d-5.1848168!4d103.9350976!16s%2Fg%2F11njhqkc27!19sChIJl_cQhMCVRy4RjKAYadvJcoM?authuser=0&hl=id&g_ep=EgoyMDI2MDkxNi4wIJJjKgBIAVAD&rclk=1
3619;SPPG KAPUH;SPPG KAPUH, Kapuh, Koto XI Tarusan, Kabupaten Pesisir Selatan, Sumatera Barat 25654;Lampung;Pesisir Barat;Pesisir Selatan;T4 nama file;https://www.google.com/maps/place/SPPG+KAPUH/data=!4m7!3m6!1s0x2fd351005a365715:0x676b57b33fdca8c8!8m2!3d-1.2822557!4d100.4825935!16s%2Fg%2F11zj6bfhdd!19sChIJFVc2WgBR0y8RyKjcP7NXa2c?authuser=0&hl=id&g_ep=EgoyMDI2MDkxNi4wIJJjKgBIAVAD&rclk=1
3624;SPPG PESISIR BARAT PESISIR SELATAN BIHA;SPPG Pesisir Barat Pesisir Selatan Biha, Biha, South Pesisir, West Pesisir Regency, Lampung 34875;Lampung;Pesisir Barat;Pesisir Selatan;T4 nama file;https://www.google.com/maps/place/SPPG+Pesisir+Barat+Pesisir+Selatan+Biha/data=!4m7!3m6!1s0x2e47bb006b88d587:0xc1200b07c64246f0!8m2!3d-5.3184339!4d104.0240852!16s%2Fg%2F11mm4811j0!19sChIJh9WIawC7Ry4R8EZCxgcLIME?authuser=0&hl=id&g_ep=EgoyMDI2MDkxNi4wIJJjKgBIAVAD&rclk=1
3631;SPPG PESISIR BARAT BANGKUNAT TANJUNG KEMALA;SPPG PESISIR BARAT BANGKUNAT TANJUNG KEMALA, Jl. Bengkunat - Krui, ta, Bangkunat, West Pesisir Regency, Lampung 34883;Lampung;Pesisir Barat;Bangkunat;T4 nama file;https://www.google.com/maps/place/SPPG+PESISIR+BARAT+BANGKUNAT+TANJUNG+KEMALA/data=!4m7!3m6!1s0x2e4701000317d52f:0xd2e181d0c7c8b759!8m2!3d-5.5532715!4d104.304165!16s%2Fg%2F11nh_cbldn!19sChIJL9UXAwABRy4RWbfIx9CB4dI?authuser=0&hl=id&g_ep=EgoyMDI2MDkxNi4wIJJjKgBIAVAD&rclk=1
3632;SPPG PESISIR BARAT NGARAS PARDASUKA;SPPG PESISIR BARAT NGARAS PARDASUKA, Parda Suka, Kec. Bengkunat, Kabupaten Pesisir Barat, Lampung 34883;Lampung;Pesisir Barat;Bangkunat;T3 alamat fuzzy;https://www.google.com/maps/place/SPPG+PESISIR+BARAT+NGARAS+PARDASUKA/data=!4m7!3m6!1s0x2e47ab001193f8d9:0xd01237a38fcda206!8m2!3d-5.5101914!4d104.224104!16s%2Fg%2F11z7cpc_ww!19sChIJ2fiTEQCrRy4RBqLNj6M3EtA?authuser=0&hl=id&g_ep=EgoyMDI2MDkxNi4wIJJjKgBIAVAD&rclk=1
3639;SPPG PRINGSEWU PAGELARAN PASIR UKIR;SPPG PRINGSEWU PAGELARAN PASIR UKIR, Jl. RA Kartini, Pasir Ukir, Pagelaran, Pringsewu Regency, Lampung 35376;Lampung;Pringsewu;Pagelaran Utara;T4 nama file;https://www.google.com/maps/place/SPPG+PRINGSEWU+PAGELARAN+PASIR+UKIR/data=!4m7!3m6!1s0x2e4731005110515d:0x238481f6235fdd3e!8m2!3d-5.3496711!4d104.8945373!16s%2Fg%2F11z10ml19b!19sChIJXVEQUQAxRy4RPt1fI_aBhCM?authuser=0&hl=id&g_ep=EgoyMDI2MDkxNi4wIJJjKgBIAVAD&rclk=1
3647;SPPG PRINGSEWU SUKOHARJO SUKOHARJO III 2;SPPG Pringsewu Sukoharjo Sukoharjo III 2, tk bumami, Sukoharjo III, barat, Pringsewu Regency, Lampung 35674;Lampung;Pringsewu;Sukoharjo;T4 nama file;https://www.google.com/maps/place/SPPG+Pringsewu+Sukoharjo+Sukoharjo+III+2/data=!4m7!3m6!1s0x2e47330075ebc03f:0xa2e0118884b181aa!8m2!3d-5.300018!4d104.9787205!16s%2Fg%2F11zd91nttj!19sChIJP8DrdQAzRy4RqoGxhIgR4KI?authuser=0&hl=id&g_ep=EgoyMDI2MDkxNi4wIJJjKgBIAVAD&rclk=1
3662;SPPG WONODADI GADING REJO;SPPG wonodadi gading rejo, Wonodadi, Gading Rejo, Pringsewu Regency, Lampung 35372;Lampung;Pringsewu;Gading Rejo;T4 nama file;https://www.google.com/maps/place/SPPG+wonodadi+gading+rejo/data=!4m7!3m6!1s0x2e40d3007a367fff:0x3ab826531a83c747!8m2!3d-5.3760726!4d105.0556833!16s%2Fg%2F11ypjhmxp9!19sChIJ_382egDTQC4RR8eDGlMmuDo?authuser=0&hl=id&g_ep=EgoyMDI2MDkxNi4wIJJjKgBIAVAD&rclk=1
3671;SPPG PARDASUKA;SPPG Pardasuka, Rantau Tijang, Pardasuka, Kabupaten Pringsewu, Lampung 35682;Lampung;Pringsewu;Pardasuka;T4 nama file;https://www.google.com/maps/place/SPPG+Pardasuka/data=!4m7!3m6!1s0x2e46d70038136b63:0xdd9c856d0704454b!8m2!3d-5.5480234!4d104.9272044!16s%2Fg%2F11n3xtwvrl!19sChIJY2sTOADXRi4RS0UEB22FnN0?authuser=0&hl=id&g_ep=EgoyMDI2MDkxNi4wIJJjKgBIAVAD&rclk=1
3672;SPPG SUKANEGERI, KAB. PRINGSEWU;SPPG Sukanegeri, Kab. Pringsewu, Pardasuka Tim., Pardasuka, Kabupaten Pringsewu, Lampung 35682;Lampung;Pringsewu;Pardasuka;T4 nama file;https://www.google.com/maps/place/SPPG+Sukanegeri,+Kab.+Pringsewu/data=!4m7!3m6!1s0x2e4729006f62b1d5:0xa62a02852ef09bb6!8m2!3d-5.4856698!4d104.9225802!16s%2Fg%2F11z10xw2g4!19sChIJ1bFibwApRy4RtpvwLoUCKqY?authuser=0&hl=id&g_ep=EgoyMDI2MDkxNi4wIJJjKgBIAVAD&rclk=1
3673;SPPG PARDASUKA;sppg pardasuka, Jl. Galaksi, Wargo Mulyo, Pardasuka, Pringsewu Regency, Lampung 35682;Lampung;Pringsewu;Pardasuka;T4 nama file;https://www.google.com/maps/place/sppg+pardasuka/data=!4m7!3m6!1s0x2e472f00607e22c1:0x9224cd2d884bb1cd!8m2!3d-5.4522604!4d104.9318456!16s%2Fg%2F11z2chg_gs!19sChIJwSJ-YAAvRy4RzbFLiC3NJJI?authuser=0&hl=id&g_ep=EgoyMDI2MDkxNi4wIJJjKgBIAVAD&rclk=1
3674;SPPG KUSA KOTAAGUNG;SPPG KUSA KOTAAGUNG, Kusa, Kec. Kota Agung, Kabupaten Tanggamus, Lampung 35384;Lampung;Tanggamus;Kota Agung;T4 nama file;https://www.google.com/maps/place/SPPG+KUSA+KOTAAGUNG/data=!4m7!3m6!1s0x2e471f00505e2fb9:0x8c63ce9b34d9e216!8m2!3d-5.4892855!4d104.6306837!16s%2Fg%2F11njzgly32!19sChIJuS9eUAAfRy4RFuLZNJvOY4w?authuser=0&hl=id&g_ep=EgoyMDI2MDkxNi4wIJJjKgBIAVAD&rclk=1
3675;SPPG TANGGAMUS KOTA AGUNG BARAT TALA GENING;SPPG Tanggamus Kota Agung Barat Tala Gening, Jl. Ir. H. Juanda, Tela Gening, Kec. Kota Agung Bar., Kabupaten Tanggamus, Lampung;Lampung;Tanggamus;Kota Agung;T4 nama file;https://www.google.com/maps/place/SPPG+Tanggamus+Kota+Agung+Barat+Tala+Gening/data=!4m7!3m6!1s0x2e471f0033564739:0xf74d7de6d21072f!8m2!3d-5.4876795!4d104.5958747!16s%2Fg%2F11njm49vn2!19sChIJOUdWMwAfRy4RLwchbd7XdA8?authuser=0&hl=id&g_ep=EgoyMDI2MDkxNi4wIJJjKgBIAVAD&rclk=1
3676;SPPG TANGGAMUS KOTA AGUNG BARAT WAY GELANG;Jalan Ir. Hi. Juanda,, Way Gelang, Kota Agung Timur, Way Gelang, Kec. Kota Agung Bar., Kabupaten Tanggamus, Lampung 35384;Lampung;Tanggamus;Kota Agung;T4 nama file;https://www.google.com/maps/place/SPPG+TANGGAMUS+KOTA+AGUNG+BARAT+WAY+GELANG/data=!4m7!3m6!1s0x2e471f0007f1446f:0xec3aabde3b3a711e!8m2!3d-5.4883988!4d104.5821233!16s%2Fg%2F11z48s6myr!19sChIJb0TxBwAfRy4RHnE6O96rOuw?authuser=0&hl=id&g_ep=EgoyMDI2MDkxNi4wIJJjKgBIAVAD&rclk=1
3678;SPPG KOTA AGUNG;Jl. Lintas Barat Sumatera No.20, Kota Batu, Kec. Kota Agung, Kabupaten Tanggamus, Lampung 35384;Lampung;Tanggamus;Kota Agung;T4 nama file;https://www.google.com/maps/place/SPPG+KOTA+AGUNG/data=!4m7!3m6!1s0x2e471f001dd75d7b:0x973dc0c28e121c33!8m2!3d-5.4858088!4d104.6054199!16s%2Fg%2F11xnwkkjlw!19sChIJe13XHQAfRy4RMxwSjsLAPZc?authuser=0&hl=id&g_ep=EgoyMDI2MDkxNi4wIJJjKgBIAVAD&rclk=1
3679;SPPG KEDAMAIAN 2;SPPG Kedamaian 2, Jl. Soekarno Hatta, Kota Agung, Kec. Kota Agung, Kabupaten Tanggamus, Lampung 35384;Lampung;Tanggamus;Kota Agung;T4 nama file;https://www.google.com/maps/place/SPPG+Kedamaian+2/data=!4m7!3m6!1s0x2e471f0004c7b125:0xbae3af92c8319293!8m2!3d-5.485564!4d104.6426937!16s%2Fg%2F11z77gjct8!19sChIJJbHHBAAfRy4Rk5IxyJKv47o?authuser=0&hl=id&g_ep=EgoyMDI2MDkxNi4wIJJjKgBIAVAD&rclk=1
3692;SPPG TANGGAMUS PUGUNG SUMANDA;Gg. Safawi No.02, Sumanda, Pugung, Tanggamus Regency, Lampung 35675;Lampung;Tanggamus;Talang Padang;T4 nama file;https://www.google.com/maps/place/SPPG+TANGGAMUS+PUGUNG+SUMANDA/data=!4m7!3m6!1s0x2e47250068a6d239:0x5f024515e9ec4881!8m2!3d-5.3907628!4d104.8104291!16s%2Fg%2F11z4brdv96!19sChIJOdKmaAAlRy4RgUjs6RVFAl8?authuser=0&hl=id&g_ep=EgoyMDI2MDkxNi4wIJJjKgBIAVAD&rclk=1
3693;SPPG WONOSOBO;SPPG WONOSOBO, Jl. Melati, Wonosobo, Kabupaten Tanggamus, Lampung 35686;Lampung;Tanggamus;Wonosobo;T4 nama file;https://www.google.com/maps/place/SPPG+WONOSOBO/@-5.4816235,104.5424934,17z/data=!3m1!4b1!4m6!3m5!1s0x2e471d002cfede61:0x676d44d60d50d5fe!8m2!3d-5.4816235!4d104.5424934!16s%2Fg%2F11z8gqrsns?hl=id&entry=ttu&g_ep=EgoyMDI2MDkxNi4wIKXMDSoASAFQAw%3D%3D
3698;SPPG WAY HARONG KEC. AIR NANINGAN KAB. TANGGAMUS;SPPG WAY HARONG KEC. AIR NANINGAN KAB. TANGGAMUS, Way Harong, Kec. Air Naningan, Kabupaten Tanggamus, Lampung 35679;Lampung;Tanggamus;Pugung;T4 nama file;https://www.google.com/maps/place/SPPG+WAY+HARONG+KEC.+AIR+NANINGAN+KAB.+TANGGAMUS/data=!4m7!3m6!1s0x2e47390039152f43:0xaaf13da7c489d984!8m2!3d-5.2936666!4d104.7624964!16s%2Fg%2F11yjy6bmxy!19sChIJQy8VOQA5Ry4RhNmJxKc98ao?authuser=0&hl=id&g_ep=EgoyMDI2MDkxNi4wIJJjKgBIAVAD&rclk=1
3701;SPPG;SPPG, Ciherang, Gn. Alip, Kabupaten Tanggamus, Lampung 35379;Lampung;Tanggamus;Pugung;T4 nama file;https://www.google.com/maps/place/SPPG/data=!4m7!3m6!1s0x2e47250041c1de1b:0x16f81ac0b8460535!8m2!3d-5.416279!4d104.7743958!16s%2Fg%2F11zksvdrx2!19sChIJG97BQQAlRy4RNQVGuMAa-BY?authuser=0&hl=id&g_ep=EgoyMDI2MDkxNi4wIJJjKgBIAVAD&rclk=1
3707;SPPG NEGERI RATU;SPPG Negeri Ratu, Jl. Ir. H. Juanda, Negeri Ratu, Kec. Kota Agung, Kabupaten Tanggamus, Lampung 35384;Lampung;Tanggamus;Semaka;T4 nama file;https://www.google.com/maps/place/SPPG+Negeri+Ratu/data=!4m7!3m6!1s0x2e471f001f8f454b:0x53710da36c31471a!8m2!3d-5.4897648!4d104.6144067!16s%2Fg%2F11ylr7xgst!19sChIJS0WPHwAfRy4RGkcxbKMNcVM?authuser=0&hl=id&g_ep=EgoyMDI2MDkxNi4wIJJjKgBIAVAD&rclk=1
3710;SPPG TEBA 02;SPPG Teba 02, Jl. Ir. H. Juanda, Teba, Kec. Kota Agung, Kabupaten Tanggamus, Lampung;Lampung;Tanggamus;Semaka;T4 nama file;https://www.google.com/maps/place/SPPG+Teba+02/data=!4m7!3m6!1s0x2e471f0060770a45:0x967e3ff762648e78!8m2!3d-5.5045983!4d104.6520264!16s%2Fg%2F11ysht0rs8!19sChIJRQp3YAAfRy4ReI5kYvc_fpY?authuser=0&hl=id&g_ep=EgoyMDI2MDkxNi4wIJJjKgBIAVAD&rclk=1
3713;SPPG PASAR MADANG 3;SPPG Pasar Madang 3, Ps. Madang, Kec. Kota Agung, Kabupaten Tanggamus, Lampung;Lampung;Tanggamus;Semaka;T4 nama file;https://www.google.com/maps/place/SPPG+Pasar+Madang+3/data=!4m7!3m6!1s0x2e471f00385f2c2b:0x88bdfcaf7a42e98b!8m2!3d-5.4967565!4d104.6218314!16s%2Fg%2F11n4v42q8w!19sChIJKyxfOAAfRy4Ri-lCeq_8vYg?authuser=0&hl=id&g_ep=EgoyMDI2MDkxNi4wIJJjKgBIAVAD&rclk=1
3720;SPPG NAPAL KELUMBAYAN;Sppg Napal Kelumbayan, Jl. Proklamasi, Negeri Kelumbayan, Kec. Kelumbayan, Kabupaten Tanggamus, Lampung 35379;Lampung;Tanggamus;Klumbayan;T3 alamat fuzzy;https://www.google.com/maps/place/Sppg+Napal+Kelumbayan/data=!4m7!3m6!1s0x2e4133002f0ba6e1:0x4a7699ec907a7070!8m2!3d-5.727145!4d105.0394997!16s%2Fg%2F11z4829tlw!19sChIJ4aYLLwAzQS4RcHB6kOyZdko?authuser=0&hl=id&g_ep=EgoyMDI2MDkxNi4wIJJjKgBIAVAD&rclk=1
3721;SPPG PURWOSARI KELBAR;Purwosari, Kec. Kelumbayan Bar., Kabupaten Tanggamus, Lampung 35379;Lampung;Tanggamus;Klumbayan Barat;T3 alamat fuzzy;https://www.google.com/maps/place/SPPG+PURWOSARI+KELBAR/data=!4m7!3m6!1s0x2e412d0027e9190f:0xcc95a0442b6c8ed8!8m2!3d-5.6286503!4d105.0393701!16s%2Fg%2F11zkmdj74k!19sChIJDxnpJwAtQS4R2I5sK0Sglcw?authuser=0&hl=id&g_ep=EgoyMDI2MDkxNi4wIJJjKgBIAVAD&rclk=1
3722;SPPG PURWOSARI KEC.KELUMBAYAN BARAT;SPPG Purwosari, Hutan, Kec. Hutan, Kabupaten Tanggamus, Lampung 35379;Lampung;Tanggamus;Klumbayan;T4 nama file;https://www.google.com/maps/place/SPPG+PURWOSARI+Kec.kelumbayan+barat/data=!4m7!3m6!1s0x2e412d764f23a783:0x4cfcfe60ba2edb06!8m2!3d-5.6278471!4d105.0475319!16s%2Fg%2F11ym7z0llq!19sChIJg6cjT3YtQS4RBtsuumD-_Ew?authuser=0&hl=id&g_ep=EgoyMDI2MDkxNi4wIJJjKgBIAVAD&rclk=1
3728;SPPG BANJAR NEGERI GUNUNG ALIP;;Lampung;Tanggamus;Gunung Alip;T4 nama file;https://www.google.com/maps/place/SPPG+BANJAR+NEGERI+GUNUNG+ALIP/data=!4m7!3m6!1s0x4f4bbf284458d52f:0xf126d5b9ca788e55!8m2!3d-5.405372!4d104.7739485!16s%2Fg%2F11ntkpqv3p!19sChIJL9VYRCi_S08RVY54yrnVJvE?authuser=0&hl=id&g_ep=EgoyMDI2MDkxNi4wIJJjKgBIAVAD&rclk=1
3729;SPPG TANGGAMUS GUNUNG ALIP UPDAT;SPPG TANGGAMUS GUNUNG ALIP UPDAT, Jl. Lintas Barat Sumatera, Banjar Negeri, Gn. Alip, Kabupaten Tanggamus, Lampung 35378;Lampung;Tanggamus;Gunung Alip;T4 nama file;https://www.google.com/maps/place/SPPG+TANGGAMUS+GUNUNG+ALIP+UPDAT/data=!4m7!3m6!1s0x2e4725000908fabb:0xbf8fdf3a2277b6be!8m2!3d-5.4143857!4d104.7555096!16s%2Fg%2F11z7ctj37c!19sChIJu_oICQAlRy4RvrZ3Ijrfj78?authuser=0&hl=id&g_ep=EgoyMDI2MDkxNi4wIJJjKgBIAVAD&rclk=1
3730;SPPG TANGGAMUS GUNUNG ALIP BANJARNEGRI;SPPG TANGGAMUS GUNUNG ALIP BANJARNEGRI, Jl. Lintas Barat Sumatera, RT.001/RW.002, Banjar Negeri, Gn. Alip, Kabupaten Tanggamus, Lampung 35379;Lampung;Tanggamus;Gunung Alip;T4 nama file;https://www.google.com/maps/place/SPPG+TANGGAMUS+GUNUNG+ALIP+BANJARNEGRI/data=!4m7!3m6!1s0x2e47250038d2d631:0x9b5bd2b981824e0b!8m2!3d-5.4092043!4d104.7597917!16s%2Fg%2F11njmfjktf!19sChIJMdbSOAAlRy4RC06CgbnSW5s?authuser=0&hl=id&g_ep=EgoyMDI2MDkxNi4wIJJjKgBIAVAD&rclk=1
3740;SPPG MELATI;SPPG Melati, Tri Makmur Jaya, Kec. Menggala Tim., Kab. Tulang Bawang, Lampung 34682;Lampung;Tulang Bawang;Menggala Timur;T3 alamat fuzzy;https://www.google.com/maps/place/SPPG+Melati/data=!4m7!3m6!1s0x2e3f2500358692c1:0x2fe53048b59d1a34!8m2!3d-4.3943973!4d105.2792117!16s%2Fg%2F11z5bscdz6!19sChIJwZKGNQAlPy4RNBqdtUgw5S8?authuser=0&hl=id&g_ep=EgoyMDI2MDkxNi4wIJJjKgBIAVAD&rclk=1
3743;SPPG SUNGAI LUAR MENGGALA TIMUR;SPPG Sungai Luar Menggala Timur, Jl. Lintas Sumatera, Lebuh Dalem, Kec. Menggala Tim., Kab. Tulang Bawang, Lampung 34682;Lampung;Tulang Bawang;Menggala Timur;T3 alamat fuzzy;https://www.google.com/maps/place/SPPG+Sungai+Luar+Menggala+Timur/data=!4m7!3m6!1s0x2e3f2500791114f9:0x23950943d0eaa06b!8m2!3d-4.4041835!4d105.2589114!16s%2Fg%2F11njl75j33!19sChIJ-RQReQAlPy4Ra6Dq0EMJlSM?authuser=0&hl=id&g_ep=EgoyMDI2MDkxNi4wIJJjKgBIAVAD&rclk=1
3748;SPPG TUNGGAL WARGA BANJAR AGUNG;SPPG TUNGGAL WARGA BANJAR AGUNG, Gang Antasena, Tunggal Warga, Banjar Agung, Tulang Bawang Regency, Lampung 34684;Lampung;Tulang Bawang;Banjar Agung;T4 nama file;https://www.google.com/maps/place/SPPG+TUNGGAL+WARGA+BANJAR+AGUNG/data=!4m7!3m6!1s0x2e3f29006d47a93f:0xb493e893073eec27!8m2!3d-4.2837767!4d105.2058633!16s%2Fg%2F11xgyvym66!19sChIJP6lHbQApPy4RJ-w-B5Pok7Q?authuser=0&hl=id&g_ep=EgoyMDI2MDkxNi4wIJJjKgBIAVAD&rclk=1
3762;SPPG BUMI DIPASENA SEJAHTERA;SPPG BUMI DIPASENA SEJAHTERA, Bumi Dipasena Sejahtera, Kec. Rawajitu Tim., Kab. Tulang Bawang, Lampung 34596;Lampung;Tulang Bawang;Rawa Jitu Timur;T3 alamat fuzzy;https://www.google.com/maps/place/SPPG+BUMI+DIPASENA+SEJAHTERA/data=!4m7!3m6!1s0x2e3e5500650dc2a1:0xb5300d5fd95e4120!8m2!3d-4.1730609!4d105.7909267!16s%2Fg%2F11nqdcvs1v!19sChIJocINZQBVPi4RIEFe2V8NMLU?authuser=0&hl=id&g_ep=EgoyMDI2MDkxNi4wIJJjKgBIAVAD&rclk=1
3763;SPPG RAWAPITU 1 DUTA YOSOMULYO;SPPG Rawapitu 1 Duta Yosomulyo, Duto Yoso Mulyo, Kec. Rw. Pitu, Kab. Tulang Bawang, Lampung 34595;Lampung;Tulang Bawang;Rawa Pitu;T4 nama file;https://www.google.com/maps/place/SPPG+Rawapitu+1+Duta+Yosomulyo/data=!4m7!3m6!1s0x2e3f050074930125:0x90d25cc0e748cb7d!8m2!3d-4.3262633!4d105.6027451!16s%2Fg%2F11njn3cd7v!19sChIJJQGTdAAFPy4RfctI58Bc0pA?authuser=0&hl=id&g_ep=EgoyMDI2MDkxNi4wIJJjKgBIAVAD&rclk=1
3764;SPPG RAWA PITU 2 BATANG HARI;SPPG RAWA PITU 2 BATANG HARI, Batang Hari, Kec. Rw. Pitu, Kab. Tulang Bawang, Lampung 34595;Lampung;Tulang Bawang;Rawa Pitu;T4 nama file;https://www.google.com/maps/place/SPPG+RAWA+PITU+2+BATANG+HARI/data=!4m7!3m6!1s0x2e3f1d001162719b:0x739216894d8630b4!8m2!3d-4.3014241!4d105.5650239!16s%2Fg%2F11zbffdhqc!19sChIJm3FiEQAdPy4RtDCGTYkWknM?authuser=0&hl=id&g_ep=EgoyMDI2MDkxNi4wIJJjKgBIAVAD&rclk=1
3772;SPPG SETIA BUMI GUNUNG TERANG;SPPG SETIA BUMI GUNUNG TERANG, Setia Bumi, Kec. Gn. Terang, Kab. Tulang Bawang Barat, Lampung 34683;Lampung;Tulang Bawang Barat;Tulang Bawang Udik;T4 nama file;https://www.google.com/maps/place/SPPG+SETIA+BUMI+GUNUNG+TERANG/data=!4m7!3m6!1s0x2e3f2d002b8b7bd9:0xd057ea1ed53d1042!8m2!3d-4.326654!4d105.083103!16s%2Fg%2F11njmcpr3k!19sChIJ2XuLKwAtPy4RQhA91R7qV9A?authuser=0&hl=id&g_ep=EgoyMDI2MDkxNi4wIJJjKgBIAVAD&rclk=1
3779;SPPG DAYA MURNI 4;SPPG DAYA MURNI 4, Daya Murni, Tumi Jajar, West Tulang Bawang Regency, Lampung 34691;Lampung;Tulang Bawang Barat;Tulang Bawang Udik;T4 nama file;https://www.google.com/maps/place/SPPG+DAYA+MURNI+4/data=!4m7!3m6!1s0x2e3f4b001755afcb:0x5527a1519ba9003c!8m2!3d-4.641388!4d105.075967!16s%2Fg%2F11z5nfp5qq!19sChIJy69VFwBLPy4RPACpm1GhJ1U?authuser=0&hl=id&g_ep=EgoyMDI2MDkxNi4wIJJjKgBIAVAD&rclk=1
3785;SPPG GUNUNG AGUNG SUKA JAYA;SPPG Gunung Agung Suka Jaya, Suka Jaya, Kec. Gn. Agung, Kab. Tulang Bawang Barat, Lampung 34684;Lampung;Tulang Bawang Barat;Gunung Terang;T4 nama file;https://www.google.com/maps/place/SPPG+Gunung+Agung+Suka+Jaya/data=!4m7!3m6!1s0x2e3f2b005d76d8cb:0xb41a1d08bfe4c47a!8m2!3d-4.2711309!4d105.0706274!16s%2Fg%2F11yrz_np28!19sChIJy9h2XQArPy4ResTkvwgdGrQ?authuser=0&hl=id&g_ep=EgoyMDI2MDkxNi4wIJJjKgBIAVAD&rclk=1
3786;SPPG MULYO JADI;Sppg mulyo jadi, Tiyuh mulyo, jadi, Kec. Gn. Terang, Kab. Tulang Bawang Barat, Lampung 34683;Lampung;Tulang Bawang Barat;Gunung Terang;T4 nama file;https://www.google.com/maps/place/Sppg+mulyo+jadi/data=!4m7!3m6!1s0x2e3f2d00444dc357:0x79d9ca8f2b1a2ef0!8m2!3d-4.3352435!4d105.0637596!16s%2Fg%2F11yg13sdzw!19sChIJV8NNRAAtPy4R8C4aK4_K2Xk?authuser=0&hl=id&g_ep=EgoyMDI2MDkxNi4wIJJjKgBIAVAD&rclk=1
3787;SPPG SIDO MAKMUR;SPPG Sido Makmur, Panca Marga, Kec. Gn. Terang, Kab. Tulang Bawang Barat, Lampung 34683;Lampung;Tulang Bawang Barat;Gunung Terang;T4 nama file;https://www.google.com/maps/place/SPPG+Sido+Makmur/data=!4m7!3m6!1s0x2e3f2d0036f78973:0xcf0898fb5e514f4c!8m2!3d-4.366564!4d105.0590925!16s%2Fg%2F11yqnm_4p6!19sChIJc4n3NgAtPy4RTE9RXvuYCM8?authuser=0&hl=id&g_ep=EgoyMDI2MDkxNi4wIJJjKgBIAVAD&rclk=1
3788;SPPG 2 MULYOASRI;SPPG 2 Mulyoasri, Mulya Asri, Tulang Bawang Tengah, West Tulang Bawang Regency, Lampung 34693;Lampung;Tulang Bawang Barat;Tulang Bawang Tengah;T4 nama file;https://www.google.com/maps/place/SPPG+2+Mulyoasri/data=!4m7!3m6!1s0x2e3f4900264b4dcb:0x65a362aba42483c1!8m2!3d-4.6272257!4d105.1534426!16s%2Fg%2F11z0ghtfmw!19sChIJy01LJgBJPy4RwYMkpKtio2U?authuser=0&hl=id&g_ep=EgoyMDI2MDkxNi4wIJJjKgBIAVAD&rclk=1
3803;SPPG WONOREJO YAYASAN KASIH IBU TIUH BALAK;SPPG WONOREJO, Jln poros, wonorejo, Kec. Gn. Agung, Kab. Tulang Bawang Barat, Lampung 34684;Lampung;Tulang Bawang Barat;Gunung Agung;T4 nama file;https://www.google.com/maps/place/SPPG+Wonorejo+Yayasan+Kasih+Ibu+Tiuh+Balak/data=!4m7!3m6!1s0x2e3ed7005f3fd977:0xb712799c2db18f22!8m2!3d-4.2307375!4d105.1507344!16s%2Fg%2F11zfrg4c0g!19sChIJd9k_XwDXPi4RIo-xLZx5Erc?authuser=0&hl=id&g_ep=EgoyMDI2MDkxNi4wIJJjKgBIAVAD&rclk=1
3804;SPPG WONOREJO YAYASAN KASIH IBU TIUH BALAK;SPPG Wonorejo Yayasan Kasih Ibu Tiuh Balak, SPPG WONOREJO, Jl. Nusantara poros, wonorejo, Kec. Gn. Agung, Kab. Tulang Bawang Barat, Lampung 34684;Lampung;Tulang Bawang Barat;Gunung Agung;T4 nama file;https://www.google.com/maps/place/SPPG+Wonorejo+Yayasan+Kasih+Ibu+Tiuh+Balak/data=!4m7!3m6!1s0x2e3ed5002c1e6a2d:0x72f58628444f9e5e!8m2!3d-4.2432788!4d105.1207277!16s%2Fg%2F11nq0bhjk8!19sChIJLWoeLADVPi4RXp5PRCiG9XI?authuser=0&hl=id&g_ep=EgoyMDI2MDkxNi4wIJJjKgBIAVAD&rclk=1
3806;SPPG TULANG BAWANG BARAT GUNUNG AGUNG TUNAS JAYA 1;SPPG Tulang Bawang Barat Gunung Agung Tunas Jaya 1, Tunas Jaya, Kec. Gn. Agung, Kab. Tulang Bawang Barat, Lampung 34684;Lampung;Tulang Bawang Barat;Gunung Agung;T4 nama file;https://www.google.com/maps/place/SPPG+Tulang+Bawang+Barat+Gunung+Agung+Tunas+Jaya+1/data=!4m7!3m6!1s0x2e3ed50070e3d523:0xaef4dd95a66f9eb8!8m2!3d-4.2430477!4d105.066938!16s%2Fg%2F11njmjqdx4!19sChIJI9XjcADVPi4RuJ5vppXd9K4?authuser=0&hl=id&g_ep=EgoyMDI2MDkxNi4wIJJjKgBIAVAD&rclk=1
3808;SPPG TUNAS JAYA 02 GUNUNG AGUNG;SPPG TUNAS JAYA 02 GUNUNG AGUNG, Tunas Jaya, Kec. Gn. Agung, Kab. Tulang Bawang Barat, Lampung 34684;Lampung;Tulang Bawang Barat;Gunung Agung;T4 nama file;https://www.google.com/maps/place/SPPG+TUNAS+JAYA+02+GUNUNG+AGUNG/data=!4m7!3m6!1s0x2e3ed5000df26961:0xa823d6a04b756cf7!8m2!3d-4.2406756!4d105.056054!16s%2Fg%2F11z7dh4nb_!19sChIJYWnyDQDVPi4R92x1S6DWI6g?authuser=0&hl=id&g_ep=EgoyMDI2MDkxNi4wIJJjKgBIAVAD&rclk=1
3813;SPPG PASAR BANJIT;SPPG PASAR BANJIT, Jl. AK Gani, Pasar Banjit, Banjit, Way Kanan Regency, Lampung 34766;Lampung;Way Kanan;Kasui;T4 nama file;https://www.google.com/maps/place/SPPG+PASAR+BANJIT/data=!4m7!3m6!1s0x2e389b007d2a87ab:0xa9eee32a30bbd692!8m2!3d-4.7949233!4d104.4911567!16s%2Fg%2F11zbdn9_d_!19sChIJq4cqfQCbOC4Rkta7MCrj7qk?authuser=0&hl=id&g_ep=EgoyMDI2MDkxNi4wIJJjKgBIAVAD&rclk=1
3822;SPPG WAY KANAN BLAMBANGAN UMPU BLAMBANGAN UMPU;SPPG Way Kanan Blambangan Umpu Blambangan Umpu, Negeri Batin, Blambangan Umpu, Way Kanan Regency, Lampung 34764;Lampung;Way Kanan;Blambangan Umpu;T4 nama file;https://www.google.com/maps/place/SPPG+Way+Kanan+Blambangan+Umpu+Blambangan+Umpu/data=!4m7!3m6!1s0x2e3893003abc0333:0x39492008d1eb8f83!8m2!3d-4.5875613!4d104.5323784!16s%2Fg%2F11z9yg4v94!19sChIJMwO8OgCTOC4Rg4_r0QggSTk?authuser=0&hl=id&g_ep=EgoyMDI2MDkxNi4wIJJjKgBIAVAD&rclk=1
3826;SPPG DAPUR KAYU BATU;SPPG DAPUR KAYU BATU, Kayu Batu, Kec. Gn. Labuhan, Kabupaten Way Kanan, Lampung 34768;Lampung;Way Kanan;Blambangan Umpu;T4 nama file;https://www.google.com/maps/place/SPPG+DAPUR+KAYU+BATU/data=!4m7!3m6!1s0x2e38970068c1cdcf:0x52c024368a7a76f0!8m2!3d-4.7108057!4d104.6078207!16s%2Fg%2F11mm3l95c1!19sChIJz83BaACXOC4R8HZ6ijYkwFI?authuser=0&hl=id&g_ep=EgoyMDI2MDkxNi4wIJJjKgBIAVAD&rclk=1
3839;SPPG DAPUR AUREL SUKA NEGERI;SPPG DAPUR AUREL SUKA NEGERI, Jl. Lintas Sumatera, Suka Negeri, Kec. Gn. Labuhan, Kabupaten Way Kanan, Lampung 34766;Lampung;Way Kanan;Baradatu;T4 nama file;https://www.google.com/maps/place/SPPG+DAPUR+AUREL+SUKA+NEGERI/data=!4m7!3m6!1s0x2e38990039e6ea1f:0xdb027c239790bf2c!8m2!3d-4.8151215!4d104.5820499!16s%2Fg%2F11zbcsmbgr!19sChIJH-rmOQCZOC4RLL-QlyN8Ats?authuser=0&hl=id&g_ep=EgoyMDI2MDkxNi4wIJJjKgBIAVAD&rclk=1
3850;DAPUR SPPG SUKOMULYO;DAPUR SPPG SUKOMULYO, Jl. Lintas Sumatera, Way Pisang, Way Tuba, Way Kanan Regency, Lampung 34767;Lampung;Way Kanan;Way Tuba;T4 nama file;https://www.google.com/maps/place/DAPUR+SPPG+SUKOMULYO/data=!4m7!3m6!1s0x2e38f9005683571f:0xa96fa3d337a67bbd!8m2!3d-4.3787954!4d104.3703955!16s%2Fg%2F11yrlby273!19sChIJH1eDVgD5OC4RvXumN9Ojb6k?authuser=0&hl=id&g_ep=EgoyMDI2MDkxNi4wIJJjKgBIAVAD&rclk=1
3865;SPPG DAPUR AIRIN KITCHEN;SPPG DAPUR AIRIN KITCHEN, Jl. Gula Tubu, Bengkulu Tengah, Kec. Gn. Labuhan, Kabupaten Way Kanan, Lampung 34768;Lampung;Way Kanan;Gunung Labuhan;T4 nama file;https://www.google.com/maps/place/SPPG+DAPUR+AIRIN+KITCHEN/data=!4m7!3m6!1s0x2e38970077f2869b:0xb61bf6a1f2c1f4be!8m2!3d-4.7110678!4d104.6078879!16s%2Fg%2F11ygl0csg5!19sChIJm4bydwCXOC4RvvTB8qH2G7Y?authuser=0&hl=id&g_ep=EgoyMDI2MDkxNi4wIJJjKgBIAVAD&rclk=1
3866;SPPG BAROKAH JAYA BENGKULU REJO;SPPG Barokah jaya BENGKULU REJO, Bengkulu Rejo, Kec. Gn. Labuhan, Kabupaten Way Kanan, Lampung 34761;Lampung;Way Kanan;Gunung Labuhan;T4 nama file;https://www.google.com/maps/place/SPPG+Barokah+jaya+BENGKULU+REJO/data=!4m7!3m6!1s0x2e389900190af8f9:0xfc0f5f4d8207fc2!8m2!3d-4.7508395!4d104.5824767!16s%2Fg%2F11xv9zgjlm!19sChIJ-fgKGQCZOC4Rwn8g2PT1wA8?authuser=0&hl=id&g_ep=EgoyMDI2MDkxNi4wIJJjKgBIAVAD&rclk=1
3875;DAPUR MBG SPPG WAPLAU 02;Dapur MBG SPPG Waplau 02, Waplau, Kabupaten Buru, Maluku;Maluku;Buru;Waplau;T4 nama file;https://www.google.com/maps/place/Dapur+MBG+SPPG+Waplau+02/@-3.117208,126.8799827,17z/data=!3m1!4b1!4m6!3m5!1s0x2d72230017fdcd25:0x819db35f8905c20!8m2!3d-3.117208!4d126.8799827!16s%2Fg%2F11z49pt870?hl=id&entry=ttu&g_ep=EgoyMDI2MDkxNi4wIKXMDSoASAFQAw%3D%3D
3876;DAPUR MBG SPPG KARYAWANGI - PARONGPONG;;Maluku;Buru;Lolong Guba;T4 nama file;https://www.google.com/maps/place/Dapur+MBG+SPPG+Karyawangi+-+Parongpong/data=!4m7!3m6!1s0xd95b931e0112847:0x4efb9ea8850e8e78!8m2!3d-6.8048084!4d107.5829196!16s%2Fg%2F11xt2_qtgn!19sChIJRygR4DG5lQ0ReI4Ohaie-04?authuser=0&hl=id&g_ep=EgoyMDI2MDkxNi4wIJJjKgBIAVAD&rclk=1
3878;DAPUR SPPG KECAMATAN CIGUGUR 1;DAPUR SPPG KECAMATAN CIGUGUR 1, Jl. Lkr. Bayuning, Cigadung, Kec. Cigugur, Kabupaten Kuningan, Jawa Barat 45552;Maluku;Buru;Lolong Guba;T4 nama file;https://www.google.com/maps/place/DAPUR+SPPG+KECAMATAN+CIGUGUR+1/data=!4m7!3m6!1s0x2e6f150004feaba7:0x2b8d020ebd367d40!8m2!3d-6.9858587!4d108.4536854!16s%2Fg%2F11yfg4xjz4!19sChIJp6v-BAAVby4RQH02vQ4CjSs?authuser=0&hl=id&g_ep=EgoyMDI2MDkxNi4wIJJjKgBIAVAD&rclk=1
3879;SPPG DAPUR SEHAT JANGGALA-CIDOLOG;SPPG Dapur Sehat Janggala-Cidolog, Dusun Jl. Sukalilah, RT.02/RW.01, Janggala, Cidolog, Ciamis Regency, West Java 46352;Maluku;Buru;Lolong Guba;T4 nama file;https://www.google.com/maps/place/SPPG+Dapur+Sehat+Janggala-Cidolog/data=!4m7!3m6!1s0x2e65f5005e1e2365:0x167f10a7ad694a08!8m2!3d-7.3916678!4d108.4185318!16s%2Fg%2F11z54jpw91!19sChIJZSMeXgD1ZS4RCEppracQfxY?authuser=0&hl=id&g_ep=EgoyMDI2MDkxNi4wIJJjKgBIAVAD&rclk=1
3880;SPPG MBG DESA BELTUBUR;SPPG MBG Desa Beltubur, Jl.Dosi, Jalin, Beltubur, Kec. Aru Sel. Tim., Kabupaten Kepulauan Aru, Maluku;Maluku;Buru;Batabual;T4 nama file;https://www.google.com/maps/place/SPPG+MBG+Desa+Beltubur/@-6.7676048,134.3750242,17z/data=!3m1!4b1!4m6!3m5!1s0x2d2b9d006988bc7f:0x309d49fd918e12c1!8m2!3d-6.7676048!4d134.3750242!16s%2Fg%2F11n9b4__6n?hl=id&entry=ttu&g_ep=EgoyMDI2MDkxNi4wIKXMDSoASAFQAw%3D%3D
3881;KABUPATEN BURU;Maluku;Maluku;Buru;Fena Leisela;T4 nama file;https://www.google.com/maps/place/Kabupaten+Buru/data=!4m7!3m6!1s0x2d724c1ed03b4f9b:0xf7754df50143a990!8m2!3d-3.3307379!4d126.6957216!16s%2Fm%2F0gh6p6p!19sChIJm0870B5Mci0RkKlDAfVNdfc?authuser=0&hl=id&g_ep=EgoyMDI2MDkxNi4wIJJjKgBIAVAD&rclk=1
3883;KANTOR CAMAT FENA FAFAN;Kantor Camat Fena Fafan, Waekatin, Fena Fafan, Kabupaten Buru Selatan, Maluku;Maluku;Buru Selatan;Fena Fafan;T4 nama file;https://www.google.com/maps/place/Kantor+Camat+Fena+Fafan/@-3.5408259,126.5817152,17z/data=!3m1!4b1!4m6!3m5!1s0x2d73014a8e9e2af9:0x8acb2e9b386a0750!8m2!3d-3.5408259!4d126.5817152!16s%2Fg%2F11pq4z6q3p?hl=id&entry=ttu&g_ep=EgoyMDI2MDkxNi4wIKXMDSoASAFQAw%3D%3D
3884;KEC. AMBALAU;Kabupaten Buru Selatan, Maluku;Maluku;Buru Selatan;Ambalau;T4 nama file;https://www.google.com/maps/place/Kec.+Ambalau/data=!4m7!3m6!1s0x2d72a85a6c9958c1:0x2312ee616bf35f0!8m2!3d-3.8899285!4d127.2026214!16s%2Fg%2F11bc5c1h2z!19sChIJwViZbFqoci0R8DW_FuYuMQI?authuser=0&hl=id&g_ep=EgoyMDI2MDkxNi4wIJJjKgBIAVAD&rclk=1
3890;SPPG DESA LUTUR;SPPG Desa Lutur, Lutur, Aru Sel. Utara, Kabupaten Kepulauan Aru, Maluku;Maluku;Kepulauan Aru;Aru Selatan;T4 nama file;https://www.google.com/maps/place/SPPG+Desa+Lutur/data=!4m7!3m6!1s0x2d2c41000c021c31:0xeaafd574aacb2b4a!8m2!3d-6.3186273!4d134.1358063!16s%2Fg%2F11n9clbq6f!19sChIJMRwCDABBLC0RSivLqnTVr-o?authuser=0&hl=id&g_ep=EgoyMDI2MDkxNi4wIJJjKgBIAVAD&rclk=1
3891;SPPG KALAR-KALAR;SPPG KALAR-KALAR, Kalar Kalar, Aru Sel., Kabupaten Kepulauan Aru, Maluku;Maluku;Kepulauan Aru;Aru Selatan;T4 nama file;https://www.google.com/maps/place/SPPG+KALAR-KALAR/data=!4m7!3m6!1s0x2d2c730008850c73:0xdf3300ed19887f15!8m2!3d-6.5315625!4d134.0970625!16s%2Fg%2F11z12yd50t!19sChIJcwyFCABzLC0RFX-IGe0AM98?authuser=0&hl=id&g_ep=EgoyMDI2MDkxNi4wIJJjKgBIAVAD&rclk=1
3892;KEC. ARU UTARA TIMUR BATULEY;Kabupaten Kepulauan Aru, Maluku;Maluku;Kepulauan Aru;Aru Utara Timur Batuley;T4 nama file;https://www.google.com/maps/place/Kec.+Aru+Utara+Timur+Batuley/data=!4m7!3m6!1s0x2d2d69f781430ed5:0x82e5f677125ddf86!8m2!3d-5.7730916!4d134.6630541!16s%2Fg%2F11b77d313s!19sChIJ1Q5DgfdpLS0Rht9dEnf25YI?authuser=0&hl=id&g_ep=EgoyMDI2MDkxNi4wIJJjKgBIAVAD&rclk=1
3893;SPPG (SATUAN PELAYANAN PEMENUHAN GIZI) YAYASAN PELITA IBU BANGSA;SPPG (Satuan Pelayanan Pemenuhan Gizi) Yayasan Pelita Ibu Bangsa, Jl. Ir. Soekarno, Olilit, South Tanimbar, Tanimbar Islands, Maluku;Maluku;Kepulauan Tanimbar;Tanimbar Selatan;T4 nama file;https://www.google.com/maps/place/SPPG+%28Satuan+Pelayanan+Pemenuhan+Gizi%29+Yayasan+Pelita+Ibu+Bangsa/data=!4m7!3m6!1s0x2d2755003ff942d1:0x22f673ff93c3893!8m2!3d-7.9716038!4d131.3103304!16s%2Fg%2F11zdjlvsq0!19sChIJ0UL5PwBVJy0Rkzg8-T9nLwI?authuser=0&hl=id&g_ep=EgoyMDI2MDkxNi4wIJJjKgBIAVAD&rclk=1
3894;SPPG KEPULAUAN TANIMBAR TANIMBAR SELATAN OLILIT RAYA;SPPG KEPULAUAN TANIMBAR TANIMBAR SELATAN OLILIT RAYA, Jl. Ir. Soekarno, Saumlaki, Tanimbar Sel., Kab. Kepulauan Tanimbar, Maluku;Maluku;Kepulauan Tanimbar;Tanimbar Selatan;T4 nama file;https://www.google.com/maps/place/SPPG+KEPULAUAN+TANIMBAR+TANIMBAR+SELATAN+OLILIT+RAYA/data=!4m7!3m6!1s0x2d2755005b21dd0f:0x2fe39aa489c5cd7b!8m2!3d-7.9789838!4d131.3078565!16s%2Fg%2F11zbbw_ydk!19sChIJD90hWwBVJy0Re83FiaSa4y8?authuser=0&hl=id&g_ep=EgoyMDI2MDkxNi4wIJJjKgBIAVAD&rclk=1
3895;SPPG SAUMLAKI;SPPG SAUMLAKI, Jl. Ir. Soekarno, Olilit, Tanimbar Sel., Kab. Kepulauan Tanimbar, Maluku;Maluku;Kepulauan Tanimbar;Tanimbar Selatan;T4 nama file;https://www.google.com/maps/place/SPPG+SAUMLAKI/data=!4m7!3m6!1s0x2d27550071337243:0xb04666d2b8e38a2!8m2!3d-7.9714858!4d131.3102799!16s%2Fg%2F11nbhmfr3y!19sChIJQ3IzcQBVJy0RojiOK21mBAs?authuser=0&hl=id&g_ep=EgoyMDI2MDkxNi4wIJJjKgBIAVAD&rclk=1
3896;SPPG POLRES TANIMBAR;SPPG POLRES TANIMBAR, batalyon, Jl. Boediono, Lauran, Tanimbar Sel., Kab. Kepulauan Tanimbar, Maluku 97664;Maluku;Kepulauan Tanimbar;Tanimbar Selatan;T4 nama file;https://www.google.com/maps/place/SPPG+POLRES+TANIMBAR/data=!4m7!3m6!1s0x2d2753004ffd82fd:0xdeae861293c6d89e!8m2!3d-7.9342185!4d131.3130039!16s%2Fg%2F11nvf92275!19sChIJ_YL9TwBTJy0RntjGkxKGrt4?authuser=0&hl=id&g_ep=EgoyMDI2MDkxNi4wIJJjKgBIAVAD&rclk=1
3897;SPPG LAURAN;SPPG LAURAN, Lauran, Tanimbar Sel., Kab. Kepulauan Tanimbar, Maluku;Maluku;Kepulauan Tanimbar;Tanimbar Selatan;T4 nama file;https://www.google.com/maps/place/SPPG+LAURAN/data=!4m7!3m6!1s0x2d2753002afe171b:0xd17a3bb1a98d37bd!8m2!3d-7.9254746!4d131.3099198!16s%2Fg%2F11mkv4__vn!19sChIJGxf-KgBTJy0RvTeNqbE7etE?authuser=0&hl=id&g_ep=EgoyMDI2MDkxNi4wIJJjKgBIAVAD&rclk=1
3898;DAPUR SPPG;Dapur sppg, Desa wabar, Kab. Kepulauan Tanimbar, Maluku;Maluku;Kepulauan Tanimbar;Wermaktian;T4 nama file;https://www.google.com/maps/place/Dapur+sppg/data=!4m7!3m6!1s0x2d26db007bace7e1:0x4a101a8dd30cd596!8m2!3d-7.3338802!4d131.4465455!16s%2Fg%2F11z1dgxdlc!19sChIJ4eesewDbJi0RltUM040aEEo?authuser=0&hl=id&g_ep=EgoyMDI2MDkxNi4wIJJjKgBIAVAD&rclk=1
3900;KEC. SELARU;Kab. Kepulauan Tanimbar, Maluku;Maluku;Kepulauan Tanimbar;Selaru;T4 nama file;https://www.google.com/maps/place/Kec.+Selaru/data=!4m7!3m6!1s0x2cdf5d617d6b17db:0x21fc7f5cc6364753!8m2!3d-8.1318821!4d131.1133407!16s%2Fg%2F120rx_9r!19sChIJ2xdrfWFd3ywRU0c2xlx__CE?authuser=0&hl=id&g_ep=EgoyMDI2MDkxNi4wIJJjKgBIAVAD&rclk=1
3903;KEC. FORDATA;Kab. Kepulauan Tanimbar, Maluku;Maluku;Kepulauan Tanimbar;Fordata;T4 nama file;https://www.google.com/maps/place/Kec.+Fordata/data=!4m7!3m6!1s0x2d266252f0828b37:0xb4203fef18cb1043!8m2!3d-7.0802629!4d131.9129913!16s%2Fg%2F1220qvd8!19sChIJN4uC8FJiJi0RQxDLGO8_ILQ?authuser=0&hl=id&g_ep=EgoyMDI2MDkxNi4wIJJjKgBIAVAD&rclk=1
3909;KEC. NIRUNMAS;Kab. Kepulauan Tanimbar, Maluku;Maluku;Kepulauan Tanimbar;Nirunmas;T4 nama file;https://www.google.com/maps/place/Kec.+Nirunmas/data=!4m7!3m6!1s0x2d2720111b760d23:0xaaadfde047b475b5!8m2!3d-7.4223184!4d131.6998843!16s%2Fg%2F121p7c8z!19sChIJIw12GxEgJy0RtXW0R-D9rao?authuser=0&hl=id&g_ep=EgoyMDI2MDkxNi4wIJJjKgBIAVAD&rclk=1
3910;KEC. MOLU MARU;Kab. Kepulauan Tanimbar, Maluku;Maluku;Kepulauan Tanimbar;Molu Maru;T4 nama file;https://www.google.com/maps/place/Kec.+Molu+Maru,+Kab.+Kepulauan+Tanimbar,+Maluku/@-6.78782,131.5411429,11z/data=!3m1!4b1!4m6!3m5!1s0x2d241995584ff171:0x249d2f0e14e786d1!8m2!3d-6.7063732!4d131.5635744!16s%2Fg%2F120mc1tm?hl=id&entry=ttu&g_ep=EgoyMDI2MDkxNi4wIKXMDSoASAFQAw%3D%3D
3911;SPPG RUMAHTIGA;SPPG RUMAHTIGA, Jl. Kampus, Poka, Kec. Tlk. Ambon, Kota Ambon, Maluku;Maluku;Kota Ambon;Sirimau;T4 nama file;https://www.google.com/maps/place/SPPG+RUMAHTIGA/data=!4m7!3m6!1s0x2d6ce90001c9e809:0xb7244f275588046e!8m2!3d-3.6557133!4d128.1869681!16s%2Fg%2F11ynk9t4k9!19sChIJCejJAQDpbC0RbgSIVSdPJLc?authuser=0&hl=id&g_ep=EgoyMDI2MDkxNi4wIJJjKgBIAVAD&rclk=1
3917;SPPG KOTA AMBON SIRIMAU RIJALI;Jl. Mutiara No.37, Kel Rijali, Sirimau, Kota Ambon, Maluku;Maluku;Kota Ambon;Sirimau;T4 nama file;https://www.google.com/maps/place/SPPG+KOTA+AMBON+SIRIMAU+RIJALI/data=!4m7!3m6!1s0x2d6ce9003bc27681:0xcee518e9b3d8d2a1!8m2!3d-3.6895792!4d128.1852784!16s%2Fg%2F11npq1r_55!19sChIJgXbCOwDpbC0RodLYs-kY5c4?authuser=0&hl=id&g_ep=EgoyMDI2MDkxNi4wIJJjKgBIAVAD&rclk=1
3925;LOKASI SPPG PEMPROV;Lokasi SPPG Pemprov, Laha, Kec. Tlk. Ambon, Kota Ambon, Maluku;Maluku;Kota Ambon;Teluk Ambon;T4 nama file;https://www.google.com/maps/place/Lokasi+SPPG+Pemprov/data=!4m7!3m6!1s0x2d6ce10034c44fd3:0xb4c53427ea73462!8m2!3d-3.6689144!4d128.0525654!16s%2Fg%2F11xvzxlx6t!19sChIJ00_ENADhbC0RYjSnfkJTTAs?authuser=0&hl=id&g_ep=EgoyMDI2MDkxNi4wIJJjKgBIAVAD&rclk=1
3926;SPPG TAWIRI;SPPG TAWIRI, Laha, Kec. Tlk. Ambon, Kota Ambon, Maluku;Maluku;Kota Ambon;Teluk Ambon;T4 nama file;https://www.google.com/maps/place/SPPG+TAWIRI/data=!4m7!3m6!1s0x2d6ce7002dddfe57:0x617c9c36903aa50c!8m2!3d-3.7053425!4d128.1019887!16s%2Fg%2F11ypdt4hxh!19sChIJV_7dLQDnbC0RDKU6kDacfGE?authuser=0&hl=id&g_ep=EgoyMDI2MDkxNi4wIJJjKgBIAVAD&rclk=1
3930;SPPG BATU MERAH 2, KEBUN CENGKEH;Depan SMP 14, Jl. Kebun Cengkeh Gg Norbek No.32, Batu Merah, Sirimau, Kota Ambon, Maluku;Maluku;Kota Ambon;Leitimur Selatan;T4 nama file;https://www.google.com/maps/place/Sppg+Batu+Merah+2,+kebun+cengkeh/data=!4m7!3m6!1s0x2d6ce900782fcdd9:0x7d6ef7bc103babc8!8m2!3d-3.6812864!4d128.2027614!16s%2Fg%2F11zbnzx5n7!19sChIJ2c0veADpbC0RyKs7ELz3bn0?authuser=0&hl=id&g_ep=EgoyMDI2MDkxNi4wIJJjKgBIAVAD&rclk=1
3932;SPPG KETSOBLAK (DAPUR MANGON 1);SPPG KETSOBLAK (DAPUR MANGON 1), Tual, Pulau Dullah Sel., Kota Tual, Maluku;Maluku;Kota Tual;Tayando Tam;T4 nama file;https://www.google.com/maps/place/SPPG+KETSOBLAK+%28DAPUR+MANGON+1%29/data=!4m7!3m6!1s0x2d301b0073f4757b:0x20bb81fd7503f6ec!8m2!3d-5.611953!4d132.752014!16s%2Fg%2F11zb546ksp!19sChIJe3X0cwAbMC0R7PYDdf2BuyA?authuser=0&hl=id&g_ep=EgoyMDI2MDkxNi4wIJJjKgBIAVAD&rclk=1
3937;KEC. PULAU-PULAU KUR;Kota Tual, Maluku;Maluku;Kota Tual;Pulau-Pulau Kur;T4 nama file;https://www.google.com/maps/place/Kec.+Pulau-Pulau+Kur/data=!4m7!3m6!1s0x2d3afce57e2fdc3b:0x3704e39fce0d8ad0!8m2!3d-5.312456!4d132.0026614!16s%2Fg%2F12176fxg!19sChIJO9wvfuX8Oi0R0IoNzp_jBDc?authuser=0&hl=id&g_ep=EgoyMDI2MDkxNi4wIJJjKgBIAVAD&rclk=1
3938;SPPG;SPPG, Taar, Pulau Dullah Sel., Kota Tual, Maluku;Maluku;Kota Tual;Pulau Dullah Utara;T4 nama file;https://www.google.com/maps/place/SPPG/data=!4m7!3m6!1s0x2d301b000406f6bd:0xd5b198da1f38cc9!8m2!3d-5.6313954!4d132.7625331!16s%2Fg%2F11zh9xcb6n!19sChIJvfYGBAAbMC0RyYzzoY0ZWw0?authuser=0&hl=id&g_ep=EgoyMDI2MDkxNi4wIJJjKgBIAVAD&rclk=1
3939;LOKASI RENCANA SPPG 1 KOTA TUAL;Lokasi Rencana SPPG 1 Kota tual, Taar, Pulau Dullah Sel., Kota Tual, Maluku;Maluku;Kota Tual;Pulau Dullah Selatan;T4 nama file;https://www.google.com/maps/place/Lokasi+Rencana+SPPG+1+Kota+tual/data=!4m7!3m6!1s0x2d301b002a654083:0xc91a3ae090bf9b8d!8m2!3d-5.6627399!4d132.7711147!16s%2Fg%2F11zjlr8907!19sChIJg0BlKgAbMC0RjZu_kOA6Gsk?authuser=0&hl=id&g_ep=EgoyMDI2MDkxNi4wIJJjKgBIAVAD&rclk=1
3940;SPPG HUTAN JATI;SPPG HUTAN JATI, Taar, Pulau Dullah Sel., Kota Tual, Maluku;Maluku;Kota Tual;Pulau Dullah Selatan;T4 nama file;https://www.google.com/maps/place/SPPG+HUTAN+JATI/data=!4m7!3m6!1s0x2d301b0039f29975:0x2f690d31e8ff422f!8m2!3d-5.6351371!4d132.7653869!16s%2Fg%2F11nbg_3yzh!19sChIJdZnyOQAbMC0RL0L_6DENaS8?authuser=0&hl=id&g_ep=EgoyMDI2MDkxNi4wIJJjKgBIAVAD&rclk=1
3941;KUR SEL.;Kota Tual, Maluku;Maluku;Kota Tual;Kur Selatan;T4 nama file;https://www.google.com/maps/place/Kur+Sel./data=!4m7!3m6!1s0x2d3ae176d9d5c033:0xd6d8889511dbc12a!8m2!3d-5.3565499!4d131.9890626!16s%2Fg%2F11b774wg3q!19sChIJM8DV2XbhOi0RKsHbEZWI2NY?authuser=0&hl=id&g_ep=EgoyMDI2MDkxNi4wIJJjKgBIAVAD&rclk=1
3942;KEC. WETAR BARAT;Kabupaten Maluku Barat Daya, Maluku;Maluku;Maluku Barat Daya;Wetar Selatan;T4 nama file;https://www.google.com/maps/place/Kec.+Wetar+Barat/data=!4m7!3m6!1s0x2d017cd1541d1ed7:0x1b539445f25c7d62!8m2!3d-8.0144036!4d125.7627423!16s%2Fg%2F121bwb9_!19sChIJ1x4dVNF8AS0RYn1c8kWUUxs?authuser=0&hl=id&g_ep=EgoyMDI2MDkxNi4wIJJjKgBIAVAD&rclk=1
3943;SPPG MUNA BARAT TIWORO UTARA TONDASI;SPPG MUNA BARAT TIWORO UTARA TONDASI, Tondasi, Tiworo Utara, Kabupaten Muna, Sulawesi Tenggara 93653;Maluku;Maluku Barat Daya;Wetar Utara;T4 nama file;https://www.google.com/maps/place/SPPG+MUNA+BARAT+TIWORO+UTARA+TONDASI/@-4.7569202,122.3712641,17z/data=!3m1!4b1!4m6!3m5!1s0x2da2570004f63ca5:0x2a32e0d3a9754205!8m2!3d-4.7569202!4d122.3712641!16s%2Fg%2F11zb8131d1?hl=id&entry=ttu&g_ep=EgoyMDI2MDkxNi4wIKXMDSoASAFQAw%3D%3D
3944;KANTOR SPPG TANIWEL TIMUR;Kantor SPPG Taniwel Timur, Sukaraja, Kec. Taniwel Tim., Kabupaten Seram Bagian Barat, Maluku;Maluku;Seram Bagian Barat;Taniwel Timur;T3 alamat fuzzy;https://www.google.com/maps/place/Kantor+SPPG+Taniwel+Timur/data=!4m7!3m6!1s0x2d695500356d57af:0x239a802e8d9b0c76!8m2!3d-2.8618893!4d128.7132635!16s%2Fg%2F11njl7w0yl!19sChIJr1dtNQBVaS0RdgybjS6AmiM?authuser=0&hl=id&g_ep=EgoyMDI2MDkxNi4wIJJjKgBIAVAD&rclk=1
3946;SATUAN PELAYANAN PEMENUHAN GIZI (SPPG);Satuan Pelayanan Pemenuhan Gizi (SPPG), Wakarleli, Kec. Moa Lakor, Kabupaten Maluku Barat Daya, Maluku;Maluku;Maluku Barat Daya;Letti;T4 nama file;https://www.google.com/maps/place/Satuan+Pelayanan+Pemenuhan+Gizi+(SPPG)/@-8.1525503,127.7908064,17z/data=!3m1!4b1!4m6!3m5!1s0x2d1d6d00364cff5f:0xfe68fac84996273a!8m2!3d-8.1525503!4d127.7908064!16s%2Fg%2F11x282bb5f?hl=id&entry=ttu&g_ep=EgoyMDI2MDkxNi4wIKXMDSoASAFQAw%3D%3D
3947;SATUAN PELAYANAN PEMENUHAN GIZI (SPPG) MOA, MBD;;Maluku;Maluku Barat Daya;Moa;T4 nama file;https://www.google.com/maps/place/Satuan+Pelayanan+Pemenuhan+Gizi+%28SPPG%29+Moa,+MBD/data=!4m7!3m6!1s0x42804efdb3de1657:0x74ba5d5dcfe795d6!8m2!3d-8.1901425!4d127.961072!16s%2Fg%2F11x282fj6g!19sChIJVxbes_1OgEIR1pXnz11dunQ?authuser=0&hl=id&g_ep=EgoyMDI2MDkxNi4wIJJjKgBIAVAD&rclk=1
3948;PULAU MOA;Kec. Moa Lakor, Kabupaten Maluku Barat Daya, Maluku;Maluku;Maluku Barat Daya;Moa;T4 nama file;https://www.google.com/maps/place/Pulau+Moa/data=!4m7!3m6!1s0x2d1d7453a0ed0b2f:0xaa01339aab81628a!8m2!3d-8.1759306!4d127.9305849!16s%2Fg%2F11bzrq1qmk!19sChIJLwvtoFN0HS0RimKBq5ozAao?authuser=0&hl=id&g_ep=EgoyMDI2MDkxNi4wIJJjKgBIAVAD&rclk=1
3949;KEC. PULAU LAKOR;Kabupaten Maluku Barat Daya, Maluku;Maluku;Maluku Barat Daya;Lakor;T4 nama file;https://www.google.com/maps/place/Kec.+Pulau+Lakor/data=!4m7!3m6!1s0x2d1d8fd552baa98f:0x753bbbe0b8b3d34a!8m2!3d-8.2210132!4d128.2223532!16s%2Fg%2F11b776hg83!19sChIJj6m6UtWPHS0RStOzuOC7O3U?authuser=0&hl=id&g_ep=EgoyMDI2MDkxNi4wIJJjKgBIAVAD&rclk=1
3950;PULAU LUANG;Luang Tim., Mdona Hiera, Kabupaten Maluku Barat Daya, Maluku;Maluku;Maluku Barat Daya;Luang Sermata;T4 nama file;https://www.google.com/maps/place/Pulau+Luang/data=!4m7!3m6!1s0x2d1e062a1d2033bd:0x27ec3d2a8b3aa171!8m2!3d-8.1833333!4d128.7!16s%2Fg%2F1hl3hkrdb!19sChIJvTMgHSoGHi0RcaE6iyo97Cc?authuser=0&hl=id&g_ep=EgoyMDI2MDkxNi4wIJJjKgBIAVAD&rclk=1
3951;PULAU SERMATA;Lelang, Mdona Hiera, Kabupaten Maluku Barat Daya, Maluku;Maluku;Maluku Barat Daya;Luang Sermata;T4 nama file;https://www.google.com/maps/place/Pulau+Sermata/data=!4m7!3m6!1s0x2d1e19448ddc706b:0x1a6d15a873c26005!8m2!3d-8.2166667!4d128.9166667!16s%2Fg%2F1hl3h6lvk!19sChIJa3DcjUQZHi0RBWDCc6gVbRo?authuser=0&hl=id&g_ep=EgoyMDI2MDkxNi4wIJJjKgBIAVAD&rclk=1
3952;KEC. PULAU-PULAU BABAR TIMUR;Kabupaten Maluku Barat Daya, Maluku;Maluku;Maluku Barat Daya;Babar Timur;T4 nama file;https://www.google.com/maps/place/Kec.+Pulau-Pulau+Babar+Timur/data=!4m7!3m6!1s0x2d1ff38ddf7be2c5:0x713e9d3f1d587e11!8m2!3d-7.9029614!4d129.8648243!16s%2Fg%2F1221h7ll!19sChIJxeJ7343zHy0REX5YHT-dPnE?authuser=0&hl=id&g_ep=EgoyMDI2MDkxNi4wIJJjKgBIAVAD&rclk=1
3953;KANTOR KLASIS GPM PULAU-PULAU BABAR TIMUR;Kantor Klasis GPM Pulau-Pulau Babar Timur, Letwurung, Kec. Pulau-Pulau Babar Timur, Kabupaten Maluku Barat Daya, Maluku;Maluku;Maluku Barat Daya;Babar Timur;T4 nama file;https://www.google.com/maps/place/Kantor+Klasis+GPM+Pulau-Pulau+Babar+Timur/data=!4m7!3m6!1s0x2d1f8d003274ad41:0x44c86f08ebaba2ff!8m2!3d-7.898955!4d129.8626117!16s%2Fg%2F11wp8v0dkx!19sChIJQa10MgCNHy0R_6Kr6whvyEQ?authuser=0&hl=id&g_ep=EgoyMDI2MDkxNi4wIJJjKgBIAVAD&rclk=1
3954;GEREJA BETHEL INDONESIA;Gereja Bethel Indonesia, Kroing, Kec. Pulau-Pulau Babar Timur, Kabupaten Maluku Barat Daya, Maluku;Maluku;Maluku Barat Daya;Babar Timur;T4 nama file;https://www.google.com/maps/place/Gereja+Bethel+Indonesia/data=!4m7!3m6!1s0x2d1f8d2456030031:0x6f6eb7749ef195b3!8m2!3d-7.8985791!4d129.856634!16s%2Fg%2F11sx2fcrcl!19sChIJMQADViSNHy0Rs5XxnnS3bm8?authuser=0&hl=id&g_ep=EgoyMDI2MDkxNi4wIJJjKgBIAVAD&rclk=1
3955;UPTD DINAS PERTANIAN DAN PANGAN BABAR TIMUR;UPTD Dinas Pertanian dan Pangan Babar Timur, Letwurung, Kec. Pulau-Pulau Babar Timur, Kabupaten Maluku Barat Daya, Maluku;Maluku;Maluku Barat Daya;Babar Timur;T4 nama file;https://www.google.com/maps/place/UPTD+Dinas+Pertanian+dan+Pangan+Babar+Timur/data=!4m7!3m6!1s0x2d1f8d003b481edf:0xe6726f209c582c11!8m2!3d-7.9075127!4d129.865574!16s%2Fg%2F11yybx7br_!19sChIJ3x5IOwCNHy0RESxYnCBvcuY?authuser=0&hl=id&g_ep=EgoyMDI2MDkxNi4wIJJjKgBIAVAD&rclk=1
3956;KEC. PULAU MASELA;Kabupaten Maluku Barat Daya, Maluku;Maluku;Maluku Barat Daya;Pulau Masela;T4 nama file;https://www.google.com/maps/place/Kec.+Pulau+Masela/data=!4m7!3m6!1s0x2d1ffc4d6dc92dd1:0xc4846e8cd1083f5c!8m2!3d-8.1584174!4d129.8704314!16s%2Fg%2F11b77gm594!19sChIJ0S3JbU38Hy0RXD8I0YxuhMQ?authuser=0&hl=id&g_ep=EgoyMDI2MDkxNi4wIJJjKgBIAVAD&rclk=1
3957;PULAU DAWERA;Dawelor Dawera, Kabupaten Maluku Barat Daya, Maluku;Maluku;Maluku Barat Daya;Dawelor Dawera;T4 nama file;https://www.google.com/maps/place/Pulau+Dawera/@-7.7207765,130.006908,14z/data=!3m1!4b1!4m6!3m5!1s0x2d20284ca00b303d:0x818dcb3207fcd882!8m2!3d-7.7240985!4d130.0068953!16s%2Fg%2F12z655_6m?hl=id&entry=ttu&g_ep=EgoyMDI2MDkxNi4wIKXMDSoASAFQAw%3D%3D
3958;SPPG MALUKU TENGAH MOROKAI;SPPG MALUKU TENGAH MOROKAI, Morokay, Kec. Seram Utara Tim. Kobi, Kabupaten Maluku Tengah, Maluku;Maluku;Maluku Tengah;Seram Utara Timur Kobi;T3 alamat fuzzy;https://www.google.com/maps/place/SPPG+MALUKU+TENGAH+MOROKAI/@-2.9773622,129.8704712,17z/data=!3m1!4b1!4m6!3m5!1s0x2d6a05004e12a87f:0xa991281d2dcba075!8m2!3d-2.9773622!4d129.8704712!16s%2Fg%2F11ntnt0gw1?hl=id&entry=ttu&g_ep=EgoyMDI2MDkxNi4wIKXMDSoASAFQAw%3D%3D
3968;KEC. NUSALAUT;Kabupaten Maluku Tengah, Maluku;Maluku;Maluku Tengah;Nusa Laut;T4 nama file;https://www.google.com/maps/place/Kec.+Nusalaut/data=!4m7!3m6!1s0x2d6b67a43eb00367:0x5d191d10cde9fb21!8m2!3d-3.67799!4d128.7623442!16s%2Fg%2F120phr2_!19sChIJZwOwPqRnay0RIfvpzRAdGV0?authuser=0&hl=id&g_ep=EgoyMDI2MDkxNi4wIJJjKgBIAVAD&rclk=1
3969;SPPG SQUAD MAHINA MANDIRI;SPPG SQUAD MAHINA MANDIRI, Liang, Salahutu, Central Maluku Regency, Maluku;Maluku;Maluku Tengah;Salahutu;T4 nama file;https://www.google.com/maps/place/SPPG+SQUAD+MAHINA+MANDIRI/data=!4m7!3m6!1s0x2d6c8b00475297dd:0xece59b0258e7b926!8m2!3d-3.5093755!4d128.3188408!16s%2Fg%2F11yf2f55rb!19sChIJ3ZdSRwCLbC0RJrnnWAKb5ew?authuser=0&hl=id&g_ep=EgoyMDI2MDkxNi4wIJJjKgBIAVAD&rclk=1
3971;SPPG ALLANG;SPPG ALLANG, Allang, Leihitu Barat, Central Maluku Regency, Maluku;Maluku;Maluku Tengah;Leihitu;T4 nama file;https://www.google.com/maps/place/SPPG+ALLANG/data=!4m7!3m6!1s0x2d6cdf00475866b1:0x105fb530018cf108!8m2!3d-3.766211!4d128.0111882!16s%2Fg%2F11zcn94ccb!19sChIJsWZYRwDfbC0RCPGMATC1XxA?authuser=0&hl=id&g_ep=EgoyMDI2MDkxNi4wIJJjKgBIAVAD&rclk=1
3976;DAPUR SPPG TANIWEL TIMUR;Dapur SPPG Taniwel Timur, Sukaraja, Kec. Taniwel Tim., Kabupaten Seram Bagian Barat, Maluku;Maluku;Seram Bagian Barat;Taniwel Timur;T3 alamat fuzzy;https://www.google.com/maps/place/Dapur+SPPG+Taniwel+Timur/data=!4m7!3m6!1s0x2d69550049bbe7f5:0x8588e8c2f1fdce72!8m2!3d-2.8619007!4d128.7132715!16s%2Fg%2F11zbbwxl2l!19sChIJ9ee7SQBVaS0Rcs798cLoiIU?authuser=0&hl=id&g_ep=EgoyMDI2MDkxNi4wIJJjKgBIAVAD&rclk=1
3977;KEC. TELUTIH;Kabupaten Maluku Tengah, Maluku;Maluku;Maluku Tengah;Telutih;T4 nama file;https://www.google.com/maps/place/Kec.+Telutih/data=!4m7!3m6!1s0x2d6a65817c97d731:0x43575c604a0bf9a4!8m2!3d-3.3265855!4d129.7841976!16s%2Fg%2F12z65l4x4!19sChIJMdeXfIFlai0RpPkLSmBcV0M?authuser=0&hl=id&g_ep=EgoyMDI2MDkxNi4wIJJjKgBIAVAD&rclk=1
3978;KANTOR KLASIS GPM TELUTIH;Kantor Klasis GPM Telutih, Lafa, Telutih, Central Maluku Regency, Maluku;Maluku;Maluku Tengah;Telutih;T4 nama file;https://www.google.com/maps/place/Kantor+Klasis+GPM+Telutih/data=!4m7!3m6!1s0x2d6a67cb8c7eee7f:0xf1964b93071c6910!8m2!3d-3.3188115!4d129.6687666!16s%2Fg%2F11lgnmxh5_!19sChIJf-5-jMtnai0REGkcB5NLlvE?authuser=0&hl=id&g_ep=EgoyMDI2MDkxNi4wIJJjKgBIAVAD&rclk=1
3979;KEC. TLK. ELPAPUTIH;Kabupaten Maluku Tengah, Maluku;Maluku;Maluku Tengah;Teluk Elpaputih;T4 nama file;https://www.google.com/maps/place/Kec.+Tlk.+Elpaputih/data=!4m7!3m6!1s0x2d6b92b39d15d067:0xb2d65ac40b141752!8m2!3d-3.2207692!4d128.8534865!16s%2Fg%2F1hm3jgm04!19sChIJZ9AVnbOSay0RUhcUC8Ra1rI?authuser=0&hl=id&g_ep=EgoyMDI2MDkxNi4wIJJjKgBIAVAD&rclk=1
3983;PERSIAPAN SPPG OHOIRA;PERSIAPAN SPPG OHOIRA, Ohoira, Kec. Kei Kecil Bar., Kabupaten Maluku Tenggara, Maluku;Maluku;Maluku Tenggara;Kei Kecil Barat;T3 alamat fuzzy;https://www.google.com/maps/place/PERSIAPAN+SPPG+OHOIRA/data=!4m7!3m6!1s0x2d2ffb005754d635:0x2597d3ebc88e41ab!8m2!3d-5.8355625!4d132.6906875!16s%2Fg%2F11yz8hgqnd!19sChIJNdZUVwD7Ly0Rq0GOyOvTlyU?authuser=0&hl=id&g_ep=EgoyMDI2MDkxNi4wIJJjKgBIAVAD&rclk=1
3984;KEC. HOAT SORBAY;Kabupaten Maluku Tenggara, Maluku;Maluku;Maluku Tenggara;Hoat Sorbay;T4 nama file;https://www.google.com/maps/place/Kec.+Hoat+Sorbay/data=!4m7!3m6!1s0x2d2ffb5735dd09d3:0x34afb92b49352bf1!8m2!3d-5.7625705!4d132.7020733!16s%2Fg%2F12z65rjyg!19sChIJ0wndNVf7Ly0R8Ss1SSu5rzQ?authuser=0&hl=id&g_ep=EgoyMDI2MDkxNi4wIJJjKgBIAVAD&rclk=1
3986;SPPG KAIRATU BARAT KAMAL;SPPG KAIRATU BARAT KAMAL, Kamal, Kec. Kairatu Bar., Kabupaten Seram Bagian Barat, Maluku;Maluku;Seram Bagian Barat;Kairatu Barat;T3 alamat fuzzy;https://www.google.com/maps/place/SPPG+KAIRATU+BARAT+KAMAL/data=!4m7!3m6!1s0x2d6c41000681e8e3:0x187fd92f04dff9af!8m2!3d-3.2143057!4d128.2811965!16s%2Fg%2F11zbdj31ny!19sChIJ4-iBBgBBbC0Rr_nfBC_Zfxg?authuser=0&hl=id&g_ep=EgoyMDI2MDkxNi4wIJJjKgBIAVAD&rclk=1
3988;SPPG ETI2;Kompleks elite manipa, Piru, Kec. Seram Bar., Kabupaten Seram Bagian Barat, Maluku 97562;Maluku;Seram Bagian Barat;Seram Barat;T3 alamat fuzzy;https://www.google.com/maps/place/SPPG+ETI2/data=!4m7!3m6!1s0x2d6c250032b668cb:0xeca41351993fe7b3!8m2!3d-3.0664344!4d128.2052496!16s%2Fg%2F11zx28n41_!19sChIJy2i2MgAlbC0Rs-c_mVETpOw?authuser=0&hl=id&g_ep=EgoyMDI2MDkxNi4wIJJjKgBIAVAD&rclk=1
3992;KEC. INAMOSOL;Kabupaten Seram Bagian Barat, Maluku;Maluku;Seram Bagian Barat;Inamosol;T4 nama file;https://www.google.com/maps/place/Kec.+Inamosol/data=!4m7!3m6!1s0x2d6c728866d52eef:0x5bec28e34f3cb18d!8m2!3d-3.2334031!4d128.4500616!16s%2Fg%2F11fnqt1gm2!19sChIJ7y7VZohybC0RjbE8T-Mo7Fs?authuser=0&hl=id&g_ep=EgoyMDI2MDkxNi4wIJJjKgBIAVAD&rclk=1
3996;KEC. KEPULAUAN MANIPA;Kabupaten Seram Bagian Barat, Maluku;Maluku;Seram Bagian Barat;Kepulauan Manipa;T4 nama file;https://www.google.com/maps/place/Kec.+Kepulauan+Manipa,+Kabupaten+Seram+Bagian+Barat,+Maluku/@-3.308332,127.518745,13z/data=!3m1!4b1!4m6!3m5!1s0x2d6d96c7ee7766b1:0x44a0c6a82a329841!8m2!3d-3.3368083!4d127.5516442!16s%2Fg%2F1hm5q6zk7?hl=id&entry=ttu&g_ep=EgoyMDI2MDkxNi4wIKXMDSoASAFQAw%3D%3D
3998;SPPG KEC TELUK WARU;Sppg kec teluk waru, Belis, Kec. Tlk. Waru, Kabupaten Seram Bagian Timur, Maluku;Maluku;Seram Bagian Timur;Teluk Waru;T3 alamat fuzzy;https://www.google.com/maps/place/Sppg+kec+teluk+waru/@-3.3973443,130.6610072,17z/data=!3m1!4b1!4m6!3m5!1s0x2d40ff00284e96cd:0x96864274d4d86a27!8m2!3d-3.3973443!4d130.6610072!16s%2Fg%2F11yywj14m3?hl=id&entry=ttu&g_ep=EgoyMDI2MDkxNi4wIKXMDSoASAFQAw%3D%3D
3999;WERINAMA;Kabupaten Seram Bagian Timur, Maluku;Maluku;Seram Bagian Timur;Werinama;T4 nama file;https://www.google.com/maps/place/Werinama/data=!4m7!3m6!1s0x2d4032629251a867:0x5d34ed8352394a25!8m2!3d-3.4233267!4d130.2271243!16s%2Fg%2F120tb4lm!19sChIJZ6hRkmIyQC0RJUo5UoPtNF0?authuser=0&hl=id&g_ep=EgoyMDI2MDkxNi4wIJJjKgBIAVAD&rclk=1
4000;KABUPATEN SERAM BAGIAN TIMUR;Maluku;Maluku;Seram Bagian Timur;Siwalalat;T4 nama file;https://www.google.com/maps/place/Kabupaten+Seram+Bagian+Timur/data=!4m7!3m6!1s0x2d3f615fa30e5abb:0x3e3cbf11d9dac8!8m2!3d-3.4233267!4d130.2271243!16s%2Fm%2F0gh7wm6!19sChIJu1oOo19hPy0RyNrZEb88PgA?authuser=0&hl=id&g_ep=EgoyMDI2MDkxNi4wIJJjKgBIAVAD&rclk=1
4001;KILMURY;Kec. Seram Tim., Kabupaten Seram Bagian Timur, Maluku;Maluku;Seram Bagian Timur;Seram Timur;T3 alamat fuzzy;https://www.google.com/maps/place/Kilmury/data=!4m7!3m6!1s0x2d40613c4a580e41:0x935e27a1be02d187!8m2!3d-3.6249497!4d130.5940565!16s%2Fg%2F1hm4kflrs!19sChIJQQ5YSjxhQC0Rh9ECvqEnXpM?authuser=0&hl=id&g_ep=EgoyMDI2MDkxNi4wIJJjKgBIAVAD&rclk=1
4004;KIAN DARAT;Kiandarat, Kian Darat, Kabupaten Seram Bagian Timur, Maluku;Maluku;Seram Bagian Timur;Kian Darat;T4 nama file;https://www.google.com/maps/place/Kian+Darat/data=!4m7!3m6!1s0x2d408fd9d31bf6ab:0x63cc3443f68b9180!8m2!3d-3.6853452!4d130.7867889!16s%2Fg%2F1z2crzb1h!19sChIJq_Yb09mPQC0RgJGL9kM0zGM?authuser=0&hl=id&g_ep=EgoyMDI2MDkxNi4wIJJjKgBIAVAD&rclk=1
4005;KEC. GOROM TIMUR;Kabupaten Seram Bagian Timur, Maluku;Maluku;Seram Bagian Timur;Gorom Timur;T4 nama file;https://www.google.com/maps/place/Kec.+Gorom+Timur/data=!4m7!3m6!1s0x2d38b774cbfd95eb:0xaee5fbc2b0124a41!8m2!3d-3.9797121!4d131.4112125!16s%2Fg%2F120s25dp!19sChIJ65X9y3S3OC0RQUoSsML75a4?authuser=0&hl=id&g_ep=EgoyMDI2MDkxNi4wIJJjKgBIAVAD&rclk=1
4006;KEC. LIAN FITU;Kabupaten Seram Bagian Timur, Maluku;Maluku;Seram Bagian Timur;Siritaun Wida Timur;T4 nama file;https://www.google.com/maps/place/Kec.+Lian+Fitu/data=!4m7!3m6!1s0x2d4084ec3077cd9f:0x240a3775e9ef412c!8m2!3d-3.7413684!4d130.8286316!16s%2Fg%2F11b5vc997h!19sChIJn813MOyEQC0RLEHv6XU3CiQ?authuser=0&hl=id&g_ep=EgoyMDI2MDkxNi4wIJJjKgBIAVAD&rclk=1
4010;SPPG AKELAMO;SPPG AKELAMO, Akelamo, Kec. Sahu Tim., Kabupaten Halmahera Barat, Maluku Utara;Maluku Utara;Halmahera Barat;Sahu Timur;T3 alamat fuzzy;https://www.google.com/maps/place/SPPG+AKELAMO/@1.1279592,127.4780625,17z/data=!3m1!4b1!4m6!3m5!1s0x329b45006807035b:0x5835f1d8fede5757!8m2!3d1.1279592!4d127.4780625!16s%2Fg%2F11nc7nlhnz?hl=id&entry=ttu&g_ep=EgoyMDI2MDkxNi4wIKXMDSoASAFQAw%3D%3D
4019;SPPG BABANG (MBG);SPPG BABANG (MBG), Jl. Raya Labuha-Babang, Babang, Kec. Bacan Tim., Kabupaten Halmahera Selatan, Maluku Utara;Maluku Utara;Halmahera Selatan;Bacan Timur;T3 alamat fuzzy;https://www.google.com/maps/place/SPPG+BABANG+(MBG)/@-0.6321527,127.5899882,17z/data=!3m1!4b1!4m6!3m5!1s0x2d633d0068f4ac07:0xf5e1b8028bed26ad!8m2!3d-0.6321527!4d127.5899882!16s%2Fg%2F11yl1dz_yd?hl=id&entry=ttu&g_ep=EgoyMDI2MDkxNi4wIKXMDSoASAFQAw%3D%3D
4020;POLSEK GANE TIMUR;Polsek Gane Timur, Kebun Raja, Kec. Gane Tim., Kabupaten Halmahera Selatan, Maluku Utara;Maluku Utara;Halmahera Selatan;Gane Timur;T3 alamat fuzzy;https://www.google.com/maps/place/Polsek+Gane+Timur/@0.0368451,127.840618,17z/data=!3m1!4b1!4m6!3m5!1s0x329d7d35e99c0635:0x53db585475e23cf8!8m2!3d0.0368451!4d127.840618!16s%2Fg%2F11spns8z9w?hl=id&entry=ttu&g_ep=EgoyMDI2MDkxNi4wIKXMDSoASAFQAw%3D%3D
4021;KEC. GANE BAR. SEL.;Kabupaten Halmahera Selatan, Maluku Utara;Maluku Utara;Halmahera Selatan;Gane Barat;T4 nama file;https://www.google.com/maps/place/Kec.+Gane+Bar.+Sel./data=!4m7!3m6!1s0x2d6397277d762b2f:0x53c8be4d55503c6d!8m2!3d-0.762002!4d128.203222!16s%2Fg%2F1231gggn!19sChIJLyt2fSeXYy0RbTxQVU2-yFM?authuser=0&hl=id&g_ep=EgoyMDI2MDkxNi4wIJJjKgBIAVAD&rclk=1
4022;PULAU MAKIAN;Kabupaten Halmahera Selatan, Maluku Utara;Maluku Utara;Halmahera Selatan;Pulau Makian;T4 nama file;https://www.google.com/maps/place/Pulau+Makian/@0.3252199,127.3927721,13z/data=!3m1!4b1!4m6!3m5!1s0x329d3179db48fa5d:0x7d9868f2e9dd90f6!8m2!3d0.3127237!4d127.4040871!16s%2Fg%2F11bc5m7980?hl=id&entry=ttu&g_ep=EgoyMDI2MDkxNi4wIKXMDSoASAFQAw%3D%3D
4026;OBI SEL.;Kabupaten Halmahera Selatan, Maluku Utara;Maluku Utara;Halmahera Selatan;Obi Selatan;T4 nama file;https://www.google.com/maps/place/Obi+Sel./data=!4m7!3m6!1s0x2d656b34a940158b:0xee55ecd0b3e7ac39!8m2!3d-1.6047188!4d127.681228!16s%2Fg%2F121_bvrn!19sChIJixVAqTRrZS0ROazns9DsVe4?authuser=0&hl=id&g_ep=EgoyMDI2MDkxNi4wIJJjKgBIAVAD&rclk=1
4027;KEC. MAKIAN BAR.;Kabupaten Halmahera Selatan, Maluku Utara;Maluku Utara;Halmahera Selatan;Makian Barat;T4 nama file;https://www.google.com/maps/place/Kec.+Makian+Bar./data=!4m7!3m6!1s0x329d33cf763f2eb5:0x45fdc116119553a4!8m2!3d0.3281416!4d127.3464815!16s%2Fg%2F11mvxw610r!19sChIJtS4_ds8znTIRpFOVERbB_UU?authuser=0&hl=id&g_ep=EgoyMDI2MDkxNi4wIJJjKgBIAVAD&rclk=1
4029;KEC. KEPULAUAN BOTANG LOMANG;Kabupaten Halmahera Selatan, Maluku Utara;Maluku Utara;Halmahera Selatan;Kepulauan Botanglomang;T4 nama file;https://www.google.com/maps/place/Kec.+Kepulauan+Botang+Lomang/data=!4m7!3m6!1s0x2d6333b6f740dfb1:0x6b1042a5e2595523!8m2!3d-0.6551716!4d127.3965666!16s%2Fg%2F1hm2m5dsp!19sChIJsd9A97YzYy0RI1VZ4qVCEGs?authuser=0&hl=id&g_ep=EgoyMDI2MDkxNi4wIJJjKgBIAVAD&rclk=1
4030;PULAU MANDIOLI;Maluku Utara;Maluku Utara;Halmahera Selatan;Mandioli Selatan;T4 nama file;https://www.google.com/maps/place/Pulau+Mandioli/@-0.700552,127.2473916,12z/data=!3m1!4b1!4m6!3m5!1s0x2d7ccaf13c609f21:0x40562bc25a12bb2e!8m2!3d-0.705902!4d127.2329979!16s%2Fg%2F121yn8md?hl=id&entry=ttu&g_ep=EgoyMDI2MDkxNi4wIKXMDSoASAFQAw%3D%3D
4031;KASIRUTA TIM.;Kabupaten Halmahera Selatan, Maluku Utara;Maluku Utara;Halmahera Selatan;Kasiruta Timur;T4 nama file;https://www.google.com/maps/place/Kasiruta+Tim./data=!4m7!3m6!1s0x2d7d2dea279651d7:0x8cd08b78ad71a212!8m2!3d-0.4336779!4d127.2329979!16s%2Fg%2F11mvxvqjl_!19sChIJ11GWJ-otfS0REqJxrXiL0Iw?authuser=0&hl=id&g_ep=EgoyMDI2MDkxNi4wIJJjKgBIAVAD&rclk=1
4033;KEC. GANE TIM. SEL.;Kabupaten Halmahera Selatan, Maluku Utara;Maluku Utara;Halmahera Selatan;Gane Timur Selatan;T4 nama file;https://www.google.com/maps/place/Kec.+Gane+Tim.+Sel./data=!4m7!3m6!1s0x2d63eaaffbc75a2d:0x5d731fac62ca9680!8m2!3d-0.7047222!4d128.2191774!16s%2Fg%2F121g6rl1!19sChIJLVrH-6_qYy0RgJbKYqwfc10?authuser=0&hl=id&g_ep=EgoyMDI2MDkxNi4wIJJjKgBIAVAD&rclk=1
4034;SPPG WONODRI;Jl. Wonodri Krajan 3 No.689, Wonodri, Kec. Semarang Sel., Kota Semarang, Jawa Tengah 50242;Maluku Utara;Halmahera Selatan;Gane Barat Utara;T4 nama file;https://www.google.com/maps/place/SPPG+WONODRI/@-7.0007268,110.4321878,17z/data=!3m1!4b1!4m6!3m5!1s0x2e708d002bf9a0af:0x3194b8e5bd965d62!8m2!3d-7.0007268!4d110.4321878!16s%2Fg%2F11ymzxkxrf?hl=id&entry=ttu&g_ep=EgoyMDI2MDkxNi4wIKXMDSoASAFQAw%3D%3D
4035;SPPG DAPUR SEHAT JIKOTAMO OBI;;Maluku Utara;Halmahera Selatan;Obi Timur;T4 nama file;https://www.google.com/maps/place/SPPG+DAPUR+SEHAT+JIKOTAMO+OBI/data=!4m7!3m6!1s0xa22baa5b51ea1735:0xdf1b3952f2a16a0f!8m2!3d-1.43271!4d127.6668615!16s%2Fg%2F11ycnrpjjn!19sChIJNRfqUVuqK6IRD2qh8lI5G98?authuser=0&hl=id&g_ep=EgoyMDI2MDkxNi4wIJJjKgBIAVAD&rclk=1
4037;SMP NEGERI 38;SMP NEGERI 38, Pulau Obilatu, Kec. Obi Bar., Kabupaten Halmahera Selatan, Maluku Utara;Maluku Utara;Halmahera Selatan;Obi Barat;T4 nama file;https://www.google.com/maps/place/SMP+NEGERI+38/data=!4m7!3m6!1s0x2d64d50055d7f023:0x65df11c4e1d914ea!8m2!3d-1.4021288!4d127.3506658!16s%2Fg%2F11w4ck50g2!19sChIJI_DXVQDVZC0R6hTZ4cQR32U?authuser=0&hl=id&g_ep=EgoyMDI2MDkxNi4wIJJjKgBIAVAD&rclk=1
4047;KANTOR CAMAT PATANI BARAT;Kantor Camat Patani Barat, Bobane Jaya, Kec. Patani Bar., Kabupaten Halmahera Tengah, Maluku Utara;Maluku Utara;Halmahera Tengah;Patani Barat;T3 alamat fuzzy;https://www.google.com/maps/place/Kantor+Camat+Patani+Barat/data=!4m7!3m6!1s0x329ddb724f9c7f63:0xc9b7a96abc53a280!8m2!3d0.3205012!4d128.5587973!16s%2Fg%2F11n8393_43!19sChIJY3-cT3LbnTIRgKJTvGqpt8k?authuser=0&hl=id&g_ep=EgoyMDI2MDkxNi4wIJJjKgBIAVAD&rclk=1
4049;SPPG YAYASAN DARUL MUJADID;Sppg Yayasan Darul Mujadid, Sosowomo, Weda Selatan, Central Halmahera Regency, North Maluku;Maluku Utara;Halmahera Tengah;Weda Selatan;T4 nama file;https://www.google.com/maps/place/Sppg+Yayasan+Darul+Mujadid/@0.2343683,127.9115134,17z/data=!3m1!4b1!4m6!3m5!1s0x329d75000cf1d1ed:0x514ae21225565987!8m2!3d0.2343683!4d127.9115134!16s%2Fg%2F11zjmlh8k4?hl=id&entry=ttu&g_ep=EgoyMDI2MDkxNi4wIKXMDSoASAFQAw%3D%3D
4053;SPPG RAWAMANGUN (DAPUR BAROKAH);;Maluku Utara;Halmahera Timur;Wasile;T4 nama file;https://www.google.com/maps/place/SPPG+RAWAMANGUN+%28DAPUR+BAROKAH%29/data=!4m7!3m6!1s0x8eac19b5d030897b:0xe488eba0fe057314!8m2!3d1.2071455!4d128.297701!16s%2Fg%2F11yyf3481r!19sChIJe4kw0LUZrI4RFHMF_qDriOQ?authuser=0&hl=id&g_ep=EgoyMDI2MDkxNi4wIJJjKgBIAVAD&rclk=1
4054;SPPG BANGUL HALTIM;SPPG BANGUL HALTIM, Bangul, Maba Tengah, East Halmahera Regency, North Maluku;Maluku Utara;Halmahera Timur;Wasile;T4 nama file;https://www.google.com/maps/place/SPPG+BANGUL+HALTIM/data=!4m7!3m6!1s0x329bf7002e6f0725:0xbac1fa66a0e7d672!8m2!3d0.9683215!4d128.465024!16s%2Fg%2F11zdcdv3yw!19sChIJJQdvLgD3mzIRctbnoGb6wbo?authuser=0&hl=id&g_ep=EgoyMDI2MDkxNi4wIJJjKgBIAVAD&rclk=1
4055;SPPG DAKAINO - WASILE TIMUR (YAYASAN ANAK EMAS DWIPANTARA);SPPG DAKAINO - WASILE TIMUR (Yayasan Anak Emas Dwipantara), Jl. Trans Hal-Tim, Daka Ino, Kec. Wasile Tim., Kabupaten Halmahera Timur, Maluku Utara;Maluku Utara;Halmahera Timur;Wasile Timur;T3 alamat fuzzy;https://www.google.com/maps/place/SPPG+DAKAINO+-+WASILE+TIMUR+%28Yayasan+Anak+Emas+Dwipantara%29/data=!4m7!3m6!1s0x329b91004bbdd555:0x4ba4430078570eff!8m2!3d1.0951336!4d128.1891153!16s%2Fg%2F11zys039bv!19sChIJVdW9SwCRmzIR_w5XeABDpEs?authuser=0&hl=id&g_ep=EgoyMDI2MDkxNi4wIJJjKgBIAVAD&rclk=1
4056;SPPG RAWAMANGUN (DAPUR BAROKAH);SPPG RAWAMANGUN (DAPUR BAROKAH), Daka Ino, Kec. Wasile Tim., Kabupaten Halmahera Timur, Maluku Utara;Maluku Utara;Halmahera Timur;Wasile Timur;T3 alamat fuzzy;https://www.google.com/maps/place/SPPG+RAWAMANGUN+%28DAPUR+BAROKAH%29/data=!4m7!3m6!1s0x329b910072971653:0xa5528f4610f41bb!8m2!3d1.0970699!4d128.1890391!16s%2Fg%2F11yz9bvf3m!19sChIJUxaXcgCRmzIRu0EPYfQoVQo?authuser=0&hl=id&g_ep=EgoyMDI2MDkxNi4wIJJjKgBIAVAD&rclk=1
4059;KEC. WASILE UTARA;Kabupaten Halmahera Timur, Maluku Utara;Maluku Utara;Halmahera Timur;Wasile Utara;T4 nama file;https://www.google.com/maps/place/Kec.+Wasile+Utara/data=!4m7!3m6!1s0x329a32e230fd4fd5:0x3c7417c6f2357f8e!8m2!3d1.4649455!4d128.3488444!16s%2Fg%2F122h0kcw!19sChIJ1U_9MOIymjIRjn818sYXdDw?authuser=0&hl=id&g_ep=EgoyMDI2MDkxNi4wIJJjKgBIAVAD&rclk=1
4062;SPPG BANGUL MABA TENGAH HALMAHERA TIMUR;Jl. Alternatif, Bangul, Maba Tengah, East Halmahera Regency, North Maluku;Maluku Utara;Halmahera Timur;Maba Utara;T4 nama file;https://www.google.com/maps/place/SPPG+BANGUL+MABA+TENGAH+HALMAHERA+TIMUR/data=!4m7!3m6!1s0x329bf72145273acd:0xeeaa717f87124fc6!8m2!3d0.9683168!4d128.4651376!16s%2Fg%2F11zh8_ptk5!19sChIJzTonRSH3mzIRxk8Sh39xqu4?authuser=0&hl=id&g_ep=EgoyMDI2MDkxNi4wIJJjKgBIAVAD&rclk=1
4068;DESA SAMUDA;Desa samuda, Samuda, Kec. Galela Bar., Kabupaten Halmahera Utara, Maluku Utara;Maluku Utara;Halmahera Utara;Galela Barat;T3 alamat fuzzy;https://www.google.com/maps/place/Desa+samuda/@1.7930158,127.7715969,17z/data=!3m1!4b1!4m6!3m5!1s0x329a91aad55705e7:0x8c7876ce0ef6acf8!8m2!3d1.7930158!4d127.7715969!16s%2Fg%2F11kpr26h68?hl=id&entry=ttu&g_ep=EgoyMDI2MDkxNi4wIKXMDSoASAFQAw%3D%3D
4072;SPPG LOMBOK UTARA TANJUNG SAMA GUNA;SPPG Lombok Utara Tanjung Sama Guna, Jenggala, Tanjung, North Lombok Regency, West Nusa Tenggara 83352;Maluku Utara;Halmahera Utara;Kao Teluk;T4 nama file;https://www.google.com/maps/place/SPPG+Lombok+Utara+Tanjung+Sama+Guna/@-8.3616782,116.1723347,17z/data=!3m1!4b1!4m6!3m5!1s0x2dcddb0008f72d7d:0x2657b06d089fc477!8m2!3d-8.3616782!4d116.1723347!16s%2Fg%2F11zf62vkt2?hl=id&entry=ttu&g_ep=EgoyMDI2MDkxNi4wIKXMDSoASAFQAw%3D%3D
4076;KEC. SULA BESI BAR.;Kabupaten Kepulauan Sula, Maluku Utara;Maluku Utara;Kepulauan Sula;Sulabesi Barat;T4 nama file;https://www.google.com/maps/place/Kec.+Sula+Besi+Bar./data=!4m7!3m6!1s0x2d774ccd74d48759:0x9e7fb33f4aca87de!8m2!3d-2.1911921!4d125.8827294!16s%2Fg%2F121n94g0!19sChIJWYfUdM1Mdy0R3ofKSj-zf54?authuser=0&hl=id&g_ep=EgoyMDI2MDkxNi4wIJJjKgBIAVAD&rclk=1
4077;SPPG WAIOWA;SPPG WAIOWA, Sekom, Kec. Sulabesi Sel., Kabupaten Kepulauan Sula, Maluku Utara;Maluku Utara;Kepulauan Sula;Sulabesi Barat;T4 nama file;https://www.google.com/maps/place/SPPG+WAIOWA/data=!4m7!3m6!1s0x2d70cb004d534c2f:0x81085b6b2b2f7212!8m2!3d-2.2872331!4d125.9323978!16s%2Fg%2F11zg9xc13q!19sChIJL0xTTQDLcC0REnIvK2tbCIE?authuser=0&hl=id&g_ep=EgoyMDI2MDkxNi4wIJJjKgBIAVAD&rclk=1
4078;KEC. SULABESI TIMUR;Kabupaten Kepulauan Sula, Maluku Utara;Maluku Utara;Kepulauan Sula;Sulabesi Timur;T4 nama file;https://www.google.com/maps/place/Kec.+Sulabesi+Timur/data=!4m7!3m6!1s0x2d70d1a714978cad:0xb7e818da71ae9c3d!8m2!3d-2.3972103!4d126.0597014!16s%2Fg%2F11c1q6zc7h!19sChIJrYyXFKfRcC0RPZyucdoY6Lc?authuser=0&hl=id&g_ep=EgoyMDI2MDkxNi4wIJJjKgBIAVAD&rclk=1
4079;DAPUR MBG SPPG FALA;DAPUR MBG SPPG FALA, Falabisahaya, Mangoli Utara, Kabupaten Kepulauan Sula, Maluku Utara;Maluku Utara;Kepulauan Sula;Mangoli Barat;T4 nama file;https://www.google.com/maps/place/DAPUR+MBG+SPPG+FALA/@-1.7882453,125.4856111,17z/data=!3m1!4b1!4m6!3m5!1s0x2d79c1006c687973:0x69e2cafa9097f0d8!8m2!3d-1.7882453!4d125.4856111!16s%2Fg%2F11yr2dln9t?hl=id&entry=ttu&g_ep=EgoyMDI2MDkxNi4wIKXMDSoASAFQAw%3D%3D
4082;SPPG JATI;SPPG JATI, Jati, Kec. Ternate Sel., Kota Ternate, Maluku Utara;Maluku Utara;Kota Ternate;Pulau Ternate;T4 nama file;https://www.google.com/maps/place/SPPG+JATI/data=!4m7!3m6!1s0x329cb5000570804f:0x83200fa94d7c7db3!8m2!3d0.7768434!4d127.3689246!16s%2Fg%2F11z2x9kswv!19sChIJT4BwBQC1nDIRs318TakPIIM?authuser=0&hl=id&g_ep=EgoyMDI2MDkxNi4wIJJjKgBIAVAD&rclk=1
4083;SPPG JATI PERUMNAS;SPPG Jati Perumnas, Jl. Matoa 3, Jati Perumnas, Ternate Selatan, Ternate City, North Maluku;Maluku Utara;Kota Ternate;Pulau Ternate;T4 nama file;https://www.google.com/maps/place/SPPG+Jati+Perumnas/data=!4m7!3m6!1s0x329cb5004d4ab161:0x921ac87c558fe86c!8m2!3d0.7752795!4d127.3714188!16s%2Fg%2F11nb3c6gfz!19sChIJYbFKTQC1nDIRbOiPVXzIGpI?authuser=0&hl=id&g_ep=EgoyMDI2MDkxNi4wIJJjKgBIAVAD&rclk=1
4087;SPPG MARIKURUBU;SPPG MARIKURUBU, lingkungan Torano, Marikurubu, Kec. Ternate Tengah, Kota Ternate, Maluku Utara;Maluku Utara;Kota Ternate;Pulau Ternate;T4 nama file;https://www.google.com/maps/place/SPPG+MARIKURUBU/data=!4m7!3m6!1s0x329cb300640013cf:0x5f5cc625f30a9fd3!8m2!3d0.794114!4d127.3663208!16s%2Fg%2F11zd63_bnr!19sChIJzxMAZACznDIR058K8yXGXF8?authuser=0&hl=id&g_ep=EgoyMDI2MDkxNi4wIJJjKgBIAVAD&rclk=1
4088;SPPG KAYU MERAH;Kayu Merah, Kec. Ternate Sel., Kota Ternate, Maluku Utara 97717;Maluku Utara;Kota Ternate;Pulau Ternate;T4 nama file;https://www.google.com/maps/place/SPPG+Kayu+Merah/data=!4m7!3m6!1s0x329cb5002d1a35a7:0xfda8ee9d39f82741!8m2!3d0.7686519!4d127.3649207!16s%2Fg%2F11vzd03p2z!19sChIJpzUaLQC1nDIRQSf4OZ3uqP0?authuser=0&hl=id&g_ep=EgoyMDI2MDkxNi4wIJJjKgBIAVAD&rclk=1
4090;SPPG DAPUR SAFIRA TAKOMA;SPPG Dapur SAFIRA Takoma, Jl. Pohon Pala, Takoma, Kec. Ternate Tengah, Kota Ternate, Maluku Utara;Maluku Utara;Kota Ternate;Kota Ternate Selatan;T4 nama file;https://www.google.com/maps/place/SPPG+Dapur+SAFIRA+Takoma/data=!4m7!3m6!1s0x329cb1004f25e1fd:0x5b582162b1c91e8f!8m2!3d0.7808574!4d127.3845172!16s%2Fg%2F11yzngv4ft!19sChIJ_eElTwCxnDIRjx7JsWIhWFs?authuser=0&hl=id&g_ep=EgoyMDI2MDkxNi4wIJJjKgBIAVAD&rclk=1
4091;SPPG MAKASSAR TIMUR;SPPG Makassar Timur, Makassar Tim., Kec. Ternate Tengah, Kota Ternate, Maluku Utara;Maluku Utara;Kota Ternate;Kota Ternate Tengah;T4 nama file;https://www.google.com/maps/place/SPPG+Makassar+Timur/data=!4m7!3m6!1s0x329cb10050f7ba7f:0xb94b64df9978965b!8m2!3d0.7960246!4d127.3873954!16s%2Fg%2F11zkrs_clw!19sChIJf7r3UACxnDIRW5Z4md9kS7k?authuser=0&hl=id&g_ep=EgoyMDI2MDkxNi4wIJJjKgBIAVAD&rclk=1
4093;SPPG GURAPING;SPPG GURAPING, Jl. Trans Halmahera, Guraping, Oba Utara, Kota Tidore Kepulauan, Maluku Utara;Maluku Utara;Kota Tidore Kepulauan;Oba Utara;T4 nama file;https://www.google.com/maps/place/SPPG+GURAPING/data=!4m7!3m6!1s0x329cbf0078c83af1:0x2ccaa3dcab2623e6!8m2!3d0.7572284!4d127.5969441!16s%2Fg%2F11ykn8k1b2!19sChIJ8TrIeAC_nDIR5iMmq9yjyiw?authuser=0&hl=id&g_ep=EgoyMDI2MDkxNi4wIJJjKgBIAVAD&rclk=1
4094;SPPG KUSU;SPPG Kusu, Kusu, Oba Utara, Kota Tidore Kepulauan, Maluku Utara;Maluku Utara;Kota Tidore Kepulauan;Oba Utara;T4 nama file;https://www.google.com/maps/place/SPPG+Kusu/data=!4m7!3m6!1s0x329cc100730800cf:0xa1fd4fe92c662051!8m2!3d0.6980501!4d127.5558755!16s%2Fg%2F11zymw30j9!19sChIJzwAIcwDBnDIRUSBmLOlP_aE?authuser=0&hl=id&g_ep=EgoyMDI2MDkxNi4wIJJjKgBIAVAD&rclk=1
4097;SPPG MUHAJIRIN;Desa, Muhajirin, Kec. Morotai Sel., Kabupaten Pulau Morotai, Maluku Utara 97771;Maluku Utara;Pulau Morotai;Morotai Selatan Barat;T4 nama file;https://www.google.com/maps/place/SPPG+Muhajirin/@2.0574501,128.3355786,17z/data=!3m1!4b1!4m6!3m5!1s0x3290bd700d4f21bb:0x49076a1bf0338bb5!8m2!3d2.0574501!4d128.3355786!16s%2Fg%2F11z71czr7g?hl=id&entry=ttu&g_ep=EgoyMDI2MDkxNi4wIKXMDSoASAFQAw%3D%3D
4099;SPPG MOROTAI TIMUR;Sppg Morotai Timur, Jl. Sangowo, Sangowo, Kec. Morotai Tim., Kabupaten Pulau Morotai, Maluku Utara;Maluku Utara;Pulau Morotai;Morotai Timur;T3 alamat fuzzy;https://www.google.com/maps/place/Sppg+Morotai+Timur/data=!4m7!3m6!1s0x3290b10017b9a99f:0xe4262448bd9f5d6c!8m2!3d2.1076651!4d128.5628874!16s%2Fg%2F11y0gzrbt0!19sChIJn6m5FwCxkDIRbF2fvUgkJuQ?authuser=0&hl=id&g_ep=EgoyMDI2MDkxNi4wIJJjKgBIAVAD&rclk=1
4100;SPPG DESA KOLORAY;SPPG Desa Koloray, Kolorai, Morotai Selatan, Morotai Island Regency, North Maluku;Maluku Utara;Pulau Morotai;Morotai Selatan;T4 nama file;https://www.google.com/maps/place/SPPG+Desa+Koloray/data=!4m7!3m6!1s0x32909b0066565057:0x6432d646dfb41613!8m2!3d2.053887!4d128.211246!16s%2Fg%2F11nr2j97h7!19sChIJV1BWZgCbkDIRExa030bWMmQ?authuser=0&hl=id&g_ep=EgoyMDI2MDkxNi4wIJJjKgBIAVAD&rclk=1
4101;PULAU BAU;Kec. Morotai Sel. Bar., Kabupaten Pulau Morotai, Maluku Utara;Maluku Utara;Pulau Morotai;Pulau Rao;T4 nama file;https://www.google.com/maps/place/Pulau+Bau/@2.350289,128.1565185,13z/data=!3m1!4b1!4m6!3m5!1s0x3290e4cfdbc57cff:0xa42834964329e6d8!8m2!3d2.3499489!4d128.1582923!16s%2Fg%2F11b_00r0n4?hl=id&entry=ttu&g_ep=EgoyMDI2MDkxNi4wIKXMDSoASAFQAw%3D%3D
4103;SPPG 3T DESA PANCORAN;SPPG 3T DESA PANCORAN, Bobong, Kec. Taliabu Bar., Pulau Taliabu, Maluku Utara;Maluku Utara;Pulau Taliabu;Taliabu Barat;T4 nama file;https://www.google.com/maps/place/SPPG+3T+DESA+PANCORAN/data=!4m7!3m6!1s0x2d82af0072e9f761:0x21d44d7d946e2dac!8m2!3d-1.9453067!4d124.3829336!16s%2Fg%2F11zf478s56!19sChIJYffpcgCvgi0RrC1ulH1N1CE?authuser=0&hl=id&g_ep=EgoyMDI2MDkxNi4wIJJjKgBIAVAD&rclk=1
4104;SPPG WAYO;Sppg Wayo, Wayo, Kec. Taliabu Bar., Kabupaten Kepulauan Sula, Maluku Utara;Maluku Utara;Pulau Taliabu;Taliabu Barat;T3 alamat fuzzy;https://www.google.com/maps/place/Sppg+Wayo/data=!4m7!3m6!1s0x2d82af0016111c5b:0xaddb069bc39b3218!8m2!3d-1.9598589!4d124.3934713!16s%2Fg%2F11z7qrbph7!19sChIJWxwRFgCvgi0RGDKbw5sG260?authuser=0&hl=id&g_ep=EgoyMDI2MDkxNi4wIJJjKgBIAVAD&rclk=1
4105;SPPG KILONG;SPPG Kilong, Bobong, Kec. Taliabu Bar., Pulau Taliabu, Maluku Utara;Maluku Utara;Pulau Taliabu;Taliabu Barat;T4 nama file;https://www.google.com/maps/place/SPPG+Kilong/data=!4m7!3m6!1s0x2d82af007a37884f:0xa5c66851012c8cf6!8m2!3d-1.9330191!4d124.3811291!16s%2Fg%2F11myry2fty!19sChIJT4g3egCvgi0R9owsAVFoxqU?authuser=0&hl=id&g_ep=EgoyMDI2MDkxNi4wIJJjKgBIAVAD&rclk=1
4106;SPPG DESA LOSSENG;SPPG Desa Losseng, Losseng, Kec. Taliabu Tim. Sel., Kabupaten Kepulauan Sula, Maluku Utara;Maluku Utara;Pulau Taliabu;Taliabu Selatan;T4 nama file;https://www.google.com/maps/place/SPPG+Desa+Losseng/data=!4m7!3m6!1s0x2d782500761a3973:0x9d3531ba699461eb!8m2!3d-1.9106346!4d125.015894!16s%2Fg%2F11n56p60lk!19sChIJczkadgAleC0R62GUaboxNZ0?authuser=0&hl=id&g_ep=EgoyMDI2MDkxNi4wIJJjKgBIAVAD&rclk=1
4116;SPPG SONDOSIA II;SPPG SONDOSIA II, Jl. Lintas Sumbawa - Bima, Sondosia, Bolo, Bima Regency, West Nusa Tenggara 84161;Nusa Tenggara Barat;Bima;Bolo;T4 nama file;https://www.google.com/maps/place/SPPG+SONDOSIA+II/data=!4m7!3m6!1s0x2dca77004cf00701:0x781cd42df206439b!8m2!3d-8.5274994!4d118.6493481!16s%2Fg%2F11nqrrzr22!19sChIJAQfwTAB3yi0Rm0MG8i3UHHg?authuser=0&hl=id&g_ep=EgoyMDI2MDkxNi4wIJJjKgBIAVAD&rclk=1
4122;SPPG AISYA SAKURU;SPPG Aisya Sakuru, Jl. Lintas Tente - Parado, Sekuru, Monta, Bima Regency, West Nusa Tenggara 84173;Nusa Tenggara Barat;Bima;Monta;T4 nama file;https://www.google.com/maps/place/SPPG+Aisya+Sakuru/data=!4m7!3m6!1s0x2db581002687e81d:0x7bb94f9d32bc310e!8m2!3d-8.6400575!4d118.6930875!16s%2Fg%2F11nj9x3mcf!19sChIJHeiHJgCBtS0RDjG8Mp1PuXs?authuser=0&hl=id&g_ep=EgoyMDI2MDkxNi4wIJJjKgBIAVAD&rclk=1
4124;SPPG 3T PUSU LANGGUDU BIMA;SPPG 3T PUSU LANGGUDU BIMA, Wadu Ruka, Langgudu, Bima Regency, West Nusa Tenggara;Nusa Tenggara Barat;Bima;Monta;T4 nama file;https://www.google.com/maps/place/SPPG+3T+PUSU+LANGGUDU+BIMA/data=!4m7!3m6!1s0x2db57b000f787391:0x96e9a3b9b1bac8a2!8m2!3d-8.8185146!4d118.8076991!16s%2Fg%2F11z0_p1qz8!19sChIJkXN4DwB7tS0Rosi6sbmj6ZY?authuser=0&hl=id&g_ep=EgoyMDI2MDkxNi4wIJJjKgBIAVAD&rclk=1
4127;SPPG KOTA BIMA RASANAE TIMUR OIMBO;SPPG Kota Bima Rasanae Timur Oimbo, Jl. Lintas Bima-Sape, Kumbe, Kec. Rasanae Tim., Kab. Bima, Nusa Tenggara Bar. 84115;Nusa Tenggara Barat;Bima;Monta;T4 nama file;https://www.google.com/maps/place/SPPG+Kota+Bima+Rasanae+Timur+Oimbo/data=!4m7!3m6!1s0x2db58f0052b966a1:0x2344798dd81528c1!8m2!3d-8.4855176!4d118.7742134!16s%2Fg%2F11yqbdjycj!19sChIJoWa5UgCPtS0RwSgV2I15RCM?authuser=0&hl=id&g_ep=EgoyMDI2MDkxNi4wIJJjKgBIAVAD&rclk=1
4138;SPPG KARYA SAHABAT NANGA WERA;SPPG KARYA SAHABAT NANGA WERA, Jl. Wera, Wora, Wera, Bima Regency, West Nusa Tenggara 84152;Nusa Tenggara Barat;Bima;Wera;T4 nama file;https://www.google.com/maps/place/SPPG+KARYA+SAHABAT+NANGA+WERA/data=!4m7!3m6!1s0x2db5ed0032710fc3:0x25c5b2525dde465f!8m2!3d-8.3202982!4d118.8907435!16s%2Fg%2F11njr563l4!19sChIJww9xMgDttS0RX0beXVKyxSU?authuser=0&hl=id&g_ep=EgoyMDI2MDkxNi4wIJJjKgBIAVAD&rclk=1
4147;MBG-SPPG KOTA BIMA PARUGA 2 (GRAND DAPUR GROUP);Jl. Soekarno Hatta No.10, Paruga, Kec. Rasanae Bar., Kab. Bima, Nusa Tenggara Bar. 84117;Nusa Tenggara Barat;Kota Bima;Rasanae Barat;T3 alamat fuzzy;https://www.google.com/maps/place/MBG-SPPG+KOTA+BIMA+PARUGA+2+%28Grand+Dapur+Group%29/data=!4m7!3m6!1s0x2db58b0071149fb3:0xbba063f677824348!8m2!3d-8.4552796!4d118.7278072!16s%2Fg%2F11yx790s7f!19sChIJs58UcQCLtS0RSEOCd_ZjoLs?authuser=0&hl=id&g_ep=EgoyMDI2MDkxNi4wIJJjKgBIAVAD&rclk=1
4150;SPPG SARAE;SPPG SARAE, Jl. Mawar Utara, RT.018/RW.006, Gilipanda, Sarae, Kec. Rasanae Bar., Kab. Bima, Nusa Tenggara Bar. 84118;Nusa Tenggara Barat;Kota Bima;Rasanae Barat;T3 alamat fuzzy;https://www.google.com/maps/place/SPPG+SARAE/data=!4m7!3m6!1s0x2db58b007eab75dd:0x36ca265b693e77b3!8m2!3d-8.4442494!4d118.731014!16s%2Fg%2F11zgz8_bcl!19sChIJ3XWrfgCLtS0Rs3c-aVsmyjY?authuser=0&hl=id&g_ep=EgoyMDI2MDkxNi4wIJJjKgBIAVAD&rclk=1
4151;SPPG KOTA BIMA MPUNDA MONGGONAO 2;Jl. Sukun No.6, Monggonao, Mpunda, Bima Regency, West Nusa Tenggara 84116;Nusa Tenggara Barat;Bima;Ambalawi;T4 nama file;https://www.google.com/maps/place/SPPG+Kota+Bima+Mpunda+Monggonao+2/data=!4m7!3m6!1s0x2db58b0025493b09:0x5e5ab20e1bfbdd94!8m2!3d-8.458125!4d118.7407053!16s%2Fg%2F11npt129lg!19sChIJCTtJJQCLtS0RlN37Gw6yWl4?authuser=0&hl=id&g_ep=EgoyMDI2MDkxNi4wIJJjKgBIAVAD&rclk=1
4160;SPPG BIMA LAMBU LANTA;SPPG BIMA LAMBU LANTA, Lanta Bar., Lambu, Kabupaten Bima, Nusa Tenggara Bar. 84182;Nusa Tenggara Barat;Bima;Lambu;T4 nama file;https://www.google.com/maps/place/SPPG+BIMA+LAMBU+LANTA/data=!4m7!3m6!1s0x2db59f0048831bdf:0x75c0d05a25e3ddbc!8m2!3d-8.6153103!4d118.9976278!16s%2Fg%2F11zh66yryr!19sChIJ3xuDSACftS0RvN3jJVrQwHU?authuser=0&hl=id&g_ep=EgoyMDI2MDkxNi4wIJJjKgBIAVAD&rclk=1
4161;SPPG BIMA LAMBU NGGELU 2;SPPG BIMA LAMBU NGGELU 2, Nggelu, Lambu, Kabupaten Bima, Nusa Tenggara Bar. 84182;Nusa Tenggara Barat;Bima;Lambu;T4 nama file;https://www.google.com/maps/place/SPPG+BIMA+LAMBU+NGGELU+2/data=!4m7!3m6!1s0x2db50b007fa8a495:0x1c5925a1c5bdda20!8m2!3d-8.7136865!4d119.0887944!16s%2Fg%2F11zdz4f95r!19sChIJlaSofwALtS0RINq9xaElWRw?authuser=0&hl=id&g_ep=EgoyMDI2MDkxNi4wIJJjKgBIAVAD&rclk=1
4162;SPPG BIMA LAMBU SIMPASAI;SPPG BIMA LAMBU SIMPASAI, Simpasai, Lambu, Kabupaten Bima, Nusa Tenggara Bar. 84182;Nusa Tenggara Barat;Bima;Lambu;T4 nama file;https://www.google.com/maps/place/SPPG+BIMA+LAMBU+SIMPASAI/data=!4m7!3m6!1s0x2db5990019eb5e9d:0x24389cd42e788168!8m2!3d-8.6018375!4d118.9842031!16s%2Fg%2F11zx3bj6xq!19sChIJnV7rGQCZtS0RaIF4LtScOCQ?authuser=0&hl=id&g_ep=EgoyMDI2MDkxNi4wIJJjKgBIAVAD&rclk=1
4163;SPPG BIMA LAMBU LAMBU 2;SPPG BIMA LAMBU LAMBU 2, Jl. Lintas Sumi-Lambu, Lambu, Kabupaten Bima, Nusa Tenggara Bar. 84182;Nusa Tenggara Barat;Bima;Lambu;T4 nama file;https://www.google.com/maps/place/SPPG+BIMA+LAMBU+LAMBU+2/data=!4m7!3m6!1s0x2db5a10064d8882b:0x34977df7b23a6002!8m2!3d-8.6529013!4d119.07478!16s%2Fg%2F11zf5lxgqq!19sChIJK4jYZAChtS0RAmA6svd9lzQ?authuser=0&hl=id&g_ep=EgoyMDI2MDkxNi4wIJJjKgBIAVAD&rclk=1
4166;SPPG DOMPU DOMPU DORA TANGGA;SPPG DOMPU DOMPU DORA TANGGA, Jl. Syech Moh., Dorotangga, Dompu, Dompu Regency, West Nusa Tenggara 84212;Nusa Tenggara Barat;Dompu;Pajo;T4 nama file;https://www.google.com/maps/place/SPPG+DOMPU+DOMPU+DORA+TANGGA/data=!4m7!3m6!1s0x2dca6f004090004f:0x6daa00adb8c15c9e!8m2!3d-8.528532!4d118.4712579!16s%2Fg%2F11nr1svyv1!19sChIJTwCQQABvyi0RnlzBuK0Aqm0?authuser=0&hl=id&g_ep=EgoyMDI2MDkxNi4wIJJjKgBIAVAD&rclk=1
4183;SPPG DOMPU HU'U RASABOU 2;SPPG Dompu Hu'u Rasabou 2, Persiapan Jala, Hu'u, Dompu Regency, West Nusa Tenggara 84271;Nusa Tenggara Barat;Dompu;Hu'u;T4 nama file;https://www.google.com/maps/place/SPPG+Dompu+Hu%27u+Rasabou+2/data=!4m7!3m6!1s0x2dca89007ddc5d27:0x1821d1caf24d0513!8m2!3d-8.7346364!4d118.4286522!16s%2Fg%2F11ntl97xv6!19sChIJJ13cfQCJyi0REwVN8srRIRg?authuser=0&hl=id&g_ep=EgoyMDI2MDkxNi4wIJJjKgBIAVAD&rclk=1
4184;KEC. KILO;Kabupaten Dompu, Nusa Tenggara Bar.;Nusa Tenggara Barat;Dompu;Kilo;T4 nama file;https://www.google.com/maps/place/Kec.+Kilo/data=!4m7!3m6!1s0x2dca146ed40a5035:0x5e977b9404419007!8m2!3d-8.3098905!4d118.3947476!16s%2Fg%2F1215ck5n!19sChIJNVAK1G4Uyi0RB5BBBJR7l14?authuser=0&hl=id&g_ep=EgoyMDI2MDkxNi4wIJJjKgBIAVAD&rclk=1
4185;SPPG KOTA BIMA MPUNDA SANTI;;Nusa Tenggara Barat;Kota Bima;Asakota;T4 nama file;https://www.google.com/maps/place/SPPG+Kota+Bima+Mpunda+Santi/data=!4m7!3m6!1s0x6960eab7345c2cfd:0x5d30610922542815!8m2!3d-8.462889!4d118.7447156!16s%2Fg%2F11zg01y8gg!19sChIJ_SxcNLfqYGkRFShUIglhMF0?authuser=0&hl=id&g_ep=EgoyMDI2MDkxNi4wIJJjKgBIAVAD&rclk=1
4186;SPPG KOTA BIMA MPUNDA MANDE;;Nusa Tenggara Barat;Kota Bima;Asakota;T4 nama file;https://www.google.com/maps/place/SPPG+KOTA+BIMA+MPUNDA+MANDE/data=!4m7!3m6!1s0xfe66db519a76501:0x18029d5c4ab5d4e8!8m2!3d-2.44565!4d117.8888!16s%2Fg%2F11yy8n9vhb!19sChIJAWWnGbVt5g8R6NS1SlydAhg?authuser=0&hl=id&g_ep=EgoyMDI2MDkxNi4wIJJjKgBIAVAD&rclk=1
4188;SPPG PARUGA;SPPG PARUGA, Jl. Soekarno Hatta, Paruga, Kec. Rasanae Bar., Kab. Bima, Nusa Tenggara Bar. 84118;Nusa Tenggara Barat;Kota Bima;Rasanae Barat;T3 alamat fuzzy;https://www.google.com/maps/place/SPPG+PARUGA/data=!4m7!3m6!1s0x2db58b00213adf83:0x98b1a8d5e0d24f27!8m2!3d-8.4552287!4d118.7287568!16s%2Fg%2F11y0dw8g2k!19sChIJg986IQCLtS0RJ0_S4NWosZg?authuser=0&hl=id&g_ep=EgoyMDI2MDkxNi4wIJJjKgBIAVAD&rclk=1
4189;SPPG KOTA MATARAM - AMPENAN TENGAH;Jl. Semangka No.45-30, Central Ampenan, Ampenan, Mataram City, West Nusa Tenggara 83511;Nusa Tenggara Barat;Kota Mataram;Mataram;T4 nama file;https://www.google.com/maps/place/SPPG+Kota+Mataram+-+Ampenan+Tengah/data=!4m7!3m6!1s0x2dcdc100652368b3:0x1cd7755261ce9d6b!8m2!3d-8.5732977!4d116.0809359!16s%2Fg%2F11y_ptswrf!19sChIJs2gjZQDBzS0Ra53OYVJ11xw?authuser=0&hl=id&g_ep=EgoyMDI2MDkxNi4wIJJjKgBIAVAD&rclk=1
4194;SPPG KOTA MATARAM SELAPARANG REMBIGA 3;Rembiga, Selaparang, Mataram City, West Nusa Tenggara 83124;Nusa Tenggara Barat;Kota Mataram;Mataram;T4 nama file;https://www.google.com/maps/place/SPPG+Kota+Mataram+Selaparang+Rembiga+3/data=!4m7!3m6!1s0x2dcdc10010259ae9:0x4f64445714520760!8m2!3d-8.5637288!4d116.1160724!16s%2Fg%2F11zbckzg8t!19sChIJ6ZolEADBzS0RYAdSFFdEZE8?authuser=0&hl=id&g_ep=EgoyMDI2MDkxNi4wIJJjKgBIAVAD&rclk=1
4201;SPPG KOTA MATARAM SELAPARANG REMBIGA;SPPG KOTA MATARAM SELAPARANG REMBIGA, Rembiga, Selaparang, Mataram City, West Nusa Tenggara 83124;Nusa Tenggara Barat;Kota Mataram;Mataram;T4 nama file;https://www.google.com/maps/place/SPPG+KOTA+MATARAM+SELAPARANG+REMBIGA/data=!4m7!3m6!1s0x2dcdc1007a669c3b:0xc3304b2bd95e2592!8m2!3d-8.5606566!4d116.1073635!16s%2Fg%2F11zb9k51l5!19sChIJO5xmegDBzS0RkiVe2StLMMM?authuser=0&hl=id&g_ep=EgoyMDI2MDkxNi4wIJJjKgBIAVAD&rclk=1
4204;SPPG KOTA MATARAM MATARAM PAGUTAN;Jl. Banda Seraya No.14, Pagutan Barat, Mataram, Mataram City, West Nusa Tenggara 83117;Nusa Tenggara Barat;Kota Mataram;Mataram;T4 nama file;https://www.google.com/maps/place/SPPG+KOTA+MATARAM+MATARAM+PAGUTAN/data=!4m7!3m6!1s0x2dcdbf0007bfbe6b:0xb037b77dbf32889f!8m2!3d-8.6131298!4d116.1077961!16s%2Fg%2F11zcfm1rpk!19sChIJa76_BwC_zS0Rn4gyv323N7A?authuser=0&hl=id&g_ep=EgoyMDI2MDkxNi4wIJJjKgBIAVAD&rclk=1
4210;SPPG REMBIGA 4;Jl. Jend. Sudirman No.108, Gegutu, Rembiga, Selaparang, Mataram City, West Nusa Tenggara 83124;Nusa Tenggara Barat;Kota Mataram;Cakranegara;T4 nama file;https://www.google.com/maps/place/SPPG+REMBIGA+4/data=!4m7!3m6!1s0x2dcdc1001308d395:0x914c55099499cc07!8m2!3d-8.5649586!4d116.1229097!16s%2Fg%2F11n415mh3r!19sChIJldMIEwDBzS0RB8yZlAlVTJE?authuser=0&hl=id&g_ep=EgoyMDI2MDkxNi4wIJJjKgBIAVAD&rclk=1
4214;SPPG KOTA MATARAM CAKRANEGARA KARANG TALIWANG;SPPG Kota Mataram Cakranegara Karang Taliwang, Jl. Ade Irma Suryani, Monjok, Cakranegara, Mataram City, West Nusa Tenggara 83239;Nusa Tenggara Barat;Kota Mataram;Cakranegara;T4 nama file;https://www.google.com/maps/place/SPPG+Kota+Mataram+Cakranegara+Karang+Taliwang/data=!4m7!3m6!1s0x2dcdc1004643dd35:0xfe20138eb6278b1e!8m2!3d-8.5781712!4d116.1284671!16s%2Fg%2F11z83h3bl2!19sChIJNd1DRgDBzS0RHosnto4TIP4?authuser=0&hl=id&g_ep=EgoyMDI2MDkxNi4wIJJjKgBIAVAD&rclk=1
4222;SPPG SEKARBELA KARANG PULE;SPPG SEKARBELA KARANG PULE, Tanjung Karang, Sekarbela, Mataram City, West Nusa Tenggara 83116;Nusa Tenggara Barat;Kota Mataram;Sekarbela;T4 nama file;https://www.google.com/maps/place/SPPG+SEKARBELA+KARANG+PULE/data=!4m7!3m6!1s0x2dcdbf0008a3ef05:0x58844611661e4530!8m2!3d-8.6046378!4d116.0857845!16s%2Fg%2F11nqbd5djc!19sChIJBe-jCAC_zS0RMEUeZhFGhFg?authuser=0&hl=id&g_ep=EgoyMDI2MDkxNi4wIJJjKgBIAVAD&rclk=1
4235;SPPG LOMBOK BARAT NARMADA SEDAU;SPPG Lombok Barat Narmada Sedau, Jl. Dahlia 2, Sedau, Narmada, West Lombok Regency, West Nusa Tenggara 83371;Nusa Tenggara Barat;Lombok Barat;Narmada;T4 nama file;https://www.google.com/maps/place/SPPG+Lombok+Barat+Narmada+Sedau/data=!4m7!3m6!1s0x2dcdc9002e1f0b53:0x9d72e72ba1f27507!8m2!3d-8.5679175!4d116.2605063!16s%2Fg%2F11z7bf3vjy!19sChIJUwsfLgDJzS0RB3XyoSvncp0?authuser=0&hl=id&g_ep=EgoyMDI2MDkxNi4wIJJjKgBIAVAD&rclk=1
4247;SPPG LOMBOK BARAT LINGSAR SARIBAYE;SPPG LOMBOK BARAT LINGSAR SARIBAYE, Jl. Lkr. Lingsar II, Batu Kumbung, Lingsar, West Lombok Regency, West Nusa Tenggara 83371;Nusa Tenggara Barat;Lombok Barat;Narmada;T4 nama file;https://www.google.com/maps/place/SPPG+LOMBOK+BARAT+LINGSAR+SARIBAYE/data=!4m7!3m6!1s0x2dcdc700509aed97:0x8e517f699c42065e!8m2!3d-8.5694946!4d116.1863947!16s%2Fg%2F11mzsbg456!19sChIJl-2aUADHzS0RXgZCnGl_UY4?authuser=0&hl=id&g_ep=EgoyMDI2MDkxNi4wIJJjKgBIAVAD&rclk=1
4252;SPPG GUNUNGSARI KEKAIT 2;Jl. Raya Tanjung No.KM.8, Kekait, Mataram, Kabupaten Lombok Barat, Nusa Tenggara Bar. 83351;Nusa Tenggara Barat;Lombok Barat;Gunungsari;T4 nama file;https://www.google.com/maps/place/SPPG+GUNUNGSARI+KEKAIT+2/data=!4m7!3m6!1s0x2dcdc1004f5c89d3:0x48c879810654dd1d!8m2!3d-8.5304344!4d116.1024166!16s%2Fg%2F11z8rz4859!19sChIJ04lcTwDBzS0RHd1UBoF5yEg?authuser=0&hl=id&g_ep=EgoyMDI2MDkxNi4wIJJjKgBIAVAD&rclk=1
4259;SPPG HASANAH PEREMPUNG;SPPG Hasanah Perempung, Dsn Perempung Timur, Taman Sari, Gunungsari, West Lombok Regency, West Nusa Tenggara 83351;Nusa Tenggara Barat;Lombok Barat;Gunungsari;T4 nama file;https://www.google.com/maps/place/SPPG+Hasanah+Perempung/data=!4m7!3m6!1s0x2dcdc10026fb2b2d:0xca6e5343deae47f3!8m2!3d-8.5480601!4d116.1129205!16s%2Fg%2F11zkrm3_kb!19sChIJLSv7JgDBzS0R80eu3kNTbso?authuser=0&hl=id&g_ep=EgoyMDI2MDkxNi4wIJJjKgBIAVAD&rclk=1
4265;SPPG GUNUNGSARI JATISELA 3;SPPG GUNUNGSARI JATISELA 3, Jl. Belukus 2, Jati Ireng, Jati Sela, Gunungsari, West Lombok Regency, West Nusa Tenggara 83351;Nusa Tenggara Barat;Lombok Barat;Gunungsari;T4 nama file;https://www.google.com/maps/place/SPPG+GUNUNGSARI+JATISELA+3/data=!4m7!3m6!1s0x2dcdc1002fb60379:0x95c21cf0a4c88a0c!8m2!3d-8.5486399!4d116.0824849!16s%2Fg%2F11zcflrwcf!19sChIJeQO2LwDBzS0RDIrIpPAcwpU?authuser=0&hl=id&g_ep=EgoyMDI2MDkxNi4wIJJjKgBIAVAD&rclk=1
4314;SPPG PRAYA TIMUR GANTI;SPPG PRAYA TIMUR GANTI, Ganti, Kec. Praya Tim., Kabupaten Lombok Tengah, Nusa Tenggara Bar. 83581;Nusa Tenggara Barat;Lombok Tengah;Praya Timur;T3 alamat fuzzy;https://www.google.com/maps/place/SPPG+PRAYA+TIMUR+GANTI/data=!4m7!3m6!1s0x2dcdad003f228221:0x1d21454c9f0c991e!8m2!3d-8.773061!4d116.3970884!16s%2Fg%2F11nv0vm59g!19sChIJIYIiPwCtzS0RHpkMn0xFIR0?authuser=0&hl=id&g_ep=EgoyMDI2MDkxNi4wIJJjKgBIAVAD&rclk=1
4315;SPPG SENGKERANG PRAYA TIMUR;SPPG SENGKERANG PRAYA TIMUR, Jl. Raya Sengkerang, Sengkerang, Kec. Praya Tim., Kabupaten Lombok Tengah, Nusa Tenggara Bar. 83581;Nusa Tenggara Barat;Lombok Tengah;Praya Timur;T3 alamat fuzzy;https://www.google.com/maps/place/SPPG+SENGKERANG+PRAYA+TIMUR/data=!4m7!3m6!1s0x2dcdad0069025e7b:0xd4a275cbba288313!8m2!3d-8.7661753!4d116.3786828!16s%2Fg%2F11ypdksmr3!19sChIJe14CaQCtzS0RE4Moust1otQ?authuser=0&hl=id&g_ep=EgoyMDI2MDkxNi4wIJJjKgBIAVAD&rclk=1
4317;SPPG UNGGA;SPPG UNGGA, Jl. Raya Ungga - Darek, Darek, Kec. Praya Bar. Daya, Kabupaten Lombok Tengah, Nusa Tenggara Bar. 83571;Nusa Tenggara Barat;Lombok Tengah;Praya Barat Daya;T3 alamat fuzzy;https://www.google.com/maps/place/SPPG+UNGGA/data=!4m7!3m6!1s0x2dcdbb004fb0dd41:0x655dd07ad391a9ee!8m2!3d-8.7286918!4d116.2006525!16s%2Fg%2F11zd8bpj8h!19sChIJQd2wTwC7zS0R7qmR03rQXWU?authuser=0&hl=id&g_ep=EgoyMDI2MDkxNi4wIJJjKgBIAVAD&rclk=1
4326;SPPG MUJUR;Mujur, Kec. Praya Tim., Kabupaten Lombok Tengah, Nusa Tenggara Bar. 83581;Nusa Tenggara Barat;Lombok Tengah;Praya Timur;T3 alamat fuzzy;https://www.google.com/maps/place/SPPG+MUJUR/data=!4m7!3m6!1s0x2dcdad002c464ac3:0x87824cc30808fcd5!8m2!3d-8.7591395!4d116.3586242!16s%2Fg%2F11yx9hft2x!19sChIJw0pGLACtzS0R1fwICMNMgoc?authuser=0&hl=id&g_ep=EgoyMDI2MDkxNi4wIJJjKgBIAVAD&rclk=1
4337;SPPG MARUS CATERING(BATUJAI);SPPG MARUS CATERING(BATUJAI), Batujai, Kec. Praya Bar., Kabupaten Lombok Tengah, Nusa Tenggara Bar. 83572;Nusa Tenggara Barat;Lombok Tengah;Praya Barat;T3 alamat fuzzy;https://www.google.com/maps/place/SPPG+MARUS+CATERING%28BATUJAI%29/data=!4m7!3m6!1s0x2dcdbb004f5db681:0x7af3d34308038084!8m2!3d-8.7347542!4d116.2265653!16s%2Fg%2F11mky_myyl!19sChIJgbZdTwC7zS0RhIADCEPT83o?authuser=0&hl=id&g_ep=EgoyMDI2MDkxNi4wIJJjKgBIAVAD&rclk=1
4342;SPPG NURUL WAHYI MUJUR;Jl. Raya Mujur-Marong, Mujur, Praya Timur, Central Lombok Regency, West Nusa Tenggara 83581;Nusa Tenggara Barat;Lombok Tengah;Pujut;T4 nama file;https://www.google.com/maps/place/Sppg+nurul+wahyi+mujur/data=!4m7!3m6!1s0x2dcdadef9e6b2bc3:0x18a7c7fc0051c67c!8m2!3d-8.7645601!4d116.3492862!16s%2Fg%2F11yy12q38n!19sChIJwytrnu-tzS0RfMZRAPzHpxg?authuser=0&hl=id&g_ep=EgoyMDI2MDkxNi4wIJJjKgBIAVAD&rclk=1
4346;SPPG LOMBOK TENGAH PRAYA BARAT BATUJAI 1;SPPG Lombok Tengah Praya Barat Batujai 1, Batujai, Kec. Praya Bar., Kabupaten Lombok Tengah, Nusa Tenggara Bar. 83572;Nusa Tenggara Barat;Lombok Tengah;Praya Barat;T3 alamat fuzzy;https://www.google.com/maps/place/SPPG+Lombok+Tengah+Praya+Barat+Batujai+1/data=!4m7!3m6!1s0x2dcdb100161a8239:0xf7f46fce490519fb!8m2!3d-8.735166!4d116.2450057!16s%2Fg%2F11nr099nm5!19sChIJOYIaFgCxzS0R-xkFSc5v9Pc?authuser=0&hl=id&g_ep=EgoyMDI2MDkxNi4wIJJjKgBIAVAD&rclk=1
4352;SPPG LOMBOK TENGAH PRAYA BARAT DAYA KABUL;SPPG LOMBOK TENGAH PRAYA BARAT DAYA KABUL, Kabul, Kec. Praya Bar. Daya, Kabupaten Lombok Tengah, Nusa Tenggara Bar. 83571;Nusa Tenggara Barat;Lombok Tengah;Praya Barat Daya;T3 alamat fuzzy;https://www.google.com/maps/place/SPPG+LOMBOK+TENGAH+PRAYA+BARAT+DAYA+KABUL/data=!4m7!3m6!1s0x2dcda500505260a1:0x420003f329878b6b!8m2!3d-8.7841271!4d116.1783871!16s%2Fg%2F11z1zq93nr!19sChIJoWBSUAClzS0Ra4uHKfMDAEI?authuser=0&hl=id&g_ep=EgoyMDI2MDkxNi4wIJJjKgBIAVAD&rclk=1
4356;SPPG ARUPAHALA LENDANG BAO;SPPG ARUPAHALA LENDANG BAO, Batu Jangkih, Kec. Praya Bar. Daya, Kabupaten Lombok Tengah, Nusa Tenggara Bar. 83571;Nusa Tenggara Barat;Lombok Tengah;Praya Barat Daya;T3 alamat fuzzy;https://www.google.com/maps/place/SPPG+ARUPAHALA+LENDANG+BAO/data=!4m7!3m6!1s0x2dcda500424320d7:0x6cffefa4ea45997e!8m2!3d-8.8088425!4d116.1489063!16s%2Fg%2F11yy0c68cg!19sChIJ1yBDQgClzS0RfplF6qTv_2w?authuser=0&hl=id&g_ep=EgoyMDI2MDkxNi4wIJJjKgBIAVAD&rclk=1
4357;SPPG TANAK RARANG;Dusun kelebuh Jl. Tanak Rarang No.Desa, Setanggor, Kec. Praya Bar., Kabupaten Lombok Tengah, provinsi Nusa tenggara Barat 83572;Nusa Tenggara Barat;Lombok Tengah;Praya Barat;T3 alamat fuzzy;https://www.google.com/maps/place/SPPG+TANAK+RARANG/data=!4m7!3m6!1s0x2dcda500568a4211:0x52109acaddb38c73!8m2!3d-8.7788471!4d116.2047905!16s%2Fg%2F11zcj3yd39!19sChIJEUKKVgClzS0Rc4yz3cqaEFI?authuser=0&hl=id&g_ep=EgoyMDI2MDkxNi4wIJJjKgBIAVAD&rclk=1
4360;SPPG PRINGGARATA PEMEPEK 2;SPPG PRINGGARATA PEMEPEK 2, Pemepek, Pringgarata, Central Lombok Regency, West Nusa Tenggara 83371;Nusa Tenggara Barat;Lombok Tengah;Pringgarata;T4 nama file;https://www.google.com/maps/place/SPPG+PRINGGARATA+PEMEPEK+2/data=!4m7!3m6!1s0x2dcdb7005d699c23:0x5e085e0111b517a0!8m2!3d-8.5917048!4d116.2525145!16s%2Fg%2F11zhfxpc3r!19sChIJI5xpXQC3zS0RoBe1EQFeCF4?authuser=0&hl=id&g_ep=EgoyMDI2MDkxNi4wIJJjKgBIAVAD&rclk=1
4361;SPPG LOMBOK TENGAH PRINGGARATA II;SPPG Lombok Tengah Pringgarata II, Pemepek, Pringgarata, Central Lombok Regency, West Nusa Tenggara 83371;Nusa Tenggara Barat;Lombok Tengah;Pringgarata;T4 nama file;https://www.google.com/maps/place/SPPG+Lombok+Tengah+Pringgarata+II/data=!4m7!3m6!1s0x2dcdc90072f210d3:0xaf52c99a7d060b81!8m2!3d-8.5687348!4d116.2836124!16s%2Fg%2F11zh9_dyjr!19sChIJ0xDycgDJzS0RgQsGfZrJUq8?authuser=0&hl=id&g_ep=EgoyMDI2MDkxNi4wIJJjKgBIAVAD&rclk=1
4363;SPPG BONJERUK;SPPG BONJERUK, Bonjeruk, Jonggat, Central Lombok Regency, West Nusa Tenggara 83561;Nusa Tenggara Barat;Lombok Tengah;Jonggat;T4 nama file;https://www.google.com/maps/place/SPPG+BONJERUK/data=!4m7!3m6!1s0x2dcdb9000dfcfdd9:0x74a991c3e6fce948!8m2!3d-8.6475018!4d116.2197472!16s%2Fg%2F11z4dw2s4n!19sChIJ2f38DQC5zS0RSOn85sORqXQ?authuser=0&hl=id&g_ep=EgoyMDI2MDkxNi4wIJJjKgBIAVAD&rclk=1
4366;SPPG TEDUH JONGGAT;Puyung, Jonggat, Central Lombok Regency, West Nusa Tenggara 83561;Nusa Tenggara Barat;Lombok Tengah;Jonggat;T4 nama file;https://www.google.com/maps/place/SPPG+Teduh+Jonggat/data=!4m7!3m6!1s0x2dcdb1000da5e479:0xf65a156b1990ba08!8m2!3d-8.6896888!4d116.2322263!16s%2Fg%2F11xp72gwsr!19sChIJeeSlDQCxzS0RCLqQGWsVWvY?authuser=0&hl=id&g_ep=EgoyMDI2MDkxNi4wIJJjKgBIAVAD&rclk=1
4374;SPPG BONJERUK;SPPG BONJERUK, jln.Ubung, Bonjeruk, Jonggat, Central Lombok Regency, West Nusa Tenggara 83561;Nusa Tenggara Barat;Lombok Tengah;Jonggat;T4 nama file;https://www.google.com/maps/place/SPPG+BONJERUK/data=!4m7!3m6!1s0x2dcdb9002783fe8b:0xf7dbf461bca81c9e!8m2!3d-8.6474711!4d116.219577!16s%2Fg%2F11nbp8qv2k!19sChIJi_6DJwC5zS0RnhyovGH02_c?authuser=0&hl=id&g_ep=EgoyMDI2MDkxNi4wIJJjKgBIAVAD&rclk=1
4385;SPPG LOMBOK TENGAH PRAYA GONJAK 2;SPPG Lombok Tengah Praya Gonjak 2, tenganan, Gonjak, Praya, Central Lombok Regency, West Nusa Tenggara 83511;Nusa Tenggara Barat;Lombok Tengah;Praya;T4 nama file;https://www.google.com/maps/place/SPPG+Lombok+Tengah+Praya+Gonjak+2/data=!4m7!3m6!1s0x2dcdb1003eb9a733:0xd46b64015f30ae33!8m2!3d-8.675218!4d116.283261!16s%2Fg%2F11zfj8lhm2!19sChIJM6e5PgCxzS0RM64wXwFka9Q?authuser=0&hl=id&g_ep=EgoyMDI2MDkxNi4wIJJjKgBIAVAD&rclk=1
4387;SPPG PANDAN INDAH;Sppg Pandan Indah, Pandan Indah, Kec. Praya Bar. Daya, Kabupaten Lombok Tengah, Nusa Tenggara Bar. 83572;Nusa Tenggara Barat;Lombok Tengah;Praya Barat Daya;T3 alamat fuzzy;https://www.google.com/maps/place/Sppg+Pandan+Indah/data=!4m7!3m6!1s0x2dcda5000e691d03:0x5052dcbce8e7b0ed!8m2!3d-8.785574!4d116.2130216!16s%2Fg%2F11zwzpblxw!19sChIJAx1pDgClzS0R7bDn6LzcUlA?authuser=0&hl=id&g_ep=EgoyMDI2MDkxNi4wIJJjKgBIAVAD&rclk=1
4388;SPPG PANDAN TINGGANG;SPPG PANDAN TINGGANG, Jalan, Sepi, Batu Jangkih, Kec. Praya Bar. Daya, Kabupaten Lombok Tengah, Nusa Tenggara Bar. 83571;Nusa Tenggara Barat;Lombok Tengah;Praya Barat Daya;T3 alamat fuzzy;https://www.google.com/maps/place/SPPG+PANDAN+TINGGANG/data=!4m7!3m6!1s0x2dcda700039451dd:0x906ed3e89508fdd9!8m2!3d-8.8328375!4d116.1518281!16s%2Fg%2F11yy0jj5x7!19sChIJ3VGUAwCnzS0R2f0IlejTbpA?authuser=0&hl=id&g_ep=EgoyMDI2MDkxNi4wIJJjKgBIAVAD&rclk=1
4389;SPPG LOMBOK TIMUR SELONG PANCOR 8;SPPG Lombok Timur Selong Pancor 8, Jl. Kepal, Pancor, Selong, East Lombok Regency, West Nusa Tenggara 83652;Nusa Tenggara Barat;Lombok Timur;Selong;T4 nama file;https://www.google.com/maps/place/SPPG+Lombok+Timur+Selong+Pancor+8/data=!4m7!3m6!1s0x2dcc4d004001e339:0x683f951d8520d8d!8m2!3d-8.6464125!4d116.5116481!16s%2Fg%2F11z77g3_8z!19sChIJOeMBQABNzC0RjQ1S2FH5gwY?authuser=0&hl=id&g_ep=EgoyMDI2MDkxNi4wIJJjKgBIAVAD&rclk=1
4390;SPPG LOMBOK TIMUR SUWELA KETANGGA;SPPG LOMBOK TIMUR SUWELA KETANGGA, Jl. Pariwisata Suela, Ketangga, Selong, Kabupaten Lombok Timur, Nusa Tenggara Bar. 83655;Nusa Tenggara Barat;Lombok Timur;Selong;T4 nama file;https://www.google.com/maps/place/SPPG+LOMBOK+TIMUR+SUWELA+KETANGGA/data=!4m7!3m6!1s0x2dcc37006c41a4ab:0xf8043de611abd521!8m2!3d-8.536966!4d116.586831!16s%2Fg%2F11ntksr_2k!19sChIJq6RBbAA3zC0RIdWrEeY9BPg?authuser=0&hl=id&g_ep=EgoyMDI2MDkxNi4wIJJjKgBIAVAD&rclk=1
4391;SPPG LOMBOK TIMUR SAKRA TIMUR SURABAYA;Kg. Budi No.1, Surabaya, Sakra Timur, East Lombok Regency, West Nusa Tenggara 83671;Nusa Tenggara Barat;Lombok Timur;Selong;T4 nama file;https://www.google.com/maps/place/SPPG+LOMBOK+TIMUR+SAKRA+TIMUR+SURABAYA/data=!4m7!3m6!1s0x2dcc5100711bc2e5:0x20f2c65d564c13f1!8m2!3d-8.7224179!4d116.5287532!16s%2Fg%2F11njtmsdv7!19sChIJ5cIbcQBRzC0R8RNMVl3G8iA?authuser=0&hl=id&g_ep=EgoyMDI2MDkxNi4wIJJjKgBIAVAD&rclk=1
4393;SPPG LOMBOK TIMUR SELONG SANDU BAYA 1;Jl. KH. Hasyim Asy'ari No.16, Pancor, Selong, East Lombok Regency, West Nusa Tenggara 83611;Nusa Tenggara Barat;Lombok Timur;Selong;T4 nama file;https://www.google.com/maps/place/SPPG+Lombok+Timur+Selong+Sandu+Baya+1/data=!4m7!3m6!1s0x2dcc4f005026bda7:0xc31873d8dcd8d415!8m2!3d-8.6449338!4d116.5349181!16s%2Fg%2F11zb8gx3kw!19sChIJp70mUABPzC0RFdTY3NhzGMM?authuser=0&hl=id&g_ep=EgoyMDI2MDkxNi4wIJJjKgBIAVAD&rclk=1
4396;SPPG LOMBOK TIMUR SELONG PANCOR 4;9G39+HH9JL. T.G.K.H Zainudin Abdul Masjid, Pancor, Mataram, Kabupaten Lombok Timur, Nusa Tenggara Bar. 83611;Nusa Tenggara Barat;Lombok Timur;Selong;T4 nama file;https://www.google.com/maps/place/SPPG+LOMBOK+TIMUR+SELONG+PANCOR+4/data=!4m7!3m6!1s0x2dcc4f0028cd4583:0xd613cdf6d304149a!8m2!3d-8.6460875!4d116.5189844!16s%2Fg%2F11z2wnjm0t!19sChIJg0XNKABPzC0RmhQE0_bNE9Y?authuser=0&hl=id&g_ep=EgoyMDI2MDkxNi4wIJJjKgBIAVAD&rclk=1
4405;SPPG SELONG PANCOR 2;Jl. Dewi Sartika No.9, Pancor, Selong, East Lombok Regency, West Nusa Tenggara 83611;Nusa Tenggara Barat;Lombok Timur;Selong;T4 nama file;https://www.google.com/maps/place/SPPG+SELONG+PANCOR+2/data=!4m7!3m6!1s0x2dcc4f00118dd2df:0x5c8799d76c02d7e5!8m2!3d-8.6441774!4d116.5185503!16s%2Fg%2F11zh1zbgqf!19sChIJ39KNEQBPzC0R5dcCbNeZh1w?authuser=0&hl=id&g_ep=EgoyMDI2MDkxNi4wIJJjKgBIAVAD&rclk=1
4407;SPPG LOMBOK TIMUR SAMBELIA OBEL-OBEL;SPPG LOMBOK TIMUR SAMBELIA OBEL-OBEL, Obel Obel, Sambelia, Kabupaten Lombok Timur, Nusa Tenggara Bar. 83656;Nusa Tenggara Barat;Lombok Timur;Selong;T4 nama file;https://www.google.com/maps/place/SPPG+LOMBOK+TIMUR+SAMBELIA+OBEL-OBEL/data=!4m7!3m6!1s0x2dcc290007ec390f:0x5657d2310d16ad84!8m2!3d-8.2654055!4d116.5451041!16s%2Fg%2F11njk8wgwr!19sChIJDznsBwApzC0RhK0WDTHSV1Y?authuser=0&hl=id&g_ep=EgoyMDI2MDkxNi4wIJJjKgBIAVAD&rclk=1
4410;SPPG LOTIM PRINGGABAYA PRINGGABAYA II;SPPG LOTIM PRINGGABAYA PRINGGABAYA II, Pringgabaya, East Lombok Regency, West Nusa Tenggara 83654;Nusa Tenggara Barat;Lombok Timur;Pringgabaya;T4 nama file;https://www.google.com/maps/place/SPPG+LOTIM+PRINGGABAYA+PRINGGABAYA+II/data=!4m7!3m6!1s0x2dcc470075529837:0x5620a46cccaad540!8m2!3d-8.5526511!4d116.6291606!16s%2Fg%2F11zgqwg7mh!19sChIJN5hSdQBHzC0RQNWqzGykIFY?authuser=0&hl=id&g_ep=EgoyMDI2MDkxNi4wIJJjKgBIAVAD&rclk=1
4411;SPPG LOMBOK TIMUR PRINGGABAYA LABUHAN LOMBOK 3;SPPG Lombok Timur Pringgabaya Labuhan Lombok 3, Jl. Budaya Limbungan, Mekar Sari, Kec. Suela, Kabupaten Lombok Timur, Nusa Tenggara Bar. 83654;Nusa Tenggara Barat;Lombok Timur;Suwela;T3 alamat fuzzy;https://www.google.com/maps/place/SPPG+Lombok+Timur+Pringgabaya+Labuhan+Lombok+3/data=!4m7!3m6!1s0x2dcc39007561dec9:0x4666cbf9a8cd92a3!8m2!3d-8.5082983!4d116.6612381!16s%2Fg%2F11y_ryv9zz!19sChIJyd5hdQA5zC0Ro5LNqPnLZkY?authuser=0&hl=id&g_ep=EgoyMDI2MDkxNi4wIJJjKgBIAVAD&rclk=1
4418;SPPG LOMBOK TIMUR AIKMEL KEMBANG KERANG;SPPG Lombok Timur Aikmel Kembang Kerang, Kembang Kerang Daya, Aikmel, East Lombok Regency, West Nusa Tenggara 83653;Nusa Tenggara Barat;Lombok Timur;Pringgabaya;T4 nama file;https://www.google.com/maps/place/SPPG+Lombok+Timur+Aikmel+Kembang+Kerang/data=!4m7!3m6!1s0x2dcc370077679caf:0x5ebe7535479df20b!8m2!3d-8.5401125!4d116.5385156!16s%2Fg%2F11zb7s8_2l!19sChIJr5xndwA3zC0RC_KdRzV1vl4?authuser=0&hl=id&g_ep=EgoyMDI2MDkxNi4wIJJjKgBIAVAD&rclk=1
4420;SPPG LOMBOK TIMUR SAMBELIA SUGIAN;SPPG LOMBOK TIMUR SAMBELIA SUGIAN, Sugian, Sambelia, Kabupaten Lombok Timur, Nusa Tenggara Bar. 83656;Nusa Tenggara Barat;Lombok Timur;Pringgabaya;T4 nama file;https://www.google.com/maps/place/SPPG+LOMBOK+TIMUR+SAMBELIA+SUGIAN/data=!4m7!3m6!1s0x2dcc25002b7a4833:0xfd1976dc2a97f446!8m2!3d-8.3396028!4d116.6866386!16s%2Fg%2F11z7dtm_tq!19sChIJM0h6KwAlzC0RRvSXKtx2Gf0?authuser=0&hl=id&g_ep=EgoyMDI2MDkxNi4wIJJjKgBIAVAD&rclk=1
4429;SPPG LOMBOK TIMUR SIKUR SIKUR BARAT;Jl. Raya Mataram - Sikur No.km 45, Sikur, BARAT, Kabupaten Lombok Timur, Nusa Tenggara Bar. 83662;Nusa Tenggara Barat;Lombok Timur;Masbagik;T4 nama file;https://www.google.com/maps/place/SPPG+Lombok+Timur+Sikur+Sikur+Barat/data=!4m7!3m6!1s0x2dcc4b0033593169:0x625655696c796b03!8m2!3d-8.6336283!4d116.4385614!16s%2Fg%2F11zb4d9qgw!19sChIJaTFZMwBLzC0RA2t5bGlVVmI?authuser=0&hl=id&g_ep=EgoyMDI2MDkxNi4wIJJjKgBIAVAD&rclk=1
4444;KANTOR SPPG AIKMEL YAJIMU;Jl. Latsitarda No.24, Aikmel, East Lombok Regency, Provinsi Nusa Tenggara Barat 83653;Nusa Tenggara Barat;Lombok Timur;Aikmel;T4 nama file;https://www.google.com/maps/place/Kantor+SPPG+Aikmel+YAJIMU/data=!4m7!3m6!1s0x2dcc49004e53bbb5:0x46245f140b30bd2!8m2!3d-8.5695407!4d116.5338669!16s%2Fg%2F11ymmd1zt2!19sChIJtbtTTgBJzC0R0guzQPFFYgQ?authuser=0&hl=id&g_ep=EgoyMDI2MDkxNi4wIJJjKgBIAVAD&rclk=1
4445;SPPG TERARA RARANG;Rarang, Terara, East Lombok Regency, West Nusa Tenggara 83663;Nusa Tenggara Barat;Lombok Timur;Terara;T4 nama file;https://www.google.com/maps/place/Sppg+Terara+Rarang/data=!4m7!3m6!1s0x2dcdb5007b0d8efd:0x264f779454ce7d30!8m2!3d-8.6322964!4d116.3913545!16s%2Fg%2F11nvv4x_8g!19sChIJ_Y4NewC1zS0RMH3OVJR3TyY?authuser=0&hl=id&g_ep=EgoyMDI2MDkxNi4wIJJjKgBIAVAD&rclk=1
4454;SPPG SULTAN KERUAK;SPPG sultan keruak, Selebung Ketangga, Keruak, Kabupaten Lombok Timur, Nusa Tenggara Bar. 83672;Nusa Tenggara Barat;Lombok Timur;Keruak;T4 nama file;https://www.google.com/maps/place/SPPG+sultan+keruak/data=!4m7!3m6!1s0x2dcc5300582a25f5:0x8879ad4358b938d5!8m2!3d-8.7676092!4d116.4850803!16s%2Fg%2F11z2y51msh!19sChIJ9SUqWABTzC0R1Ti5WEOteYg?authuser=0&hl=id&g_ep=EgoyMDI2MDkxNi4wIJJjKgBIAVAD&rclk=1
4455;SPPG KERUAK SEPIT 02;SPPG KERUAK SEPIT 02, Sepit, Keruak, Kabupaten Lombok Timur, Nusa Tenggara Bar. 83554;Nusa Tenggara Barat;Lombok Timur;Keruak;T4 nama file;https://www.google.com/maps/place/SPPG+KERUAK+SEPIT+02/data=!4m7!3m6!1s0x2dcc53003cf28c5f:0x3f59461689a34d8a!8m2!3d-8.7417163!4d116.4631925!16s%2Fg%2F11n9gqvqbf!19sChIJX4zyPABTzC0Rik2jiRZGWT8?authuser=0&hl=id&g_ep=EgoyMDI2MDkxNi4wIJJjKgBIAVAD&rclk=1
4456;SPPG MONTONG BELAE 002 KERUAK;Montong belae, Keruak, Kabupaten Lombok Timur, Nusa Tenggara Bar. 83672;Nusa Tenggara Barat;Lombok Timur;Keruak;T4 nama file;https://www.google.com/maps/place/SPPG+Montong+Belae+002+Keruak/data=!4m7!3m6!1s0x2dcc55c7562ba66f:0xafb2509d92507ca!8m2!3d-8.77272!4d116.4984298!16s%2Fg%2F11zcj68nbs!19sChIJb6YrVsdVzC0Rygcl2Qkl-wo?authuser=0&hl=id&g_ep=EgoyMDI2MDkxNi4wIJJjKgBIAVAD&rclk=1
4457;SPPG GELANGGANG - SAKRA TIMUR;SPPG Gelanggang - Sakra Timur, Gelanggang, Kec. Sakra Tim., Kabupaten Lombok Timur, Nusa Tenggara Bar. 83671;Nusa Tenggara Barat;Lombok Timur;Sakra Timur;T3 alamat fuzzy;https://www.google.com/maps/place/SPPG+Gelanggang+-+Sakra+Timur/data=!4m7!3m6!1s0x2dcc5300754740cf:0x84d38311211d9fba!8m2!3d-8.7278182!4d116.5077882!16s%2Fg%2F11z1lh4gsj!19sChIJz0BHdQBTzC0Rup8dIRGD04Q?authuser=0&hl=id&g_ep=EgoyMDI2MDkxNi4wIJJjKgBIAVAD&rclk=1
4458;SPPG 07 YDF JERO GUNUNG;SPPG 07 YDF JERO GUNUNG, Rensing, Kec. Sakra Bar., Kabupaten Lombok Timur, Nusa Tenggara Bar. 83672;Nusa Tenggara Barat;Lombok Timur;Sakra Barat;T3 alamat fuzzy;https://www.google.com/maps/place/SPPG+07+YDF+JERO+GUNUNG/data=!4m7!3m6!1s0x2dcc530051f188df:0xd776aa3cc76a05d0!8m2!3d-8.7373702!4d116.4745272!16s%2Fg%2F11mznvpl6t!19sChIJ34jxUQBTzC0R0AVqxzyqdtc?authuser=0&hl=id&g_ep=EgoyMDI2MDkxNi4wIJJjKgBIAVAD&rclk=1
4459;SPPG LOMBOK TIMUR SAKRA BARAT BUNGTIANG;SPPG LOMBOK TIMUR SAKRA BARAT BUNGTIANG, Jalan Pemban Aji, Bungtiang, Kec. Sakra Bar., Kabupaten Lombok Timur, Nusa Tenggara Bar. 83671;Nusa Tenggara Barat;Lombok Timur;Sakra Barat;T3 alamat fuzzy;https://www.google.com/maps/place/SPPG+LOMBOK+TIMUR+SAKRA+BARAT+BUNGTIANG/data=!4m7!3m6!1s0x2dcc530042e99dbb:0xad8efef88fa8a447!8m2!3d-8.7324362!4d116.48526!16s%2Fg%2F11yz12hbkm!19sChIJu53pQgBTzC0RR6Soj_j-jq0?authuser=0&hl=id&g_ep=EgoyMDI2MDkxNi4wIJJjKgBIAVAD&rclk=1
4463;SPPG LOMBOK TIMUR SAKRA TIMUR LEPAK TIMUR 1;SPPG LOMBOK TIMUR SAKRA TIMUR LEPAK TIMUR 1, Lepak, Kec. Sakra Tim., Kabupaten Lombok Timur, Nusa Tenggara Bar. 83671;Nusa Tenggara Barat;Lombok Timur;Sakra Timur;T3 alamat fuzzy;https://www.google.com/maps/place/SPPG+LOMBOK+TIMUR+SAKRA+TIMUR+LEPAK+TIMUR+1/data=!4m7!3m6!1s0x2dcc4f0062cc1f8b:0x5cfe135d3457ffdd!8m2!3d-8.7095033!4d116.516746!16s%2Fg%2F11zbf7t9fc!19sChIJix_MYgBPzC0R3f9XNF0T_lw?authuser=0&hl=id&g_ep=EgoyMDI2MDkxNi4wIJJjKgBIAVAD&rclk=1
4464;LOKASI SPPG;lokasi SPPG, Montongtangi, Kec. Sakra Tim., Kabupaten Lombok Timur, Nusa Tenggara Bar. 83671;Nusa Tenggara Barat;Lombok Timur;Sakra Timur;T3 alamat fuzzy;https://www.google.com/maps/place/lokasi+SPPG/data=!4m7!3m6!1s0x2dcc4d0031889cd3:0x6f1f6e713b60de4d!8m2!3d-8.6849258!4d116.4958344!16s%2Fg%2F11z8j92ww4!19sChIJ05yIMQBNzC0RTd5gO3FuH28?authuser=0&hl=id&g_ep=EgoyMDI2MDkxNi4wIJJjKgBIAVAD&rclk=1
4466;SPPG LEPAK TIMUR 1 (YAYASAN AL-KHASIM INSAN SEJATI);SPPG LEPAK TIMUR 1 (Yayasan Al-Khasim Insan Sejati), Lepak, Kec. Sakra Tim., Kabupaten Lombok Timur, Nusa Tenggara Bar. 83671;Nusa Tenggara Barat;Lombok Timur;Sakra Timur;T3 alamat fuzzy;https://www.google.com/maps/place/SPPG+LEPAK+TIMUR+1+%28Yayasan+Al-Khasim+Insan+Sejati%29/data=!4m7!3m6!1s0x2dcc4f00583e8427:0xf40b9b000292460d!8m2!3d-8.7085686!4d116.5231601!16s%2Fg%2F11zwzc2w9x!19sChIJJ4Q-WABPzC0RDUaSAgCbC_Q?authuser=0&hl=id&g_ep=EgoyMDI2MDkxNi4wIJJjKgBIAVAD&rclk=1
4467;SPPG SUKARARA 02 ELAH LANGGEM;SPPG SUKARARA 02 Elah Langgem, Sukarara, Kec. Sakra Bar., Kabupaten Lombok Timur, Nusa Tenggara Bar. 83554;Nusa Tenggara Barat;Lombok Timur;Sakra Barat;T3 alamat fuzzy;https://www.google.com/maps/place/SPPG+SUKARARA+02+Elah+Langgem/data=!4m7!3m6!1s0x2dcc4d00572a7a63:0x33d1800c260bd191!8m2!3d-8.7058651!4d116.4421797!16s%2Fg%2F11yvz7xrwk!19sChIJY3oqVwBNzC0RkdELJgyA0TM?authuser=0&hl=id&g_ep=EgoyMDI2MDkxNi4wIJJjKgBIAVAD&rclk=1
4468;SPPG AL-MADANI;Gn. Rajak, Kec. Sakra Bar., Kabupaten Lombok Timur, Nusa Tenggara Bar. 83671;Nusa Tenggara Barat;Lombok Timur;Sakra Barat;T3 alamat fuzzy;https://www.google.com/maps/place/Sppg+AL-Madani/data=!4m7!3m6!1s0x2dcc4d006b41dcd1:0x6ed63482c71936df!8m2!3d-8.7085303!4d116.4636007!16s%2Fg%2F11yx98hv7j!19sChIJ0dxBawBNzC0R3zYZx4I01m4?authuser=0&hl=id&g_ep=EgoyMDI2MDkxNi4wIJJjKgBIAVAD&rclk=1
4469;SPPG 3T DI SUWELA;SPPG 3T di Suwela, Perigi, Kec. Suela, Kabupaten Lombok Timur, Nusa Tenggara Bar. 83654;Nusa Tenggara Barat;Lombok Timur;Suwela;T3 alamat fuzzy;https://www.google.com/maps/place/SPPG+3T+di+Suwela/data=!4m7!3m6!1s0x2dcc39003a5ffb49:0xf4b0ded1c29f4113!8m2!3d-8.4693983!4d116.6252757!16s%2Fg%2F11z61qy70s!19sChIJSftfOgA5zC0RE0GfwtHesPQ?authuser=0&hl=id&g_ep=EgoyMDI2MDkxNi4wIJJjKgBIAVAD&rclk=1
4470;SPPG LOMBOK TIMUR SUWELA SUELA 02;SPPG LOMBOK TIMUR SUWELA SUELA 02, Jl. Segara Anak, Suela, Kec. Suela, Kabupaten Lombok Timur, Nusa Tenggara Bar. 83653;Nusa Tenggara Barat;Lombok Timur;Suwela;T3 alamat fuzzy;https://www.google.com/maps/place/SPPG+LOMBOK+TIMUR+SUWELA+SUELA+02/data=!4m7!3m6!1s0x2dcc37005a894b6d:0x1163fab5fd49b44f!8m2!3d-8.5280112!4d116.5666581!16s%2Fg%2F11zh6nqt32!19sChIJbUuJWgA3zC0RT7RJ_bX6YxE?authuser=0&hl=id&g_ep=EgoyMDI2MDkxNi4wIJJjKgBIAVAD&rclk=1
4471;SPPG LOMBOK TIMUR SUWELA SUELA;SPPG Lombok Timur Suwela Suela, Suela, Kec. Suela, Kabupaten Lombok Timur, Nusa Tenggara Bar. 83653;Nusa Tenggara Barat;Lombok Timur;Suwela;T3 alamat fuzzy;https://www.google.com/maps/place/SPPG+Lombok+Timur+Suwela+Suela/data=!4m7!3m6!1s0x2dcc370002a49edb:0xfb3d32c9b70944dd!8m2!3d-8.523904!4d116.574016!16s%2Fg%2F11z4wxd7h7!19sChIJ256kAgA3zC0R3UQJt8kyPfs?authuser=0&hl=id&g_ep=EgoyMDI2MDkxNi4wIJJjKgBIAVAD&rclk=1
4472;SPPG - LOMBOK TIMUR, LABUAN HAJI, GERES;SPPG - Lombok Timur, Labuan Haji, GERES, Ijobalit, Kec. Labuhan H., Kabupaten Lombok Timur, Nusa Tenggara Bar. 83614;Nusa Tenggara Barat;Lombok Timur;Labuhan Haji;T4 nama file;https://www.google.com/maps/place/SPPG+-+Lombok+Timur,+Labuan+Haji,+GERES/data=!4m7!3m6!1s0x2dcc4f0036a88a33:0x8033dfafc14746d2!8m2!3d-8.6462481!4d116.5834165!16s%2Fg%2F11x6yntnyl!19sChIJM4qoNgBPzC0R0kZHwa_fM4A?authuser=0&hl=id&g_ep=EgoyMDI2MDkxNi4wIJJjKgBIAVAD&rclk=1
4473;SPPG TANJUNG 2 LOMBOK TIMUR;SPPG TANJUNG 2 LOMBOK TIMUR, Jl. HOS Cokroaminoto, Tanjung, Kec. Labuhan H., Kabupaten Lombok Timur, Nusa Tenggara Bar. 83614;Nusa Tenggara Barat;Lombok Timur;Labuhan Haji;T4 nama file;https://www.google.com/maps/place/SPPG+TANJUNG+2+LOMBOK+TIMUR/data=!4m7!3m6!1s0x2dcc4f00272b5f6d:0xeb5bb6c5d1469614!8m2!3d-8.670673!4d116.564587!16s%2Fg%2F11npv9qccp!19sChIJbV8rJwBPzC0RFJZG0cW2W-s?authuser=0&hl=id&g_ep=EgoyMDI2MDkxNi4wIJJjKgBIAVAD&rclk=1
4474;SPPG LOMBOK TIMUR SURALAGA DAMES DAMAI;SPPG Lombok Timur Suralaga Dames Damai, Jl. Pendidikan, Dames Damai, Suralaga, East Lombok Regency, West Nusa Tenggara 83652;Nusa Tenggara Barat;Lombok Timur;Labuhan Haji;T4 nama file;https://www.google.com/maps/place/SPPG+Lombok+Timur+Suralaga+Dames+Damai/data=!4m7!3m6!1s0x2dcc49007de4dbdd:0x9fea10cdd2fa2fc9!8m2!3d-8.6313865!4d116.5391231!16s%2Fg%2F11ym8007fk!19sChIJ3dvkfQBJzC0RyS_60s0Q6p8?authuser=0&hl=id&g_ep=EgoyMDI2MDkxNi4wIJJjKgBIAVAD&rclk=1
4475;SPPG SAKTI KARYA GLOBAL;SPPG Sakti Karya Global, Korleko, Kec. Labuhan H., Kabupaten Lombok Timur, Nusa Tenggara Bar. 83615;Nusa Tenggara Barat;Lombok Timur;Labuhan Haji;T4 nama file;https://www.google.com/maps/place/SPPG+Sakti+Karya+Global/data=!4m7!3m6!1s0x2dcc49002607576b:0x81b55b0142d6f1e9!8m2!3d-8.6153051!4d116.5987889!16s%2Fg%2F11zhyq19d5!19sChIJa1cHJgBJzC0R6fHWQgFbtYE?authuser=0&hl=id&g_ep=EgoyMDI2MDkxNi4wIJJjKgBIAVAD&rclk=1
4476;SPPG TIRTANADI ( RUSMAWA);Tirtanadi, Kec. Labuhan H., Kabupaten Lombok Timur, Nusa Tenggara Bar. 83615;Nusa Tenggara Barat;Lombok Timur;Labuhan Haji;T4 nama file;https://www.google.com/maps/place/SPPG+TIRTANADI+%28+Rusmawa%29/data=!4m7!3m6!1s0x2dcc499e808c2cef:0x2c000e216802767a!8m2!3d-8.5968158!4d116.6030929!16s%2Fg%2F11kr_jvmr3!19sChIJ7yyMgJ5JzC0RenYCaCEOACw?authuser=0&hl=id&g_ep=EgoyMDI2MDkxNi4wIJJjKgBIAVAD&rclk=1
4477;SPPG DAPUR MBG IJOBALIT;SPPG DAPUR MBG IJOBALIT, Ijobalit, Kec. Labuhan H., Kabupaten Lombok Timur, Nusa Tenggara Bar. 83615;Nusa Tenggara Barat;Lombok Timur;Labuhan Haji;T4 nama file;https://www.google.com/maps/place/SPPG+DAPUR+MBG+IJOBALIT/data=!4m7!3m6!1s0x2dcc4f004be69b49:0xc042f44dddd9f538!8m2!3d-8.639399!4d116.592622!16s%2Fg%2F11yspzblhx!19sChIJSZvmSwBPzC0ROPXZ3U30QsA?authuser=0&hl=id&g_ep=EgoyMDI2MDkxNi4wIJJjKgBIAVAD&rclk=1
4478;SPPG LOMBOK TIMUR SAMBELIA SAMBALIA;SPPG Lombok Timur Sambelia Sambalia, Desa Bagik Manis, Sambalia, Sambelia, Mataram, Nusa Tenggara Bar. 83656;Nusa Tenggara Barat;Lombok Timur;Sambelia;T4 nama file;https://www.google.com/maps/place/SPPG+Lombok+Timur+Sambelia+Sambalia/data=!4m7!3m6!1s0x2dcc250051292303:0x334b92a1f58439a3!8m2!3d-8.3707035!4d116.6858185!16s%2Fg%2F11z806rpl7!19sChIJAyMpUQAlzC0RozmE9aGSSzM?authuser=0&hl=id&g_ep=EgoyMDI2MDkxNi4wIJJjKgBIAVAD&rclk=1
4492;SPPG LOMBOK TIMUR LENEK LENEK 2;Dusun Otak Desa Timuk, Lenek, selong, Kabupaten Lombok Timur, Nusa Tenggara Bar. 83653;Nusa Tenggara Barat;Lombok Timur;Lenek;T4 nama file;https://www.google.com/maps/place/SPPG+Lombok+Timur+Lenek+Lenek+2/data=!4m7!3m6!1s0x2dcc4b3d5668d24b:0xc240a694209532b7!8m2!3d-8.5775623!4d116.5135116!16s%2Fg%2F11z8c29cth!19sChIJS9JoVj1LzC0RtzKVIJSmQMI?authuser=0&hl=id&g_ep=EgoyMDI2MDkxNi4wIJJjKgBIAVAD&rclk=1
4494;SPPG KIDANG;SPPG KIDANG, Jl. Sengkol - Mujur, Kidang, Kec. Praya Tim., Kabupaten Lombok Tengah, Nusa Tenggara Bar. 83581;Nusa Tenggara Barat;Lombok Tengah;Praya Timur;T3 alamat fuzzy;https://www.google.com/maps/place/SPPG+KIDANG/data=!4m7!3m6!1s0x2dcdab0035d22567:0xb967790c5bbb61b1!8m2!3d-8.8118726!4d116.36818!16s%2Fg%2F11ytndqnm5!19sChIJZyXSNQCrzS0RsWG7Wwx5Z7k?authuser=0&hl=id&g_ep=EgoyMDI2MDkxNi4wIJJjKgBIAVAD&rclk=1
4495;SPPG SOKONG TANJUNG;SPPG SOKONG TANJUNG, Sokong, Kec. Tj., Kabupaten Lombok Utara, Nusa Tenggara Bar. 83352;Nusa Tenggara Barat;Lombok Utara;Tanjung;T4 nama file;https://www.google.com/maps/place/SPPG+SOKONG+TANJUNG/data=!4m7!3m6!1s0x2dcddb000064c965:0x8c3762aa43953004!8m2!3d-8.3609073!4d116.1549232!16s%2Fg%2F11zc2shjg_!19sChIJZclkAADbzS0RBDCVQ6piN4w?authuser=0&hl=id&g_ep=EgoyMDI2MDkxNi4wIJJjKgBIAVAD&rclk=1
4497;SPPG LOMBOK UTARA BAYAN LOLOAN;Loloan, Bayan, North Lombok Regency, West Nusa Tenggara 83354;Nusa Tenggara Barat;Lombok Utara;Bayan;T4 nama file;https://www.google.com/maps/place/SPPG+Lombok+Utara+Bayan+Loloan/data=!4m7!3m6!1s0x2dcc2bcd69c2dcd5:0xa383f29af6b278e7!8m2!3d-8.2559893!4d116.4388266!16s%2Fg%2F11nplktgk4!19sChIJ1dzCac0rzC0R53iy9pryg6M?authuser=0&hl=id&g_ep=EgoyMDI2MDkxNi4wIJJjKgBIAVAD&rclk=1
4499;SPPG LOMBOK UTARA GANGGA BENTEK;SPPG LOMBOK UTARA GANGGA BENTEK, Bentek, Gangga, North Lombok Regency, West Nusa Tenggara 83353;Nusa Tenggara Barat;Lombok Utara;Pemenang;T4 nama file;https://www.google.com/maps/place/SPPG+LOMBOK+UTARA+GANGGA+BENTEK/data=!4m7!3m6!1s0x2dcddb0075207f8f:0x767568421bd32f60!8m2!3d-8.3748088!4d116.1827525!16s%2Fg%2F11np_5cjkd!19sChIJj38gdQDbzS0RYC_TG0JodXY?authuser=0&hl=id&g_ep=EgoyMDI2MDkxNi4wIJJjKgBIAVAD&rclk=1
4516;SPPG KARANG DIMA;Sppg Karang Dima, Jl. Lintas Sumbawa Tano, Karang Dima, Labuhan Badas, Kabupaten Sumbawa, Nusa Tenggara Bar. 84316;Nusa Tenggara Barat;Sumbawa;Unter Iwes;T4 nama file;https://www.google.com/maps/place/Sppg+Karang+Dima/data=!4m7!3m6!1s0x2dcbed000471085f:0xa3ef219995ec91f9!8m2!3d-8.4678616!4d117.3753347!16s%2Fg%2F11nt_cjx8z!19sChIJXwhxBADtyy0R-ZHslZkh76M?authuser=0&hl=id&g_ep=EgoyMDI2MDkxNi4wIJJjKgBIAVAD&rclk=1
4519;LOKASI DAPUR SPPG ALAS BARAT;Lokasi dapur sppg alas barat, Rt5/3 dusun sengrahan desa lab, Jl. Mapin, Mapin Beru, Kec. Alas Bar., Kabupaten Sumbawa, Nusa Tenggara Bar. 84353;Nusa Tenggara Barat;Sumbawa;Alas Barat;T3 alamat fuzzy;https://www.google.com/maps/place/Lokasi+dapur+sppg+alas+barat/data=!4m7!3m6!1s0x2dcc6d0055c5c475:0xa2b22256028c6aa9!8m2!3d-8.5346809!4d116.9390331!16s%2Fg%2F11yfp05yyb!19sChIJdcTFVQBtzC0RqWqMAlYisqI?authuser=0&hl=id&g_ep=EgoyMDI2MDkxNi4wIJJjKgBIAVAD&rclk=1
4522;SPPG MAPIN KEBAK;SPPG MAPIN KEBAK, Mapin Kebak, Kec. Alas Bar., Kabupaten Sumbawa, Nusa Tenggara Bar. 84353;Nusa Tenggara Barat;Sumbawa;Alas Barat;T3 alamat fuzzy;https://www.google.com/maps/place/SPPG+MAPIN+KEBAK/data=!4m7!3m6!1s0x2dcc6d00069402d7:0xb5d1e51efd0b4386!8m2!3d-8.5550755!4d116.9421394!16s%2Fg%2F11zklth6hs!19sChIJ1wKUBgBtzC0RhkML_R7l0bU?authuser=0&hl=id&g_ep=EgoyMDI2MDkxNi4wIJJjKgBIAVAD&rclk=1
4532;PUSKESMAS LOPOK;Puskesmas Lopok, Langam, Lopok, Sumbawa Regency, West Nusa Tenggara 84382;Nusa Tenggara Barat;Sumbawa;Lopok;T4 nama file;https://www.google.com/maps/place/Puskesmas+Lopok/data=!4m7!3m6!1s0x2dcbbd63a796f6cb:0xbe3f368de49cb300!8m2!3d-8.6108206!4d117.5533177!16s%2Fg%2F11cs01pb8f!19sChIJy_aWp2O9yy0RALOc5I02P74?authuser=0&hl=id&g_ep=EgoyMDI2MDkxNi4wIJJjKgBIAVAD&rclk=1
4537;KEC. MARONGE;Kabupaten Sumbawa, Nusa Tenggara Bar.;Nusa Tenggara Barat;Sumbawa;Maronge;T4 nama file;https://www.google.com/maps/place/Kec.+Maronge/data=!4m7!3m6!1s0x2dcba673e1b52471:0x7461fe8a5904873a!8m2!3d-8.6582933!4d117.677879!16s%2Fg%2F11cr_vjtx7!19sChIJcSS14XOmyy0ROocEWYr-YXQ?authuser=0&hl=id&g_ep=EgoyMDI2MDkxNi4wIJJjKgBIAVAD&rclk=1
4546;SPPG;sppg, Jalan Raya, Labuan Mapin, Alas Barat, Sumbawa Regency, West Nusa Tenggara 84353;Nusa Tenggara Barat;Sumbawa;Alas Barat;T4 nama file;https://www.google.com/maps/place/sppg/data=!4m7!3m6!1s0x2dcc130009faa365:0xec05afd32d3950e9!8m2!3d-8.5215623!4d116.9405532!16s%2Fg%2F11y_rg2svl!19sChIJZaP6CQATzC0R6VA5LdOvBew?authuser=0&hl=id&g_ep=EgoyMDI2MDkxNi4wIJJjKgBIAVAD&rclk=1
4551;LOKASI PEMBANGUNAN SPPG;Lokasi pembangunan sppg, Bajo Medang, Labuhan Badas, Kabupaten Sumbawa, Nusa Tenggara Bar. 84316;Nusa Tenggara Barat;Sumbawa;Labuhan Badas;T4 nama file;https://www.google.com/maps/place/Lokasi+pembangunan+sppg/data=!4m7!3m6!1s0x2dc9590024fd7c7f:0xe57032e028bd3057!8m2!3d-8.1448611!4d117.3941944!16s%2Fg%2F11y0yb61ly!19sChIJf3z9JABZyS0RVzC9KOAycOU?authuser=0&hl=id&g_ep=EgoyMDI2MDkxNi4wIJJjKgBIAVAD&rclk=1
4553;SPPG SUMBAWA BARAT MALUK BENETE;;Nusa Tenggara Barat;Sumbawa Barat;Jereweh;T4 nama file;https://www.google.com/maps/place/SPPG+SUMBAWA+BARAT+MALUK+BENETE/data=!4m7!3m6!1s0x695135889c0e6c61:0x75a729b88ab885ac!8m2!3d-8.800226!4d116.8832146!16s%2Fg%2F11z2vqpzl8!19sChIJYWwOnIg1UWkRrIW4irgpp3U?authuser=0&hl=id&g_ep=EgoyMDI2MDkxNi4wIJJjKgBIAVAD&rclk=1
4556;POLSEK JEREWEH;Polsek Jereweh, Bar, Beru, Jereweh, West Sumbawa Regency, West Nusa Tenggara 84456;Nusa Tenggara Barat;Sumbawa Barat;Jereweh;T4 nama file;https://www.google.com/maps/place/Polsek+Jereweh/data=!4m7!3m6!1s0x2dcc8a9f23637049:0xb24e0f532a47fbd2!8m2!3d-8.8583769!4d116.8227074!16s%2Fg%2F11bwymqbs8!19sChIJSXBjI5-KzC0R0vtHKlMPTrI?authuser=0&hl=id&g_ep=EgoyMDI2MDkxNi4wIJJjKgBIAVAD&rclk=1
4562;KANTOR SPPG NAILANG ALOR TIMUR LAUT;Kantor SPPG Nailang Alor Timur Laut, Nailang, Kec. Alor Tim. Laut, Kabupaten Alor, Nusa Tenggara Tim.;Nusa Tenggara Timur;Alor;Alor Timur Laut;T3 alamat fuzzy;https://www.google.com/maps/place/Kantor+SPPG+Nailang+Alor+Timur+Laut/@-8.1753216,124.7657277,17z/data=!3m1!4b1!4m6!3m5!1s0x2d00630052571069:0x98fa78d2dca75d7!8m2!3d-8.1753216!4d124.7657277!16s%2Fg%2F11yhbr106v?hl=id&entry=ttu&g_ep=EgoyMDI2MDkxNi4wIKXMDSoASAFQAw%3D%3D
4563;KEC. PANTAR BAR.;Kabupaten Alor, Nusa Tenggara Tim.;Nusa Tenggara Timur;Alor;Pantar Barat;T4 nama file;https://www.google.com/maps/place/Kec.+Pantar+Bar./data=!4m7!3m6!1s0x2daaf161049d4ab5:0xdd9980259e181660!8m2!3d-8.3599628!4d124.0945669!16s%2Fg%2F120n2wrd!19sChIJtUqdBGHxqi0RYBYYniWAmd0?authuser=0&hl=id&g_ep=EgoyMDI2MDkxNi4wIJJjKgBIAVAD&rclk=1
4564;KEC. PANTAR;Kabupaten Alor, Nusa Tenggara Tim.;Nusa Tenggara Timur;Alor;Pantar;T4 nama file;https://www.google.com/maps/place/Kec.+Pantar/data=!4m7!3m6!1s0x2daa8bd63d2fbcc7:0x3684b30a9a0625e0!8m2!3d-8.2529949!4d124.2147118!16s%2Fg%2F11c1pc2wjg!19sChIJx7wvPdaLqi0R4CUGmgqzhDY?authuser=0&hl=id&g_ep=EgoyMDI2MDkxNi4wIJJjKgBIAVAD&rclk=1
4566;SPPG ALOR TELUK MUTIARA KALABAHI KOTA;SPPG ALOR TELUK MUTIARA KALABAHI KOTA, Jl. Dahlia, Kalabahi Kota, Kec. Tlk. Mutiara, Kabupaten Alor, Nusa Tenggara Tim.;Nusa Tenggara Timur;Alor;Teluk Mutiara;T3 alamat fuzzy;https://www.google.com/maps/place/SPPG+ALOR+TELUK+MUTIARA+KALABAHI+KOTA/data=!4m7!3m6!1s0x2d007f002fc96317:0x4031e870d44efc8f!8m2!3d-8.2131939!4d124.5170105!16s%2Fg%2F11z83yy_6r!19sChIJF2PJLwB_AC0Rj_xO1HDoMUA?authuser=0&hl=id&g_ep=EgoyMDI2MDkxNi4wIJJjKgBIAVAD&rclk=1
4567;SPPG ALOR TELUK MUTIARA MUTIARA 4;SPPG Alor Teluk Mutiara Mutiara 4, Jl. El Tari, RT.008/RW.004, Mutiara, Kec. Tlk. Mutiara, Kabupaten Alor, Nusa Tenggara Tim.;Nusa Tenggara Timur;Alor;Teluk Mutiara;T3 alamat fuzzy;https://www.google.com/maps/place/SPPG+Alor+Teluk+Mutiara+Mutiara+4/data=!4m7!3m6!1s0x2d007f004b06eca7:0xc955b10f862e743a!8m2!3d-8.2154869!4d124.546177!16s%2Fg%2F11z83hc19_!19sChIJp-wGSwB_AC0ROnQuhg-xVck?authuser=0&hl=id&g_ep=EgoyMDI2MDkxNi4wIJJjKgBIAVAD&rclk=1
4568;SPPG ALOR TELUK MUTIARA - MUTIARA 3;SPPG ALOR TELUK MUTIARA - MUTIARA 3, Mutiara, Kec. Tlk. Mutiara, Kabupaten Alor, Nusa Tenggara Tim.;Nusa Tenggara Timur;Alor;Teluk Mutiara;T3 alamat fuzzy;https://www.google.com/maps/place/SPPG+ALOR+TELUK+MUTIARA+-+MUTIARA+3/data=!4m7!3m6!1s0x2d007f004c4d9043:0x3c58eb30e21ba24d!8m2!3d-8.2148286!4d124.5450753!16s%2Fg%2F11z83zxxbk!19sChIJQ5BNTAB_AC0RTaIb4jDrWDw?authuser=0&hl=id&g_ep=EgoyMDI2MDkxNi4wIJJjKgBIAVAD&rclk=1
4569;SPPG ALOR TELUK MUTIARA KALABAHI TIMUR 1;SPPG ALOR TELUK MUTIARA KALABAHI TIMUR 1, Jl. Sumatera, RT.001/RW.003, Kalabahi Tim., Kec. Tlk. Mutiara, Kab. di Alor, Nusa Tenggara Tim.;Nusa Tenggara Timur;Alor;Teluk Mutiara;T4 nama file;https://www.google.com/maps/place/SPPG+ALOR+TELUK+MUTIARA+KALABAHI+TIMUR+1/data=!4m7!3m6!1s0x2d007f006b365997:0x89fcbf45a37fab0f!8m2!3d-8.2237385!4d124.5392929!16s%2Fg%2F11z7bdn4dr!19sChIJl1k2awB_AC0RD6t_o0W__Ik?authuser=0&hl=id&g_ep=EgoyMDI2MDkxNi4wIJJjKgBIAVAD&rclk=1
4570;SPPG MUTIARA TELUK MUTIARA ALOR;SPPG MUTIARA TELUK MUTIARA ALOR, Mutiara, Kec. Tlk. Mutiara, Kabupaten Alor, Nusa Tenggara Tim.;Nusa Tenggara Timur;Alor;Teluk Mutiara;T3 alamat fuzzy;https://www.google.com/maps/place/SPPG+MUTIARA+TELUK+MUTIARA+ALOR/data=!4m7!3m6!1s0x2d007f000125a179:0xd83333a0d4dad029!8m2!3d-8.2143052!4d124.5518141!16s%2Fg%2F11zbcxnl8n!19sChIJeaElAQB_AC0RKdDa1KAzM9g?authuser=0&hl=id&g_ep=EgoyMDI2MDkxNi4wIJJjKgBIAVAD&rclk=1
4572;KEC. ALOR TIM.;Kabupaten Alor, Nusa Tenggara Tim.;Nusa Tenggara Timur;Alor;Alor Timur;T4 nama file;https://www.google.com/maps/place/Kec.+Alor+Tim./data=!4m7!3m6!1s0x2d005aff6480a19f:0x3a01566565bdfc49!8m2!3d-8.2589872!4d124.9317271!16s%2Fg%2F12314d3r!19sChIJn6GAZP9aAC0RSfy9ZWVWATo?authuser=0&hl=id&g_ep=EgoyMDI2MDkxNi4wIJJjKgBIAVAD&rclk=1
4573;SPPG ALOR BARAT LAUT -DULOLONG;SPPG ALOR BARAT LAUT -DULOLONG, Jl. Slamet Riyadi, Dulolong, Kec. Alor Bar. Laut, Kabupaten Alor, Nusa Tenggara Tim.;Nusa Tenggara Timur;Alor;Alor Barat Laut;T3 alamat fuzzy;https://www.google.com/maps/place/SPPG+ALOR+BARAT+LAUT+-DULOLONG/data=!4m7!3m6!1s0x2daa81004e615cab:0x920c9ee64e5fafdd!8m2!3d-8.2487172!4d124.4561675!16s%2Fg%2F11nr8pt0_j!19sChIJq1xhTgCBqi0R3a9fTuaeDJI?authuser=0&hl=id&g_ep=EgoyMDI2MDkxNi4wIJJjKgBIAVAD&rclk=1
4574;SPPG KOKAR;SPPG Kokar, Adang, Kec. Alor Bar. Laut, Kabupaten Alor, Nusa Tenggara Tim.;Nusa Tenggara Timur;Alor;Alor Barat Laut;T3 alamat fuzzy;https://www.google.com/maps/place/SPPG+Kokar/data=!4m7!3m6!1s0x2daa7f007493faf9:0x9db4b750018fd974!8m2!3d-8.1638134!4d124.4494053!16s%2Fg%2F11zwnr5jp8!19sChIJ-fqTdAB_qi0RdNmPAVC3tJ0?authuser=0&hl=id&g_ep=EgoyMDI2MDkxNi4wIJJjKgBIAVAD&rclk=1
4575;SPPG MLARAK;Sppg mlarak, Lewalu, Kec. Alor Bar. Laut, Kabupaten Alor, Nusa Tenggara Tim. 85812;Nusa Tenggara Timur;Alor;Alor Barat Laut;T3 alamat fuzzy;https://www.google.com/maps/place/Sppg+mlarak/data=!4m7!3m6!1s0x2daa81005f2f1a11:0x9b641fc4ea415962!8m2!3d-8.262585!4d124.432016!16s%2Fg%2F11nhh4mbsq!19sChIJERovXwCBqi0RYllB6sQfZJs?authuser=0&hl=id&g_ep=EgoyMDI2MDkxNi4wIJJjKgBIAVAD&rclk=1
4576;SPPG DULOLONG -ABAL;SPPG DULOLONG -ABAL, Jl. Slamet Riyadi, Dulolong, Kec. Alor Bar. Laut, Kabupaten Alor, Nusa Tenggara Tim.;Nusa Tenggara Timur;Alor;Alor Barat Laut;T3 alamat fuzzy;https://www.google.com/maps/place/SPPG+DULOLONG+-ABAL/data=!4m7!3m6!1s0x2daa810001a108af:0x21561641528b9a65!8m2!3d-8.2567097!4d124.4446982!16s%2Fg%2F11yx_z_cl5!19sChIJrwihAQCBqi0RZZqLUkEWViE?authuser=0&hl=id&g_ep=EgoyMDI2MDkxNi4wIJJjKgBIAVAD&rclk=1
4578;KEC. PANTAR BAR. LAUT;Kabupaten Alor, Nusa Tenggara Tim.;Nusa Tenggara Timur;Alor;Pantar Baru Laut;T4 nama file;https://www.google.com/maps/place/Kec.+Pantar+Bar.+Laut/data=!4m7!3m6!1s0x2daafb27fd4c04c9:0x38d29f383dad7cad!8m2!3d-8.3963257!4d123.9525669!16s%2Fg%2F1222zkcd!19sChIJyQRM_Sf7qi0RrXytPTif0jg?authuser=0&hl=id&g_ep=EgoyMDI2MDkxNi4wIJJjKgBIAVAD&rclk=1
4580;KEC. PULAU PURA;Kabupaten Alor, Nusa Tenggara Tim.;Nusa Tenggara Timur;Alor;Pulau Pura;T4 nama file;https://www.google.com/maps/place/Kec.+Pulau+Pura/data=!4m7!3m6!1s0x2daa859112f428c5:0x5273b339ab12c66f!8m2!3d-8.3101888!4d124.3205613!16s%2Fg%2F1hm3mc_9l!19sChIJxSj0EpGFqi0Rb8YSqzmzc1I?authuser=0&hl=id&g_ep=EgoyMDI2MDkxNi4wIJJjKgBIAVAD&rclk=1
4581;KEC. MATARU;Kabupaten Alor, Nusa Tenggara Tim.;Nusa Tenggara Timur;Alor;Mataru;T4 nama file;https://www.google.com/maps/place/Kec.+Mataru/data=!4m7!3m6!1s0x2d0071064110cd7b:0xf3860e1b130bc22b!8m2!3d-8.3884051!4d124.6622708!16s%2Fg%2F120vt359!19sChIJe80QQQZxAC0RK8ILExsOhvM?authuser=0&hl=id&g_ep=EgoyMDI2MDkxNi4wIJJjKgBIAVAD&rclk=1
4583;KEC. PANTAR TENGAH;Kabupaten Alor, Nusa Tenggara Tim.;Nusa Tenggara Timur;Alor;Pantar Tengah;T4 nama file;https://www.google.com/maps/place/Kec.+Pantar+Tengah/data=!4m7!3m6!1s0x2daaec9145decb51:0x757223536e69736b!8m2!3d-8.4634452!4d124.1292102!16s%2Fg%2F121jt5sp!19sChIJUcveRZHsqi0Ra3NpblMjcnU?authuser=0&hl=id&g_ep=EgoyMDI2MDkxNi4wIJJjKgBIAVAD&rclk=1
4584;KEC. PUREMAN;Kabupaten Alor, Nusa Tenggara Tim.;Nusa Tenggara Timur;Alor;Pureman;T4 nama file;https://www.google.com/maps/place/Kec.+Pureman/data=!4m7!3m6!1s0x2d00425b995973db:0x21c04d9a878ed5e6!8m2!3d-8.3853368!4d124.8348191!16s%2Fg%2F121k84dn!19sChIJ23NZmVtCAC0R5tWOh5pNwCE?authuser=0&hl=id&g_ep=EgoyMDI2MDkxNi4wIJJjKgBIAVAD&rclk=1
4587;SPPG ATAMBUA BARAT KEL.BEIRAFU;Sppg atambua barat kel.beirafu, irma, Jl. Ade Irma Suryani, RT.004/RW.002, Beirafu, Kec. Atambua Bar., Kabupaten Belu, Nusa Tenggara Tim.;Nusa Tenggara Timur;Belu;Atambua Barat;T3 alamat fuzzy;https://www.google.com/maps/place/Sppg+atambua+barat+kel.beirafu/data=!4m7!3m6!1s0x2cffbf001503e345:0x9fe5ce1e92b143e3!8m2!3d-9.1054788!4d124.8874387!16s%2Fg%2F11y0d_34v1!19sChIJReMDFQC__ywR40Oxkh7O5Z8?authuser=0&hl=id&g_ep=EgoyMDI2MDkxNi4wIJJjKgBIAVAD&rclk=1
4588;SPPG ATAMBUA BARAT BARDAO;SPPG Atambua Barat Bardao, Jl. R.A. Kartini, Berdao, Kec. Atambua Bar., Kabupaten Belu, Nusa Tenggara Tim.;Nusa Tenggara Timur;Belu;Atambua Barat;T3 alamat fuzzy;https://www.google.com/maps/place/SPPG+Atambua+Barat+Bardao/data=!4m7!3m6!1s0x2cffbf00385c526f:0x62d0e45aa07a9e26!8m2!3d-9.1044797!4d124.8909888!16s%2Fg%2F11npkl2mx1!19sChIJb1JcOAC__ywRJp56oFrk0GI?authuser=0&hl=id&g_ep=EgoyMDI2MDkxNi4wIJJjKgBIAVAD&rclk=1
4589;SPPG ATAMBUA SELATAN MANUAMAN;SPPG Atambua Selatan Manuaman, Jl. Loro Lamaknen, Manuaman, Kec. Atambua Sel., Kabupaten Belu, Nusa Tenggara Tim.;Nusa Tenggara Timur;Belu;Tasifeto Barat;T4 nama file;https://www.google.com/maps/place/SPPG+Atambua+Selatan+Manuaman/data=!4m7!3m6!1s0x2cffbf001aab3355:0x7ac6823fe02c4185!8m2!3d-9.1129118!4d124.8830271!16s%2Fg%2F11zk820qb9!19sChIJVTOrGgC__ywRhUEs4D-Cxno?authuser=0&hl=id&g_ep=EgoyMDI2MDkxNi4wIJJjKgBIAVAD&rclk=1
4590;SPPG TASIFETO BARAT BAKUSTULAMA;Jurusan Kupang, Jl. Raya Atambua No.Km.18, Bakustulama, Kec. Tasifeto Bar., Kabupaten. B, Nusa Tenggara Tim.;Nusa Tenggara Timur;Belu;Tasifeto Barat;T4 nama file;https://www.google.com/maps/place/SPPG+Tasifeto+Barat+Bakustulama/data=!4m7!3m6!1s0x2cffa3002d3bce5d:0xda88f062ae4a17f3!8m2!3d-9.2492071!4d124.8625488!16s%2Fg%2F11z896dlj2!19sChIJXc47LQCj_ywR8xdKrmLwiNo?authuser=0&hl=id&g_ep=EgoyMDI2MDkxNi4wIJJjKgBIAVAD&rclk=1
4592;SPPG NUALAIN, POLDA NTT;SPPG NUALAIN, POLDA NTT, Nualain, Kec. Lamaknen Sel., Kabupaten Belu, Nusa Tenggara Tim.;Nusa Tenggara Timur;Belu;Lamaknen;T4 nama file;https://www.google.com/maps/place/SPPG+NUALAIN,+POLDA+NTT/data=!4m7!3m6!1s0x2cffb300733996b1:0xed37f7467abb576a!8m2!3d-9.118829!4d125.1371702!16s%2Fg%2F11nc72wzhk!19sChIJsZY5cwCz_ywRale7ekb3N-0?authuser=0&hl=id&g_ep=EgoyMDI2MDkxNi4wIJJjKgBIAVAD&rclk=1
4594;SPPG FOHOEKA, POLDA NTT;SPPG FOHOEKA, POLDA NTT, Fohoeka, Kec. Nanaet Dubesi, Kabupaten Belu, Nusa Tenggara Tim.;Nusa Tenggara Timur;Belu;Nanaet Duabesi;T3 alamat fuzzy;https://www.google.com/maps/place/SPPG+FOHOEKA,+POLDA+NTT/data=!4m7!3m6!1s0x2cffa7007135674f:0xa60af72e63415998!8m2!3d-9.2734184!4d124.9783278!16s%2Fg%2F11nc5qp7r2!19sChIJT2c1cQCn_ywRmFlBYy73CqY?authuser=0&hl=id&g_ep=EgoyMDI2MDkxNi4wIJJjKgBIAVAD&rclk=1
4599;SPPG ENDE GENERASI BERGIZI;SPPG Ende Generasi Bergizi, Kel. Mautapaga, Kec. Ende Tim., Kabupaten Ende, Nusa Tenggara Tim.;Nusa Tenggara Timur;Ende;Ende Timur;T3 alamat fuzzy;https://www.google.com/maps/place/SPPG+Ende+Generasi+Bergizi/data=!4m7!3m6!1s0x2dad590012654b29:0xc2f378b1f77236bf!8m2!3d-8.8451946!4d121.6689454!16s%2Fg%2F11xvvm0hvr!19sChIJKUtlEgBZrS0RvzZy97F488I?authuser=0&hl=id&g_ep=EgoyMDI2MDkxNi4wIJJjKgBIAVAD&rclk=1
4604;SPPG TETANDARA;SPPG TETANDARA, Jl. Adi Sucipto, Kel. Tetandara, Kec. Ende Sel., Kabupaten Ende, Nusa Tenggara Tim.;Nusa Tenggara Timur;Ende;Ende;T4 nama file;https://www.google.com/maps/place/SPPG+TETANDARA/data=!4m7!3m6!1s0x2dad59003397b3c1:0xa84e61a3ebab52a0!8m2!3d-8.8507874!4d121.660683!16s%2Fg%2F11ynxp5zm6!19sChIJwbOXMwBZrS0RoFKr66NhTqg?authuser=0&hl=id&g_ep=EgoyMDI2MDkxNi4wIJJjKgBIAVAD&rclk=1
4605;SPPG REWARANGGA;SPPG Rewarangga, Jl. To Maumere, Kel. Rewarangga, Kec. Ende Tim., Kabupaten Ende, Nusa Tenggara Tim.;Nusa Tenggara Timur;Ende;Ende Timur;T3 alamat fuzzy;https://www.google.com/maps/place/SPPG+Rewarangga/data=!4m7!3m6!1s0x2dad5f001acc0b27:0xa83cbdbb82f9c1e5!8m2!3d-8.8095217!4d121.671294!16s%2Fg%2F11n3yg9q40!19sChIJJwvMGgBfrS0R5cH5gru9PKg?authuser=0&hl=id&g_ep=EgoyMDI2MDkxNi4wIJJjKgBIAVAD&rclk=1
4614;SPPG ENDE UTARA KOTA RATU;SPPG Ende Utara Kota Ratu, Jl. Perwira, Kel. Kotaratu, Ende Utara, Ende Regency, East Nusa Tenggara;Nusa Tenggara Timur;Ende;Ende Selatan;T4 nama file;https://www.google.com/maps/place/SPPG+Ende+Utara+Kota+Ratu/data=!4m7!3m6!1s0x2dad59001114695f:0x96b3599353603217!8m2!3d-8.8385737!4d121.6440649!16s%2Fg%2F11nhknllc0!19sChIJX2kUEQBZrS0RFzJgU5NZs5Y?authuser=0&hl=id&g_ep=EgoyMDI2MDkxNi4wIJJjKgBIAVAD&rclk=1
4615;SPPG ENDE SELATAN RUKUN LIMA, YAYASAN WALISANGA FLORES;SPPG ENDE SELATAN RUKUN LIMA, YAYASAN WALISANGA FLORES, Kel. Rukunlima, Kec. Ende Sel., Kabupaten Ende, Nusa Tenggara Tim.;Nusa Tenggara Timur;Ende;Ende Selatan;T4 nama file;https://www.google.com/maps/place/SPPG+ENDE+SELATAN+RUKUN+LIMA,+YAYASAN+WALISANGA+FLORES/data=!4m7!3m6!1s0x2dad590067f1e833:0x8b132543df115eaf!8m2!3d-8.8622112!4d121.6482153!16s%2Fg%2F11x_gc3wq7!19sChIJM-jxZwBZrS0Rr14R30MlE4s?authuser=0&hl=id&g_ep=EgoyMDI2MDkxNi4wIJJjKgBIAVAD&rclk=1
4616;SPPG ENDE TIMUR _MAUTAPGA;SPPG ENDE TIMUR _MAUTAPGA, Jl. Gatot Subroto, Kel. Mautapaga, Kec. Ende Tim., Kabupaten Ende, Nusa Tenggara Tim.;Nusa Tenggara Timur;Ende;Ende Timur;T3 alamat fuzzy;https://www.google.com/maps/place/SPPG+ENDE+TIMUR+_MAUTAPGA/data=!4m7!3m6!1s0x2dad590003405c47:0x8b66d569044f9c48!8m2!3d-8.8445896!4d121.6704534!16s%2Fg%2F11ykb705w2!19sChIJR1xAAwBZrS0RSJxPBGnVZos?authuser=0&hl=id&g_ep=EgoyMDI2MDkxNi4wIJJjKgBIAVAD&rclk=1
4618;SPPG ENDE UTARA KOTA RATU;SPPG Ende Utara Kota Ratu, Jl. Perwira, Kel. Kotaratu, Ende Utara, Ende Regency, East Nusa Tenggara;Nusa Tenggara Timur;Ende;Ende Selatan;T4 nama file;https://www.google.com/maps/place/SPPG+Ende+Utara+Kota+Ratu/data=!4m7!3m6!1s0x2dad590032789d91:0xee0e33ab274bae96!8m2!3d-8.838655!4d121.6440666!16s%2Fg%2F11z5bmhlx_!19sChIJkZ14MgBZrS0Rlq5LJ6szDu4?authuser=0&hl=id&g_ep=EgoyMDI2MDkxNi4wIJJjKgBIAVAD&rclk=1
4619;SPPG TETANDARA ENDE SELATAN;SPPG TETANDARA ENDE SELATAN, Jl. Adi Sucipto, Kel. Tetandara, Kec. Ende Sel., Kabupaten Ende, Nusa Tenggara Tim.;Nusa Tenggara Timur;Ende;Ende Selatan;T4 nama file;https://www.google.com/maps/place/SPPG+TETANDARA+ENDE+SELATAN/data=!4m7!3m6!1s0x2dad590036a2b04b:0x736d98988375ea45!8m2!3d-8.8522061!4d121.6592314!16s%2Fg%2F11ylb4mtd2!19sChIJS7CiNgBZrS0RRep1g5iYbXM?authuser=0&hl=id&g_ep=EgoyMDI2MDkxNi4wIJJjKgBIAVAD&rclk=1
4620;SPPG MAUTAPAGA 02;SPPG Mautapaga 02, Jl. Sam Ratulangi, Kel. Rewarangga Sel., Kec. Ende Tim., Kabupaten Ende, Nusa Tenggara Tim.;Nusa Tenggara Timur;Ende;Ende Timur;T3 alamat fuzzy;https://www.google.com/maps/place/SPPG+Mautapaga+02/data=!4m7!3m6!1s0x2dad59002b411b7b:0xd129830b9dc8d435!8m2!3d-8.8357154!4d121.672089!16s%2Fg%2F11z6g5tl69!19sChIJextBKwBZrS0RNdTInQuDKdE?authuser=0&hl=id&g_ep=EgoyMDI2MDkxNi4wIJJjKgBIAVAD&rclk=1
4629;SPPG KLUKENG NUKING;SPPG Klukeng Nuking, Klukengnuking, Wotan Ulumando, East Flores Regency, East Nusa Tenggara;Nusa Tenggara Timur;Flores Timur;Wotan Ulumando;T4 nama file;https://www.google.com/maps/place/SPPG+Klukeng+Nuking/data=!4m7!3m6!1s0x2dab7d007afba575:0x39cc23ace65e7ffb!8m2!3d-8.40196!4d123.0901435!16s%2Fg%2F11zd869ydf!19sChIJdaX7egB9qy0R-39e5qwjzDk?authuser=0&hl=id&g_ep=EgoyMDI2MDkxNi4wIJJjKgBIAVAD&rclk=1
4632;DAPUR SPPG SOLOR BARAT;DAPUR SPPG SOLOR BARAT, Ongalereng, Kec. Solor Bar., Kabupaten Flores Timur, Nusa Tenggara Tim.;Nusa Tenggara Timur;Flores Timur;Solor Barat;T3 alamat fuzzy;https://www.google.com/maps/place/DAPUR+SPPG+SOLOR+BARAT/data=!4m7!3m6!1s0x2dac83001a474955:0x901fdc95a1ecd800!8m2!3d-8.4428131!4d123.0063726!16s%2Fg%2F11ymks3ct7!19sChIJVUlHGgCDrC0RANjsoZXcH5A?authuser=0&hl=id&g_ep=EgoyMDI2MDkxNi4wIJJjKgBIAVAD&rclk=1
4633;DAPUR SPPG LABELAN;DAPUR SPPG LABELAN, Labelen, Kec. Solor Tim., Kabupaten Flores Timur, Nusa Tenggara Tim.;Nusa Tenggara Timur;Flores Timur;Solor Timur;T3 alamat fuzzy;https://www.google.com/maps/place/DAPUR+SPPG+LABELAN/data=!4m7!3m6!1s0x2dab7d003de921eb:0xdc0f36652e03eb41!8m2!3d-8.432255!4d123.125538!16s%2Fg%2F11yq8w9qrt!19sChIJ6yHpPQB9qy0RQesDLmU2D9w?authuser=0&hl=id&g_ep=EgoyMDI2MDkxNi4wIJJjKgBIAVAD&rclk=1
4634;SPPG NUBALEMA 2;SPPG Nubalema 2, Nubalema, Adonara Tengah, East Flores Regency, East Nusa Tenggara;Nusa Tenggara Timur;Flores Timur;Adonara Barat;T4 nama file;https://www.google.com/maps/place/SPPG+Nubalema+2/data=!4m7!3m6!1s0x2dab81003d3ae9ff:0x8b7ac5ff582c0c5c!8m2!3d-8.3099704!4d123.1571167!16s%2Fg%2F11nvttrhm3!19sChIJ_-k6PQCBqy0RXAwsWP_Feos?authuser=0&hl=id&g_ep=EgoyMDI2MDkxNi4wIJJjKgBIAVAD&rclk=1
4636;DAPUR SPPG TITEHENA;DAPUR SPPG TITEHENA, Lewoingu, Titehena, East Flores Regency, East Nusa Tenggara;Nusa Tenggara Timur;Flores Timur;Wulanggitang;T4 nama file;https://www.google.com/maps/place/DAPUR+SPPG+TITEHENA/data=!4m7!3m6!1s0x2dac890060830a57:0xa057459528373af5!8m2!3d-8.4077124!4d122.8311322!16s%2Fg%2F11zk83byqx!19sChIJVwqDYACJrC0R9To3KJVFV6A?authuser=0&hl=id&g_ep=EgoyMDI2MDkxNi4wIJJjKgBIAVAD&rclk=1
4637;DAPUR SPPG NUSA BUNGA;DAPUR SPPG NUSA BUNGA, Ratu Lodong, Kec. Tj. Bunga, Kabupaten Flores Timur, Nusa Tenggara Tim.;Nusa Tenggara Timur;Flores Timur;Tanjung Bunga;T4 nama file;https://www.google.com/maps/place/DAPUR+SPPG+NUSA+BUNGA/@-8.1730114,122.8972604,17z/data=!3m1!4b1!4m6!3m5!1s0x2dac6f0033805dfb:0x859b65a97c0c0026!8m2!3d-8.1730114!4d122.8972604!16s%2Fg%2F11yn_q9z98?hl=id&entry=ttu&g_ep=EgoyMDI2MDkxNi4wIKXMDSoASAFQAw%3D%3D
4641;SPPG WAIBURAK;SPPG WAIBURAK, Waiburak, Kec. Adonara Tim., Kabupaten Flores Timur, Nusa Tenggara Tim.;Nusa Tenggara Timur;Flores Timur;Adonara Timur;T3 alamat fuzzy;https://www.google.com/maps/place/SPPG+WAIBURAK/data=!4m7!3m6!1s0x2dab79004369a227:0xab4e0da91e8ca888!8m2!3d-8.3822192!4d123.1792987!16s%2Fg%2F11zc3218g7!19sChIJJ6JpQwB5qy0RiKiMHqkNTqs?authuser=0&hl=id&g_ep=EgoyMDI2MDkxNi4wIJJjKgBIAVAD&rclk=1
4642;DAPUR SPPG LEWOKELENG;Dapur SPPG Lewokeleng, Lewo Keleng, Kec. Adonara Tim., Kabupaten Flores Timur, Nusa Tenggara Tim.;Nusa Tenggara Timur;Flores Timur;Adonara Timur;T3 alamat fuzzy;https://www.google.com/maps/place/Dapur+SPPG+Lewokeleng/data=!4m7!3m6!1s0x2dab79006cbeb149:0xa348e7bf69feb956!8m2!3d-8.3801256!4d123.2213254!16s%2Fg%2F11njkphcn9!19sChIJSbG-bAB5qy0RVrn-ab_nSKM?authuser=0&hl=id&g_ep=EgoyMDI2MDkxNi4wIJJjKgBIAVAD&rclk=1
4643;SPPG NISAKARANG;SPPG Nisakarang, Nisakarang, Kelubagolit, East Flores Regency, East Nusa Tenggara;Nusa Tenggara Timur;Flores Timur;Ile Boleng;T4 nama file;https://www.google.com/maps/place/SPPG+Nisakarang/data=!4m7!3m6!1s0x2dab7900525c76e1:0x200426416693143a!8m2!3d-8.317135!4d123.2278597!16s%2Fg%2F11zh5z9ym1!19sChIJ4XZcUgB5qy0ROhSTZkEmBCA?authuser=0&hl=id&g_ep=EgoyMDI2MDkxNi4wIJJjKgBIAVAD&rclk=1
4644;SPPG KARING LAMALOUK;SPPG Karing Lamalouk, Karinglamalouk, Adonara Timur, East Flores Regency, East Nusa Tenggara;Nusa Tenggara Timur;Flores Timur;Ile Boleng;T4 nama file;https://www.google.com/maps/place/SPPG+Karing+Lamalouk/data=!4m7!3m6!1s0x2dab790052eacd57:0x12955a9196cb549a!8m2!3d-8.3390696!4d123.21533!16s%2Fg%2F11zh5z2s32!19sChIJV83qUgB5qy0RmlTLlpFalRI?authuser=0&hl=id&g_ep=EgoyMDI2MDkxNi4wIJJjKgBIAVAD&rclk=1
4657;SPPG KOTA KUPANG MAULAFA MAULAFA 2;SPPG KOTA KUPANG MAULAFA MAULAFA 2, Jl. Amabi, Maulafa, Kupang City, East Nusa Tenggara;Nusa Tenggara Timur;Kota Kupang;Maulafa;T4 nama file;https://www.google.com/maps/place/SPPG+KOTA+KUPANG+MAULAFA+MAULAFA+2/data=!4m7!3m6!1s0x2c569b005ef120d5:0x7ca06d97c1d8e94!8m2!3d-10.1827366!4d123.613674!16s%2Fg%2F11njwr8lkk!19sChIJ1SDxXgCbViwRlI4dfNkGygc?authuser=0&hl=id&g_ep=EgoyMDI2MDkxNi4wIJJjKgBIAVAD&rclk=1
4658;SPPG OESAPA SELATAN;"Oesapa Selatan, Kupang City, East Nusa Tenggara 10°09'26.8""S 123°38'51.6""E -10, 157446 No.123.647671, Oesapa Sel., Kec. Klp. Lima, Kota Kupang, Nusa Tenggara Tim. 85228";Nusa Tenggara Timur;Kota Kupang;Maulafa;T4 nama file;https://www.google.com/maps/place/SPPG+OESAPA+SELATAN/data=!4m7!3m6!1s0x2c56835f4a13c9f9:0x86778b0a6bd4b737!8m2!3d-10.157443!4d123.6476775!16s%2Fg%2F11nqqh1fbn!19sChIJ-ckTSl-DViwRN7fUawqLd4Y?authuser=0&hl=id&g_ep=EgoyMDI2MDkxNi4wIJJjKgBIAVAD&rclk=1
4665;SPPG KELAPA LIMA OESAPA BARAT;Oesapa Bar., Kec. Klp. Lima, Kota Kupang, Nusa Tenggara Tim.;Nusa Tenggara Timur;Kota Kupang;Maulafa;T4 nama file;https://www.google.com/maps/place/SPPG+KELAPA+LIMA+OESAPA+BARAT/data=!4m7!3m6!1s0x2c5683005cd5e1e7:0x90f60ef6cc7a789!8m2!3d-10.1538075!4d123.6304209!16s%2Fg%2F11x0tl6b0l!19sChIJ5-HVXACDViwRiafHbO9gDwk?authuser=0&hl=id&g_ep=EgoyMDI2MDkxNi4wIJJjKgBIAVAD&rclk=1
4666;SPPG KOTA KUPANG KELAPA LIMA 3;SPPG Kota Kupang Kelapa Lima 3, Jl. RA Kartini, Klp. Lima, Kec. Klp. Lima, Kota Kupang, Nusa Tenggara Tim.;Nusa Tenggara Timur;Kota Kupang;Maulafa;T4 nama file;https://www.google.com/maps/place/SPPG+Kota+Kupang+Kelapa+Lima+3/data=!4m7!3m6!1s0x2c569d005ac01f19:0x9719d0956385ca2b!8m2!3d-10.1506437!4d123.6163777!16s%2Fg%2F11z83h8v72!19sChIJGR_AWgCdViwRK8qFY5XQGZc?authuser=0&hl=id&g_ep=EgoyMDI2MDkxNi4wIJJjKgBIAVAD&rclk=1
4667;SPPG KOTA KUPANG KELAPA LIMA OESAPA;Jl. Nasional Trans-Timor No.10, Oesapa, Kec. Klp. Lima, Kota Kupang, Nusa Tenggara Tim. 85228;Nusa Tenggara Timur;Kota Kupang;Maulafa;T4 nama file;https://www.google.com/maps/place/SPPG+KOTA+KUPANG+KELAPA+LIMA+OESAPA/data=!4m7!3m6!1s0x2c56830010e11af7:0x760fca1d1c42363f!8m2!3d-10.148707!4d123.6476174!16s%2Fg%2F11z8347xs2!19sChIJ9xrhEACDViwRPzZCHB3KD3Y?authuser=0&hl=id&g_ep=EgoyMDI2MDkxNi4wIJJjKgBIAVAD&rclk=1
4680;SPPG KELAPA LIMA 2;Jl. Sam Ratulangi II No.2, Klp. Lima, Kec. Klp. Lima, Kota Kupang, Nusa Tenggara Tim. 85228;Nusa Tenggara Timur;Kota Kupang;Kelapa Lima;T4 nama file;https://www.google.com/maps/place/SPPG+Kelapa+Lima+2/data=!4m7!3m6!1s0x2c56830069243da7:0x5fe2c4257fa3a18f!8m2!3d-10.1512459!4d123.6283578!16s%2Fg%2F11x8vx02gx!19sChIJpz0kaQCDViwRj6GjfyXE4l8?authuser=0&hl=id&g_ep=EgoyMDI2MDkxNi4wIJJjKgBIAVAD&rclk=1
4681;SPPG KELAPA LIMA 1;Jl. Nasional Trans-Timor No.288, Oesapa Bar., Kec. Klp. Lima, Kota Kupang, Nusa Tenggara Tim. 85228;Nusa Tenggara Timur;Kota Kupang;Kelapa Lima;T4 nama file;https://www.google.com/maps/place/SPPG+KELAPA+LIMA+1/data=!4m7!3m6!1s0x6080c373536855dd:0x85de213ba710dfb4!8m2!3d-10.1483281!4d123.633748!16s%2Fg%2F11z7kvgzh1!19sChIJ3VVoU3PDgGARtN8Qpzsh3oU?authuser=0&hl=id&g_ep=EgoyMDI2MDkxNi4wIJJjKgBIAVAD&rclk=1
4682;SPPG KELAPA LIMA LASIANA 2;SPPG Kelapa Lima Lasiana 2, Jl. Nasional Trans-Timor, Lasiana, Kec. Klp. Lima, Kota Kupang, Nusa Tenggara Tim.;Nusa Tenggara Timur;Kota Kupang;Kelapa Lima;T4 nama file;https://www.google.com/maps/place/SPPG+Kelapa+Lima+Lasiana+2/data=!4m7!3m6!1s0x2c568300762ef9b3:0xe50a3e092031ce2!8m2!3d-10.1396538!4d123.6640986!16s%2Fg%2F11zh_q_lbc!19sChIJs_kudgCDViwR4hwDkuCjUA4?authuser=0&hl=id&g_ep=EgoyMDI2MDkxNi4wIJJjKgBIAVAD&rclk=1
4683;SPPG KOTA KUPANG KELAPA LIMA OESAPA 2;SPPG Kota Kupang Kelapa Lima Oesapa 2, Jl. Bunda Hati Kudus, Oesapa, Kec. Klp. Lima, Kota Kupang, Nusa Tenggara Tim.;Nusa Tenggara Timur;Kota Kupang;Kelapa Lima;T4 nama file;https://www.google.com/maps/place/SPPG+Kota+Kupang+Kelapa+Lima+Oesapa+2/data=!4m7!3m6!1s0x2c56830019a3d565:0xad65abc036f163aa!8m2!3d-10.1521607!4d123.6386028!16s%2Fg%2F11z83h7qrp!19sChIJZdWjGQCDViwRqmPxNsCrZa0?authuser=0&hl=id&g_ep=EgoyMDI2MDkxNi4wIJJjKgBIAVAD&rclk=1
4684;SPPG KELAPA LIMA LASIANA 1;SPPG KELAPA LIMA LASIANA 1, Jl. Nasional Trans-Timor, Lasiana, Kec. Klp. Lima, Kota Kupang, Nusa Tenggara Tim.;Nusa Tenggara Timur;Kota Kupang;Kelapa Lima;T4 nama file;https://www.google.com/maps/place/SPPG+KELAPA+LIMA+LASIANA+1/data=!4m7!3m6!1s0x2c5683de94147107:0xd82fb183ac9c5539!8m2!3d-10.1361218!4d123.6751139!16s%2Fg%2F11n54gcjq5!19sChIJB3EUlN6DViwROVWcrIOxL9g?authuser=0&hl=id&g_ep=EgoyMDI2MDkxNi4wIJJjKgBIAVAD&rclk=1
4686;SPPG FATULULI, OEBOBO 5;SPPG Fatululi, Oebobo 5, Fatululi, Oebobo, Kupang City, East Nusa Tenggara;Nusa Tenggara Timur;Kota Kupang;Oebobo;T4 nama file;https://www.google.com/maps/place/SPPG+Fatululi,+Oebobo+5/data=!4m7!3m6!1s0x2c569d003965eefb:0xda9c911d576de285!8m2!3d-10.1650338!4d123.6092541!16s%2Fg%2F11yhjy2dgl!19sChIJ--5lOQCdViwRheJtVx2RnNo?authuser=0&hl=id&g_ep=EgoyMDI2MDkxNi4wIJJjKgBIAVAD&rclk=1
4691;SPPG KUPANG BARAT;SPPG KUPANG BARAT, Batakte, Kec. Kupang Bar., Kabupaten Kupang, Nusa Tenggara Tim.;Nusa Tenggara Timur;Kupang;Kupang Barat;T3 alamat fuzzy;https://www.google.com/maps/place/SPPG+KUPANG+BARAT/data=!4m7!3m6!1s0x2c5691005fa63405:0x68a0e1d5879f27d1!8m2!3d-10.2670701!4d123.5517492!16s%2Fg%2F11yz494p30!19sChIJBTSmXwCRViwR0Sefh9XhoGg?authuser=0&hl=id&g_ep=EgoyMDI2MDkxNi4wIJJjKgBIAVAD&rclk=1
4695;SPPG KOA;SPPG Koa, Fatuliman, RT.16/RW.8, Dusun 2, Koa, Kec. Mollo Bar., Kabupaten Timor Tengah Selatan, Nusa Tenggara Tim.;Nusa Tenggara Timur;Timor Tengah Selatan;Mollo Barat;T3 alamat fuzzy;https://www.google.com/maps/place/SPPG+Koa/data=!4m7!3m6!1s0x2c55dd00590e1f43:0x62d8323cd408ec04!8m2!3d-9.9157892!4d124.1198102!16s%2Fg%2F11x_jjm08f!19sChIJQx8OWQDdVSwRBOwI1Dwy2GI?authuser=0&hl=id&g_ep=EgoyMDI2MDkxNi4wIJJjKgBIAVAD&rclk=1
4696;SPPG;SPPG, Koa, Kec. Mollo Bar., Kabupaten Timor Tengah Selatan, Nusa Tenggara Tim.;Nusa Tenggara Timur;Timor Tengah Selatan;Mollo Barat;T3 alamat fuzzy;https://www.google.com/maps/place/SPPG/data=!4m7!3m6!1s0x2c55dd00555f2105:0x993265529548b5c7!8m2!3d-9.9328539!4d124.1094914!16s%2Fg%2F11ntrn688w!19sChIJBSFfVQDdVSwRx7VIlVJlMpk?authuser=0&hl=id&g_ep=EgoyMDI2MDkxNi4wIJJjKgBIAVAD&rclk=1
4698;SPPG OEMOFA;SPPG OEMOFA, Oemofa, Kec. Amabi Oefeto Tim., Kabupaten Kupang, Nusa Tenggara Tim.;Nusa Tenggara Timur;Kupang;Amabi Oefeto Timur;T3 alamat fuzzy;https://www.google.com/maps/place/SPPG+OEMOFA/data=!4m7!3m6!1s0x2c5675000b67cacf:0xb12f7becd0f853a3!8m2!3d-10.081279!4d124.10044!16s%2Fg%2F11yqlym62b!19sChIJz8pnCwB1ViwRo1P40Ox7L7E?authuser=0&hl=id&g_ep=EgoyMDI2MDkxNi4wIJJjKgBIAVAD&rclk=1
4700;SPPG AMARASI BARAT TEUNBAUN;Jl. H. R. Koroh No.Km 10, Teunbaun, Kec. Amarasi Bar., Kabupaten Kupang, Nusa Tenggara Tim.;Nusa Tenggara Timur;Kupang;Amarasi Barat;T3 alamat fuzzy;https://www.google.com/maps/place/SPPG+Amarasi+Barat+Teunbaun/data=!4m7!3m6!1s0x2c5689005026dcd5:0x5b83c50c7ea4f98!8m2!3d-10.2968512!4d123.722103!16s%2Fg%2F11zc31v4nq!19sChIJ1dwmUACJViwRmE_qx1A8uAU?authuser=0&hl=id&g_ep=EgoyMDI2MDkxNi4wIJJjKgBIAVAD&rclk=1
4702;SPPG SONRAEN;SPPG SONRAEN, Sonraen, Kec. Amarasi Sel., Kabupaten Kupang, Nusa Tenggara Tim.;Nusa Tenggara Timur;Kupang;Amarasi Selatan;T4 nama file;https://www.google.com/maps/place/SPPG+SONRAEN/data=!4m7!3m6!1s0x2c5663004f9adb41:0x8208cddce6024ad!8m2!3d-10.2842284!4d123.8420223!16s%2Fg%2F11z1fvlpr2!19sChIJQduaTwBjViwRrSRgzt2MIAg?authuser=0&hl=id&g_ep=EgoyMDI2MDkxNi4wIJJjKgBIAVAD&rclk=1
4706;SPPG KUPANG FATULEU KUIMASI;Jl. Timor Raya No.KM. 39, Kuimasi, Fatuleu, Kupang Regency, East Nusa Tenggara 85371;Nusa Tenggara Timur;Kupang;Fatuleu;T4 nama file;https://www.google.com/maps/place/SPPG+KUPANG+FATULEU+KUIMASI/data=!4m7!3m6!1s0x2c55d58a86624cd9:0xd6fe84aff4af818c!8m2!3d-10.0595773!4d123.8803107!16s%2Fg%2F11xzjghwbz!19sChIJ2UxihorVVSwRjIGv9K-E_tY?authuser=0&hl=id&g_ep=EgoyMDI2MDkxNi4wIJJjKgBIAVAD&rclk=1
4708;SPPG MERDEKA ,KUPANG TIMUR;Jl. Nasional Trans-Timor No.23, Tuapukan, Kec. Kupang Tim., Kabupaten Kupang, Nusa Tenggara Tim. 85362;Nusa Tenggara Timur;Kupang;Kupang Timur;T3 alamat fuzzy;https://www.google.com/maps/place/SPPG+MERDEKA+,KUPANG+TIMUR/data=!4m7!3m6!1s0x2c5681007598c975:0xd18a32921eeac0bf!8m2!3d-10.1080143!4d123.7740272!16s%2Fg%2F11ypmv5h8c!19sChIJdcmYdQCBViwRv8DqHpIyitE?authuser=0&hl=id&g_ep=EgoyMDI2MDkxNi4wIJJjKgBIAVAD&rclk=1
4711;AMFOANG TIMUR;Amfoang Timur, Lasiana, Kec. Klp. Lima, Kota Kupang, Nusa Tenggara Tim.;Nusa Tenggara Timur;Kupang;Amfoang Timur;T4 nama file;https://www.google.com/maps/place/Amfoang+Timur/data=!4m7!3m6!1s0x2c5683cca86e39b5:0x972ade66cb60d0fe!8m2!3d-10.1448009!4d123.6706639!16s%2Fg%2F11h1mjtch8!19sChIJtTluqMyDViwR_tBgy2beKpc?authuser=0&hl=id&g_ep=EgoyMDI2MDkxNi4wIJJjKgBIAVAD&rclk=1
4716;SPPG BABAU 2;SPPG Babau 2, Babau, Kec. Kupang Tim., Kabupaten Kupang, Nusa Tenggara Tim.;Nusa Tenggara Timur;Kupang;Kupang Timur;T3 alamat fuzzy;https://www.google.com/maps/place/SPPG+Babau+2/data=!4m7!3m6!1s0x2c5681000341c071:0x2f866946ab7e1dfb!8m2!3d-10.1077885!4d123.7878004!16s%2Fg%2F11yn9sc12k!19sChIJccBBAwCBViwR-x1-q0Zphi8?authuser=0&hl=id&g_ep=EgoyMDI2MDkxNi4wIJJjKgBIAVAD&rclk=1
4717;SPPG NAIBONAT;SPPG Naibonat, Jl. Oesao - Bokong, Naibonat, Kec. Kupang Tim., Kabupaten Kupang, Nusa Tenggara Tim.;Nusa Tenggara Timur;Kupang;Kupang Timur;T3 alamat fuzzy;https://www.google.com/maps/place/SPPG+Naibonat/data=!4m7!3m6!1s0x2c567f00672e1393:0xfe769afd41423ef9!8m2!3d-10.1035093!4d123.8276872!16s%2Fg%2F11mf567cfm!19sChIJkxMuZwB_ViwR-T5CQf2adv4?authuser=0&hl=id&g_ep=EgoyMDI2MDkxNi4wIJJjKgBIAVAD&rclk=1
4722;SPPG MANUSAK;SPPG MANUSAK, Jl. Oesao - Bokong, Naibonat, Kec. Kupang Tim., Kabupaten Kupang, Nusa Tenggara Tim.;Nusa Tenggara Timur;Kupang;Kupang Timur;T3 alamat fuzzy;https://www.google.com/maps/place/SPPG+MANUSAK/data=!4m7!3m6!1s0x2c567f0038405c4d:0x10ebfc88c850a198!8m2!3d-10.0968231!4d123.8453449!16s%2Fg%2F11yxgzqz15!19sChIJTVxAOAB_ViwRmKFQyIj86xA?authuser=0&hl=id&g_ep=EgoyMDI2MDkxNi4wIJJjKgBIAVAD&rclk=1
4724;SPPG NAIBONAT 2;SPPG Naibonat 2, Naibonat, Kupang Timur, Kupang Regency, East Nusa Tenggara;Nusa Tenggara Timur;Kupang;Kupang Timur;T4 nama file;https://www.google.com/maps/place/SPPG+Naibonat+2/data=!4m7!3m6!1s0x2c567f0028c3f69d:0xec2fe7b070a996af!8m2!3d-10.0823937!4d123.8673218!16s%2Fg%2F11yyd1qshg!19sChIJnfbDKAB_ViwRr5apcLDnL-w?authuser=0&hl=id&g_ep=EgoyMDI2MDkxNi4wIJJjKgBIAVAD&rclk=1
4733;SPPG TERPENCIL LAMAAU ILE APE TIMUR-YAYASAN PUREK LOLON TOKOJAENG;SPPG Terpencil Lamaau Ile Ape Timur-Yayasan Purek Lolon Tokojaeng, RT.001/RW.000, Lamaau, Kec. Ile Ape Tim., Kabupaten Lembata, Nusa Tenggara Tim.;Nusa Tenggara Timur;Lembata;Ile Ape Timur;T3 alamat fuzzy;https://www.google.com/maps/place/SPPG+Terpencil+Lamaau+Ile+Ape+Timur-Yayasan+Purek+Lolon+Tokojaeng/data=!4m7!3m6!1s0x2daba700507e80f9:0xc7b3c63c7544cc8b!8m2!3d-8.2419433!4d123.5340111!16s%2Fg%2F11npqb08gs!19sChIJ-YB-UACnqy0Ri8xEdTzGs8c?authuser=0&hl=id&g_ep=EgoyMDI2MDkxNi4wIJJjKgBIAVAD&rclk=1
4737;SPPG MALAKA TIMUR DIRMA;SPPG MALAKA TIMUR DIRMA, Dirma, Kec. Malaka Tim., Kabupaten Belu, Nusa Tenggara Tim.;Nusa Tenggara Timur;Malaka;Malaka Timur;T3 alamat fuzzy;https://www.google.com/maps/place/SPPG+MALAKA+TIMUR+DIRMA/data=!4m7!3m6!1s0x2cff0d00218a6c9b:0x5e74de890f8db3b8!8m2!3d-9.4339168!4d124.9226725!16s%2Fg%2F11njc_flmt!19sChIJm2yKIQAN_ywRuLOND4nedF4?authuser=0&hl=id&g_ep=EgoyMDI2MDkxNi4wIJJjKgBIAVAD&rclk=1
4741;SPPG WEHALI;SPPG WEHALI, Wehali, Central Malaka, Malaka Regency, East Nusa Tenggara;Nusa Tenggara Timur;Malaka;Kobalima;T4 nama file;https://www.google.com/maps/place/SPPG+WEHALI/data=!4m7!3m6!1s0x2cff130075daa647:0x94d3f2fee22aae1b!8m2!3d-9.5525178!4d124.910504!16s%2Fg%2F11njgqy5fw!19sChIJR6badQAT_ywRG64q4v7y05Q?authuser=0&hl=id&g_ep=EgoyMDI2MDkxNi4wIJJjKgBIAVAD&rclk=1
4742;SPPG UMALOR;SPPG UMALOR, Besikama, Kec. Malaka Bar., Kab. Malaka, Nusa Tenggara Tim.;Nusa Tenggara Timur;Malaka;Malaka Barat;T3 alamat fuzzy;https://www.google.com/maps/place/SPPG+UMALOR/data=!4m7!3m6!1s0x2cff3f007df01007:0xb4269a9c34a1d327!8m2!3d-9.6517179!4d124.9178824!16s%2Fg%2F11npjwrqtj!19sChIJBxDwfQA__ywRJ9OhNJyaJrQ?authuser=0&hl=id&g_ep=EgoyMDI2MDkxNi4wIJJjKgBIAVAD&rclk=1
4744;SPPG MALAKA BARAT BESIKAMA;Sppg Malaka Barat Besikama, RT.12/RW.006, Besikama, Kec. Malaka Bar., Kab. Malaka, Nusa Tenggara Tim.;Nusa Tenggara Timur;Malaka;Malaka Barat;T3 alamat fuzzy;https://www.google.com/maps/place/Sppg+Malaka+Barat+Besikama/data=!4m7!3m6!1s0x2cff3f00665c6cbb:0xa2454b1d72a9ab93!8m2!3d-9.6441384!4d124.9172005!16s%2Fg%2F11njgqmnjt!19sChIJu2xcZgA__ywRk6upch1LRaI?authuser=0&hl=id&g_ep=EgoyMDI2MDkxNi4wIJJjKgBIAVAD&rclk=1
4749;SATUAN PELAYANAN PEMENUHAN GIZI ( SPPG) COMPANG DALO;Satuan Pelayanan Pemenuhan Gizi ( SPPG) Compang Dalo, Jln Ruteng-Labuan Bajo, Wae garit, Kel Compang Tuke, Kec Ruteng, Wali, Flores, Kabupaten Manggarai, Nusa Tenggara Tim.;Nusa Tenggara Timur;Manggarai;Ruteng;T4 nama file;https://www.google.com/maps/place/Satuan+Pelayanan+Pemenuhan+Gizi+%28+SPPG%29+Compang+Dalo/data=!4m7!3m6!1s0x2db377002e6ae01b:0xd6fb71d8b73bf15!8m2!3d-8.5880276!4d120.4346401!16s%2Fg%2F11xs8y0crv!19sChIJG-BqLgB3sy0RFb9zix23bw0?authuser=0&hl=id&g_ep=EgoyMDI2MDkxNi4wIJJjKgBIAVAD&rclk=1
4764;SPPG MANGGARAI SATERMESE UTARA POPO;SPPG MANGGARAI SATERMESE UTARA POPO, Popo, Kec. Satar Mese Bar., Kabupaten Manggarai, Nusa Tenggara Tim.;Nusa Tenggara Timur;Manggarai;Satar Mese Barat;T3 alamat fuzzy;https://www.google.com/maps/place/SPPG+MANGGARAI+SATERMESE+UTARA+POPO/data=!4m7!3m6!1s0x2db371005a836bd3:0x5884c302b365ebc2!8m2!3d-8.7045391!4d120.3831578!16s%2Fg%2F11z8b24tpf!19sChIJ02uDWgBxsy0RwutlswLDhFg?authuser=0&hl=id&g_ep=EgoyMDI2MDkxNi4wIJJjKgBIAVAD&rclk=1
4774;SPPG MANGGARAI REOK WANGKUNG;Jln Reok Kedindi kelurahan Wangkung Kecamatan Reok kabupaten Manggarai provinsi Nusa tenggara Timur 5310, Wangkung, Kec. Reok, Kabupaten Manggarai, Nusa Tenggara Tim. 86592;Nusa Tenggara Timur;Manggarai;Reok;T4 nama file;https://www.google.com/maps/place/SPPG+MANGGARAI+REOK+WANGKUNG/data=!4m7!3m6!1s0x2db39529f8621335:0x72392fe63ea6b8d9!8m2!3d-8.2922696!4d120.4415242!16s%2Fg%2F11zc8n5nfz!19sChIJNRNi-CmVsy0R2bimPuYvOXI?authuser=0&hl=id&g_ep=EgoyMDI2MDkxNi4wIJJjKgBIAVAD&rclk=1
4782;SPPG BATU CERMIN;SPPG Batu Cermin, Batu Cermin, Komodo, West Manggarai Regency, East Nusa Tenggara;Nusa Tenggara Timur;Manggarai Barat;Mbeliling;T4 nama file;https://www.google.com/maps/place/SPPG+Batu+Cermin/data=!4m7!3m6!1s0x2db465001dfdffcd:0x52f483b0fc182424!8m2!3d-8.4855278!4d119.9020833!16s%2Fg%2F11npr44pyw!19sChIJzf_9HQBltC0RJCQY_LCD9FI?authuser=0&hl=id&g_ep=EgoyMDI2MDkxNi4wIJJjKgBIAVAD&rclk=1
4791;SPPG 3T PULAU PAPAGARANG;SPPG 3T PULAU PAPAGARANG, Papa Garang, Komodo, West Manggarai Regency, East Nusa Tenggara;Nusa Tenggara Timur;Manggarai Barat;Komodo;T4 nama file;https://www.google.com/maps/place/SPPG+3T+PULAU+PAPAGARANG/data=!4m7!3m6!1s0x2db45f0066e7917f:0xa2f1f927a13942c3!8m2!3d-8.570036!4d119.7199605!16s%2Fg%2F11yt35kdz_!19sChIJf5HnZgBftC0Rw0I5oSf58aI?authuser=0&hl=id&g_ep=EgoyMDI2MDkxNi4wIJJjKgBIAVAD&rclk=1
4792;SPPG 3T PULAU MESAH DESA PASIR PUTIH;SPPG 3T PULAU MESAH DESA PASIR PUTIH, Pasir Putih, Komodo, West Manggarai Regency, East Nusa Tenggara;Nusa Tenggara Timur;Manggarai Barat;Komodo;T4 nama file;https://www.google.com/maps/place/SPPG+3T+PULAU+MESAH+DESA+PASIR+PUTIH/data=!4m7!3m6!1s0x2db45d00484de96d:0x8c34ece3d2931925!8m2!3d-8.5284818!4d119.7448883!16s%2Fg%2F11yq9mzr2j!19sChIJbelNSABdtC0RJRmT0uPsNIw?authuser=0&hl=id&g_ep=EgoyMDI2MDkxNi4wIJJjKgBIAVAD&rclk=1
4795;SPPG 3T DESA BATU TIGA BOLENG;SPPG 3T DESA BATU TIGA BOLENG, Batu Tiga, Boleng, West Manggarai Regency, East Nusa Tenggara;Nusa Tenggara Timur;Manggarai Barat;Boleng;T4 nama file;https://www.google.com/maps/place/SPPG+3T+DESA+BATU+TIGA+BOLENG/data=!4m7!3m6!1s0x2db471006ead1003:0xeac1bd8b01117743!8m2!3d-8.4375566!4d119.9931244!16s%2Fg%2F11yv1cv_r8!19sChIJAxCtbgBxtC0RQ3cRAYu9weo?authuser=0&hl=id&g_ep=EgoyMDI2MDkxNi4wIJJjKgBIAVAD&rclk=1
4797;SPPG 3T DESA TANJUNG PONTIANAK BOLENG;SPPG 3T DESA TANJUNG PONTIANAK BOLENG, Tanjung Pontianak, Boleng, West Manggarai Regency, East Nusa Tenggara;Nusa Tenggara Timur;Manggarai Barat;Boleng;T4 nama file;https://www.google.com/maps/place/SPPG+3T+DESA+TANJUNG+PONTIANAK+BOLENG/data=!4m7!3m6!1s0x2db4750050f8a777:0x97fd0db4ef845470!8m2!3d-8.3458186!4d120.1473761!16s%2Fg%2F11myd9jgdf!19sChIJd6f4UAB1tC0RcFSE77QN_Zc?authuser=0&hl=id&g_ep=EgoyMDI2MDkxNi4wIJJjKgBIAVAD&rclk=1
4799;SPPG DALENG LEMBOR;;Nusa Tenggara Timur;Manggarai Barat;Lembor Selatan;T4 nama file;https://www.google.com/maps/place/SPPG+DALENG+LEMBOR/data=!4m7!3m6!1s0x410d9620535458a1:0x1fa9a42ff506b634!8m2!3d-8.6880025!4d120.2145386!16s%2Fg%2F11z895c_kc!19sChIJoVhUUyCWDUERNLYG9S-kqR8?authuser=0&hl=id&g_ep=EgoyMDI2MDkxNi4wIJJjKgBIAVAD&rclk=1
4800;SATUAN PELAYANAN PEMENUHAN GIZI (SPPG) LANGKAS DAMAI;Jl. Ruteng-Labuan Bajo No.kel, Compang Tuke, Kec Ruteng, Kabupaten Manggarai, Nusa Tenggara Tim.;Nusa Tenggara Timur;Manggarai Barat;Lembor Selatan;T4 nama file;https://www.google.com/maps/place/Satuan+Pelayanan+Pemenuhan+Gizi+%28SPPG%29+Langkas+Damai/data=!4m7!3m6!1s0x2db37d006e32c861:0x9eea86dd7e1cb59e!8m2!3d-8.6909025!4d120.2199974!16s%2Fg%2F11xs8xv50d!19sChIJYcgybgB9sy0RnrUcft2G6p4?authuser=0&hl=id&g_ep=EgoyMDI2MDkxNi4wIJJjKgBIAVAD&rclk=1
4805;SPPG LATUNG;SPPG LATUNG, Latung, Kec. Poco Ranaka Timur, Kabupaten Manggarai Timur, Nusa Tenggara Tim.;Nusa Tenggara Timur;Manggarai Timur;Lamba Leda;T4 nama file;https://www.google.com/maps/place/SPPG+LATUNG/data=!4m7!3m6!1s0x2db399005cb84c4b:0x606ba40581a84a7e!8m2!3d-8.4461998!4d120.4397824!16s%2Fg%2F11z83wv7jg!19sChIJS0y4XACZsy0RfkqogQWka2A?authuser=0&hl=id&g_ep=EgoyMDI2MDkxNi4wIJJjKgBIAVAD&rclk=1
4807;SPPG MANO;SPPG MANO, Jl. Ruteng - Benteng Jawa, Nggalak Leleng, Kec. Poco Ranaka, Kabupaten Manggarai Timur, Nusa Tenggara Tim.;Nusa Tenggara Timur;Manggarai Timur;Lamba Leda;T4 nama file;https://www.google.com/maps/place/SPPG+MANO/data=!4m7!3m6!1s0x2db30b000febb989:0xeb4940ca1b72ae78!8m2!3d-8.6013848!4d120.5655815!16s%2Fg%2F11z8tk2rsg!19sChIJibnrDwALsy0ReK5yG8pASes?authuser=0&hl=id&g_ep=EgoyMDI2MDkxNi4wIJJjKgBIAVAD&rclk=1
4809;SPPG MOS BORONG 001;SPPG MOS BORONG 001, Rana Loba, Borong, East Manggarai Regency, East Nusa Tenggara;Nusa Tenggara Timur;Manggarai Timur;Borong;T4 nama file;https://www.google.com/maps/place/SPPG+MOS+BORONG+001/data=!4m7!3m6!1s0x2db315001bf837a3:0xa4369c5a18b195db!8m2!3d-8.798635!4d120.6158926!16s%2Fg%2F11yn7h1ymy!19sChIJozf4GwAVsy0R25WxGFqcNqQ?authuser=0&hl=id&g_ep=EgoyMDI2MDkxNi4wIJJjKgBIAVAD&rclk=1
4811;SPPG MANGGARAI TIMUR RANA MESE WATU MORI;Watu Mori, Rana Mese, East Manggarai Regency, East Nusa Tenggara 86571;Nusa Tenggara Timur;Manggarai Timur;Borong;T4 nama file;https://www.google.com/maps/place/SPPG+MANGGARAI+TIMUR+RANA+MESE+WATU+MORI/data=!4m7!3m6!1s0x2db313d502006e6f:0x2cc25f75cecc9124!8m2!3d-8.7729701!4d120.5779287!16s%2Fg%2F11npr6scpz!19sChIJb24AAtUTsy0RJJHMznVfwiw?authuser=0&hl=id&g_ep=EgoyMDI2MDkxNi4wIJJjKgBIAVAD&rclk=1
4818;SPPG NAGEKEO AESESA SELATAN TENGATIBA;SPPG NAGEKEO AESESA SELATAN TENGATIBA, SMPN 1, Tengatiba, Kec. Aesesa Sel., Kabupaten Nagekeo, Nusa Tenggara Tim.;Nusa Tenggara Timur;Nagekeo;Aesesa Selatan;T4 nama file;https://www.google.com/maps/place/SPPG+NAGEKEO+AESESA+SELATAN+TENGATIBA/data=!4m7!3m6!1s0x2db2ed0072533b85:0xc84ac728b6e016aa!8m2!3d-8.6721114!4d121.2292392!16s%2Fg%2F11nth0vw0s!19sChIJhTtTcgDtsi0RqhbgtijHSsg?authuser=0&hl=id&g_ep=EgoyMDI2MDkxNi4wIJJjKgBIAVAD&rclk=1
4827;SPPG TUREKISA;Jl. Trans Flores Bajawa-Ende Km 8, Turekisa, Golewa Bar., Kabupaten Ngada, Nusa Tenggara Tim.;Nusa Tenggara Timur;Ngada;Bajawa Utara;T4 nama file;https://www.google.com/maps/place/SPPG+Turekisa/data=!4m7!3m6!1s0x2db2e700347168c7:0x80b2c9778ef714d1!8m2!3d-8.8134434!4d121.0024882!16s%2Fg%2F11yw6d40h2!19sChIJx2hxNADnsi0R0RT3jnfJsoA?authuser=0&hl=id&g_ep=EgoyMDI2MDkxNi4wIJJjKgBIAVAD&rclk=1
4830;SPPG UBEDOLUMOLO;SPPG Ubedolumolo, Ubedolumolo, Bajawa, Kabupaten Ngada, Nusa Tenggara Tim.;Nusa Tenggara Timur;Ngada;Bajawa Utara;T4 nama file;https://www.google.com/maps/place/SPPG+Ubedolumolo/data=!4m7!3m6!1s0x2db2e70007d1cc1d:0xf4d15930deaea3c5!8m2!3d-8.8108387!4d120.9912588!16s%2Fg%2F11z83_0rtk!19sChIJHczRBwDnsi0RxaOu3jBZ0fQ?authuser=0&hl=id&g_ep=EgoyMDI2MDkxNi4wIJJjKgBIAVAD&rclk=1
4831;SPPG BOLONGA BAJAWA;SPPG BOLONGA BAJAWA, Trikora, Bajawa, Kabupaten Ngada, Nusa Tenggara Tim.;Nusa Tenggara Timur;Ngada;Bajawa Utara;T4 nama file;https://www.google.com/maps/place/SPPG+BOLONGA+BAJAWA/data=!4m7!3m6!1s0x2db2e1004a8fd0c9:0x5f1d3701f5d4745a!8m2!3d-8.7780505!4d120.9690931!16s%2Fg%2F11n4_8gqgc!19sChIJydCPSgDhsi0RWnTU9QE3HV8?authuser=0&hl=id&g_ep=EgoyMDI2MDkxNi4wIJJjKgBIAVAD&rclk=1
4833;SPPG NGOTON;SPPG Ngoton, Ngara, Kec. Riung Bar., Kabupaten Ngada, Nusa Tenggara Tim.;Nusa Tenggara Timur;Ngada;Riung Barat;T3 alamat fuzzy;https://www.google.com/maps/place/SPPG+Ngoton/data=!4m7!3m6!1s0x2db2ff005bd7eb59:0x4f83b186573a2c81!8m2!3d-8.5549663!4d120.9854737!16s%2Fg%2F11z1kf2731!19sChIJWevXWwD_si0RgSw6V4axg08?authuser=0&hl=id&g_ep=EgoyMDI2MDkxNi4wIJJjKgBIAVAD&rclk=1
4834;MBG SPPG TENGATIBA;MBG Sppg Tengatiba, SMPN 1, Tengatiba, Kec. Aesesa Sel., Kabupaten Nagekeo, Nusa Tenggara Tim.;Nusa Tenggara Timur;Ngada;Wolomeze;T4 nama file;https://www.google.com/maps/place/MBG+Sppg+Tengatiba/data=!4m7!3m6!1s0x2db2ed004b715b0d:0x7fc24947530305e3!8m2!3d-8.6709934!4d121.2287193!16s%2Fg%2F11nj0gsl1j!19sChIJDVtxSwDtsi0R4wUDU0dJwn8?authuser=0&hl=id&g_ep=EgoyMDI2MDkxNi4wIJJjKgBIAVAD&rclk=1
4836;SPPG TERPENCIL DESA RIA 1;SPPG TERPENCIL DESA RIA 1, Ria I, Kec. Riung Bar., Kabupaten Ngada, Nusa Tenggara Tim.;Nusa Tenggara Timur;Ngada;Riung Barat;T3 alamat fuzzy;https://www.google.com/maps/place/SPPG+TERPENCIL+DESA+RIA+1/data=!4m7!3m6!1s0x2db255003d7bec6b:0xe676f8af8a057a49!8m2!3d-8.4771846!4d120.9560741!16s%2Fg%2F11z2ws8531!19sChIJa-x7PQBVsi0RSXoFiq_4duY?authuser=0&hl=id&g_ep=EgoyMDI2MDkxNi4wIJJjKgBIAVAD&rclk=1
4840;SPPG LANDU LEKO DAEURENDALE;SPPG Landu Leko Daeurendale, Sotimori, Kec. Rote Tim., Kabupaten Rote Ndao, Nusa Tenggara Tim.;Nusa Tenggara Timur;Rote Ndao;Rote Timur;T3 alamat fuzzy;https://www.google.com/maps/place/SPPG+Landu+Leko+Daeurendale/data=!4m7!3m6!1s0x2c56c5003d9b69e1:0xe881fbc68db25633!8m2!3d-10.5601651!4d123.3165446!16s%2Fg%2F11zc3cw899!19sChIJ4WmbPQDFViwRM1ayjcb7geg?authuser=0&hl=id&g_ep=EgoyMDI2MDkxNi4wIJJjKgBIAVAD&rclk=1
4841;SPPG PENGODUA;SPPG Pengodua, Lakamola, Kec. Rote Tim., Kabupaten Rote Ndao, Nusa Tenggara Tim.;Nusa Tenggara Timur;Rote Ndao;Rote Timur;T3 alamat fuzzy;https://www.google.com/maps/place/SPPG+Pengodua/data=!4m7!3m6!1s0x2c56db0065935a25:0xb39d6b109881b709!8m2!3d-10.650911!4d123.333117!16s%2Fg%2F11zgqd9p3b!19sChIJJVqTZQDbViwRCbeBmBBrnbM?authuser=0&hl=id&g_ep=EgoyMDI2MDkxNi4wIJJjKgBIAVAD&rclk=1
4842;SPPG NEMBERALA ROTE BARAT;SPPG NEMBERALA ROTE BARAT, Nemberala, Kec. Rote Bar., Kabupaten Rote Ndao, Nusa Tenggara Tim.;Nusa Tenggara Timur;Rote Ndao;Rote Barat;T3 alamat fuzzy;https://www.google.com/maps/place/SPPG+NEMBERALA+ROTE+BARAT/@-10.8923755,122.824261,17z/data=!3m1!4b1!4m6!3m5!1s0x2c50db0059e03f61:0x5d468f643a6b8282!8m2!3d-10.8923755!4d122.824261!16s%2Fg%2F11z83p_gwc?hl=id&entry=ttu&g_ep=EgoyMDI2MDkxNi4wIKXMDSoASAFQAw%3D%3D
4846;TITIK NOL KILOMETER SELATAN ROTE NUSA TENGGARA TIMUR INDONESIA;Titiknolselatan, Kec. Rote Sel., Kabupaten Rote Ndao, Nusa Tenggara Tim. 85973;Nusa Tenggara Timur;Rote Ndao;Rote Selatan;T4 nama file;https://www.google.com/maps/place/Titik+Nol+Kilometer+Selatan+rote+nusa+tenggara+timur+Indonesia/@-10.8287215,123.2228342,17z/data=!3m1!4b1!4m6!3m5!1s0x2c5729aaac68b4f3:0x7598484b37c79506!8m2!3d-10.8287215!4d123.2228342!16s%2Fg%2F11lglbyn5n?hl=id&entry=ttu&g_ep=EgoyMDI2MDkxNi4wIKXMDSoASAFQAw%3D%3D
4847;SPPG BUSALANGGA;SPPG BUSALANGGA, Busalangga, Kec. Rote Bar. Laut, Kabupaten Rote Ndao, Nusa Tenggara Tim.;Nusa Tenggara Timur;Rote Ndao;Rote Barat Laut;T3 alamat fuzzy;https://www.google.com/maps/place/SPPG+BUSALANGGA/@-10.802492,123.0010545,17z/data=!3m1!4b1!4m6!3m5!1s0x2c50d500433fe4db:0xb989ceab4cc1142e!8m2!3d-10.802492!4d123.0010545!16s%2Fg%2F11zc8gwx7h?hl=id&entry=ttu&g_ep=EgoyMDI2MDkxNi4wIKXMDSoASAFQAw%3D%3D
4848;KANTOR CAMAT LOAHOLU;Kantor Camat Loaholu, Oelua, Kec. Rote Bar. Laut, Kabupaten Rote Ndao, Nusa Tenggara Tim.;Nusa Tenggara Timur;Rote Ndao;Rote Barat Laut;T3 alamat fuzzy;https://www.google.com/maps/place/Kantor+Camat+Loaholu/@-10.7630516,122.9152667,17z/data=!3m1!4b1!4m6!3m5!1s0x2c512971aeae6d6f:0xafaab87f77121c3e!8m2!3d-10.7630516!4d122.9152667!16s%2Fg%2F11v0nl2l7v?hl=id&entry=ttu&g_ep=EgoyMDI2MDkxNi4wIKXMDSoASAFQAw%3D%3D
4849;SPPG RAELORO, SABU BARAT, SABU RAIJUA,NTT;SPPG RAELORO, SABU BARAT, SABU RAIJUA,NTT, Raeloro, Kec. Sabu Bar., Kabupaten Sabu Raijua, Nusa Tenggara Tim.;Nusa Tenggara Timur;Sabu Raijua;Sabu Barat;T3 alamat fuzzy;https://www.google.com/maps/place/SPPG+RAELORO,+SABU+BARAT,+SABU+RAIJUA,NTT/data=!4m7!3m6!1s0x2c51ef007a162f01:0x3d82fcf4289dac5e!8m2!3d-10.5024745!4d121.8430999!16s%2Fg%2F11y0b_vxpg!19sChIJAS8WegDvUSwRXqydKPT8gj0?authuser=0&hl=id&g_ep=EgoyMDI2MDkxNi4wIJJjKgBIAVAD&rclk=1
4851;SPPG MENIA;SPPG MENIA, Menia, Kec. Sabu Bar., Kabupaten Sabu Raijua, Nusa Tenggara Tim.;Nusa Tenggara Timur;Sabu Raijua;Sabu Barat;T3 alamat fuzzy;https://www.google.com/maps/place/SPPG+MENIA/data=!4m7!3m6!1s0x2c51ef007749c72b:0xa6fbebfe6b99eb4a!8m2!3d-10.4582545!4d121.8588529!16s%2Fg%2F11n9brlyjz!19sChIJK8dJdwDvUSwRSuuZa_7r-6Y?authuser=0&hl=id&g_ep=EgoyMDI2MDkxNi4wIJJjKgBIAVAD&rclk=1
4858;SPPG NANGAMETING;SPPG Nangameting, Jalan Dua toru, Nangameting, Kec. Alok Tim., Kabupaten Sikka, Nusa Tenggara Tim.;Nusa Tenggara Timur;Sikka;Alok Timur;T3 alamat fuzzy;https://www.google.com/maps/place/SPPG+Nangameting/data=!4m7!3m6!1s0x2dad1b00127f2ef5:0xea20d97fa5c100cc!8m2!3d-8.6277083!4d122.2238708!16s%2Fg%2F11zb49zkl0!19sChIJ9S5_EgAbrS0RzADBpX_ZIOo?authuser=0&hl=id&g_ep=EgoyMDI2MDkxNi4wIJJjKgBIAVAD&rclk=1
4859;SPPG NANGAMETING;SPPG NANGAMETING, Beru, Kec. Alok Tim., Kabupaten Sikka, Nusa Tenggara Tim.;Nusa Tenggara Timur;Sikka;Alok Timur;T3 alamat fuzzy;https://www.google.com/maps/place/SPPG+NANGAMETING/data=!4m7!3m6!1s0x2dad1b00234b7297:0x6944904482004e36!8m2!3d-8.6276302!4d122.2238553!16s%2Fg%2F11z8359mqg!19sChIJl3JLIwAbrS0RNk4AgkSQRGk?authuser=0&hl=id&g_ep=EgoyMDI2MDkxNi4wIJJjKgBIAVAD&rclk=1
4866;SPPG NANGAMETING 02;SPPG NANGAMETING 02, Beru, Kec. Alok Tim., Kabupaten Sikka, Nusa Tenggara Tim.;Nusa Tenggara Timur;Sikka;Alok Timur;T3 alamat fuzzy;https://www.google.com/maps/place/SPPG+NANGAMETING+02/data=!4m7!3m6!1s0x2dad1b006985b31d:0xc3fdb9ccad25e4eb!8m2!3d-8.6288416!4d122.2238983!16s%2Fg%2F11njvs5j75!19sChIJHbOFaQAbrS0R6-Qlrcy5_cM?authuser=0&hl=id&g_ep=EgoyMDI2MDkxNi4wIJJjKgBIAVAD&rclk=1
4869;SPPG WURING ALOK BARAT;SPPG WURING ALOK BARAT, Bukit Kegeng, Jl. Raya Maumere - Magepanda, Wuring, Kec. Alok Bar., Kabupaten Sikka, Nusa Tenggara Tim.;Nusa Tenggara Timur;Sikka;Alok Barat;T3 alamat fuzzy;https://www.google.com/maps/place/SPPG+WURING+ALOK+BARAT/data=!4m7!3m6!1s0x2dad0f00459bde4d:0x78f8ad9a6b9a2e32!8m2!3d-8.5538797!4d122.1475242!16s%2Fg%2F11n4dvgrjr!19sChIJTd6bRQAPrS0RMi6aa5qt-Hg?authuser=0&hl=id&g_ep=EgoyMDI2MDkxNi4wIJJjKgBIAVAD&rclk=1
4875;SPPG KOTA BANDUNG SUKAJADI SUKABUNGAH;Jl. Terusan Sukadamai II No.10, Sukabungah, Kec. Sukajadi, Kota Bandung, Jawa Barat 40162;Jawa Barat;Kota Bandung;Sukajadi;T3 alamat fuzzy;https://www.google.com/maps/place/SPPG+KOTA+BANDUNG+SUKAJADI+SUKABUNGAH/data=!4m7!3m6!1s0x2e68e7006c28e2e1:0xce5adaf40420812f!8m2!3d-6.8946258!4d107.591094!16s%2Fg%2F11z77gh9f_!19sChIJ4eIobADnaC4RL4EgBPTaWs4?authuser=0&hl=id&g_ep=EgoyMDI2MDkxNi4wIJJjKgBIAVAD&rclk=1
4876;SPPG TITIAN BUNDA;SPPG TITIAN BUNDA, Bukit Kegeng, Jl. Raya Maumere - Magepanda, Wuring, Kec. Alok Bar., Kabupaten Sikka, Nusa Tenggara Tim.;Nusa Tenggara Timur;Sikka;Alok Barat;T3 alamat fuzzy;https://www.google.com/maps/place/SPPG+TITIAN+BUNDA/data=!4m7!3m6!1s0x2dad0f000c0ac2c5:0x1670d1d8d4296380!8m2!3d-8.5538797!4d122.1475242!16s%2Fg%2F11zj6s1kcs!19sChIJxcIKDAAPrS0RgGMp1NjRcBY?authuser=0&hl=id&g_ep=EgoyMDI2MDkxNi4wIJJjKgBIAVAD&rclk=1
4878;SPPG SIKKA WAIOTI;SPPG Sikka Waioti, Jl. Sudirman, Waioti, Alok Timur, Sikka Regency, East Nusa Tenggara;Nusa Tenggara Timur;Sikka;Alok Timur;T4 nama file;https://www.google.com/maps/place/SPPG+Sikka+Waioti/data=!4m7!3m6!1s0x2dad1b0068496e21:0xfb9d05629863038d!8m2!3d-8.6278831!4d122.2375513!16s%2Fg%2F11z83nty65!19sChIJIW5JaAAbrS0RjQNjmGIFnfs?authuser=0&hl=id&g_ep=EgoyMDI2MDkxNi4wIJJjKgBIAVAD&rclk=1
4881;SPPG TANAMODU KATIKUTANA SELATAN;SPPG TANAMODU KATIKUTANA SELATAN, Tana Modu, Kec. Katikutana Sel., Kabupaten Sumba Tengah, Nusa Tenggara Tim.;Nusa Tenggara Timur;Sumba Tengah;Katiku Tana;T3 alamat fuzzy;https://www.google.com/maps/place/SPPG+TANAMODU+KATIKUTANA+SELATAN/data=!4m7!3m6!1s0x2c4b190062aa19ab:0x1824323f44eb95e8!8m2!3d-9.6323472!4d119.5927586!16s%2Fg%2F11zbcw100q!19sChIJqxmqYgAZSywR6JXrRD8yJBg?authuser=0&hl=id&g_ep=EgoyMDI2MDkxNi4wIJJjKgBIAVAD&rclk=1
4884;SPPG KADI WANO SUMBA BARAT DAYA;SPPG Kadi Wano Sumba Barat Daya, Jl. Budi Utomo, Tema Tana, Kec. Wewewa Tim., Kabupaten Sumba Barat Daya, Nusa Tenggara Tim.;Nusa Tenggara Timur;Sumba Barat Daya;Wewewa Timur;T3 alamat fuzzy;https://www.google.com/maps/place/SPPG+Kadi+Wano+Sumba+Barat+Daya/data=!4m7!3m6!1s0x2c4ae100464f4051:0x5cc227be9abd7d87!8m2!3d-9.6075982!4d119.3670067!16s%2Fg%2F11z0g94z3z!19sChIJUUBPRgDhSiwRh329mr4nwlw?authuser=0&hl=id&g_ep=EgoyMDI2MDkxNi4wIJJjKgBIAVAD&rclk=1
4886;SPPG KADI WANO;SPPG KADI WANO, Kalembu Ndara Mane, Kec. Wewewa Tim., Kabupaten Sumba Barat Daya, Nusa Tenggara Tim.;Nusa Tenggara Timur;Sumba Barat Daya;Wewewa Timur;T3 alamat fuzzy;https://www.google.com/maps/place/SPPG+KADI+WANO/data=!4m7!3m6!1s0x2c4adf0010fe4b51:0x3690d2127bca8a99!8m2!3d-9.5823545!4d119.3283909!16s%2Fg%2F11z130_m4n!19sChIJUUv-EADfSiwRmYrKexLSkDY?authuser=0&hl=id&g_ep=EgoyMDI2MDkxNi4wIJJjKgBIAVAD&rclk=1
4887;SPPG KADI WANO;Kadi Wano, Kalembu Ndara Mane, Kec. Wewewa Tim., Kabupaten Sumba Barat Daya, Nusa Tenggara Tim.;Nusa Tenggara Timur;Sumba Barat Daya;Wewewa Timur;T3 alamat fuzzy;https://www.google.com/maps/place/SPPG+KADI+WANO/data=!4m7!3m6!1s0x2c4adf003a3fea17:0x1cd8d1baca0d74c2!8m2!3d-9.5823618!4d119.3283646!16s%2Fg%2F11z20c_kgj!19sChIJF-o_OgDfSiwRwnQNyrrR2Bw?authuser=0&hl=id&g_ep=EgoyMDI2MDkxNi4wIJJjKgBIAVAD&rclk=1
4893;SPPG RADA MATA 2;SPPG RADA MATA 2, Radamata, Kota Tambolaka, Southwest Sumba Regency, East Nusa Tenggara;Nusa Tenggara Timur;Sumba Barat Daya;Kota Tambolaka;T4 nama file;https://www.google.com/maps/place/SPPG+RADA+MATA+2/data=!4m7!3m6!1s0x2c4ad1007ffcefb9:0x7b20def9e9b8d21a!8m2!3d-9.4261067!4d119.2351197!16s%2Fg%2F11ntckz_hd!19sChIJue_8fwDRSiwRGtK46fneIHs?authuser=0&hl=id&g_ep=EgoyMDI2MDkxNi4wIJJjKgBIAVAD&rclk=1
4896;KEC. UMBU RATU NGGAY;Kabupaten Sumba Tengah, Nusa Tenggara Tim.;Nusa Tenggara Timur;Sumba Tengah;Umbu Ratu Nggay Tengah;T4 nama file;https://www.google.com/maps/place/Kec.+Umbu+Ratu+Nggay,+Kabupaten+Sumba+Tengah,+Nusa+Tenggara+Tim./@-9.5168399,119.7760259,11z/data=!3m1!4b1!4m6!3m5!1s0x2c4b3f776ce29d51:0x3e1b41bfd00caaee!8m2!3d-9.5320614!4d119.7114631!16s%2Fg%2F1215jr7y?hl=id&entry=ttu&g_ep=EgoyMDI2MDkxNi4wIKXMDSoASAFQAw%3D%3D
4898;NGGAHA ORIANGU;Kabupaten Sumba Timur, Nusa Tenggara Tim.;Nusa Tenggara Timur;Sumba Timur;Nggaha Ori Angu;T4 nama file;https://www.google.com/maps/place/Nggaha+Oriangu/data=!4m7!3m6!1s0x2c4b7afd76e9ba35:0x50ba61a250fbf890!8m2!3d-9.7124895!4d120.043412!16s%2Fg%2F120mnl1z!19sChIJNbrpdv16SywRkPj7UKJhulA?authuser=0&hl=id&g_ep=EgoyMDI2MDkxNi4wIJJjKgBIAVAD&rclk=1
4914;KEC. KAMBATA MAPAMBUHANG;Kabupaten Sumba Timur, Nusa Tenggara Tim.;Nusa Tenggara Timur;Sumba Timur;Kambata Mapambuhang;T4 nama file;https://www.google.com/maps/place/Kec.+Kambata+Mapambuhang/data=!4m7!3m6!1s0x2c4c7e331b5678b5:0xc17627b93132ea5d!8m2!3d-9.8529462!4d120.2281933!16s%2Fg%2F12176fwd!19sChIJtXhWGzN-TCwRXeoyMbkndsE?authuser=0&hl=id&g_ep=EgoyMDI2MDkxNi4wIJJjKgBIAVAD&rclk=1
4915;SD INPRES TANAMANANG;SD INPRES TANAMANANG, Tanamanang, Pahunga Lodu, East Sumba Regency, East Nusa Tenggara;Nusa Tenggara Timur;Sumba Timur;Pahunga Lodu;T4 nama file;https://www.google.com/maps/place/SD+INPRES+TANAMANANG/data=!4m7!3m6!1s0x2c4c3778b7d2dce5:0x7ccb0b0d9a394f25!8m2!3d-10.1414784!4d120.7182782!16s%2Fg%2F11byl7hc7n!19sChIJ5dzSt3g3TCwRJU85mg0Ly3w?authuser=0&hl=id&g_ep=EgoyMDI2MDkxNi4wIJJjKgBIAVAD&rclk=1
4917;SMP NEGERI 1 PAHUNGA LODU;Jl. Melolo, Kaliuda, Wulla Waijelu, East Sumba Regency, East Nusa Tenggara 87182;Nusa Tenggara Timur;Sumba Timur;Pahunga Lodu;T4 nama file;https://www.google.com/maps/place/SMP+Negeri+1+Pahunga+Lodu/data=!4m7!3m6!1s0x2c4c39d0a2d9b3a1:0x73e0eb3e8975a183!8m2!3d-10.1510014!4d120.704984!16s%2Fg%2F11g6yjx1vv!19sChIJobPZotA5TCwRg6F1iT7r4HM?authuser=0&hl=id&g_ep=EgoyMDI2MDkxNi4wIJJjKgBIAVAD&rclk=1
4919;KEC. NGADU NGALA;Kabupaten Sumba Timur, Nusa Tenggara Tim.;Nusa Tenggara Timur;Sumba Timur;Ngadu Ngala;T4 nama file;https://www.google.com/maps/place/Kec.+Ngadu+Ngala,+Kabupaten+Sumba+Timur,+Nusa+Tenggara+Tim./@-10.204974,120.4030784,12z/data=!3m1!4b1!4m6!3m5!1s0x2c4c13da58c03c81:0xbe8629aa4acef0bc!8m2!3d-10.2419299!4d120.3799454!16s%2Fg%2F121g1km5?hl=id&entry=ttu&g_ep=EgoyMDI2MDkxNi4wIKXMDSoASAFQAw%3D%3D
4924;SPPG AMANUBAN BARAT MNELALETE;SPPG AMANUBAN BARAT MNELALETE, Jl. Ahmad Yani, Mnelalete, Kec. Amanuban Bar., Kabupaten Timor Tengah Selatan, Nusa Tenggara Tim.;Nusa Tenggara Timur;Timor Tengah Selatan;Amanuban Barat;T3 alamat fuzzy;https://www.google.com/maps/place/SPPG+AMANUBAN+BARAT+MNELALETE/@-9.8821199,124.3271363,17z/data=!3m1!4b1!4m6!3m5!1s0x2c55e5003b756039:0xe8e2a68eac515b4c!8m2!3d-9.8821199!4d124.3271363!16s%2Fg%2F11npqkymp6?hl=id&entry=ttu&g_ep=EgoyMDI2MDkxNi4wIKXMDSoASAFQAw%3D%3D
4934;KEC. BOKING;Kabupaten Timor Tengah Selatan, Nusa Tenggara Tim.;Nusa Tenggara Timur;Timor Tengah Selatan;Boking;T4 nama file;https://www.google.com/maps/place/Kec.+Boking/data=!4m7!3m6!1s0x2cff4f797dcb34d7:0x4bf6c7875d49df05!8m2!3d-9.835531!4d124.7615919!16s%2Fg%2F1228944d!19sChIJ1zTLfXlP_ywRBd9JXYfH9ks?authuser=0&hl=id&g_ep=EgoyMDI2MDkxNi4wIJJjKgBIAVAD&rclk=1
4935;SPPG BIKOMI SELATAN NAIOLA;SPPG BIKOMI SELATAN NAIOLA, Jln.Timor Raya, Naiola, Kec. Bikomi Sel., Kabupaten Timor Tengah Utara, Nusa Tenggara Tim.;Nusa Tenggara Timur;Timor Tengah Selatan;Oenino;T4 nama file;https://www.google.com/maps/place/SPPG+BIKOMI+SELATAN+NAIOLA/data=!4m7!3m6!1s0x2c5589000db5df5b:0x34b45c2d082dd004!8m2!3d-9.5449163!4d124.5027801!16s%2Fg%2F11z7bqgjj6!19sChIJW9-1DQCJVSwRBNAtCC1ctDQ?authuser=0&hl=id&g_ep=EgoyMDI2MDkxNi4wIJJjKgBIAVAD&rclk=1
4936;SPPG NOINBILA;SPPG NOINBILA, Klani/Noinbila, Kec. Mollo Sel., Kabupaten Timor Tengah Selatan, Nusa Tenggara Tim.;Nusa Tenggara Timur;Timor Tengah Selatan;Oenino;T4 nama file;https://www.google.com/maps/place/SPPG+NOINBILA/data=!4m7!3m6!1s0x2c55ef0001441a81:0xede4427c33a1b43f!8m2!3d-9.8229292!4d124.2869974!16s%2Fg%2F11zcvxc33t!19sChIJgRpEAQDvVSwRP7ShM3xC5O0?authuser=0&hl=id&g_ep=EgoyMDI2MDkxNi4wIJJjKgBIAVAD&rclk=1
4937;PERPINDAHAN SPPG SASIL,;Perpindahan SPPG SASIL,, Eban, Kec. Miomaffo Bar., Kabupaten Timor Tengah Utara, Nusa Tenggara Tim.;Nusa Tenggara Timur;Timor Tengah Utara;Miomafo Barat;T3 alamat fuzzy;https://www.google.com/maps/place/Perpindahan+SPPG+SASIL,/data=!4m7!3m6!1s0x2c559b0062682f2b:0xb76d3a4c41defc1d!8m2!3d-9.55291!4d124.32127!16s%2Fg%2F11z2wt5bsc!19sChIJKy9oYgCbVSwRHfzeQUw6bbc?authuser=0&hl=id&g_ep=EgoyMDI2MDkxNi4wIJJjKgBIAVAD&rclk=1
4938;LOKASI SPPG FATUNENO;LOKASI SPPG FATUNENO, Fatuneno, Kec. Miomaffo Bar., Kabupaten Timor Tengah Utara, Nusa Tenggara Tim.;Nusa Tenggara Timur;Timor Tengah Utara;Miomafo Barat;T3 alamat fuzzy;https://www.google.com/maps/place/LOKASI+SPPG+FATUNENO/data=!4m7!3m6!1s0x2c559b0039da1277:0xd8e9d9a214efd87a!8m2!3d-9.553826!4d124.2945523!16s%2Fg%2F11ypt6m2qv!19sChIJdxLaOQCbVSwRetjvFKLZ6dg?authuser=0&hl=id&g_ep=EgoyMDI2MDkxNi4wIJJjKgBIAVAD&rclk=1
4939;PERSIAPAN SPPG POLRI;PERSIAPAN SPPG POLRI, Haulasi, Kec. Miomaffo Bar., Kabupaten Timor Tengah Utara, Nusa Tenggara Tim.;Nusa Tenggara Timur;Timor Tengah Utara;Miomafo Barat;T3 alamat fuzzy;https://www.google.com/maps/place/PERSIAPAN+SPPG+POLRI/data=!4m7!3m6!1s0x2c558f003f236ea1:0x45d9caf33186dd7f!8m2!3d-9.5536598!4d124.3844672!16s%2Fg%2F11yrnbb_nt!19sChIJoW4jPwCPVSwRf92GMfPK2UU?authuser=0&hl=id&g_ep=EgoyMDI2MDkxNi4wIJJjKgBIAVAD&rclk=1
4954;SPPG BENPASI KOTA KEFAMENANU;Jl. Sisingamangaraja No.12, RT.10/RW.04, Benpasi, Kota Kefamenanu, North Central Timor Regency, East Nusa Tenggara 85613;Nusa Tenggara Timur;Timor Tengah Utara;Kota Kefamenanu;T4 nama file;https://www.google.com/maps/place/Sppg+benpasi+kota+kefamenanu/data=!4m7!3m6!1s0x2c5581001c54fd2b:0xa31878eb19bacf9a!8m2!3d-9.4596872!4d124.4753739!16s%2Fg%2F11mstc_cz_!19sChIJK_1UHACBVSwRms-6Get4GKM?authuser=0&hl=id&g_ep=EgoyMDI2MDkxNi4wIJJjKgBIAVAD&rclk=1
4960;PUSKESMAS BONDIFUAR;PUSKESMAS BONDIFUAR, Sansundi, Bondifuar, Biak Numfor Regency, Papua 98161;Papua;Biak Numfor;Bondifuar;T4 nama file;https://www.google.com/maps/place/PUSKESMAS+BONDIFUAR/@-0.6905375,135.8194531,17z/data=!3m1!4b1!4m6!3m5!1s0x68016c72b4ecb0af:0x4e8d7cc05ef13ebb!8m2!3d-0.6905375!4d135.8194531!16s%2Fg%2F11gbf7h1dc?hl=id&entry=ttu&g_ep=EgoyMDI2MDkxNi4wIKXMDSoASAFQAw%3D%3D
4961;SEKRETARIAT PAR GKI EBENHAEZER RIDGE;Sekretariat PAR GKI Ebenhaezer Ridge, Jl. Sriwijaya, Brambaken, Samofa, Biak Numfor Regency, Papua 98111;Papua;Biak Numfor;Oridek;T4 nama file;https://www.google.com/maps/place/Sekretariat+PAR+GKI+Ebenhaezer+Ridge/@-1.1594371,136.0788069,17z/data=!3m1!4b1!4m6!3m5!1s0x68038e6dbef8c7d7:0xaf6276d23925c244!8m2!3d-1.1594371!4d136.0788069!16s%2Fg%2F11byxg6wp4?hl=id&entry=ttu&g_ep=EgoyMDI2MDkxNi4wIKXMDSoASAFQAw%3D%3D
4962;SPPG MANDALA BIAK, PAPUA;SPPG Mandala Biak, Papua, Jl. Raya Dolog, Mandala, Biak Kota, Biak Numfor Regency, Papua 98111;Papua;Biak Numfor;Biak Timur;T4 nama file;https://www.google.com/maps/place/SPPG+Mandala+Biak,+Papua/data=!4m7!3m6!1s0x68038f002a016525:0x158e3859078141e4!8m2!3d-1.1809021!4d136.0900169!16s%2Fg%2F11zb3m47yg!19sChIJJWUBKgCPA2gR5EGBB1k4jhU?authuser=0&hl=id&g_ep=EgoyMDI2MDkxNi4wIJJjKgBIAVAD&rclk=1
4968;SPPG-, BIAK UTARA #001;SPPG-, BIAK UTARA 001, Saukobye, Distrik Biak Utara, Kabupaten Biak Numfor, Papua 98153;Papua;Biak Numfor;Numfor Barat;T4 nama file;https://www.google.com/maps/place/SPPG-,+BIAK+UTARA+%23001/data=!4m7!3m6!1s0x6803e3006607b1ed:0x54bca07bc56e6dc3!8m2!3d-0.9036775!4d136.0376119!16s%2Fg%2F11nw0zxlcj!19sChIJ7bEHZgDjA2gRw21uxXugvFQ?authuser=0&hl=id&g_ep=EgoyMDI2MDkxNi4wIJJjKgBIAVAD&rclk=1
4969;SPPG YAYASAN PHINISI DAPUR CAHAYA NUMFOR;SPPG YAYASAN PHINISI DAPUR CAHAYA NUMFOR, Asaryendi, Numfor Tim., Kabupaten Biak Numfor, Papua 98171;Papua;Biak Numfor;Numfor Barat;T4 nama file;https://www.google.com/maps/place/SPPG+YAYASAN+PHINISI+DAPUR+CAHAYA+NUMFOR/data=!4m7!3m6!1s0x2d5351006640b5a3:0x76c84c60de69572d!8m2!3d-0.9382876!4d134.8637512!16s%2Fg%2F11xlm5sk86!19sChIJo7VAZgBRUy0RLVdp3mBMyHY?authuser=0&hl=id&g_ep=EgoyMDI2MDkxNi4wIJJjKgBIAVAD&rclk=1
4970;SPPG MANBESAK KLASTINA MSIREN BIAK UTARA;SPPG MANBESAK KLASTINA MSIREN BIAK UTARA, Andei, Distrik Biak Utara, Kabupaten Biak Numfor, Papua 98153;Papua;Biak Numfor;Biak Utara;T4 nama file;https://www.google.com/maps/place/SPPG+MANBESAK+KLASTINA+MSIREN+BIAK+UTARA/data=!4m7!3m6!1s0x6803e50027917e8f:0x6b9e400e9dc83249!8m2!3d-0.9289622!4d136.0461921!16s%2Fg%2F11yzchwfhm!19sChIJj36RJwDlA2gRSTLInQ5Anms?authuser=0&hl=id&g_ep=EgoyMDI2MDkxNi4wIJJjKgBIAVAD&rclk=1
4971;DISTRIK WARSA;Kabupaten Biak Numfor, Papua;Papua;Biak Numfor;Warsa;T4 nama file;https://www.google.com/maps/place/Distrik+Warsa,+Kabupaten+Biak+Numfor,+Papua/@-0.8041965,135.8959205,12z/data=!3m1!4b1!4m6!3m5!1s0x6801675c94877f39:0xe570a7461380b158!8m2!3d-0.7896367!4d135.9422135!16s%2Fg%2F120z_py_?hl=id&entry=ttu&g_ep=EgoyMDI2MDkxNi4wIKXMDSoASAFQAw%3D%3D
4973;DISTRIK AIMANDO PADAIDO;Kabupaten Biak Numfor, Papua;Papua;Biak Numfor;Aimando Padaido;T4 nama file;https://www.google.com/maps/place/Distrik+Aimando+Padaido,+Kabupaten+Biak+Numfor,+Papua/@-1.2376384,136.6038885,12z/data=!3m1!4b1!4m6!3m5!1s0x68045b6f9ea091a1:0x7b5c29938f349564!8m2!3d-1.2143849!4d136.5981595!16s%2Fg%2F1hc0gm4gz?hl=id&entry=ttu&g_ep=EgoyMDI2MDkxNi4wIKXMDSoASAFQAw%3D%3D
4974;KEC. ORKERI;Kabupaten Biak Numfor, Papua;Papua;Biak Numfor;Orkeri;T4 nama file;https://www.google.com/maps/place/Kec.+Orkeri/data=!4m7!3m6!1s0x2d5336ef0e4341f1:0xfe69107f507ededd!8m2!3d-1.1242869!4d134.8703628!16s%2Fg%2F1hc0h9_ft!19sChIJ8UFDDu82Uy0R3d5-UH8Qaf4?authuser=0&hl=id&g_ep=EgoyMDI2MDkxNi4wIJJjKgBIAVAD&rclk=1
4975;SPPG SENTANI KOTA #6 YAY INSAN CENDEKIA;SPPG Sentani Kota 6 Yay Insan Cendekia, Sentani Kota, Sentani, Jayapura Regency, Papua 99359;Papua;Jayapura;Sentani;T4 nama file;https://www.google.com/maps/place/SPPG+Sentani+Kota+%236+Yay+Insan+Cendekia/data=!4m7!3m6!1s0x686cf100169166b7:0xe3b1e828fd66e740!8m2!3d-2.5738807!4d140.5248613!16s%2Fg%2F11zbcr5ndb!19sChIJt2aRFgDxbGgRQOdm_SjoseM?authuser=0&hl=id&g_ep=EgoyMDI2MDkxNi4wIJJjKgBIAVAD&rclk=1
4978;SPPG HARAPAN SENTANI;SPPG HARAPAN SENTANI, Nolokla, Kec. Sentani Tim., Kabupaten Jayapura, Papua 99359;Papua;Jayapura;Sentani Timur;T3 alamat fuzzy;https://www.google.com/maps/place/SPPG+HARAPAN+SENTANI/data=!4m7!3m6!1s0x686cf3003a249611:0x7a1afc4e50c07b8c!8m2!3d-2.581515!4d140.576138!16s%2Fg%2F11z1w3bsjp!19sChIJEZYkOgDzbGgRjHvAUE78Gno?authuser=0&hl=id&g_ep=EgoyMDI2MDkxNi4wIJJjKgBIAVAD&rclk=1
4987;SPPG POLRESTA JAYAPURA KOTA;SPPG Polresta Jayapura Kota, West Koya, Muara Tami, Jayapura City, Papua 99351;Papua;Jayapura;Depapre;T4 nama file;https://www.google.com/maps/place/SPPG+Polresta+Jayapura+Kota/data=!4m7!3m6!1s0x686c670001869dfd:0x27c73a14ab045704!8m2!3d-2.668698!4d140.790128!16s%2Fg%2F11ygz20r0g!19sChIJ_Z2GAQBnbGgRBFcEqxQ6xyc?authuser=0&hl=id&g_ep=EgoyMDI2MDkxNi4wIJJjKgBIAVAD&rclk=1
4988;JAYAPURA DEPAPRE;Jayapura Depapre, Tablasupa, Distrik Depapre, Kabupaten Jayapura, Papua 99353;Papua;Jayapura;Depapre;T4 nama file;https://www.google.com/maps/place/Jayapura+Depapre/data=!4m7!3m6!1s0x686ce7e5e2b33375:0x26c84d4ef83715f4!8m2!3d-2.4499888!4d140.3799712!16s%2Fg%2F11h40wwj1k!19sChIJdTOz4uXnbGgR9BU3-E5NyCY?authuser=0&hl=id&g_ep=EgoyMDI2MDkxNi4wIJJjKgBIAVAD&rclk=1
4989;DISTRIK NIMBOKRANG;Kabupaten Jayapura, Papua;Papua;Jayapura;Nimbokrang;T4 nama file;https://www.google.com/maps/place/Distrik+Nimbokrang,+Kabupaten+Jayapura,+Papua/@-2.5210971,140.1691426,12z/data=!3m1!4b1!4m6!3m5!1s0x686ccf93a262a409:0xf66261a3431e7659!8m2!3d-2.5482824!4d140.1340831!16s%2Fg%2F120j39l0?hl=id&entry=ttu&g_ep=EgoyMDI2MDkxNi4wIKXMDSoASAFQAw%3D%3D
4992;DAPUR SEHAT BGN, SATUAN PELAYANAN PEMENUHAN GIZI (SPPG), YAYASAN VAIMBARI SULUH PAPUA.;Dapur Sehat BGN, Satuan Pelayanan Pemenuhan Gizi (SPPG), Yayasan Vaimbari Suluh Papua., HM 1629, Jl. Raya Sentani Padang Bulan, Hedam, Heram, Jayapura City, Papua 99351;Papua;Jayapura;Nimboran;T4 nama file;https://www.google.com/maps/place/Dapur+Sehat+BGN,+Satuan+Pelayanan+Pemenuhan+Gizi+%28SPPG%29,+Yayasan+Vaimbari+Suluh+Papua./data=!4m7!3m6!1s0x686cf5001754efe1:0x6f57120f2df70c74!8m2!3d-2.6080149!4d140.646691!16s%2Fg%2F11m6bsq1ly!19sChIJ4e9UFwD1bGgRdAz3LQ8SV28?authuser=0&hl=id&g_ep=EgoyMDI2MDkxNi4wIJJjKgBIAVAD&rclk=1
4993;SPPG NARAMBEN;SPPG NARAMBEN, Upt Arso XIII / Naramben, Skanto, Keerom Regency, Papua 99468;Papua;Jayapura;Kaureh;T4 nama file;https://www.google.com/maps/place/SPPG+NARAMBEN/data=!4m7!3m6!1s0x686c81002d981cf3:0x4b2e71ef0127250a!8m2!3d-2.842823!4d140.6370119!16s%2Fg%2F11yp7_ls8n!19sChIJ8xyYLQCBbGgRCiUnAe9xLks?authuser=0&hl=id&g_ep=EgoyMDI2MDkxNi4wIJJjKgBIAVAD&rclk=1
4994;YAPSI;Kabupaten Jayapura, Papua;Papua;Jayapura;Yapsi;T4 nama file;https://www.google.com/maps/place/Yapsi/data=!4m7!3m6!1s0x686ca9b0bfac7fed:0xaec96b36c4ad9a90!8m2!3d-2.811221!4d140.1009527!16s%2Fg%2F121qypl1!19sChIJ7X-sv7CpbGgRkJqtxDZrya4?authuser=0&hl=id&g_ep=EgoyMDI2MDkxNi4wIJJjKgBIAVAD&rclk=1
4995;SPPG JAPSEL II, IMBI JAYAPURA;Jl. Ahmad Yani No.3, Gurabesi, Jayapura Utara, Jayapura City, Papua;Papua;Jayapura;Yapsi;T4 nama file;https://www.google.com/maps/place/SPPG+JapSel+II,+Imbi+Jayapura/data=!4m7!3m6!1s0x686c590066c3e6cd:0x63aaca2c8104eb9!8m2!3d-2.5420203!4d140.7047464!16s%2Fg%2F11yv_55fnm!19sChIJzebDZgBZbGgRuU4QyKKsOgY?authuser=0&hl=id&g_ep=EgoyMDI2MDkxNi4wIJJjKgBIAVAD&rclk=1
4996;SPPG YAYASAN YAPIS WAMENA;SPPG YAYASAN YAPIS WAMENA, Hurekama, Distrik Wamena, Kabupaten Jayawijaya, Papua Pegunungan 99511;Papua;Jayapura;Yapsi;T4 nama file;https://www.google.com/maps/place/SPPG+YAYASAN+YAPIS+WAMENA/data=!4m7!3m6!1s0x683e6d003b8f8c6b:0x6a260870a0ff40cb!8m2!3d-4.1022525!4d138.9336223!16s%2Fg%2F11yvpfz7d3!19sChIJa4yPOwBtPmgRy0D_oHAIJmo?authuser=0&hl=id&g_ep=EgoyMDI2MDkxNi4wIJJjKgBIAVAD&rclk=1
4997;DAPUR SPPG WAIBU 01;Jl Yowanibi, Doyo Baru, Distrik Waibu, Kabupaten Jayapura, Papua 99369;Papua;Jayapura;Waibu;T4 nama file;https://www.google.com/maps/place/Dapur+SPPG+WAIBU+01/data=!4m7!3m6!1s0x686cef4a72fbe857:0xb0e0ae987924c3fb!8m2!3d-2.5475108!4d140.4571164!16s%2Fg%2F11m_5rgtyf!19sChIJV-j7ckrvbGgR-8MkeZiu4LA?authuser=0&hl=id&g_ep=EgoyMDI2MDkxNi4wIJJjKgBIAVAD&rclk=1
4999;SPPG SUKASARI ISOLA 2;Jl. Sersan Bajuri No.99, Isola, Kec. Sukasari, Kota Bandung, Jawa Barat 40154;Papua;Keerom;Towe;T4 nama file;https://www.google.com/maps/place/SPPG+SUKASARI+ISOLA+2/data=!4m7!3m6!1s0x2e68e7004b6b44cb:0xeca6ccb94d6c51b5!8m2!3d-6.8496888!4d107.5907637!16s%2Fg%2F11njz9_4c8!19sChIJy0RrSwDnaC4RtVFsTbnMpuw?authuser=0&hl=id&g_ep=EgoyMDI2MDkxNi4wIJJjKgBIAVAD&rclk=1
5001;SPPG HUSEN SASTRANEGARA 7;Jl. Komud Supadio Bandung No.17, Husen Sastranegara, Cicendo, Bandung City, West Java 40174;Papua;Keerom;Towe;T4 nama file;https://www.google.com/maps/place/SPPG+Husen+Sastranegara+7/data=!4m7!3m6!1s0x2e68e70060dd3a47:0x12b387e0482d7b68!8m2!3d-6.9107728!4d107.5865993!16s%2Fg%2F11mydc3jfv!19sChIJRzrdYADnaC4RaHstSOCHsxI?authuser=0&hl=id&g_ep=EgoyMDI2MDkxNi4wIJJjKgBIAVAD&rclk=1
5011;KAMPUNG SENGGI;Kampung Senggi, Senggi, Kabupaten Keerom, Papua 99465;Papua;Keerom;Senggi;T4 nama file;https://www.google.com/maps/place/Kampung+Senggi/data=!4m7!3m6!1s0x686a53003a53c079:0xff073ac01c5246c!8m2!3d-3.4341725!4d140.7716789!16s%2Fg%2F11ydvlthry!19sChIJecBTOgBTamgRbCTFAaxz8A8?authuser=0&hl=id&g_ep=EgoyMDI2MDkxNi4wIJJjKgBIAVAD&rclk=1
5012;PUSKESMAS SENGGI;PUSKESMAS SENGGI, Senggi, Kabupaten Keerom, Papua 99465;Papua;Keerom;Senggi;T4 nama file;https://www.google.com/maps/place/PUSKESMAS+SENGGI/data=!4m7!3m6!1s0x686a5574fd9c0e43:0x9ddc73ee14347eff!8m2!3d-3.4465696!4d140.746545!16s%2Fg%2F11gl212rfg!19sChIJQw6c_XRVamgR_340FO5z3J0?authuser=0&hl=id&g_ep=EgoyMDI2MDkxNi4wIJJjKgBIAVAD&rclk=1
5013;BPS KABUPATEN KEEROM;BPS Kabupaten Keerom, Arso Kota, Arso, Keerom Regency, Papua 99468;Papua;Keerom;Yaffi;T4 nama file;https://www.google.com/maps/place/BPS+Kabupaten+Keerom/data=!4m7!3m6!1s0x686c78ac6d3235cb:0x3a780a10da771108!8m2!3d-2.8967539!4d140.7663303!16s%2Fg%2F11c1l9hb6t!19sChIJyzUybax4bGgRCBF32hAKeDo?authuser=0&hl=id&g_ep=EgoyMDI2MDkxNi4wIJJjKgBIAVAD&rclk=1
5014;DISTRIK YAFFI;Distrik Yaffi, Kampung Jifanggry, Distrik Yaffi, Kabupaten Keerom, Papua 99466;Papua;Keerom;Yaffi;T4 nama file;https://www.google.com/maps/place/Distrik+Yaffi/data=!4m7!3m6!1s0x686a4557314e9d85:0xfccb29251286dfbe!8m2!3d-3.569159!4d140.8804878!16s%2Fg%2F11tsnnmccp!19sChIJhZ1OMVdFamgRvt-GEiUpy_w?authuser=0&hl=id&g_ep=EgoyMDI2MDkxNi4wIJJjKgBIAVAD&rclk=1
5015;SPPG SERUI JAYA;SPPG SERUI JAYA, Serui Jaya, Kec. Yapen Sel., Kabupaten Kepulauan Yapen, Papua 98212;Papua;Kepulauan Yapen;Kepulauan Ambai;T4 nama file;https://www.google.com/maps/place/SPPG+SERUI+JAYA/@-1.884425,136.248797,17z/data=!3m1!4b1!4m6!3m5!1s0x681b57002a5fd857:0x2119be5f68061f65!8m2!3d-1.884425!4d136.248797!16s%2Fg%2F11zdzcht5g?hl=id&entry=ttu&g_ep=EgoyMDI2MDkxNi4wIKXMDSoASAFQAw%3D%3D
5016;DISTRIK PULAU KURUDU;Kabupaten Kepulauan Yapen, Papua;Papua;Kepulauan Yapen;Pulau Kurudu;T4 nama file;https://www.google.com/maps/place/Distrik+Pulau+Kurudu/data=!4m7!3m6!1s0x681acdc334649dab:0xa7a245ed4349075!8m2!3d-1.8369897!4d137.0324636!16s%2Fg%2F1hm5070ls!19sChIJq51kNMPNGmgRdZA01F4kego?authuser=0&hl=id&g_ep=EgoyMDI2MDkxNi4wIJJjKgBIAVAD&rclk=1
5019;DISTRIK WINDESI;Kabupaten Kepulauan Yapen, Papua;Papua;Kepulauan Yapen;Windesi;T4 nama file;https://www.google.com/maps/place/Distrik+Windesi/data=!4m7!3m6!1s0x68034ecd2971cbff:0x8754a512ec1018e7!8m2!3d-1.6367572!4d135.9138585!16s%2Fg%2F12338fws!19sChIJ_8txKc1OA2gR5xgQ7BKlVIc?authuser=0&hl=id&g_ep=EgoyMDI2MDkxNi4wIJJjKgBIAVAD&rclk=1
5020;ANATOREI;Kec. Yapen Sel., Kabupaten Kepulauan Yapen, Papua;Papua;Kepulauan Yapen;Anotaurei;T4 nama file;https://www.google.com/maps/place/Anatorei/data=!4m7!3m6!1s0x681b57abcea15f49:0x309f2cb62f5a2d4e!8m2!3d-1.865396!4d136.2450446!16s%2Fg%2F1hm4kfd8z!19sChIJSV-hzqtXG2gRTi1aL7YsnzA?authuser=0&hl=id&g_ep=EgoyMDI2MDkxNi4wIJJjKgBIAVAD&rclk=1
5021;PUSKESMAS YAWAKUKAT;Puskesmas Yawakukat, Yapanani, Distrik Yawakukat, Kabupaten Kepulauan Yapen, Papua 98255;Papua;Kepulauan Yapen;Yawakukat;T4 nama file;https://www.google.com/maps/place/Puskesmas+Yawakukat/@-1.8482163,136.2926776,17z/data=!3m1!4b1!4m6!3m5!1s0x681b51799fd91b47:0xfc3bf4af82a3c8a2!8m2!3d-1.8482163!4d136.2926776!16s%2Fg%2F11s1vwrtsd?hl=id&entry=ttu&g_ep=EgoyMDI2MDkxNi4wIKXMDSoASAFQAw%3D%3D
5022;YAPEN BAR.;Kabupaten Kepulauan Yapen, Papua;Papua;Kepulauan Yapen;Yapen Barat;T4 nama file;https://www.google.com/maps/place/Yapen+Bar./data=!4m7!3m6!1s0x681ccc96830fa879:0xcc096b545acb3966!8m2!3d-1.7341007!4d135.8144293!16s%2Fg%2F122c65ck!19sChIJeagPg5bMHGgRZjnLWlRrCcw?authuser=0&hl=id&g_ep=EgoyMDI2MDkxNi4wIJJjKgBIAVAD&rclk=1
5023;DISTRIK YAPEN TIMUR;Kabupaten Kepulauan Yapen, Papua;Papua;Kepulauan Yapen;Yapen Timur;T4 nama file;https://www.google.com/maps/place/Distrik+Yapen+Timur/data=!4m7!3m6!1s0x681b323650450a23:0x8aa6062a086a2ccd!8m2!3d-1.8231626!4d136.7603579!16s%2Fg%2F121w1j9q!19sChIJIwpFUDYyG2gRzSxqCCoGpoo?authuser=0&hl=id&g_ep=EgoyMDI2MDkxNi4wIJJjKgBIAVAD&rclk=1
5024;SPPG YAYASAN TITIAN MAS YAPEN, DAPUR MBG NEWI;SPPG Yayasan Titian Mas Yapen, Dapur MBG newi, Jl. Kamboja, RT.05/RW.04, Serui Kota, Kec. Yapen Sel., Kabupaten Kepulauan Yapen, Papua 98213;Papua;Kepulauan Yapen;Yapen Selatan;T4 nama file;https://www.google.com/maps/place/SPPG+Yayasan+Titian+Mas+Yapen,+Dapur+MBG+newi/data=!4m7!3m6!1s0x681b570054e75bab:0xb416e2c567a90711!8m2!3d-1.8792585!4d136.2334986!16s%2Fg%2F11yq1zvzfd!19sChIJq1vnVABXG2gREQepZ8XiFrQ?authuser=0&hl=id&g_ep=EgoyMDI2MDkxNi4wIJJjKgBIAVAD&rclk=1
5025;SPPG YAPSEL 1 SERUI KOTA;SPPG YAPSEL 1 SERUI KOTA, Mantembu, Kec. Yapen Sel., Kabupaten Kepulauan Yapen, Papua 98211;Papua;Kepulauan Yapen;Yapen Selatan;T4 nama file;https://www.google.com/maps/place/SPPG+YAPSEL+1+SERUI+KOTA/data=!4m7!3m6!1s0x681b570009b3133b:0xc577d86a5fa630fc!8m2!3d-1.8621755!4d136.2379923!16s%2Fg%2F11zc6mm6tl!19sChIJOxOzCQBXG2gR_DCmX2rYd8U?authuser=0&hl=id&g_ep=EgoyMDI2MDkxNi4wIJJjKgBIAVAD&rclk=1
5026;SPPG YAPSEL 3;SPPG YAPSEL 3, Jl. Stevanus Rumbewas, Serui Kota, Kec. Yapen Sel., Kabupaten Kepulauan Yapen, Papua 98213;Papua;Kepulauan Yapen;Yapen Selatan;T4 nama file;https://www.google.com/maps/place/SPPG+YAPSEL+3/data=!4m7!3m6!1s0x681b57005df2c4ed:0x95181f39e10c9cf4!8m2!3d-1.8775251!4d136.2341773!16s%2Fg%2F11zh8s2m4k!19sChIJ7cTyXQBXG2gR9JwM4TkfGJU?authuser=0&hl=id&g_ep=EgoyMDI2MDkxNi4wIJJjKgBIAVAD&rclk=1
5027;SPPG KITONG BISA;SPPG Kitong Bisa, Mariaderi, Kec. Yapen Sel., Kabupaten Kepulauan Yapen, Papua 98215;Papua;Kepulauan Yapen;Yapen Selatan;T4 nama file;https://www.google.com/maps/place/SPPG+Kitong+Bisa/data=!4m7!3m6!1s0x681b57002f2a7d19:0x4cabd96f0bd943d5!8m2!3d-1.8808821!4d136.2291535!16s%2Fg%2F11zjmlv7hz!19sChIJGX0qLwBXG2gR1UPZC2_Zq0w?authuser=0&hl=id&g_ep=EgoyMDI2MDkxNi4wIJJjKgBIAVAD&rclk=1
5029;DISTRIK TLK. AMPIMOI;Kabupaten Kepulauan Yapen, Papua;Papua;Kepulauan Yapen;Teluk Ampimoi;T4 nama file;https://www.google.com/maps/place/Distrik+Tlk.+Ampimoi/data=!4m7!3m6!1s0x681b3676b9577d47:0x9f8f93e4402acbda!8m2!3d-1.8521856!4d136.5246471!16s%2Fg%2F120x68bw!19sChIJR31XuXY2G2gR2ssqQOSTj58?authuser=0&hl=id&g_ep=EgoyMDI2MDkxNi4wIJJjKgBIAVAD&rclk=1
5030;SPPG HAMADI 2;SPPG HAMADI 2, Lrg. 1, Hamadi, Distrik Jayapura Selatan, Kota Jayapura, Papua;Papua;Kota Jayapura;Abepura;T4 nama file;https://www.google.com/maps/place/SPPG+HAMADI+2/data=!4m7!3m6!1s0x686c590056f4ca8f:0xbbe07df871bf64bd!8m2!3d-2.5747996!4d140.7060921!16s%2Fg%2F11yrpgzk0q!19sChIJj8r0VgBZbGgRvWS_cfh94Ls?authuser=0&hl=id&g_ep=EgoyMDI2MDkxNi4wIJJjKgBIAVAD&rclk=1
5034;SPPG TANJUNG RIA;SPPG Tanjung Ria, Jl. Tj. Ria, Tanjung Ria, Jayapura Utara, Jayapura City, Papua;Papua;Kota Jayapura;Jayapura Utara;T4 nama file;https://www.google.com/maps/place/SPPG+Tanjung+Ria/data=!4m7!3m6!1s0x686c57002aa19553:0xe3a2124776bc90b5!8m2!3d-2.5213357!4d140.7349233!16s%2Fg%2F11ywzjqs8t!19sChIJU5WhKgBXbGgRtZC8dkcSouM?authuser=0&hl=id&g_ep=EgoyMDI2MDkxNi4wIJJjKgBIAVAD&rclk=1
5037;SPPG DAMAI ENTROP JAPSEL;SPPG Damai Entrop Japsel, Entrop, Distrik Jayapura Selatan, Kota Jayapura, Papua 99221;Papua;Kota Jayapura;Jayapura Selatan;T4 nama file;https://www.google.com/maps/place/SPPG+Damai+Entrop+Japsel/data=!4m7!3m6!1s0x686c590015bfa56f:0xba08a43cab72b76a!8m2!3d-2.565801!4d140.6968992!16s%2Fg%2F11yznqwv81!19sChIJb6W_FQBZbGgRardyqzykCLo?authuser=0&hl=id&g_ep=EgoyMDI2MDkxNi4wIJJjKgBIAVAD&rclk=1
5038;BENUKI;Kabupaten Mamberamo Raya, Papua;Papua;Mamberamo Raya;Benuki;T4 nama file;https://www.google.com/maps/place/Benuki/data=!4m7!3m6!1s0x6810883f0f1c29cd:0x52cfc10baae62c4!8m2!3d-2.1703445!4d137.6061625!16s%2Fg%2F121m7wzy!19sChIJzSkcDz-IEGgRxGKuuhD8LAU?authuser=0&hl=id&g_ep=EgoyMDI2MDkxNi4wIJJjKgBIAVAD&rclk=1
5040;MAMBERAMO ILIR;Kabupaten Mamberamo Raya, Papua;Papua;Mamberamo Raya;Mamberamo Hilir;T4 nama file;https://www.google.com/maps/place/Mamberamo+Ilir/data=!4m7!3m6!1s0x680fd5d72bdfe01d:0x3040c6683684fc94!8m2!3d-1.8878768!4d138.0010282!16s%2Fg%2F120knhd_!19sChIJHeDfK9fVD2gRlPyENmjGQDA?authuser=0&hl=id&g_ep=EgoyMDI2MDkxNi4wIJJjKgBIAVAD&rclk=1
5041;WAROPEN ATAS;Kabupaten Mamberamo Raya, Papua;Papua;Mamberamo Raya;Waropen Atas;T4 nama file;https://www.google.com/maps/place/Waropen+Atas/data=!4m7!3m6!1s0x681a71d6f47d2bbd:0x2008a4bef2200c3!8m2!3d-2.4516885!4d137.2142417!16s%2Fg%2F121sljfy!19sChIJvSt99NZxGmgRwwAi70uKAAI?authuser=0&hl=id&g_ep=EgoyMDI2MDkxNi4wIJJjKgBIAVAD&rclk=1
5042;KABUPATEN MAMBERAMO RAYA;Papua;Papua;Mamberamo Raya;Rufaer;T4 nama file;https://www.google.com/maps/place/Kabupaten+Mamberamo+Raya/data=!4m7!3m6!1s0x6810e4edc1ee2833:0x6bf6cfdf4ff03958!8m2!3d-2.5331255!4d137.7637565!16s%2Fm%2F063_spw!19sChIJMyjuwe3kEGgRWDnwT9_P9ms?authuser=0&hl=id&g_ep=EgoyMDI2MDkxNi4wIJJjKgBIAVAD&rclk=1
5043;MAMBERAMO ULU;Kabupaten Mamberamo Raya, Papua;Papua;Mamberamo Raya;Mamberamo Hulu;T4 nama file;https://www.google.com/maps/place/Mamberamo+Ulu/data=!4m7!3m6!1s0x6816e7ac43878cdf:0xfa954e9af48126a7!8m2!3d-3.1182377!4d138.6388879!16s%2Fg%2F122tccfq!19sChIJ34yHQ6znFmgRpyaB9JpOlfo?authuser=0&hl=id&g_ep=EgoyMDI2MDkxNi4wIJJjKgBIAVAD&rclk=1
5044;APAWER HULU;Kabupaten Sarmi, Papua;Papua;Sarmi;Apawer Hulu;T4 nama file;https://www.google.com/maps/place/Apawer+Hulu/data=!4m7!3m6!1s0x6811c2935e6f5cc7:0x8817582a1beb01b6!8m2!3d-2.0469798!4d138.3589086!16s%2Fg%2F121v2d36!19sChIJx1xvXpPCEWgRtgHrGypYF4g?authuser=0&hl=id&g_ep=EgoyMDI2MDkxNi4wIJJjKgBIAVAD&rclk=1
5046;PUSKESMAS BONGGO TIMUR;Puskesmas bonggo timur, Unnamed Road, Mawes Mukti, Distrik Bonggo Timur, Kabupaten Sarmi, Papua 99355;Papua;Sarmi;Bonggo Timur;T4 nama file;https://www.google.com/maps/place/Puskesmas+bonggo+timur/data=!4m7!3m6!1s0x6813214c9348646f:0x868caf62c8082a84!8m2!3d-2.3719396!4d139.6917848!16s%2Fg%2F11h7vg4376!19sChIJb2RIk0whE2gRhCoIyGKvjIY?authuser=0&hl=id&g_ep=EgoyMDI2MDkxNi4wIJJjKgBIAVAD&rclk=1
5048;KEC. SUPIORI SEL.;Kabupaten Supiori, Papua;Papua;Supiori;Supiori Selatan;T4 nama file;https://www.google.com/maps/place/Kec.+Supiori+Sel./data=!4m7!3m6!1s0x680183cc4c4efced:0xf6efc78013c73a6f!8m2!3d-0.837294!4d135.5890065!16s%2Fg%2F122rvjzc!19sChIJ7fxOTMyDAWgRbzrHE4DH7_Y?authuser=0&hl=id&g_ep=EgoyMDI2MDkxNi4wIJJjKgBIAVAD&rclk=1
5049;DISTRIK SUPIORI UTARA;Kabupaten Supiori, Papua;Papua;Supiori;Supiori Utara;T4 nama file;https://www.google.com/maps/place/Distrik+Supiori+Utara/data=!4m7!3m6!1s0x680177cae4534c47:0x32ca2bd71c2986d0!8m2!3d-0.6732508!4d135.6191212!16s%2Fg%2F122jxcf9!19sChIJR0xT5Mp3AWgR0IYpHNcryjI?authuser=0&hl=id&g_ep=EgoyMDI2MDkxNi4wIJJjKgBIAVAD&rclk=1
5050;SPPG KAMPUNG MASYAI MEOSBEFONDI;SPPG Kampung Masyai Meosbefondi, Masyai, Supiori Bar., Kabupaten Supiori, Papua;Papua;Supiori;Supiori Barat;T4 nama file;https://www.google.com/maps/place/SPPG+Kampung+Masyai+Meosbefondi/@-0.4088182,135.2692589,17z/data=!3m1!4b1!4m6!3m5!1s0x6800350040f90b03:0x56671a2652856355!8m2!3d-0.4088182!4d135.2692589!16s%2Fg%2F11zcg32yxb?hl=id&entry=ttu&g_ep=EgoyMDI2MDkxNi4wIKXMDSoASAFQAw%3D%3D
5051;KEC. SUPIORI TIM.;Kabupaten Supiori, Papua;Papua;Supiori;Supiori Timur;T4 nama file;https://www.google.com/maps/place/Kec.+Supiori+Tim./data=!4m7!3m6!1s0x68017afd70001b7b:0x58cfdc573a974bba!8m2!3d-0.7338901!4d135.7362281!16s%2Fg%2F121qftly!19sChIJexsAcP16AWgRukuXOlfcz1g?authuser=0&hl=id&g_ep=EgoyMDI2MDkxNi4wIJJjKgBIAVAD&rclk=1
5052;KEC. KEPULAUAN ARURI;Kabupaten Supiori, Papua;Papua;Supiori;Kepulauan Aruri;T4 nama file;https://www.google.com/maps/place/Kec.+Kepulauan+Aruri/data=!4m7!3m6!1s0x680185f69255fcb3:0xa0a3dc35b952cf39!8m2!3d-0.8189465!4d135.5031282!16s%2Fg%2F120q6ztw!19sChIJs_xVkvaFAWgROc9SuTXco6A?authuser=0&hl=id&g_ep=EgoyMDI2MDkxNi4wIJJjKgBIAVAD&rclk=1
5054;DISTRIK DEMBA;Kabupaten Waropen, Papua;Papua;Waropen;Demba;T4 nama file;https://www.google.com/maps/place/Distrik+Demba/data=!4m7!3m6!1s0x681ba8f4703a80bf:0x34d517d31bf612b7!8m2!3d-2.2877165!4d136.7685496!16s%2Fg%2F11f2w52p01!19sChIJv4A6cPSoG2gRtxL2G9MX1TQ?authuser=0&hl=id&g_ep=EgoyMDI2MDkxNi4wIJJjKgBIAVAD&rclk=1
5055;KIRIHI;Kabupaten Waropen, Papua;Papua;Waropen;Kirihi;T4 nama file;https://www.google.com/maps/place/Kirihi/data=!4m7!3m6!1s0x681909c37de11b97:0x2d36f2f348b9a54e!8m2!3d-3.0261206!4d136.7478493!16s%2Fg%2F11g01rtm49!19sChIJlxvhfcMJGWgRTqW5SPPyNi0?authuser=0&hl=id&g_ep=EgoyMDI2MDkxNi4wIJJjKgBIAVAD&rclk=1
5056;KEC. WAROPEN BAWAH;Kabupaten Waropen, Papua;Papua;Waropen;Oudate;T4 nama file;https://www.google.com/maps/place/Kec.+Waropen+Bawah/data=!4m7!3m6!1s0x681bc1a2d22e8bff:0x9b57b47411779662!8m2!3d-2.2420315!4d136.3794418!16s%2Fg%2F1228xcfz!19sChIJ_4su0qLBG2gRYpZ3EXS0V5s?authuser=0&hl=id&g_ep=EgoyMDI2MDkxNi4wIJJjKgBIAVAD&rclk=1
5057;WONTI;Odase, Distrik Demba, Kabupaten Waropen, Papua;Papua;Waropen;Wonti;T4 nama file;https://www.google.com/maps/place/Wonti/data=!4m7!3m6!1s0x681ba84fb85da041:0x935f411002a8c374!8m2!3d-2.2764509!4d136.701202!16s%2Fg%2F1tcw896w!19sChIJQaBduE-oG2gRdMOoAhBBX5M?authuser=0&hl=id&g_ep=EgoyMDI2MDkxNi4wIJJjKgBIAVAD&rclk=1
5058;KABUPATEN WAROPEN;Papua;Papua;Waropen;Soyoi Mambai;T4 nama file;https://www.google.com/maps/place/Kabupaten+Waropen/data=!4m7!3m6!1s0x68197d6383c10d55:0xccb2c11a06880cc8!8m2!3d-2.8435717!4d136.670534!16s%2Fm%2F0641f08!19sChIJVQ3Bg2N9GWgRyAyIBhrBssw?authuser=0&hl=id&g_ep=EgoyMDI2MDkxNi4wIJJjKgBIAVAD&rclk=1
5059;WALANI;Kabupaten Waropen, Papua;Papua;Waropen;Walani;T4 nama file;https://www.google.com/maps/place/Walani/data=!4m7!3m6!1s0x6819eb64eb9e2a33:0x3c4a707fee198bc!8m2!3d-2.928854!4d137.2142417!16s%2Fg%2F1hm6ktyy2!19sChIJMyqe62TrGWgRvJjh_genxAM?authuser=0&hl=id&g_ep=EgoyMDI2MDkxNi4wIJJjKgBIAVAD&rclk=1
5060;MASIREI;Kabupaten Waropen, Papua;Papua;Waropen;Masirei;T4 nama file;https://www.google.com/maps/place/Masirei/data=!4m7!3m6!1s0x681a380cce730a2d:0xef8885c7f7c8ae85!8m2!3d-2.5326635!4d137.0193913!16s%2Fg%2F1225qrk3!19sChIJLQpzzgw4GmgRha7I98eFiO8?authuser=0&hl=id&g_ep=EgoyMDI2MDkxNi4wIJJjKgBIAVAD&rclk=1
5061;INGGERUS;Kabupaten Waropen, Papua;Papua;Waropen;Inggerus;T4 nama file;https://www.google.com/maps/place/Inggerus/data=!4m7!3m6!1s0x68195ed946022c51:0x450866f7860e3381!8m2!3d-2.7458074!4d136.4777687!16s%2Fg%2F11g01rphqk!19sChIJUSwCRtleGWgRgTMOhvdmCEU?authuser=0&hl=id&g_ep=EgoyMDI2MDkxNi4wIJJjKgBIAVAD&rclk=1
5062;RISEI SAYATI;Kabupaten Waropen, Papua;Papua;Waropen;Risei Sayati;T4 nama file;https://www.google.com/maps/place/Risei+Sayati/data=!4m7!3m6!1s0x681bcbac60e60457:0x79e0df267d2a13e!8m2!3d-2.5853714!4d136.8640458!16s%2Fg%2F11f2w5km2c!19sChIJVwTmYKzLG2gRPqHSZ_INngc?authuser=0&hl=id&g_ep=EgoyMDI2MDkxNi4wIJJjKgBIAVAD&rclk=1
5063;KEC. UREI FAISEI;Kabupaten Waropen, Papua;Papua;Waropen;Urei Faisei;T4 nama file;https://www.google.com/maps/place/Kec.+Urei+Faisei/data=!4m7!3m6!1s0x681b7542ac7760f1:0xd94366d88a18b612!8m2!3d-2.209971!4d136.4499194!16s%2Fg%2F1hm35t6jl!19sChIJ8WB3rEJ1G2gRErYYithmQ9k?authuser=0&hl=id&g_ep=EgoyMDI2MDkxNi4wIJJjKgBIAVAD&rclk=1
5065;WARTUTIN;Kec. Fakfak Bar., Kabupaten Fakfak, Papua Bar.;Papua Barat;Fakfak;Fak-Fak Barat;T3 alamat fuzzy;https://www.google.com/maps/place/Wartutin/data=!4m7!3m6!1s0x2d4671f2ab3eeef5:0x91b57daf09037398!8m2!3d-2.8906421!4d132.1473903!16s%2Fg%2F1hm40bqrw!19sChIJ9e4-q_JxRi0RmHMDCa99tZE?authuser=0&hl=id&g_ep=EgoyMDI2MDkxNi4wIJJjKgBIAVAD&rclk=1
5066;MBAHAMDANDARA;Kokas, Kabupaten Fakfak, Papua Bar.;Papua Barat;Fakfak;Mbahamdandara;T4 nama file;https://www.google.com/maps/place/Mbahamdandara/data=!4m7!3m6!1s0x2d48be6e37730303:0x397cfd3805abba1f!8m2!3d-2.9960001!4d132.7955185!16s%2Fg%2F1hm379m_r!19sChIJAwNzN26-SC0RH7qrBTj9fDk?authuser=0&hl=id&g_ep=EgoyMDI2MDkxNi4wIJJjKgBIAVAD&rclk=1
5067;FAKFAK TIM.;Kabupaten Fakfak, Papua Bar.;Papua Barat;Fakfak;Fakfak Timur Tengah;T4 nama file;https://www.google.com/maps/place/Fakfak+Tim./data=!4m7!3m6!1s0x2d489c21ecdefab9:0x6a0537f2cba21df!8m2!3d-3.0285426!4d132.5901672!16s%2Fg%2F1234bmmc!19sChIJufre7CGcSC0R3yG6LH9ToAY?authuser=0&hl=id&g_ep=EgoyMDI2MDkxNi4wIJJjKgBIAVAD&rclk=1
5068;SPPG CIKAKAK;Jl. Ps. Manis, Area Sawah, Pende, Banjarharjo, Brebes Regency, Central Java 52265;Papua Barat;Fakfak;Arguni;T4 nama file;https://www.google.com/maps/place/SPPG+Cikakak/@-6.9654907,108.794775,17z/data=!3m1!4b1!4m6!3m5!1s0x2e6f0bda8e72a129:0x3489fac36bdd4b17!8m2!3d-6.9654907!4d108.794775!16s%2Fg%2F11mrz_r63f?hl=id&entry=ttu&g_ep=EgoyMDI2MDkxNi4wIKXMDSoASAFQAw%3D%3D
5069;KANTOR DISTRIK FURWAGI;Kantor Distrik Furwagi, Rumbati, Distrik Tlk. Patipi, Kabupaten Fakfak, Papua Bar.;Papua Barat;Fakfak;Furwagi;T4 nama file;https://www.google.com/maps/place/Kantor+Distrik+Furwagi/@-2.7308001,132.0503258,17z/data=!3m1!4b1!4m6!3m5!1s0x2d45d75f309841ad:0xe49fb8f51bdadf9!8m2!3d-2.7308001!4d132.0503258!16s%2Fg%2F11g1lhfkg2?hl=id&entry=ttu&g_ep=EgoyMDI2MDkxNi4wIKXMDSoASAFQAw%3D%3D
5070;TOMAGE;Bomberay, Kabupaten Fakfak, Papua Bar.;Papua Barat;Fakfak;Tomage;T4 nama file;https://www.google.com/maps/place/Tomage/data=!4m7!3m6!1s0x2d4ed7df64af278b:0xf361cc7f8331f38b!8m2!3d-2.6585559!4d133.1553389!16s%2Fg%2F11vx1nqgxp!19sChIJiyevZN_XTi0Ri_Mxg3_MYfM?authuser=0&hl=id&g_ep=EgoyMDI2MDkxNi4wIJJjKgBIAVAD&rclk=1
5071;DISTRIK TLK. PATIPI;Kabupaten Fakfak, Papua Bar.;Papua Barat;Fakfak;Teluk Patipi;T4 nama file;https://www.google.com/maps/place/Distrik+Tlk.+Patipi/data=!4m7!3m6!1s0x2d45d35c0a36590d:0xc20fae114c05069d!8m2!3d-2.7115037!4d132.1613078!16s%2Fg%2F11b5v4gvgw!19sChIJDVk2ClzTRS0RnQYFTBGuD8I?authuser=0&hl=id&g_ep=EgoyMDI2MDkxNi4wIJJjKgBIAVAD&rclk=1
5072;DAPUR SPPG YAYASAN BINTANG PAPUA CEMERLANG;DAPUR SPPG YAYASAN BINTANG PAPUA CEMERLANG, Jl. Ahmad Yani, Fak Fak Selatan, Distrik Fakfak, Kabupaten Fakfak, Papua Bar. 98651;Papua Barat;Fakfak;Fak-Fak Timur;T4 nama file;https://www.google.com/maps/place/DAPUR+SPPG+YAYASAN+BINTANG+PAPUA+CEMERLANG/@-2.9300911,132.3056567,17z/data=!3m1!4b1!4m6!3m5!1s0x2d461300729dfc17:0x4c1308b03a7eb2fd!8m2!3d-2.9300911!4d132.3056567!16s%2Fg%2F11zj40tntv?hl=id&entry=ttu&g_ep=EgoyMDI2MDkxNi4wIKXMDSoASAFQAw%3D%3D
5073;GEREJA GPDI HANA KOKAS;Gereja GPDI Hana Kokas, Patimburak, Kokas, Kabupaten Fakfak, Papua Bar.;Papua Barat;Fakfak;Kokas;T4 nama file;https://www.google.com/maps/place/Gereja+GPDI+Hana+Kokas/@-2.7039854,132.4387144,17z/data=!3m1!4b1!4m6!3m5!1s0x2d45fb00786d2e5b:0x53a6859244b713b4!8m2!3d-2.7039854!4d132.4387144!16s%2Fg%2F11njt0j_bh?hl=id&entry=ttu&g_ep=EgoyMDI2MDkxNi4wIKXMDSoASAFQAw%3D%3D
5074;BEA CUKAI FAKFAK;Bea Cukai Fakfak, Fak Fak Selatan, Fakfak, Fakfak Regency, West Papua 98611;Papua Barat;Fakfak;Fak-Fak Barat;T4 nama file;https://www.google.com/maps/place/Bea+Cukai+Fakfak/data=!4m7!3m6!1s0x2d4613db9be96905:0xa75228645c988f0c!8m2!3d-2.9315507!4d132.3085045!16s%2Fg%2F11c2nh8mb0!19sChIJBWnpm9sTRi0RDI-YXGQoUqc?authuser=0&hl=id&g_ep=EgoyMDI2MDkxNi4wIJJjKgBIAVAD&rclk=1
5075;BADAN PUSAT STATISTIK KABUPATEN FAKFAK;Badan Pusat Statistik Kabupaten Fakfak, Fak Fak Utara, Fakfak, Fakfak Regency, West Papua 98651;Papua Barat;Fakfak;Fak-Fak Barat;T4 nama file;https://www.google.com/maps/place/Badan+Pusat+Statistik+Kabupaten+Fakfak/data=!4m7!3m6!1s0x2d4613cf09fa8c3d:0x5f763e709af5b98a!8m2!3d-2.9276723!4d132.3027512!16s%2Fg%2F11c2ng6kvt!19sChIJPYz6Cc8TRi0Rirn1mnA-dl8?authuser=0&hl=id&g_ep=EgoyMDI2MDkxNi4wIJJjKgBIAVAD&rclk=1
5076;KAMPUNG PASIR;Jl. Cendrawasih, Fak Fak Utara, Distrik Fakfak, Kabupaten Fakfak, Papua Bar. 98651;Papua Barat;Fakfak;Fak-Fak Barat;T4 nama file;https://www.google.com/maps/place/Kampung+Pasir/data=!4m7!3m6!1s0x2d46130056e9e83d:0xa9d2afa4a1e29b68!8m2!3d-2.9209119!4d132.3022113!16s%2Fg%2F11nqygg_gn!19sChIJPejpVgATRi0RaJvioaSv0qk?authuser=0&hl=id&g_ep=EgoyMDI2MDkxNi4wIJJjKgBIAVAD&rclk=1
5077;BPJS KETENAGAKERJAAN FAKFAK SALASA NAMUDAT;Bpjs Ketenagakerjaan Fakfak Salasa Namudat, Fak Fak Selatan, Distrik Fakfak, Kabupaten Fakfak, Papua Bar. 98611;Papua Barat;Fakfak;Fak-Fak Barat;T4 nama file;https://www.google.com/maps/place/BPJS+Ketenagakerjaan+Fakfak+Salasa+Namudat/data=!4m7!3m6!1s0x2d4613dcf47312c7:0xc42f0b13ca7af849!8m2!3d-2.9334701!4d132.3075543!16s%2Fg%2F11dx9wx_tz!19sChIJxxJz9NwTRi0RSfh6yhMLL8Q?authuser=0&hl=id&g_ep=EgoyMDI2MDkxNi4wIJJjKgBIAVAD&rclk=1
5078;RADIO REPUBLIK INDONESIA (RRI KAB. FAKFAK);Radio Republik Indonesia (RRI Kab. Fakfak), JL Kapten P. Tendean, Fak Fak Utara, Distrik Fakfak, Kabupaten Fakfak, Papua Bar. 98651;Papua Barat;Fakfak;Fak-Fak Barat;T4 nama file;https://www.google.com/maps/place/Radio+Republik+Indonesia+%28RRI+Kab.+Fakfak%29/data=!4m7!3m6!1s0x2d4613b5ed1a4e3d:0x6417d9e6c216120d!8m2!3d-2.9250125!4d132.3055156!16s%2Fg%2F11btlz9bfj!19sChIJPU4a7bUTRi0RDRIWwubZF2Q?authuser=0&hl=id&g_ep=EgoyMDI2MDkxNi4wIJJjKgBIAVAD&rclk=1
5079;FAK-FAK;Fak Fak Selatan, Distrik Fakfak, Kabupaten Fakfak, Papua Bar.;Papua Barat;Fakfak;Fak-Fak Barat;T4 nama file;https://www.google.com/maps/place/Fak-fak/data=!4m7!3m6!1s0x2d4613eb70a4ef6d:0x3b2252d4755877ef!8m2!3d-2.9280437!4d132.2917307!16s%2Fg%2F1tf89pq0!19sChIJbe-kcOsTRi0R73dYddRSIjs?authuser=0&hl=id&g_ep=EgoyMDI2MDkxNi4wIJJjKgBIAVAD&rclk=1
5080;BOMBERAY;Kabupaten Fakfak, Papua Bar.;Papua Barat;Fakfak;Bomberay;T4 nama file;https://www.google.com/maps/place/Bomberay,+Kabupaten+Fakfak,+Papua+Bar./@-2.9114629,133.290081,10z/data=!3m1!4b1!4m6!3m5!1s0x2d492382bd79c46f:0x8b6d998000da2107!8m2!3d-2.9067292!4d133.2521507!16s%2Fg%2F11b5v5txdq?hl=id&entry=ttu&g_ep=EgoyMDI2MDkxNi4wIKXMDSoASAFQAw%3D%3D
5081;DISTRIK KRAMONGMONGGA;Kabupaten Fakfak, Papua Bar.;Papua Barat;Fakfak;Kramongmongga;T4 nama file;https://www.google.com/maps/place/Distrik+Kramongmongga,+Kabupaten+Fakfak,+Papua+Bar./@-2.7442549,132.342368,12z/data=!3m1!4b1!4m6!3m5!1s0x2d45e2cd5def4001:0x7fc19de8aa000323!8m2!3d-2.7329977!4d132.3367683!16s%2Fg%2F11b5v891v8?hl=id&entry=ttu&g_ep=EgoyMDI2MDkxNi4wIKXMDSoASAFQAw%3D%3D
5082;DISTRIK FAKFAK TENGAH;Kabupaten Fakfak, Papua Bar.;Papua Barat;Fakfak;Fak-Fak Tengah;T4 nama file;https://www.google.com/maps/place/Distrik+Fakfak+Tengah,+Kabupaten+Fakfak,+Papua+Bar./@-2.8911975,132.3573715,12z/data=!3m1!4b1!4m6!3m5!1s0x2d46102ba3864819:0x4e103c5ed15f609d!8m2!3d-2.9352442!4d132.3183355!16s%2Fg%2F11b5v7bxyq?hl=id&entry=ttu&g_ep=EgoyMDI2MDkxNi4wIKXMDSoASAFQAw%3D%3D
5083;KARAS;Kabupaten Fakfak, Papua Bar.;Papua Barat;Fakfak;Karas;T4 nama file;https://www.google.com/maps/place/Karas/data=!4m7!3m6!1s0x2d4838674bd4e663:0x9ce5e4d1792f1647!8m2!3d-3.3952572!4d133.0971625!16s%2Fg%2F11b5v390k7!19sChIJY-bUS2c4SC0RRxYvedHk5Zw?authuser=0&hl=id&g_ep=EgoyMDI2MDkxNi4wIJJjKgBIAVAD&rclk=1
5085;DISTRIK TELUK ETNA;DISTRIK TELUK ETNA, Rurumo, Tlk. Etna, Kabupaten Kaimana, Papua Bar. 98655;Papua Barat;Kaimana;Teluk Etna;T4 nama file;https://www.google.com/maps/place/DISTRIK+TELUK+ETNA/@-3.9634541,134.9674491,17z/data=!3m1!4b1!4m6!3m5!1s0x2d352daf2f9c26fb:0x9fe2ac94a673b634!8m2!3d-3.9634541!4d134.9674491!16s%2Fg%2F11sqn_qrrx?hl=id&entry=ttu&g_ep=EgoyMDI2MDkxNi4wIKXMDSoASAFQAw%3D%3D
5086;SUNUA;Sunua, Waho, Distrik Kambrau, Kabupaten Kaimana, Papua Bar. 98654;Papua Barat;Kaimana;Kambrau;T4 nama file;https://www.google.com/maps/place/Sunua/data=!4m7!3m6!1s0x2d49930a01064313:0x630f799051bc1e13!8m2!3d-3.4196616!4d133.5932994!16s%2Fg%2F11n2vg1dsd!19sChIJE0MGAQqTSS0REx68UZB5D2M?authuser=0&hl=id&g_ep=EgoyMDI2MDkxNi4wIJJjKgBIAVAD&rclk=1
5088;TLK. ARGUNI;Kabupaten Kaimana, Papua Bar.;Papua Barat;Kaimana;Teluk Arguni Atas;T4 nama file;https://www.google.com/maps/place/Tlk.+Arguni/data=!4m7!3m6!1s0x2d4bcdf3000ab595:0x15f95e006bb90cd8!8m2!3d-3.1060477!4d134.0199152!16s%2Fg%2F12111y02!19sChIJlbUKAPPNSy0R2Ay5awBe-RU?authuser=0&hl=id&g_ep=EgoyMDI2MDkxNi4wIJJjKgBIAVAD&rclk=1
5089;DAPUR SPPG 3T BALADEWA PEDULI - SIMA;RT.005/RW.002, Sima, Yaur, Kabupaten Nabire, Papua 98852;Papua Barat;Kaimana;Yamor;T4 nama file;https://www.google.com/maps/place/Dapur+SPPG+3T+Baladewa+Peduli+-+SIMA/@-3.3765311,135.1679945,17z/data=!3m1!4b1!4m6!3m5!1s0x681fe9863248c06b:0xd65f977a2ba84f60!8m2!3d-3.3765311!4d135.1679945!16s%2Fg%2F11zxncctwp?hl=id&entry=ttu&g_ep=EgoyMDI2MDkxNi4wIKXMDSoASAFQAw%3D%3D
5090;KEC. WARMARE;Kabupaten Manokwari, Papua Bar.;Papua Barat;Manokwari;Warmare;T4 nama file;https://www.google.com/maps/place/Kec.+Warmare/data=!4m7!3m6!1s0x2d53faec93b137e5:0x44ced5d64b4652f!8m2!3d-0.9622076!4d133.8850087!16s%2Fg%2F120kn4b8!19sChIJ5Texk-z6Uy0RL2W0ZF3tTAQ?authuser=0&hl=id&g_ep=EgoyMDI2MDkxNi4wIJJjKgBIAVAD&rclk=1
5091;SPPG - PHCN - WOSI;SPPG - PHCN - WOSI, Jl. Drs Esau Sesa, Wosi, Kec. Manokwari Bar., Kabupaten Manokwari, Papua Bar. 98312;Papua Barat;Manokwari;Manokwari Barat;T3 alamat fuzzy;https://www.google.com/maps/place/SPPG+-+PHCN+-+WOSI/data=!4m7!3m6!1s0x2d53f50050a1dc99:0xb321995ca6265a88!8m2!3d-0.8769545!4d134.047684!16s%2Fg%2F11xkhrqdcz!19sChIJmdyhUAD1Uy0RiFomplyZIbM?authuser=0&hl=id&g_ep=EgoyMDI2MDkxNi4wIJJjKgBIAVAD&rclk=1
5092;SPPG TAMAN RIA;SPPG TAMAN RIA, Wosi, Kec. Manokwari Bar., Kabupaten Manokwari, Papua Bar. 98312;Papua Barat;Manokwari;Manokwari Barat;T3 alamat fuzzy;https://www.google.com/maps/place/SPPG+TAMAN+RIA/data=!4m7!3m6!1s0x2d53f5007173b495:0xef2567577f00374c!8m2!3d-0.8723632!4d134.04848!16s%2Fg%2F11y1652r2y!19sChIJlbRzcQD1Uy0RTDcAf1dnJe8?authuser=0&hl=id&g_ep=EgoyMDI2MDkxNi4wIJJjKgBIAVAD&rclk=1
5093;SPPG MANOKWARI BARAT WOSI 1;SPPG MANOKWARI BARAT WOSI 1, Wosi, Kec. Manokwari Bar., Kabupaten Manokwari, Papua Bar. 98312;Papua Barat;Manokwari;Manokwari Barat;T3 alamat fuzzy;https://www.google.com/maps/place/SPPG+MANOKWARI+BARAT+WOSI+1/data=!4m7!3m6!1s0x2d53f5006ba02f47:0xb00c68ad7e3ef728!8m2!3d-0.8769422!4d134.047445!16s%2Fg%2F11z674mxrj!19sChIJRy-gawD1Uy0RKPc-fq1oDLA?authuser=0&hl=id&g_ep=EgoyMDI2MDkxNi4wIJJjKgBIAVAD&rclk=1
5094;BPP WARMARE;BPP Warmare, Jalan warmare, Prafi Kp. / Indise, Distrik Prafi, Kabupaten Manokwari, Papua Bar. 98352;Papua Barat;Manokwari;Warmare;T4 nama file;https://www.google.com/maps/place/BPP+Warmare/data=!4m7!3m6!1s0x2d53fb819aaf5bb1:0x93e110b2525669a9!8m2!3d-0.9588349!4d133.8869533!16s%2Fg%2F11rscdz7bc!19sChIJsVuvmoH7Uy0RqWlWUrIQ4ZM?authuser=0&hl=id&g_ep=EgoyMDI2MDkxNi4wIJJjKgBIAVAD&rclk=1
5095;SPPG PRAFI MANOKWARI;Aimasi/SP III Aimasi, Jalur 9 Nomor Atas, Waseki Indah, Kel. Aimasi, Distrik Prafi, Kabupaten Manokwari, Papua Bar. 98316;Papua Barat;Manokwari;Prafi;T4 nama file;https://www.google.com/maps/place/SPPG+PRAFI+MANOKWARI/@-0.8797619,133.8059334,17z/data=!3m1!4b1!4m6!3m5!1s0x2d5401da8e9409ad:0xa01255fee8f707f2!8m2!3d-0.8797619!4d133.8059334!16s%2Fg%2F11yj8q1_6w?hl=id&entry=ttu&g_ep=EgoyMDI2MDkxNi4wIKXMDSoASAFQAw%3D%3D
5096;MAKO SPN PAPUA BARAT;MAKO SPN PAPUA BARAT, Sowi, Distrik Manokwari, Kabupaten Manokwari, Papua Bar. 98315;Papua Barat;Manokwari;Masni;T4 nama file;https://www.google.com/maps/place/MAKO+SPN+PAPUA+BARAT/@-0.8885658,134.036226,17z/data=!3m1!4b1!4m6!3m5!1s0x2d53f5e8c19dd36b:0xecab27ef923c4bb8!8m2!3d-0.8885658!4d134.036226!16s%2Fg%2F11qypxhpr7?hl=id&entry=ttu&g_ep=EgoyMDI2MDkxNi4wIKXMDSoASAFQAw%3D%3D
5097;SPPG DESAY;;Papua Barat;Manokwari;Manokwari Timur;T4 nama file;https://www.google.com/maps/place/SPPG+DESAY/data=!4m7!3m6!1s0xc82723c8cb0f4e3:0xfc76b0a76e232d2d!8m2!3d-0.8643675!4d134.0740985!16s%2Fg%2F11z22xhbmg!19sChIJ4_SwjDxyggwRLS0jbqewdvw?authuser=0&hl=id&g_ep=EgoyMDI2MDkxNi4wIJJjKgBIAVAD&rclk=1
5098;SPPG KODIM 1801 MANOKWARI;SPPG KODIM 1801 MANOKWARI, Manokwari Tim., Kec. Manokwari Bar., Kabupaten Manokwari, Papua Bar. 98312;Papua Barat;Manokwari;Manokwari Barat;T3 alamat fuzzy;https://www.google.com/maps/place/SPPG+KODIM+1801+MANOKWARI/data=!4m7!3m6!1s0x2d540b0011bec3fb:0x641c85e45d55ed7e!8m2!3d-0.863476!4d134.0803748!16s%2Fg%2F11xvrw5cg_!19sChIJ-8O-EQALVC0Rfu1VXeSFHGQ?authuser=0&hl=id&g_ep=EgoyMDI2MDkxNi4wIJJjKgBIAVAD&rclk=1
5099;SPPG MANOKWARI BARAT 2 REREMI PUNCAK;SPPG MANOKWARI BARAT 2 REREMI PUNCAK, Jln Kali Bambu Jl. Reremi Puncak, Amban, Kec. Manokwari Bar., Kabupaten Manokwari, Papua Bar. 98312;Papua Barat;Manokwari;Manokwari Barat;T3 alamat fuzzy;https://www.google.com/maps/place/SPPG+MANOKWARI+BARAT+2+REREMI+PUNCAK/data=!4m7!3m6!1s0x2d540b00402daeef:0x69dc9f94b9c6f5d2!8m2!3d-0.8450438!4d134.049167!16s%2Fg%2F11nhzdtczj!19sChIJ764tQAALVC0R0vXGuZSf3Gk?authuser=0&hl=id&g_ep=EgoyMDI2MDkxNi4wIJJjKgBIAVAD&rclk=1
5100;SPPG HARAPAN BARU (BILLY JAYA);SPPG HARAPAN BARU (BILLY JAYA), Jl. Merdeka, Padarni, Kec. Manokwari Bar., Kabupaten Manokwari, Papua Bar. 98312;Papua Barat;Manokwari;Manokwari Barat;T3 alamat fuzzy;https://www.google.com/maps/place/SPPG+HARAPAN+BARU+%28BILLY+JAYA%29/data=!4m7!3m6!1s0x2d540b007f82d05b:0x9fcc7395a24d726!8m2!3d-0.8599842!4d134.0735222!16s%2Fg%2F11ykgrx0vs!19sChIJW9CCfwALVC0RJtckWjnH_Ak?authuser=0&hl=id&g_ep=EgoyMDI2MDkxNi4wIJJjKgBIAVAD&rclk=1
5102;SPPG MAKO BRIMOB;Sppg Mako Brimob, Jl. Sowi Gn., Sowi, Manokwari Selatan, Manokwari Regency, West Papua 98315;Papua Barat;Manokwari;Manokwari Utara;T4 nama file;https://www.google.com/maps/place/Sppg+Mako+Brimob/data=!4m7!3m6!1s0x2d53f5007a529325:0x847755f80369d5f5!8m2!3d-0.8866395!4d134.041694!16s%2Fg%2F11y_4tr0v0!19sChIJJZNSegD1Uy0R9dVpA_hVd4Q?authuser=0&hl=id&g_ep=EgoyMDI2MDkxNi4wIJJjKgBIAVAD&rclk=1
5103;BALAI PENGAWASAN OBAT DAN MAKANAN DI MANOKWARI;Balai Pengawasan Obat Dan Makanan Di Manokwari, Bar., Amban, Kec. Manokwari Bar., Kabupaten Manokwari, Papua Bar. 98312;Papua Barat;Manokwari;Manokwari Barat;T3 alamat fuzzy;https://www.google.com/maps/place/Balai+Pengawasan+Obat+Dan+Makanan+Di+Manokwari/@-0.8417917,134.0518264,17z/data=!3m1!4b1!4m6!3m5!1s0x2d540badad2390fd:0xa506cb7d1eb41a10!8m2!3d-0.8417917!4d134.0518264!16s%2Fg%2F11csqhd76j?hl=id&entry=ttu&g_ep=EgoyMDI2MDkxNi4wIKXMDSoASAFQAw%3D%3D
5104;DAPUR MBG/SPPG DESAY;Dapur MBG/SPPG Desay, Desay, Distrik Prafi, Kabupaten Manokwari, Papua Bar. 98356;Papua Barat;Manokwari;Manokwari Selatan;T4 nama file;https://www.google.com/maps/place/Dapur+MBG%2FSPPG+Desay/data=!4m7!3m6!1s0x2d53f90001644783:0x5e6a7199be303d52!8m2!3d-0.9107319!4d133.8852538!16s%2Fg%2F11z41vthrb!19sChIJg0dkAQD5Uy0RUj0wvplxal4?authuser=0&hl=id&g_ep=EgoyMDI2MDkxNi4wIJJjKgBIAVAD&rclk=1
5105;GPDI HOREB SP 9 SIDEY JAYA;GPdI Horeb SP 9 Sidey Jaya, Sidey Jaya, Distrik Sidey, Kabupaten Manokwari, Papua Bar. 98357;Papua Barat;Manokwari;Sidey;T4 nama file;https://www.google.com/maps/place/GPdI+Horeb+SP+9+Sidey+Jaya/@-0.7925189,133.6025059,17z/data=!3m1!4b1!4m6!3m5!1s0x2d56b16540183a8b:0x8206a6854dce85ed!8m2!3d-0.7925189!4d133.6025059!16s%2Fg%2F11h4yl37dy?hl=id&entry=ttu&g_ep=EgoyMDI2MDkxNi4wIKXMDSoASAFQAw%3D%3D
5106;DISTRIK TAHOTA;Kab. Manokwari Selatan, Papua Bar.;Papua Barat;Manokwari Selatan;Tahota;T4 nama file;https://www.google.com/maps/place/Distrik+Tahota/data=!4m7!3m6!1s0x2d4df0c591632457:0x169fe16a30d46c7b!8m2!3d-1.7908829!4d133.9862408!16s%2Fg%2F120x0v1n!19sChIJVyRjkcXwTS0Re2zUMGrhnxY?authuser=0&hl=id&g_ep=EgoyMDI2MDkxNi4wIJJjKgBIAVAD&rclk=1
5107;SEKRETARIAT KOMDIS PARTAI GOLKAR RANSIKI;Sekretariat KOMDIS Partai GOLKAR RANSIKI, Jl. Manokwari - Bintuni, Sabri, Distrik Ransiki, Kab. Manokwari Selatan, Papua Bar. 98355;Papua Barat;Manokwari Selatan;Ransiki;T4 nama file;https://www.google.com/maps/place/Sekretariat+KOMDIS+Partai+GOLKAR+RANSIKI/data=!4m7!3m6!1s0x2d52413a2dff0bdf:0x3ab8530276451ce!8m2!3d-1.4931569!4d134.151064!16s%2Fg%2F11h9_z3_rm!19sChIJ3wv_LTpBUi0RzlFkJzCFqwM?authuser=0&hl=id&g_ep=EgoyMDI2MDkxNi4wIJJjKgBIAVAD&rclk=1
5108;SPX EXPRESS RANSIKI HUB;Jl. Manokwari - Bintuni, Sabri, Distrik Ransiki, Kab. Manokwari Selatan, Papua, B, Sabri, Ransiki, South Manokwari Regency, West Papua 98355;Papua Barat;Manokwari Selatan;Ransiki;T4 nama file;https://www.google.com/maps/place/SPX+Express+Ransiki+Hub/data=!4m7!3m6!1s0x2d52414da92b98a3:0x7a9b50ebef42375c!8m2!3d-1.4977112!4d134.1534397!16s%2Fg%2F11lnhzpl67!19sChIJo5grqU1BUi0RXDdC7-tQm3o?authuser=0&hl=id&g_ep=EgoyMDI2MDkxNi4wIJJjKgBIAVAD&rclk=1
5109;KANTOR ULP RANSIKI;Kantor ULP Ransiki, Jl. Manokwari - Bintuni, Sabri, Distrik Ransiki, Kab. Manokwari Selatan, Papua Bar. 98355;Papua Barat;Manokwari Selatan;Ransiki;T4 nama file;https://www.google.com/maps/place/Kantor+ULP+Ransiki/data=!4m7!3m6!1s0x2d52410034b0d365:0xb578be273dbf6c03!8m2!3d-1.498612!4d134.154877!16s%2Fg%2F11mspdbdjt!19sChIJZdOwNABBUi0RA2y_PSe-eLU?authuser=0&hl=id&g_ep=EgoyMDI2MDkxNi4wIJJjKgBIAVAD&rclk=1
5110;TELKOM STO RANSIKI;Telkom STO Ransiki, Jl. Manokwari - Bintuni, Ransiki Kota, Manokwari Sel., Kab. Manokwari Selatan, Papua Bar. 98355;Papua Barat;Manokwari Selatan;Ransiki;T4 nama file;https://www.google.com/maps/place/Telkom+STO+Ransiki/data=!4m7!3m6!1s0x2d5243d52a0db339:0x322748bc177ebaf8!8m2!3d-1.5105087!4d134.1743191!16s%2Fg%2F11fylw4f8d!19sChIJObMNKtVDUi0R-Lp-F7xIJzI?authuser=0&hl=id&g_ep=EgoyMDI2MDkxNi4wIJJjKgBIAVAD&rclk=1
5111;SINAR PAGI RANSIKI;Ransiki Kota, Distrik Ransiki, Kab. Manokwari Selatan, Papua Bar. 98355;Papua Barat;Manokwari Selatan;Ransiki;T4 nama file;https://www.google.com/maps/place/Sinar+Pagi+Ransiki/data=!4m7!3m6!1s0x2d52417bebd46db3:0x40ae3953dafd0b80!8m2!3d-1.5076274!4d134.1705611!16s%2Fg%2F11nnpnd18s!19sChIJs23U63tBUi0RgAv92lM5rkA?authuser=0&hl=id&g_ep=EgoyMDI2MDkxNi4wIJJjKgBIAVAD&rclk=1
5112;SABRI;Distrik Ransiki, Kab. Manokwari Selatan, Papua Bar.;Papua Barat;Manokwari Selatan;Ransiki;T4 nama file;https://www.google.com/maps/place/Sabri/data=!4m7!3m6!1s0x2d5240e186a5d053:0x948c400d4ad4a1bd!8m2!3d-1.4902817!4d134.1435424!16s%2Fg%2F1hm56128b!19sChIJU9ClhuFAUi0RvaHUSg1AjJQ?authuser=0&hl=id&g_ep=EgoyMDI2MDkxNi4wIJJjKgBIAVAD&rclk=1
5113;RANSIKI;Ransiki Kota, Distrik Ransiki, Kab. Manokwari Selatan, Papua Bar.;Papua Barat;Manokwari Selatan;Ransiki;T4 nama file;https://www.google.com/maps/place/Ransiki/data=!4m7!3m6!1s0x2d52422fbf51c1a1:0xc2f9404ccd6ec72a!8m2!3d-1.516433!4d134.180298!16s%2Fg%2F1q5bmd5z4!19sChIJocFRvy9CUi0RKsduzUxA-cI?authuser=0&hl=id&g_ep=EgoyMDI2MDkxNi4wIJJjKgBIAVAD&rclk=1
5114;BALAI KAMPUNG SABRI;Balai Kampung Sabri, Kota, Distrik Ransiki, Kab. Manokwari Selatan, Papua Bar. 98355;Papua Barat;Manokwari Selatan;Ransiki;T4 nama file;https://www.google.com/maps/place/Balai+Kampung+Sabri/data=!4m7!3m6!1s0x2d52410002ab57cd:0x463ba1091af32c58!8m2!3d-1.4960875!4d134.1511406!16s%2Fg%2F11w23n4n0s!19sChIJzVerAgBBUi0RWCzzGgmhO0Y?authuser=0&hl=id&g_ep=EgoyMDI2MDkxNi4wIJJjKgBIAVAD&rclk=1
5116;SD YPPGI TOBOUW RANSIKI MANOKWARI SELATAN;SD YPPGI Tobouw Ransiki Manokwari Selatan, Tobouw, Distrik Ransiki, Kab. Manokwari Selatan, Papua Bar. 98355;Papua Barat;Manokwari Selatan;Ransiki;T4 nama file;https://www.google.com/maps/place/SD+YPPGI+Tobouw+Ransiki+Manokwari+Selatan/data=!4m7!3m6!1s0x2d5241e9ea07e90f:0x32ae41a5fe59ca55!8m2!3d-1.5162829!4d134.165021!16s%2Fg%2F11h80368vj!19sChIJD-kH6ulBUi0RVcpZ_qVBrjI?authuser=0&hl=id&g_ep=EgoyMDI2MDkxNi4wIJJjKgBIAVAD&rclk=1
5117;MANSEL;KP.Abreso,Jalan Baru 2 Arah, Ransiki Kota, Distrik Ransiki, Kab. Manokwari Selatan, Papua Bar. 98355;Papua Barat;Manokwari Selatan;Ransiki;T4 nama file;https://www.google.com/maps/place/Mansel/data=!4m7!3m6!1s0x2d5243201320d96d:0xc7f58f7a5cfa605!8m2!3d-1.5079537!4d134.1942016!16s%2Fg%2F11tf2dmmxc!19sChIJbdkgEyBDUi0RBabPpfdYfww?authuser=0&hl=id&g_ep=EgoyMDI2MDkxNi4wIJJjKgBIAVAD&rclk=1
5118;SPPG IRAIWERI ANGGI (YAYASAN PEDULI ARFAK RAFLY SEJAHTERA);SPPG Iraiweri Anggi (Yayasan Peduli Arfak Rafly Sejahtera), Suteibey, Distrik Anggi, Kabupaten Manokwari, Papua Bar. 98354;Papua Barat;Manokwari Selatan;Ransiki;T4 nama file;https://www.google.com/maps/place/SPPG+Iraiweri+Anggi+%28Yayasan+Peduli+Arfak+Rafly+Sejahtera%29/data=!4m7!3m6!1s0x2d522d004bc10f67:0xa7c2f1dbc9c70fa0!8m2!3d-1.3243113!4d133.9156912!16s%2Fg%2F11z5x2ntlq!19sChIJZw_BSwAtUi0RoA_Hydvxwqc?authuser=0&hl=id&g_ep=EgoyMDI2MDkxNi4wIJJjKgBIAVAD&rclk=1
5119;GPDP GETSEMANI RANSIKI;GPDP Getsemani Ransiki, Jln. Waspiri, Ransiki Kota, Distrik Ransiki, Kab. Manokwari Selatan, Papua Bar. 98355;Papua Barat;Manokwari Selatan;Ransiki;T4 nama file;https://www.google.com/maps/place/GPDP+Getsemani+Ransiki/data=!4m7!3m6!1s0x2d52417b9abe3607:0x3d73a4018079953e!8m2!3d-1.5059279!4d134.1666032!16s%2Fg%2F11f_f3nhpj!19sChIJBza-mntBUi0RPpV5gAGkcz0?authuser=0&hl=id&g_ep=EgoyMDI2MDkxNi4wIJJjKgBIAVAD&rclk=1
5120;DATARAN ISIM;Kab. Manokwari Selatan, Papua Bar.;Papua Barat;Manokwari Selatan;Dataran Isim;T4 nama file;https://www.google.com/maps/place/Dataran+Isim,+Kab.+Manokwari+Selatan,+Papua+Bar./@-1.572581,133.806281,11z/data=!3m1!4b1!4m6!3m5!1s0x2d521fc9423a8a33:0x5152c50d52f61896!8m2!3d-1.5213839!4d133.7525619!16s%2Fg%2F1232495f8?hl=id&entry=ttu&g_ep=EgoyMDI2MDkxNi4wIKXMDSoASAFQAw%3D%3D
5121;DISTRIK MOMI WAREN;Kab. Manokwari Selatan, Papua Bar.;Papua Barat;Manokwari Selatan;Momi Waren;T4 nama file;https://www.google.com/maps/place/Distrik+Momi+Waren/data=!4m7!3m6!1s0x2d5214f0abc7dc57:0xf7889c42ea8b544b!8m2!3d-1.589112!4d134.1139979!16s%2Fg%2F123245bf0!19sChIJV9zHq_AUUi0RS1SL6kKciPc?authuser=0&hl=id&g_ep=EgoyMDI2MDkxNi4wIJJjKgBIAVAD&rclk=1
5123;DISTRIK CATUBOUW;Kab. Pegunungan Arfak, Papua Bar.;Papua Barat;Pegunungan Arfak;Catubouw;T4 nama file;https://www.google.com/maps/place/Distrik+Catubouw/data=!4m7!3m6!1s0x2d515e7bc2970bb9:0x75b017c2013f8105!8m2!3d-1.0434381!4d133.7142484!16s%2Fg%2F1ydxpvjg2!19sChIJuQuXwnteUS0RBYE_AcIXsHU?authuser=0&hl=id&g_ep=EgoyMDI2MDkxNi4wIJJjKgBIAVAD&rclk=1
5124;TESTEGA;Kab. Pegunungan Arfak, Papua Bar.;Papua Barat;Pegunungan Arfak;Testega;T4 nama file;https://www.google.com/maps/place/Testega/data=!4m7!3m6!1s0x2d51154e33676edb:0x7b55dc5dc5535711!8m2!3d-1.1310182!4d133.5222313!16s%2Fg%2F1ym_k_6tq!19sChIJ225nM04VUS0REVdTxV3cVXs?authuser=0&hl=id&g_ep=EgoyMDI2MDkxNi4wIJJjKgBIAVAD&rclk=1
5125;SPPG CIJENUK, CIPONGKOR YAYASAN AR-ROZAQ;SPPG Cijenuk, Cipongkor Yayasan Ar-Rozaq, Cikawung Pendey, Cijenuk, Cipongkor, West Bandung Regency, West Java 40564;Papua Barat;Pegunungan Arfak;Sururey;T4 nama file;https://www.google.com/maps/place/SPPG+Cijenuk,+Cipongkor+Yayasan+Ar-Rozaq/data=!4m7!3m6!1s0x2e68f10041cb4c93:0xa41ca7a97aa6e942!8m2!3d-6.9732336!4d107.3849949!16s%2Fg%2F11ml3m60jf!19sChIJk0zLQQDxaC4RQummeqmnHKQ?authuser=0&hl=id&g_ep=EgoyMDI2MDkxNi4wIJJjKgBIAVAD&rclk=1
5126;HINGK;Kab. Pegunungan Arfak, Papua Bar.;Papua Barat;Pegunungan Arfak;Hingk;T4 nama file;https://www.google.com/maps/place/Hingk/data=!4m7!3m6!1s0x2d53c32c0a00bc4b:0x3f01e43bc4522fcd!8m2!3d-1.2205844!4d133.9627492!16s%2Fg%2F1ym_l10n4!19sChIJS7wACizDUy0RzS9SxDvkAT8?authuser=0&hl=id&g_ep=EgoyMDI2MDkxNi4wIJJjKgBIAVAD&rclk=1
5127;SPPG BINTUNI TIMUR 1;SPPG Bintuni Timur 1, Bintuni Tim., Distrik Bintuni, Kabupaten Teluk Bintuni, Papua Bar. 98364;Papua Barat;Teluk Bintuni;Merdey;T4 nama file;https://www.google.com/maps/place/SPPG+Bintuni+Timur+1/@-2.1278275,133.5511289,17z/data=!3m1!4b1!4m6!3m5!1s0x2d4e69002ca246bb:0x7a28cc2ea3bc4fa2!8m2!3d-2.1278275!4d133.5511289!16s%2Fg%2F11nblq4rg2?hl=id&entry=ttu&g_ep=EgoyMDI2MDkxNi4wIKXMDSoASAFQAw%3D%3D
5128;SPPG TELUK BINTUNI BINTUNI TUASAI (YAYASAN MANBERS KASIH SEJAHTERA);SPPG TELUK BINTUNI BINTUNI TUASAI (Yayasan Manbers Kasih Sejahtera), Beimes, Distrik Bintuni, Kabupaten Teluk Bintuni, Papua Bar. 98364;Papua Barat;Teluk Bintuni;Babo;T4 nama file;https://www.google.com/maps/place/SPPG+TELUK+BINTUNI+BINTUNI+TUASAI+%28Yayasan+Manbers+Kasih+Sejahtera%29/data=!4m7!3m6!1s0x2d4e6f000e4eac9f:0xf1e3a9c69850ce7a!8m2!3d-2.1092407!4d133.6233281!16s%2Fg%2F11njm45_57!19sChIJn6xODgBvTi0Res5QmMap4_E?authuser=0&hl=id&g_ep=EgoyMDI2MDkxNi4wIJJjKgBIAVAD&rclk=1
5129;BP BABO BASE CAMP;BP Babo Base Camp, RegencyBabo,, Nusei, Distrik Aroba, Kabupaten Teluk Bintuni, Papua Bar. 98363;Papua Barat;Teluk Bintuni;Babo;T4 nama file;https://www.google.com/maps/place/BP+Babo+Base+Camp/data=!4m7!3m6!1s0x2d4ec12c2c22eddf:0xd66d74dec4524162!8m2!3d-2.5397388!4d133.4381936!16s%2Fg%2F11bzsfr1gr!19sChIJ3-0iLCzBTi0RYkFSxN50bdY?authuser=0&hl=id&g_ep=EgoyMDI2MDkxNi4wIJJjKgBIAVAD&rclk=1
5130;SPPG YAYASAN KASIH PEDULI, KEC. BINTUNI TIMUR, KAB. TELUK BINTUNI;SPPG Yayasan Kasih Peduli, Kec. Bintuni Timur, Kab. Teluk Bintuni, Beimes, Distrik Bintuni, Kabupaten Teluk Bintuni, Papua Bar. 98364;Papua Barat;Teluk Bintuni;Bintuni;T4 nama file;https://www.google.com/maps/place/SPPG+Yayasan+Kasih+Peduli,+Kec.+Bintuni+Timur,+Kab.+Teluk+Bintuni/data=!4m7!3m6!1s0x2d4e6f00546e8047:0x2d37b2bf973faee9!8m2!3d-2.1095905!4d133.6234172!16s%2Fg%2F11zbcs4ktk!19sChIJR4BuVABvTi0R6a4_l7-yNy0?authuser=0&hl=id&g_ep=EgoyMDI2MDkxNi4wIJJjKgBIAVAD&rclk=1
5131;DISTRIK MOSKONA SELATAN;Kabupaten Teluk Bintuni, Papua Bar.;Papua Barat;Teluk Bintuni;Moskona Selatan;T4 nama file;https://www.google.com/maps/place/Distrik+Moskona+Selatan/data=!4m7!3m6!1s0x2d5022f79da03cff:0xef5ad832b0358efc!8m2!3d-1.6286738!4d132.9546549!16s%2Fg%2F120lwtns!19sChIJ_zygnfciUC0R_I41sDLYWu8?authuser=0&hl=id&g_ep=EgoyMDI2MDkxNi4wIJJjKgBIAVAD&rclk=1
5132;DISTRIK FAFURWAR;Kabupaten Teluk Bintuni, Papua Bar.;Papua Barat;Teluk Bintuni;Fafurwar;T4 nama file;https://www.google.com/maps/place/Distrik+Fafurwar/data=!4m7!3m6!1s0x2d49595a041e7c55:0x78e970d7052f06c0!8m2!3d-2.9160631!4d133.6759049!16s%2Fg%2F1219y3h_!19sChIJVXweBFpZSS0RwAYvBddw6Xg?authuser=0&hl=id&g_ep=EgoyMDI2MDkxNi4wIJJjKgBIAVAD&rclk=1
5133;DISTRIK DATARAN BEIMES;Kabupaten Teluk Bintuni, Papua Bar.;Papua Barat;Teluk Bintuni;Dataran Beimes;T4 nama file;https://www.google.com/maps/place/Distrik+Dataran+Beimes/data=!4m7!3m6!1s0x2d51f96019637023:0x8fa53e8e503789bf!8m2!3d-1.6164845!4d133.6599628!16s%2Fg%2F1hm1ynmrh!19sChIJI3BjGWD5US0Rv4k3UI4-pY8?authuser=0&hl=id&g_ep=EgoyMDI2MDkxNi4wIJJjKgBIAVAD&rclk=1
5135;PT BSP;PT BSP, Sido Makmur, Distrik Aroba, Kabupaten Teluk Bintuni, Papua Bar. 98363;Papua Barat;Teluk Bintuni;Aroba;T4 nama file;https://www.google.com/maps/place/PT+BSP/@-2.6623708,133.4066618,17z/data=!3m1!4b1!4m6!3m5!1s0x2d4ec9002d4ce03d:0x2f7022da3c76b5f6!8m2!3d-2.6623708!4d133.4066618!16s%2Fg%2F11xsv4z0y1?hl=id&entry=ttu&g_ep=EgoyMDI2MDkxNi4wIKXMDSoASAFQAw%3D%3D
5136;TOMU;Kabupaten Teluk Bintuni, Papua Bar.;Papua Barat;Teluk Bintuni;Tomu;T4 nama file;https://www.google.com/maps/place/Tomu/data=!4m7!3m6!1s0x2d4e4bb809f25dc5:0x3ebc0177b26474d6!8m2!3d-2.0596458!4d133.058341!16s%2Fg%2F121kq4b8!19sChIJxV3yCbhLTi0R1nRksncBvD4?authuser=0&hl=id&g_ep=EgoyMDI2MDkxNi4wIJJjKgBIAVAD&rclk=1
5137;SPPG RANGGAMEKAR 003;;Papua Barat;Teluk Wondama;Roon;T4 nama file;https://www.google.com/maps/place/SPPG+RANGGAMEKAR+003/@-6.6426445,106.8098794,13z/data=!3m1!4b1!4m6!3m5!1s0x61544f55e92b6bbf:0x2935cb20594a8aad!8m2!3d-6.6426445!4d106.8098794!16s%2Fg%2F11mspdmrxv?hl=id&entry=ttu&g_ep=EgoyMDI2MDkxNi4wIKXMDSoASAFQAw%3D%3D
5138;KEC. ROSWAR;Kabupaten Teluk Wondama, Papua Bar.;Papua Barat;Teluk Wondama;Roswar;T4 nama file;https://www.google.com/maps/place/Kec.+Roswar/data=!4m7!3m6!1s0x2d4d9f878cf9d5b3:0x5c42071a5d2f2647!8m2!3d-2.0575472!4d134.3803921!16s%2Fg%2F1hm63smhh!19sChIJs9X5jIefTS0RRyYvXRoHQlw?authuser=0&hl=id&g_ep=EgoyMDI2MDkxNi4wIJJjKgBIAVAD&rclk=1
5139;DISTRIK NIKIWAR;Kabupaten Teluk Wondama, Papua Bar.;Papua Barat;Teluk Wondama;Nikiwar;T4 nama file;https://www.google.com/maps/place/Distrik+Nikiwar/data=!4m7!3m6!1s0x2d4c40fdf52d0e41:0xbaab917b04d0653c!8m2!3d-2.4591355!4d134.154877!16s%2Fg%2F11gt__m2p1!19sChIJQQ4t9f1ATC0RPGXQBHuRq7o?authuser=0&hl=id&g_ep=EgoyMDI2MDkxNi4wIJJjKgBIAVAD&rclk=1
5140;SOUG JAYA;Kabupaten Teluk Wondama, Papua Bar.;Papua Barat;Teluk Wondama;Soug Jaya;T4 nama file;https://www.google.com/maps/place/Soug+Jaya/data=!4m7!3m6!1s0x2d4ded5c2f0a0743:0x8fa303f645c60070!8m2!3d-1.8026511!4d134.1001732!16s%2Fg%2F1hm2n_p_j!19sChIJQwcKL1ztTS0RcADGRfYDo48?authuser=0&hl=id&g_ep=EgoyMDI2MDkxNi4wIJJjKgBIAVAD&rclk=1
5141;DUAIRI;Kabupaten Teluk Wondama, Papua Bar.;Papua Barat;Teluk Wondama;Teluk Duairi;T4 nama file;https://www.google.com/maps/place/Duairi/data=!4m7!3m6!1s0x2d4cbdedde0a6e5d:0x857fd4c80338c7d6!8m2!3d-2.5401452!4d134.5313569!16s%2Fg%2F121rcr_k!19sChIJXW4K3u29TC0R1sc4A8jUf4U?authuser=0&hl=id&g_ep=EgoyMDI2MDkxNi4wIJJjKgBIAVAD&rclk=1
5142;DISTRIK WONDIBOY;Kabupaten Teluk Wondama, Papua Bar.;Papua Barat;Teluk Wondama;Wondiboy;T4 nama file;https://www.google.com/maps/place/Distrik+Wondiboy/data=!4m7!3m6!1s0x2d4b6f9a1dacae55:0xd1bd2525a05b1dcf!8m2!3d-2.8082561!4d134.5310192!16s%2Fg%2F12358b3g!19sChIJVa6sHZpvSy0Rzx1boCUlvdE?authuser=0&hl=id&g_ep=EgoyMDI2MDkxNi4wIJJjKgBIAVAD&rclk=1
5143;GPPS;GPPS, Iriati, Distrik Wasior, Kabupaten Teluk Wondama, Papua Bar. 98362;Papua Barat;Teluk Wondama;Wasior;T4 nama file;https://www.google.com/maps/place/GPPS/@-2.7647071,134.5140504,17z/data=!3m1!4b1!4m6!3m5!1s0x2d4b7bb607c88adf:0xd20e26cfd53fb00!8m2!3d-2.7647071!4d134.5140504!16s%2Fg%2F11hz6fsnq0?hl=id&entry=ttu&g_ep=EgoyMDI2MDkxNi4wIKXMDSoASAFQAw%3D%3D
5144;KEC. WINDESI;Kabupaten Teluk Wondama, Papua Bar.;Papua Barat;Teluk Wondama;Windesi;T4 nama file;https://www.google.com/maps/place/Kec.+Windesi/data=!4m7!3m6!1s0x2d4c6f4ebf48b3fd:0x9b9a2ca4d233e89d!8m2!3d-2.601077!4d134.1340439!16s%2Fg%2F120v5ml1!19sChIJ_bNIv05vTC0Rnegz0qQsmps?authuser=0&hl=id&g_ep=EgoyMDI2MDkxNi4wIJJjKgBIAVAD&rclk=1
5145;SPPG 3T YAYASAN EMBUNG PAGI PIYAIYE KWATISORE YAUR;SPPG 3T Yayasan Embung Pagi Piyaiye Kwatisore Yaur, Akudiomi, Yaur, Kabupaten Nabire, Papua Tengah 98852;Papua Barat;Teluk Wondama;Naikere;T4 nama file;https://www.google.com/maps/place/SPPG+3T+Yayasan+Embung+Pagi+Piyaiye+Kwatisore+Yaur/@-3.2484292,134.9463856,17z/data=!3m1!4b1!4m6!3m5!1s0x2d4acd0035cc9f67:0xc61fbaa15a90ddfe!8m2!3d-3.2484292!4d134.9463856!16s%2Fg%2F11n3rjn4ng?hl=id&entry=ttu&g_ep=EgoyMDI2MDkxNi4wIKXMDSoASAFQAw%3D%3D
5147;DISTRIK RUMBERPON;Kabupaten Teluk Wondama, Papua Bar.;Papua Barat;Teluk Wondama;Rumberpon;T4 nama file;https://www.google.com/maps/place/Distrik+Rumberpon,+Kabupaten+Teluk+Wondama,+Papua+Bar./@-1.8418925,134.1864675,12z/data=!3m1!4b1!4m6!3m5!1s0x2d4d8e9226cb50db:0x3022979f8a7f5e3b!8m2!3d-1.8449584!4d134.1491513!16s%2Fg%2F121xcym8?hl=id&entry=ttu&g_ep=EgoyMDI2MDkxNi4wIKXMDSoASAFQAw%3D%3D
5148;KURI WAMESA;Kabupaten Teluk Wondama, Papua Bar.;Papua Barat;Teluk Wondama;Kuri Wamesa;T4 nama file;https://www.google.com/maps/place/Kuri+Wamesa/data=!4m7!3m6!1s0x2d4b84fa259d755f:0x8c3430e4162f73b3!8m2!3d-2.8551699!4d134.3236557!16s%2Fg%2F11c0q_d1mn!19sChIJX3WdJfqESy0Rs3MvFuQwNIw?authuser=0&hl=id&g_ep=EgoyMDI2MDkxNi4wIJJjKgBIAVAD&rclk=1
5151;SPPG KOTA SORONG SORONG KOTA KLASUUR 2;SPPG Kota Sorong Sorong Kota Klasuur 2, Jl. Raja Ampat, Klasuur, Distrik Sorong, Kota Sorong, Papua Barat Daya 98411;Papua Barat Daya;Kota Sorong;Sorong Timur;T4 nama file;https://www.google.com/maps/place/SPPG+Kota+Sorong+Sorong+Kota+Klasuur+2/data=!4m7!3m6!1s0x2d5eab003bde85eb:0xe13bb582cd0db448!8m2!3d-0.8677493!4d131.2513516!16s%2Fg%2F11z16vjn80!19sChIJ64XeOwCrXi0RSLQNzYK1O-E?authuser=0&hl=id&g_ep=EgoyMDI2MDkxNi4wIJJjKgBIAVAD&rclk=1
5152;SPG;SPG, Remu Utara, Distrik Sorong, Kota Sorong, Papua Barat Daya 98412;Papua Barat Daya;Kota Sorong;Sorong Timur;T4 nama file;https://www.google.com/maps/place/SPG/data=!4m7!3m6!1s0x2d59554b7aad1533:0x1ba768b28c5b62b8!8m2!3d-0.8833231!4d131.2885259!16s%2Fg%2F11rrrf1ttl!19sChIJMxWtektVWS0RuGJbjLJopxs?authuser=0&hl=id&g_ep=EgoyMDI2MDkxNi4wIJJjKgBIAVAD&rclk=1
5153;SPPG SORONG MARIAT KLAMASEN;SPPG SORONG MARIAT KLAMASEN, Klamasen, Distrik Mariat, Kabupaten Sorong, Papua Barat Daya 98416;Papua Barat Daya;Kota Sorong;Sorong Timur;T4 nama file;https://www.google.com/maps/place/SPPG+SORONG+MARIAT+KLAMASEN/data=!4m7!3m6!1s0x2d5bf90040ef12b5:0x351551da4e936d25!8m2!3d-0.9769854!4d131.3523997!16s%2Fg%2F11xfd_zjb6!19sChIJtRLvQAD5Wy0RJW2TTtpRFTU?authuser=0&hl=id&g_ep=EgoyMDI2MDkxNi4wIJJjKgBIAVAD&rclk=1
5156;SPPG SORONG KLADEMAK;SPPG SORONG KLADEMAK, Jl. Pemuda, Klaligi, Distrik Sorong, Kota Sorong, Papua Barat Daya 98412;Papua Barat Daya;Kota Sorong;Sorong Timur;T4 nama file;https://www.google.com/maps/place/SPPG+SORONG+KLADEMAK/data=!4m7!3m6!1s0x2d5eab002466116b:0x1af0b117497556b2!8m2!3d-0.8805594!4d131.2637955!16s%2Fg%2F11z138xrlv!19sChIJaxFmJACrXi0RslZ1SRex8Bo?authuser=0&hl=id&g_ep=EgoyMDI2MDkxNi4wIJJjKgBIAVAD&rclk=1
5157;SPPG REMU UTARA KOTA SORONG;Jl. Camar No.8, Remu Utara, Distrik Sorong, Kota Sorong, Papua Barat Daya 98412;Papua Barat Daya;Kota Sorong;Sorong Timur;T4 nama file;https://www.google.com/maps/place/SPPG+Remu+Utara+Kota+Sorong/data=!4m7!3m6!1s0x2d59550009f1f313:0xe271c8574533049c!8m2!3d-0.880677!4d131.2815839!16s%2Fg%2F11mzv9dtcy!19sChIJE_PxCQBVWS0RnAQzRVfIceI?authuser=0&hl=id&g_ep=EgoyMDI2MDkxNi4wIJJjKgBIAVAD&rclk=1
5158;SPPG SORONG KEPULAUAN DUM TIMUR;SPPG SORONG KEPULAUAN DUM TIMUR, Doom Bar., Distrik Sorong Kepulauan, Kota Sorong, Papua Barat Daya;Papua Barat Daya;Kota Sorong;Sorong Timur;T4 nama file;https://www.google.com/maps/place/SPPG+SORONG+KEPULAUAN+DUM+TIMUR/data=!4m7!3m6!1s0x2d5eab00703a2a5b:0x3b3436a00b9458c4!8m2!3d-0.8897244!4d131.2358147!16s%2Fg%2F11yx__nw7v!19sChIJWyo6cACrXi0RxFiUC6A2NDs?authuser=0&hl=id&g_ep=EgoyMDI2MDkxNi4wIJJjKgBIAVAD&rclk=1
5160;SPPG SORONG KOTA KLASUUR;SPPG SORONG KOTA KLASUUR, Jl. Gn. Tidar, Kp. Baru, Distrik Sorong, Kota Sorong, Papua Barat Daya 98411;Papua Barat Daya;Kota Sorong;Sorong Timur;T4 nama file;https://www.google.com/maps/place/SPPG+SORONG+KOTA+KLASUUR/data=!4m7!3m6!1s0x2d5eab00482f6a5b:0x675150d376759ef8!8m2!3d-0.8686952!4d131.2503001!16s%2Fg%2F11nqspjh09!19sChIJW2ovSACrXi0R-J51dtNQUWc?authuser=0&hl=id&g_ep=EgoyMDI2MDkxNi4wIJJjKgBIAVAD&rclk=1
5163;SPX EXPRESS SORONG UTARA HUB;Pergudangan Makmur Abadi, Jl. Kpr Polisi, Matalamagi, Sorong Utara, Kota Soro, Southwest Papua 98416;Papua Barat Daya;Kota Sorong;Sorong Timur;T4 nama file;https://www.google.com/maps/place/SPX+Express+Sorong+Utara+Hub/data=!4m7!3m6!1s0x2d5955ed8ef93e7f:0x9dd6575e0d5f57f7!8m2!3d-0.8812751!4d131.3269006!16s%2Fg%2F11lnhtpctz!19sChIJfz75ju1VWS0R91dfDV5X1p0?authuser=0&hl=id&g_ep=EgoyMDI2MDkxNi4wIJJjKgBIAVAD&rclk=1
5164;SPPG KOTA SORONG SORONG TIMUR KLAMANA;;Papua Barat Daya;Kota Sorong;Sorong Timur;T4 nama file;https://www.google.com/maps/place/SPPG+KOTA+SORONG+SORONG+TIMUR+KLAMANA/data=!4m7!3m6!1s0x40a94ccfa88c0b5b:0x30d5aa684ec1da29!8m2!3d-0.8929071!4d131.2643957!16s%2Fg%2F11zgw104cn!19sChIJWwuMqM9MqUARKdrBTmiq1TA?authuser=0&hl=id&g_ep=EgoyMDI2MDkxNi4wIJJjKgBIAVAD&rclk=1
5165;SPPG AIMAS MALAWILI;SPPG AIMAS MALAWILI, Malawili, Aimas, Sorong Regency, Southwest Papua 98414;Papua Barat Daya;Kota Sorong;Sorong Timur;T4 nama file;https://www.google.com/maps/place/SPPG+AIMAS+MALAWILI/data=!4m7!3m6!1s0x2d5bff00224ae859:0xb7f20140f4a16a99!8m2!3d-0.9576391!4d131.3337569!16s%2Fg%2F11z8l9144_!19sChIJWehKIgD_Wy0RmWqh9EAB8rc?authuser=0&hl=id&g_ep=EgoyMDI2MDkxNi4wIJJjKgBIAVAD&rclk=1
5166;SPPG MALIBELA;SPPG MALIBELA, Jl. Malibela, Klawalu, Distrik Sorong Timur, Kota Sorong, Papua Barat Daya 98416;Papua Barat Daya;Kota Sorong;Sorong Timur;T4 nama file;https://www.google.com/maps/place/SPPG+MALIBELA/data=!4m7!3m6!1s0x2d5955007981cb7f:0x387323aa6114c6d2!8m2!3d-0.9008378!4d131.3185511!16s%2Fg%2F11xz3rg906!19sChIJf8uBeQBVWS0R0sYUYaojczg?authuser=0&hl=id&g_ep=EgoyMDI2MDkxNi4wIJJjKgBIAVAD&rclk=1
5167;LAPANGAN SPG;Lapangan SPG, Bar., Remu Utara, Distrik Sorong, Kota Sorong, Papua Barat Daya 98412;Papua Barat Daya;Kota Sorong;Sorong Timur;T4 nama file;https://www.google.com/maps/place/Lapangan+SPG/data=!4m7!3m6!1s0x2d595529aa7fef53:0x6ee87d9a260826da!8m2!3d-0.883773!4d131.288227!16s%2Fg%2F11ckqqrvj1!19sChIJU-9_qilVWS0R2iYIJpp96G4?authuser=0&hl=id&g_ep=EgoyMDI2MDkxNi4wIJJjKgBIAVAD&rclk=1
5168;SPPG MALAIMSIMSA KLABULU 2;Jl. Sungai Remu No.km.8, Malaingkedi, Sorong Utara, Sorong City, Southwest Papua 98419;Papua Barat Daya;Kota Sorong;Sorong Timur;T4 nama file;https://www.google.com/maps/place/SPPG+Malaimsimsa+Klabulu+2/data=!4m7!3m6!1s0x2d5955006be92e1b:0xfc90291c5a9e9167!8m2!3d-0.8834938!4d131.2990134!16s%2Fg%2F11xfhqzfxh!19sChIJGy7pawBVWS0RZ5GeWhwpkPw?authuser=0&hl=id&g_ep=EgoyMDI2MDkxNi4wIJJjKgBIAVAD&rclk=1
5170;SPPG KOTA SORONG SORONG MANOI REMU SELATAN;;Papua Barat Daya;Kota Sorong;Sorong;T4 nama file;https://www.google.com/maps/place/SPPG+Kota+Sorong+Sorong+Manoi+Remu+Selatan/data=!4m7!3m6!1s0x43d91336994a5a35:0xd60afa13e97d5873!8m2!3d-2.44565!4d117.8888!16s%2Fg%2F11z16v9qg6!19sChIJNVpKmTYT2UMRc1h96RP6CtY?authuser=0&hl=id&g_ep=EgoyMDI2MDkxNi4wIJJjKgBIAVAD&rclk=1
5171;SEKRETARIAT PGGP KOTA SORONG;Sekretariat PGGP Kota Sorong, Klademak, Distrik Sorong, Kota Sorong, Papua Barat Daya 98412;Papua Barat Daya;Kota Sorong;Sorong;T4 nama file;https://www.google.com/maps/place/Sekretariat+PGGP+Kota+Sorong/data=!4m7!3m6!1s0x2d5eab0030df9055:0x2d2e8378267bc3d9!8m2!3d-0.8824397!4d131.2740583!16s%2Fg%2F11yyfcgg6_!19sChIJVZDfMACrXi0R2cN7JniDLi0?authuser=0&hl=id&g_ep=EgoyMDI2MDkxNi4wIJJjKgBIAVAD&rclk=1
5172;GOPANG SORONG;GOPANG SORONG, Jl. Ahmad Yani, Klakublik, Sorong Kota, Kota Sorong, Papua Barat Daya 98412;Papua Barat Daya;Kota Sorong;Sorong;T4 nama file;https://www.google.com/maps/place/GOPANG+SORONG/data=!4m7!3m6!1s0x2d5eab005538670f:0xac0aa4cbc7d35eca!8m2!3d-0.8771045!4d131.2632346!16s%2Fg%2F11z4x8q_ln!19sChIJD2c4VQCrXi0Ryl7Tx8ukCqw?authuser=0&hl=id&g_ep=EgoyMDI2MDkxNi4wIJJjKgBIAVAD&rclk=1
5173;SPPG KLAFDALIM;SPPG KLAFDALIM, Klafdalim, Distrik Moisegen, Kabupaten Sorong, Papua Barat Daya 98451;Papua Barat Daya;Kota Sorong;Klaurung;T4 nama file;https://www.google.com/maps/place/SPPG+KLAFDALIM/data=!4m7!3m6!1s0x2d5b87006a1e39b3:0xcc19ab83f9913eb!8m2!3d-1.2788304!4d131.2871146!16s%2Fg%2F11z0tt67wc!19sChIJszkeagCHWy0R6xOZP7iawQw?authuser=0&hl=id&g_ep=EgoyMDI2MDkxNi4wIJJjKgBIAVAD&rclk=1
5175;KANTOR DISTRIK MALADUM MES;Kantor Distrik MALADUM MES, Tanjung Kasuari, Sorong Barat, Sorong City, Southwest Papua 98411;Papua Barat Daya;Kota Sorong;Maladum Mes;T4 nama file;https://www.google.com/maps/place/Kantor+Distrik+MALADUM+MES/data=!4m7!3m6!1s0x2d5ead750e78f599:0xac9faabe8185b246!8m2!3d-0.8218226!4d131.2280426!16s%2Fg%2F11fm7kk71k!19sChIJmfV4DnWtXi0RRrKFgb6qn6w?authuser=0&hl=id&g_ep=EgoyMDI2MDkxNi4wIJJjKgBIAVAD&rclk=1
5177;DISTRIK AITINYO;Kabupaten Maybrat, Papua Barat Daya;Papua Barat Daya;Maybrat;Aitinyo;T4 nama file;https://www.google.com/maps/place/Distrik+Aitinyo/data=!4m7!3m6!1s0x2d5a8ee12bd4da1f:0xd008081240dea68f!8m2!3d-1.4413734!4d132.3839209!16s%2Fg%2F121lszy2!19sChIJH9rUK-GOWi0Rj6beQBIICNA?authuser=0&hl=id&g_ep=EgoyMDI2MDkxNi4wIJJjKgBIAVAD&rclk=1
5178;PUSKESMAS AYAMARU UTARA;Puskesmas Ayamaru Utara, Huberita, Kec. Ayamaru Tim., Kabupaten Maybrat, Papua Barat Daya 98462;Papua Barat Daya;Maybrat;Ayamaru Timur;T3 alamat fuzzy;https://www.google.com/maps/place/Puskesmas+Ayamaru+Utara/@-1.2484625,132.2611612,17z/data=!3m1!4b1!4m6!3m5!1s0x2d5a677dce691a5f:0x30b0250f2fdd38b!8m2!3d-1.2484625!4d132.2611612!16s%2Fg%2F11kqmd7c25?hl=id&entry=ttu&g_ep=EgoyMDI2MDkxNi4wIKXMDSoASAFQAw%3D%3D
5179;KANTOR BUPATI MAYBRAT;Kantor Bupati Maybrat, Eisyo, Distrik Aifat, Kabupaten Maybrat, Papua Barat Daya 98463;Papua Barat Daya;Maybrat;Aifat;T4 nama file;https://www.google.com/maps/place/Kantor+Bupati+Maybrat/@-1.2678659,132.4941536,17z/data=!3m1!4b1!4m6!3m5!1s0x2d5a79bb33721b35:0x117bcd07aef47f0a!8m2!3d-1.2678659!4d132.4941536!16s%2Fg%2F11fx2_d0cw?hl=id&entry=ttu&g_ep=EgoyMDI2MDkxNi4wIKXMDSoASAFQAw%3D%3D
5181;DISTRIK AYAMARU UTARA TIMUR;Kabupaten Maybrat, Papua Barat Daya;Papua Barat Daya;Maybrat;Ayamaru Utara Timur;T4 nama file;https://www.google.com/maps/place/Distrik+Ayamaru+Utara+Timur/data=!4m7!3m6!1s0x2d5a68ab6d8412d3:0x48dc44cac491eb66!8m2!3d-1.2541857!4d132.3121103!16s%2Fg%2F11b77q4z7f!19sChIJ0xKEbatoWi0RZuuRxMpE3Eg?authuser=0&hl=id&g_ep=EgoyMDI2MDkxNi4wIJJjKgBIAVAD&rclk=1
5182;KEC. AYAMARU TIM.;Kabupaten Maybrat, Papua Barat Daya;Papua Barat Daya;Maybrat;Ayamaru Timur;T4 nama file;https://www.google.com/maps/place/Kec.+Ayamaru+Tim./data=!4m7!3m6!1s0x2d5a672136b18047:0xb5d97283031cf050!8m2!3d-1.2951177!4d132.27456!16s%2Fg%2F121p7nv2!19sChIJR4CxNiFnWi0RUPAcA4Ny2bU?authuser=0&hl=id&g_ep=EgoyMDI2MDkxNi4wIJJjKgBIAVAD&rclk=1
5183;DISTRIK AIFAT TIMUR;Kabupaten Maybrat, Papua Bar.;Papua Barat Daya;Maybrat;Aifat Timur Selatan;T4 nama file;https://www.google.com/maps/place/Distrik+Aifat+Timur/data=!4m7!3m6!1s0x2d5083441d113f63:0x14eac191dd6d8e2e!8m2!3d-1.3591179!4d132.59276!16s%2Fg%2F121p643x!19sChIJYz8RHUSDUC0RLo5t3ZHB6hQ?authuser=0&hl=id&g_ep=EgoyMDI2MDkxNi4wIJJjKgBIAVAD&rclk=1
5184;DISTRIK AYAMARU SELATAN;Kabupaten Maybrat, Papua Barat Daya;Papua Barat Daya;Maybrat;Ayamaru Selatan;T4 nama file;https://www.google.com/maps/place/Distrik+Ayamaru+Selatan/data=!4m7!3m6!1s0x2d5a594a741c5735:0x78bc898d04ac4488!8m2!3d-1.3053761!4d132.1485942!16s%2Fg%2F11b77js7s_!19sChIJNVccdEpZWi0RiESsBI2JvHg?authuser=0&hl=id&g_ep=EgoyMDI2MDkxNi4wIJJjKgBIAVAD&rclk=1
5185;KEC. AYAMARU;Kabupaten Maybrat, Papua Barat Daya;Papua Barat Daya;Maybrat;Ayamaru Barat;T4 nama file;https://www.google.com/maps/place/Kec.+Ayamaru/data=!4m7!3m6!1s0x2d5a5bc041e1307f:0x4d8a88af2189602c!8m2!3d-1.2754068!4d132.1954691!16s%2Fg%2F1hm6jfx7m!19sChIJfzDhQcBbWi0RLGCJIa-Iik0?authuser=0&hl=id&g_ep=EgoyMDI2MDkxNi4wIJJjKgBIAVAD&rclk=1
5186;KABUPATEN MAYBRAT;Papua Bar.;Papua Barat Daya;Maybrat;Ayamaru Barat;T4 nama file;https://www.google.com/maps/place/Kabupaten+Maybrat/data=!4m7!3m6!1s0x2d5a8f3db5fbb123:0x21654c126db10d9e!8m2!3d-1.2970979!4d132.3150993!16s%2Fm%2F0gh873l!19sChIJI7H7tT2PWi0Rng2xbRJMZSE?authuser=0&hl=id&g_ep=EgoyMDI2MDkxNi4wIJJjKgBIAVAD&rclk=1
5187;DISTRIK AYAMARU TENGAH;Kabupaten Maybrat, Papua Barat Daya;Papua Barat Daya;Maybrat;Ayamaru Tengah;T4 nama file;https://www.google.com/maps/place/Distrik+Ayamaru+Tengah/data=!4m7!3m6!1s0x2d5a5d9de7faeb7f:0xa06de0548d38d1a6!8m2!3d-1.2884148!4d132.2172648!16s%2Fg%2F11b77fyxv3!19sChIJf-v6551dWi0RptE4jVTgbaA?authuser=0&hl=id&g_ep=EgoyMDI2MDkxNi4wIJJjKgBIAVAD&rclk=1
5188;DISTRIK MARE;Kabupaten Maybrat, Papua Barat Daya;Papua Barat Daya;Maybrat;Mare Selatan;T4 nama file;https://www.google.com/maps/place/Distrik+Mare/data=!4m7!3m6!1s0x2d5a6aaa03358fcf:0x655833115dbb110e!8m2!3d-1.1114481!4d132.2559685!16s%2Fg%2F120vbs50!19sChIJz481A6pqWi0RDhG7XREzWGU?authuser=0&hl=id&g_ep=EgoyMDI2MDkxNi4wIJJjKgBIAVAD&rclk=1
5189;SPPG FOLLEY;SPPG folley, Waigama, Distrik Misool, Kabupaten Raja Ampat, Papua Barat Daya 98483;Papua Barat Daya;Raja Ampat;Misool (Misool Utara);T4 nama file;https://www.google.com/maps/place/SPPG+folley/@-1.829028,129.822722,17z/data=!3m1!4b1!4m6!3m5!1s0x2d67fb005bf33547:0x532fc9a520f8d7d3!8m2!3d-1.829028!4d129.822722!16s%2Fg%2F11yw8d7y3s?hl=id&entry=ttu&g_ep=EgoyMDI2MDkxNi4wIKXMDSoASAFQAw%3D%3D
5190;DAPUR SPPG KAMPUNG PUPER;DAPUR SPPG KAMPUNG PUPER, Puper, Distrik Waigeo Timur, Kabupaten Raja Ampat, Papua Barat Daya;Papua Barat Daya;Raja Ampat;Waigeo Utara;T4 nama file;https://www.google.com/maps/place/DAPUR+SPPG+KAMPUNG+PUPER/@-0.1664238,131.2996845,17z/data=!3m1!4b1!4m6!3m5!1s0x2d58b30022064ae5:0x6529e247d348b4a3!8m2!3d-0.1664238!4d131.2996845!16s%2Fg%2F11m_684kkx?hl=id&entry=ttu&g_ep=EgoyMDI2MDkxNi4wIKXMDSoASAFQAw%3D%3D
5191;SPPG RAJA AMPAT KOTA WAISAI WAISAI 1;SPPG RAJA AMPAT KOTA WAISAI WAISAI 1, Jl. Raya Waisai, Waisai, Distrik Kota Waisai, Kabupaten Raja Ampat, Papua Barat Daya 98482;Papua Barat Daya;Raja Ampat;Kepulauan Ayau;T4 nama file;https://www.google.com/maps/place/SPPG+RAJA+AMPAT+KOTA+WAISAI+WAISAI+1/@-0.4154361,130.8254582,17z/data=!3m1!4b1!4m6!3m5!1s0x2d5f1d007cc801ab:0xa1a9e9dcec4186c!8m2!3d-0.4154361!4d130.8254582!16s%2Fg%2F11nhx74756?hl=id&entry=ttu&g_ep=EgoyMDI2MDkxNi4wIKXMDSoASAFQAw%3D%3D
5192;DISTRIK MISOOL TIMUR;Kabupaten Raja Ampat, Papua Barat Daya;Papua Barat Daya;Raja Ampat;Misool Timur;T4 nama file;https://www.google.com/maps/place/Distrik+Misool+Timur,+Kabupaten+Raja+Ampat,+Papua+Barat+Daya/@-1.879923,130.5211499,10z/data=!3m1!4b1!4m6!3m5!1s0x2d5d3f5deb81b553:0x37397a27849d25ed!8m2!3d-1.7731765!4d130.4105659!16s%2Fg%2F120qdqxm?hl=id&entry=ttu&g_ep=EgoyMDI2MDkxNi4wIKXMDSoASAFQAw%3D%3D
5193;SPPG WAIBU RAJA AMPAT SALAWATI TENGAH;Waibo, Salawati Tengah, Kabupaten Raja Ampat, Papua Barat 98453;Papua Barat Daya;Raja Ampat;Waigeo Selatan;T4 nama file;https://www.google.com/maps/place/SPPG+WAIBU+Raja+Ampat+Salawati+Tengah/@-1.0533311,131.0602363,17z/data=!3m1!4b1!4m6!3m5!1s0x2d5c111d88593101:0x3f6e5cb3d0b2ce98!8m2!3d-1.0533311!4d131.0602363!16s%2Fg%2F11njwwn5k2?hl=id&entry=ttu&g_ep=EgoyMDI2MDkxNi4wIKXMDSoASAFQAw%3D%3D
5194;KEC. TLK. MAYALIBIT;Kabupaten Raja Ampat, Papua Barat Daya;Papua Barat Daya;Raja Ampat;Teluk Mayalibit;T4 nama file;https://www.google.com/maps/place/Kec.+Tlk.+Mayalibit/data=!4m7!3m6!1s0x2d5f1374e729888f:0xae388a762cdfd0ec!8m2!3d-0.2689344!4d130.9384914!16s%2Fg%2F122045b9!19sChIJj4gp53QTXy0R7NDfLHaKOK4?authuser=0&hl=id&g_ep=EgoyMDI2MDkxNi4wIJJjKgBIAVAD&rclk=1
5195;MISOOL SEL.;Kabupaten Raja Ampat, Papua Barat Daya;Papua Barat Daya;Raja Ampat;Misool Selatan;T4 nama file;https://www.google.com/maps/place/Misool+Sel./data=!4m7!3m6!1s0x2d42dbe1f9bec919:0x772018b3157aa95b!8m2!3d-1.959546!4d130.3190719!16s%2Fg%2F1214xn4n!19sChIJGcm--eHbQi0RW6l6FbMYIHc?authuser=0&hl=id&g_ep=EgoyMDI2MDkxNi4wIJJjKgBIAVAD&rclk=1
5196;DISTRIK MISOOL;Kabupaten Raja Ampat, Papua Barat Daya;Papua Barat Daya;Raja Ampat;Misool Selatan;T4 nama file;https://www.google.com/maps/place/Distrik+Misool/data=!4m7!3m6!1s0x2d67fba2461356ad:0xe3dfedd20bce543c!8m2!3d-1.7294753!4d130.076264!16s%2Fg%2F1q6hxq3n9!19sChIJrVYTRqL7Zy0RPFTOC9Lt3-M?authuser=0&hl=id&g_ep=EgoyMDI2MDkxNi4wIJJjKgBIAVAD&rclk=1
5197;MISOOL ECO RESORT;Yellu, Misool Sel., Kabupaten Raja Ampat, Papua Bar. 98483;Papua Barat Daya;Raja Ampat;Misool Selatan;T4 nama file;https://www.google.com/maps/place/Misool+Eco+Resort/data=!4m10!3m9!1s0x2d42fca6d687e869:0xcec0c32ec4b9f857!5m2!4m1!1i2!8m2!3d-2.244373!4d130.5557219!16s%2Fg%2F11b75g4ttf!19sChIJaeiH1qb8Qi0RV_i5xC7DwM4?authuser=0&hl=id&g_ep=EgoyMDI2MDkxNi4wIJJjKgBIAVAD&rclk=1
5198;PULAU KOFIAU;Mikiran, Kofiau, Kabupaten Raja Ampat, Papua Barat Daya;Papua Barat Daya;Raja Ampat;Kofiau;T4 nama file;https://www.google.com/maps/place/Pulau+Kofiau/@-1.1833333,129.8333333,15z/data=!3m1!4b1!4m6!3m5!1s0x2d6767c1e7d420ed:0x22393f628dc41dcc!8m2!3d-1.1833333!4d129.8333333!16s%2Fm%2F09k6_18?hl=id&entry=ttu&g_ep=EgoyMDI2MDkxNi4wIKXMDSoASAFQAw%3D%3D
5199;MEOS MANSAR;Kabupaten Raja Ampat, Papua Barat Daya;Papua Barat Daya;Raja Ampat;Meos Mansar;T4 nama file;https://www.google.com/maps/place/Meos+Mansar/data=!4m7!3m6!1s0x2d5e525360ce42f3:0xe58d24898307b204!8m2!3d-0.4496057!4d130.583895!16s%2Fg%2F120jxn1_!19sChIJ80LOYFNSXi0RBLIHg4kkjeU?authuser=0&hl=id&g_ep=EgoyMDI2MDkxNi4wIJJjKgBIAVAD&rclk=1
5200;SPPG KAMPUNG KALISADE DISTRIK WAIGEO UTARA;SPPG KAMPUNG KALISADE DISTRIK WAIGEO UTARA, Kampung Kalisade, Distrik Waigeo Utara, Kabupaten Raja Ampat, Papua Barat Daya 98481;Papua Barat Daya;Raja Ampat;Kepulauan Sembilan;T4 nama file;https://www.google.com/maps/place/SPPG+KAMPUNG+KALISADE+DISTRIK+WAIGEO+UTARA/@-0.0577526,130.982133,17z/data=!3m1!4b1!4m6!3m5!1s0x2d5f5d004561e7dd:0xa434a8bbf43748d7!8m2!3d-0.0577526!4d130.982133!16s%2Fg%2F11yw03myrt?hl=id&entry=ttu&g_ep=EgoyMDI2MDkxNi4wIKXMDSoASAFQAw%3D%3D
5201;SPPG 03 KOTA WAISAI;SPPG 03 kota waisai, Jalan amd, Waisai, Distrik Kota Waisai, Kabupaten Raja Ampat, Papua Barat Daya 98482;Papua Barat Daya;Raja Ampat;Kota Waisai;T4 nama file;https://www.google.com/maps/place/SPPG+03+kota+waisai/data=!4m7!3m6!1s0x2d5f1d0014c91a47:0x3e00f0b9c34ec54c!8m2!3d-0.4248728!4d130.8209443!16s%2Fg%2F11zc3n3f6y!19sChIJRxrJFAAdXy0RTMVOw7nwAD4?authuser=0&hl=id&g_ep=EgoyMDI2MDkxNi4wIJJjKgBIAVAD&rclk=1
5202;DISTRIK TIPLOL MAYALIBIT;Kabupaten Raja Ampat, Papua Barat Daya;Papua Barat Daya;Raja Ampat;Tiplol Mayalibit;T4 nama file;https://www.google.com/maps/place/Distrik+Tiplol+Mayalibit,+Kabupaten+Raja+Ampat,+Papua+Barat+Daya/@-0.1772675,130.643849,12z/data=!3m1!4b1!4m6!3m5!1s0x2d5f75faa1481287:0xd2fca4629b110358!8m2!3d-0.078691!4d130.6642772!16s%2Fg%2F1hc0q_m6q?hl=id&entry=ttu&g_ep=EgoyMDI2MDkxNi4wIKXMDSoASAFQAw%3D%3D
5203;SUPNIN;Kabupaten Raja Ampat, Papua Barat Daya;Papua Barat Daya;Raja Ampat;Supnin;T4 nama file;https://www.google.com/maps/place/Supnin,+Kabupaten+Raja+Ampat,+Papua+Barat+Daya/@-0.0524045,130.7107695,11z/data=!3m1!4b1!4m6!3m5!1s0x2d5f7eaeb355dd3f:0x460c1dbebeaa6e11!8m2!3d-0.0707044!4d130.7766611!16s%2Fg%2F1hc0r081v?hl=id&entry=ttu&g_ep=EgoyMDI2MDkxNi4wIKXMDSoASAFQAw%3D%3D
5204;SPPG AIMAS MARIAT PANTAI;SPPG Aimas Mariat Pantai, Klamasen, Distrik Mariat, Kabupaten Sorong, Papua Barat 98416;Papua Barat Daya;Sorong;Mariat;T4 nama file;https://www.google.com/maps/place/SPPG+Aimas+Mariat+Pantai/data=!4m7!3m6!1s0x2d5bf9002959827d:0xee44448be7449cf6!8m2!3d-0.9769375!4d131.3524375!16s%2Fg%2F11z1_vx438!19sChIJfYJZKQD5Wy0R9pxE54tERO4?authuser=0&hl=id&g_ep=EgoyMDI2MDkxNi4wIJJjKgBIAVAD&rclk=1
5206;SPPG KLASOF;SPPG KLASOF, Klasof, Distrik Moisegen, Kabupaten Sorong, Papua Barat Daya 98451;Papua Barat Daya;Sorong;Moisegen;T4 nama file;https://www.google.com/maps/place/SPPG+KLASOF/data=!4m7!3m6!1s0x2d5c79003a623b8f:0x50caa2287647d678!8m2!3d-1.2751681!4d131.2439807!16s%2Fg%2F11npyf7kbr!19sChIJjztiOgB5XC0ReNZHdiiiylA?authuser=0&hl=id&g_ep=EgoyMDI2MDkxNi4wIJJjKgBIAVAD&rclk=1
5215;MAYAMUK;Kabupaten Sorong, Papua Barat Daya;Papua Barat Daya;Sorong;Mayamuk;T4 nama file;https://www.google.com/maps/place/Mayamuk/data=!4m7!3m6!1s0x2d5bf64736084f3d:0x18c5e8368d4ad732!8m2!3d-1.0590548!4d131.2851406!16s%2Fg%2F11b5v1x6hf!19sChIJPU8INkf2Wy0RMtdKjTboxRg?authuser=0&hl=id&g_ep=EgoyMDI2MDkxNi4wIJJjKgBIAVAD&rclk=1
5216;KEC. SALAWATI SEL.;Kabupaten Sorong, Papua Barat Daya;Papua Barat Daya;Sorong;Salawati Selatan;T4 nama file;https://www.google.com/maps/place/Kec.+Salawati+Sel./data=!4m7!3m6!1s0x2d5c5ad8b018f199:0xc4d8ce15c534bd48!8m2!3d-1.2811542!4d130.8951476!16s%2Fg%2F11b5v779rr!19sChIJmfEYsNhaXC0RSL00xRXO2MQ?authuser=0&hl=id&g_ep=EgoyMDI2MDkxNi4wIJJjKgBIAVAD&rclk=1
5217;DISTRIK INANWATAN;Kabupaten Sorong Selatan, Papua Barat Daya;Papua Barat Daya;Sorong Selatan;Inanwatan;T4 nama file;https://www.google.com/maps/place/Distrik+Inanwatan/data=!4m7!3m6!1s0x2d4514c3acf601bd:0x871fec0706e82bc5!8m2!3d-2.1273304!4d132.1663024!16s%2Fm%2F0cc66ng!19sChIJvQH2rMMURS0RxSvoBgfsH4c?authuser=0&hl=id&g_ep=EgoyMDI2MDkxNi4wIJJjKgBIAVAD&rclk=1
5218;DISTRIK SAWIAT;Kabupaten Sorong Selatan, Papua Barat Daya;Papua Barat Daya;Sorong Selatan;Sawiat;T4 nama file;https://www.google.com/maps/place/Distrik+Sawiat,+Kabupaten+Sorong+Selatan,+Papua+Barat+Daya/@-1.197617,131.936809,11z/data=!3m1!4b1!4m6!3m5!1s0x2d5a4cbce3082707:0x1385c8bb5962a0a9!8m2!3d-1.1511488!4d131.9439626!16s%2Fg%2F1218rw_v?hl=id&entry=ttu&g_ep=EgoyMDI2MDkxNi4wIKXMDSoASAFQAw%3D%3D
5219;DISTRIK MOSWAREN;Kabupaten Sorong Selatan, Papua Barat Daya;Papua Barat Daya;Sorong Selatan;Moswaren;T4 nama file;https://www.google.com/maps/place/Distrik+Moswaren/data=!4m7!3m6!1s0x2d5a935b291c79d3:0xc435d4289dbbc461!8m2!3d-1.4917637!4d132.2410573!16s%2Fg%2F120m0pxh!19sChIJ03kcKVuTWi0RYcS7nSjUNcQ?authuser=0&hl=id&g_ep=EgoyMDI2MDkxNi4wIJJjKgBIAVAD&rclk=1
5220;DAPUR BGN RI SORONG SELATAN;DAPUR BGN RI SORONG SELATAN, Moswaren, Distrik Moswaren, Kabupaten Sorong Selatan, Papua Barat Daya 98462;Papua Barat Daya;Sorong Selatan;Moswaren;T4 nama file;https://www.google.com/maps/place/DAPUR+BGN+RI+SORONG+SELATAN/data=!4m7!3m6!1s0x2d5aed004b34b4e3:0x925ec7dccc014724!8m2!3d-1.4770851!4d132.2340688!16s%2Fg%2F11xnw69pcs!19sChIJ47Q0SwDtWi0RJEcBzNzHXpI?authuser=0&hl=id&g_ep=EgoyMDI2MDkxNi4wIJJjKgBIAVAD&rclk=1
5222;KAIS;Kabupaten Sorong Selatan, Papua Bar.;Papua Barat Daya;Sorong Selatan;Kais;T4 nama file;https://www.google.com/maps/place/Kais/data=!4m7!3m6!1s0x2d5ac9bd08a97a29:0x9cffca2dcef5956!8m2!3d-1.7657744!4d132.1572702!16s%2Fg%2F121v7l5d!19sChIJKXqpCL3JWi0RVlnv3KL8zwk?authuser=0&hl=id&g_ep=EgoyMDI2MDkxNi4wIJJjKgBIAVAD&rclk=1
5223;DISTRIK SAIFI;Kabupaten Sorong Selatan, Papua Barat Daya;Papua Barat Daya;Sorong Selatan;Saifi;T4 nama file;https://www.google.com/maps/place/Distrik+Saifi/data=!4m7!3m6!1s0x2d5b04b3bfda1a77:0x17f34f6f11d7ef!8m2!3d-1.409921!4d131.9086673!16s%2Fg%2F11mb_mmjx3!19sChIJdxrav7MEWy0R79cRb0_zFwA?authuser=0&hl=id&g_ep=EgoyMDI2MDkxNi4wIJJjKgBIAVAD&rclk=1
5224;DISTRIK FOKOUR;Kabupaten Sorong Selatan, Papua Barat Daya;Papua Barat Daya;Sorong Selatan;Fokour;T4 nama file;https://www.google.com/maps/place/Distrik+Fokour/data=!4m7!3m6!1s0x2d5a49eb48ba7679:0xca5b0bfb905adc24!8m2!3d-1.1621937!4d132.0207079!16s%2Fg%2F1hm20wgrp!19sChIJeXa6SOtJWi0RJNxakPsLW8o?authuser=0&hl=id&g_ep=EgoyMDI2MDkxNi4wIJJjKgBIAVAD&rclk=1
5225;DISTRIK FEF;Kabupaten Tambrauw, Papua Barat Daya;Papua Barat Daya;Tambrauw;Fef;T4 nama file;https://www.google.com/maps/place/Distrik+Fef/data=!4m7!3m6!1s0x2d59fb15378cf1d7:0x99889d8cffaa571e!8m2!3d-0.7798216!4d132.3665985!16s%2Fg%2F1225qq7m!19sChIJ1_GMNxX7WS0RHleq_4ydiJk?authuser=0&hl=id&g_ep=EgoyMDI2MDkxNi4wIJJjKgBIAVAD&rclk=1
5227;DISTRIK SAUSAPOR;Kabupaten Tambrauw, Papua Barat Daya;Papua Barat Daya;Tambrauw;Sausapor;T4 nama file;https://www.google.com/maps/place/Distrik+Sausapor/data=!4m7!3m6!1s0x2d59b0b47c7404ed:0x22b76922b3bd09b1!8m2!3d-0.496052!4d132.0874738!16s%2Fm%2F0g56cst!19sChIJ7QR0fLSwWS0RsQm9syJptyI?authuser=0&hl=id&g_ep=EgoyMDI2MDkxNi4wIJJjKgBIAVAD&rclk=1
5228;ABUN;Kabupaten Tambrauw, Papua Bar.;Papua Barat Daya;Tambrauw;Abun;T4 nama file;https://www.google.com/maps/place/Abun/data=!4m7!3m6!1s0x2d577a033fbe1c11:0x6bbce6bcca6e4a28!8m2!3d-0.4695379!4d132.7466993!16s%2Fg%2F121djr2g!19sChIJERy-PwN6Vy0RKEpuyrzmvGs?authuser=0&hl=id&g_ep=EgoyMDI2MDkxNi4wIJJjKgBIAVAD&rclk=1
5229;KEC. YEMBUN;Kabupaten Tambrauw, Papua Barat Daya;Papua Barat Daya;Tambrauw;Yembun;T4 nama file;https://www.google.com/maps/place/Kec.+Yembun/data=!4m7!3m6!1s0x2d599259f278a14d:0xc5562a9e3b0d5fb4!8m2!3d-0.7808355!4d132.1189376!16s%2Fg%2F12326863!19sChIJTaF48lmSWS0RtF8NO54qVsU?authuser=0&hl=id&g_ep=EgoyMDI2MDkxNi4wIJJjKgBIAVAD&rclk=1
5230;DISTRIK KWOOR;Kabupaten Tambrauw, Papua Barat Daya;Papua Barat Daya;Tambrauw;Kwoor;T4 nama file;https://www.google.com/maps/place/Distrik+Kwoor/data=!4m7!3m6!1s0x2d59cbeae3fc7c55:0xc9babc4648539c74!8m2!3d-0.4621685!4d132.2908119!16s%2Fg%2F121w6q71!19sChIJVXz84-rLWS0RdJxTSEa8usk?authuser=0&hl=id&g_ep=EgoyMDI2MDkxNi4wIJJjKgBIAVAD&rclk=1
5231;KABUPATEN TAMBRAUW;Papua Bar.;Papua Barat Daya;Tambrauw;Kebar;T4 nama file;https://www.google.com/maps/place/Kabupaten+Tambrauw/data=!4m7!3m6!1s0x2d59e153f8c63f75:0x8422f4aa1edd9a9e!8m2!3d-0.781856!4d132.3938375!16s%2Fm%2F0gh67wh!19sChIJdT_G-FPhWS0RnprdHqr0IoQ?authuser=0&hl=id&g_ep=EgoyMDI2MDkxNi4wIJJjKgBIAVAD&rclk=1
5232;DISTRIK SYUJAK;Kabupaten Tambrauw, Papua Barat Daya;Papua Barat Daya;Tambrauw;Syujak;T4 nama file;https://www.google.com/maps/place/Distrik+Syujak/data=!4m7!3m6!1s0x2d59e6a9b71a72f9:0x7dd0acee1cc8bcaa!8m2!3d-0.7852432!4d132.4121441!16s%2Fg%2F11c6rj51cl!19sChIJ-XIat6nmWS0RqrzIHO6s0H0?authuser=0&hl=id&g_ep=EgoyMDI2MDkxNi4wIJJjKgBIAVAD&rclk=1
5233;BIKAR;Distrik Sausapor, Kabupaten Tambrauw, Papua Barat Daya;Papua Barat Daya;Tambrauw;Bikar;T4 nama file;https://www.google.com/maps/place/Bikar/data=!4m7!3m6!1s0x2d59b7fe9949f4bf:0xf9913e21ae68ca1a!8m2!3d-0.5716301!4d132.2559685!16s%2Fg%2F11cn5k58mv!19sChIJv_RJmf63WS0RGsporiE-kfk?authuser=0&hl=id&g_ep=EgoyMDI2MDkxNi4wIJJjKgBIAVAD&rclk=1
5234;DISTRIK AMBERBAKEN;Kabupaten Tambrauw, Papua Bar.;Papua Barat Daya;Tambrauw;Amberbaken;T4 nama file;https://www.google.com/maps/place/Distrik+Amberbaken/data=!4m7!3m6!1s0x2d5717f40fe3dbb7:0xaa295df9b62c01b6!8m2!3d-0.5186292!4d133.0490734!16s%2Fg%2F122l_7jv!19sChIJt9vjD_QXVy0RtgEstvldKao?authuser=0&hl=id&g_ep=EgoyMDI2MDkxNi4wIJJjKgBIAVAD&rclk=1
5235;MIYAH;Kabupaten Tambrauw, Papua Bar.;Papua Barat Daya;Tambrauw;Miyah Selatan;T4 nama file;https://www.google.com/maps/place/Miyah/data=!4m7!3m6!1s0x2d5745388a2f010b:0x714bb316eb3dbe5c!8m2!3d-0.7502666!4d132.6684924!16s%2Fg%2F122vlfhb!19sChIJCwEvijhFVy0RXL496xazS3E?authuser=0&hl=id&g_ep=EgoyMDI2MDkxNi4wIJJjKgBIAVAD&rclk=1
5237;SD YPPK ASES FEF KAB. TAMBRAUW;SD YPPK Ases Fef Kab. TAMBRAUW, Ases, Distrik Fef, Kabupaten Tambrauw, Papua Barat Daya 98473;Papua Barat Daya;Tambrauw;Ases;T4 nama file;https://www.google.com/maps/place/SD+YPPK+Ases+Fef+Kab.+TAMBRAUW/@-0.8097961,132.4327439,17z/data=!3m1!4b1!4m6!3m5!1s0x2d59fb662a315ac3:0xae66bf882de19a17!8m2!3d-0.8097961!4d132.4327439!16s%2Fg%2F11mq9k2ryd?hl=id&entry=ttu&g_ep=EgoyMDI2MDkxNi4wIKXMDSoASAFQAw%3D%3D
5238;KWESEFO;Distrik Kwoor, Kabupaten Tambrauw, Papua Barat Daya;Papua Barat Daya;Tambrauw;Kwesefo;T4 nama file;https://www.google.com/maps/place/Kwesefo/data=!4m7!3m6!1s0x2d59d778acd0c21f:0x259bd4646c4d0510!8m2!3d-0.5481944!4d132.5215357!16s%2Fg%2F11cnb1nywf!19sChIJH8LQrHjXWS0REAVNbGTUmyU?authuser=0&hl=id&g_ep=EgoyMDI2MDkxNi4wIJJjKgBIAVAD&rclk=1
5239;DAPUR MBG;Dapur MBG, Jl. Hom-Hom, Lokasi Tiga, Distrik Wamena, Kabupaten Jayawijaya, Papua Pegunungan 99511;Papua Pegunungan;Jayawijaya;Womena;T4 nama file;https://www.google.com/maps/place/Dapur+MBG/data=!4m7!3m6!1s0x683e6d001c5007af:0x3a18009257ba7fda!8m2!3d-4.0846362!4d138.9427592!16s%2Fg%2F11ntmlzmcd!19sChIJrwdQHABtPmgR2n-6V5IAGDo?authuser=0&hl=id&g_ep=EgoyMDI2MDkxNi4wIJJjKgBIAVAD&rclk=1
5240;SPPG JAYAWIJAYA WAMENA WAMENA KOTA;SPPG JAYAWIJAYA WAMENA WAMENA KOTA, Hurekama, Distrik Wamena, Kabupaten Jayawijaya, Papua Pegunungan 99511;Papua Pegunungan;Jayawijaya;Asolokobal;T4 nama file;https://www.google.com/maps/place/SPPG+JAYAWIJAYA+WAMENA+WAMENA+KOTA/data=!4m7!3m6!1s0x683e6d004565505d:0x4ccab650d9bf34a2!8m2!3d-4.1021636!4d138.9336075!16s%2Fg%2F11ntl3s61j!19sChIJXVBlRQBtPmgRojS_2VC2ykw?authuser=0&hl=id&g_ep=EgoyMDI2MDkxNi4wIJJjKgBIAVAD&rclk=1
5241;SPPG YAYASAN KITONG BISA;SPPG Yayasan Kitong Bisa, Hurekama, Distrik Wamena, Kabupaten Jayawijaya, Papua Pegunungan 99511;Papua Pegunungan;Jayawijaya;Asolokobal;T4 nama file;https://www.google.com/maps/place/SPPG+Yayasan+Kitong+Bisa/data=!4m7!3m6!1s0x683e6d00086cd45d:0xee14952755d78c3c!8m2!3d-4.1016879!4d138.9331544!16s%2Fg%2F11yc0y_8n9!19sChIJXdRsCABtPmgRPIzXVSeVFO4?authuser=0&hl=id&g_ep=EgoyMDI2MDkxNi4wIJJjKgBIAVAD&rclk=1
5242;SPPG JAYAWIJAYA WAMENA, WAMENA KOTA 003;SPPG JAYAWIJAYA WAMENA, WAMENA KOTA 003, Jl. Thamrin, Wamena Kota, Distrik Wamena, Kabupaten Jayawijaya, Papua Pegunungan 99511;Papua Pegunungan;Jayawijaya;Asolokobal;T4 nama file;https://www.google.com/maps/place/SPPG+JAYAWIJAYA+WAMENA,+WAMENA+KOTA+003/data=!4m7!3m6!1s0x683e6d00115f2049:0xadcf6cfca1b495df!8m2!3d-4.0926103!4d138.9409459!16s%2Fg%2F11z8g46w50!19sChIJSSBfEQBtPmgR35W0ofxsz60?authuser=0&hl=id&g_ep=EgoyMDI2MDkxNi4wIJJjKgBIAVAD&rclk=1
5243;SPPG JAYAWIJAYA WAMENA WAMENA KOTA 03;SPPG JAYAWIJAYA WAMENA WAMENA KOTA 03, Jl. Thamrin, Wamena Kota, Distrik Wamena, Kabupaten Jayawijaya, Papua Pegunungan 99511;Papua Pegunungan;Jayawijaya;Asolokobal;T4 nama file;https://www.google.com/maps/place/SPPG+JAYAWIJAYA+WAMENA+WAMENA+KOTA+03/data=!4m7!3m6!1s0x683e6d0049f81a69:0x3511a56bc2e94f61!8m2!3d-4.092624!4d138.9409268!16s%2Fg%2F11z8gnbkzl!19sChIJaRr4SQBtPmgRYU_pwmulETU?authuser=0&hl=id&g_ep=EgoyMDI2MDkxNi4wIJJjKgBIAVAD&rclk=1
5244;SPPG JAYAWIJAYA WAMENA KOTA 06;SPPG JAYAWIJAYA WAMENA KOTA 06, Jl. Hom-Hom, Hetuma, Distrik Bugi, Kabupaten Jayawijaya, Papua Pegunungan 99511;Papua Pegunungan;Jayawijaya;Asolokobal;T4 nama file;https://www.google.com/maps/place/SPPG+JAYAWIJAYA+WAMENA+KOTA+06/data=!4m7!3m6!1s0x683e6d000adf6557:0xe538f9e4c68d49d2!8m2!3d-4.0794065!4d138.9362576!16s%2Fg%2F11ntk7hh9r!19sChIJV2XfCgBtPmgR0kmNxuT5OOU?authuser=0&hl=id&g_ep=EgoyMDI2MDkxNi4wIJJjKgBIAVAD&rclk=1
5245;SD YPPGI NAPUA;SD YPPGI NAPUA, Napua, Distrik Silo Karno Doga, Kabupaten Jayawijaya, Papua Pegunungan 99511;Papua Pegunungan;Jayawijaya;Napua;T4 nama file;https://www.google.com/maps/place/SD+YPPGI+NAPUA/data=!4m7!3m6!1s0x683e6dc55d182935:0x41d34cc0baffb253!8m2!3d-4.119514!4d138.8978726!16s%2Fg%2F11vcv6ddn2!19sChIJNSkYXcVtPmgRU7L_usBM00E?authuser=0&hl=id&g_ep=EgoyMDI2MDkxNi4wIJJjKgBIAVAD&rclk=1
5246;HUBIKIAK;Distrik Bugi, Kabupaten Jayawijaya, Papua Pegunungan;Papua Pegunungan;Jayawijaya;Hubikiak;T4 nama file;https://www.google.com/maps/place/Hubikiak/data=!4m7!3m6!1s0x683e12c44e98f015:0x3b91911fb23f35d6!8m2!3d-4.0583185!4d138.9051723!16s%2Fg%2F1hm444x9j!19sChIJFfCYTsQSPmgR1jU_sh-RkTs?authuser=0&hl=id&g_ep=EgoyMDI2MDkxNi4wIJJjKgBIAVAD&rclk=1
5247;PUSKESMAS MULIAMA;Puskesmas Muliama, Kewin, Muliama, Kabupaten Jayawijaya, Papua Pegunungan 99566;Papua Pegunungan;Jayawijaya;Muliama;T4 nama file;https://www.google.com/maps/place/Puskesmas+Muliama/data=!4m7!3m6!1s0x683e0d0019ce0f43:0xfe19a6fa45bde975!8m2!3d-4.0068237!4d138.8278485!16s%2Fg%2F11zxn0n9f5!19sChIJQw_OGQANPmgRdem9RfqmGf4?authuser=0&hl=id&g_ep=EgoyMDI2MDkxNi4wIJJjKgBIAVAD&rclk=1
5249;KABUPATEN LANNY JAYA;Papua Pegunungan;Papua Pegunungan;Lanny Jaya;Lannyna;T4 nama file;https://www.google.com/maps/place/Kabupaten+Lanny+Jaya/data=!4m7!3m6!1s0x683d9a2dbf37097f:0xcfc859e5a8f247a8!8m2!3d-3.971033!4d138.3190276!16s%2Fm%2F063yj62!19sChIJfwk3vy2aPWgRqEfyqOVZyM8?authuser=0&hl=id&g_ep=EgoyMDI2MDkxNi4wIJJjKgBIAVAD&rclk=1
5250;KELULOME;Distrik Dimba, Kabupaten Lanny Jaya, Papua Pegunungan;Papua Pegunungan;Lanny Jaya;Kelulome;T4 nama file;https://www.google.com/maps/place/Kelulome/data=!4m7!3m6!1s0x683df041bc78be95:0xeae64c4b24495fbb!8m2!3d-3.9017219!4d138.5337293!16s%2Fg%2F1hm38k32f!19sChIJlb54vEHwPWgRu19JJEtM5uo?authuser=0&hl=id&g_ep=EgoyMDI2MDkxNi4wIJJjKgBIAVAD&rclk=1
5251;DISTRIK TIOMNERI;Kabupaten Lanny Jaya, Papua Pegunungan;Papua Pegunungan;Lanny Jaya;Tiomneri;T4 nama file;https://www.google.com/maps/place/Distrik+Tiomneri/data=!4m7!3m6!1s0x683d894994fc7b0f:0x88f4e9020ef9ade8!8m2!3d-3.8761181!4d138.4009177!16s%2Fg%2F1213j0vn!19sChIJD3v8lEmJPWgR6K35DgLp9Ig?authuser=0&hl=id&g_ep=EgoyMDI2MDkxNi4wIJJjKgBIAVAD&rclk=1
5252;KEC. KUYAWAGE;Kabupaten Lanny Jaya, Papua Pegunungan;Papua Pegunungan;Lanny Jaya;Kuyawage;T4 nama file;https://www.google.com/maps/place/Kec.+Kuyawage/data=!4m7!3m6!1s0x683d0dc0b8b45c0b:0x7faf54ce606c3408!8m2!3d-4.01763!4d138.2047116!16s%2Fg%2F12148s03!19sChIJC1y0uMANPWgRCDRsYM5Ur38?authuser=0&hl=id&g_ep=EgoyMDI2MDkxNi4wIJJjKgBIAVAD&rclk=1
5253;DISTRIK PIRIME;Kabupaten Lanny Jaya, Papua Pegunungan;Papua Pegunungan;Lanny Jaya;Pirime;T4 nama file;https://www.google.com/maps/place/Distrik+Pirime/data=!4m7!3m6!1s0x683de8e910aee08b:0x29c8e21de16200b!8m2!3d-3.9709066!4d138.5398554!16s%2Fg%2F120q__d_!19sChIJi-CuEOnoPWgRCyAW3iGOnAI?authuser=0&hl=id&g_ep=EgoyMDI2MDkxNi4wIJJjKgBIAVAD&rclk=1
5254;DISTRIK TIOM;Kabupaten Lanny Jaya, Papua Pegunungan;Papua Pegunungan;Lanny Jaya;Tiom;T4 nama file;https://www.google.com/maps/place/Distrik+Tiom/data=!4m7!3m6!1s0x683d91e0dd012eeb:0x1bdc1c8bed88c23f!8m2!3d-3.9277573!4d138.4557817!16s%2Fg%2F12111y06!19sChIJ6y4B3eCRPWgRP8KI7Ysc3Bs?authuser=0&hl=id&g_ep=EgoyMDI2MDkxNi4wIJJjKgBIAVAD&rclk=1
5255;DISTRIK MELAGINERI;Kabupaten Lanny Jaya, Papua Pegunungan;Papua Pegunungan;Lanny Jaya;Melagineri;T4 nama file;https://www.google.com/maps/place/Distrik+Melagineri/data=!4m7!3m6!1s0x683d9a51b1648b15:0x6c4ed0699cdb375!8m2!3d-3.9824061!4d138.3663998!16s%2Fg%2F1211j7y4!19sChIJFYtksVGaPWgRdbPNmQbtxAY?authuser=0&hl=id&g_ep=EgoyMDI2MDkxNi4wIJJjKgBIAVAD&rclk=1
5256;KEC. BALINGGA;Kabupaten Lanny Jaya, Papua Pegunungan;Papua Pegunungan;Lanny Jaya;Balingga;T4 nama file;https://www.google.com/maps/place/Kec.+Balingga/data=!4m7!3m6!1s0x683dec6497639515:0x59418e32c4fc4580!8m2!3d-4.130659!4d138.3589086!16s%2Fg%2F120rs1nf!19sChIJFZVjl2TsPWgRgEX8xDKOQVk?authuser=0&hl=id&g_ep=EgoyMDI2MDkxNi4wIJJjKgBIAVAD&rclk=1
5258;TIOM KABUPATEN LANNY JAYA;Tiom Kabupaten Lanny Jaya, Olume, Distrik Tiom, Kabupaten Lanny Jaya, Papua Pegunungan 99567;Papua Pegunungan;Lanny Jaya;Tiom Ollo;T4 nama file;https://www.google.com/maps/place/Tiom+Kabupaten+Lanny+Jaya/data=!4m7!3m6!1s0x683ded00674ad62d:0x5a39baf1e51d8772!8m2!3d-3.9277573!4d138.4557817!16s%2Fg%2F11z61207s0!19sChIJLdZKZwDtPWgRcocd5fG6OVo?authuser=0&hl=id&g_ep=EgoyMDI2MDkxNi4wIJJjKgBIAVAD&rclk=1
5259;PUSKESMAS TIOM;Puskesmas Tiom, Olume, Kurulu, Kabupaten Lanny Jaya, Papua Pegunungan 99567;Papua Pegunungan;Lanny Jaya;Tiom Ollo;T4 nama file;https://www.google.com/maps/place/Puskesmas+Tiom/data=!4m7!3m6!1s0x683dedca64f8f0b1:0xbfe95a660a2b20d!8m2!3d-3.9306312!4d138.4569686!16s%2Fg%2F11j7hqwk3g!19sChIJsfD4ZMrtPWgRDbKiYKaV_gs?authuser=0&hl=id&g_ep=EgoyMDI2MDkxNi4wIJJjKgBIAVAD&rclk=1
5260;MOKONI;Distrik Tiom, Kabupaten Lanny Jaya, Papua Pegunungan;Papua Pegunungan;Lanny Jaya;Mokoni;T4 nama file;https://www.google.com/maps/place/Mokoni/data=!4m7!3m6!1s0x683ded3416548543:0x567c0aef6725566f!8m2!3d-3.9330994!4d138.4038094!16s%2Fg%2F1hm5661vb!19sChIJQ4VUFjTtPWgRb1YlZ-8KfFY?authuser=0&hl=id&g_ep=EgoyMDI2MDkxNi4wIJJjKgBIAVAD&rclk=1
5262;POLRES MAMBERAMO TENGAH;Polres Mamberamo Tengah, Kobakma, Distrik Kobagma, Kabupaten Mamberamo Tengah, Papua Pegunungan 99553;Papua Pegunungan;Mamberamo Tengah;Kobagma;T4 nama file;https://www.google.com/maps/place/Polres+Mamberamo+Tengah/@-3.6800393,139.0638798,17z/data=!3m1!4b1!4m6!3m5!1s0x68159356e6e6b20b:0x60b47b57f9ceb361!8m2!3d-3.6800393!4d139.0638798!16s%2Fg%2F11rgfydgz1?hl=id&entry=ttu&g_ep=EgoyMDI2MDkxNi4wIKXMDSoASAFQAw%3D%3D
5263;DISTRIK ERAGAYAM;Kabupaten Mamberamo Tengah, Papua Pegunungan;Papua Pegunungan;Mamberamo Tengah;Eragayam;T4 nama file;https://www.google.com/maps/place/Distrik+Eragayam/data=!4m7!3m6!1s0x6815e5a37e0bf90b:0x717e4df729430f96!8m2!3d-3.6567652!4d138.8397403!16s%2Fg%2F1217cb8q!19sChIJC_kLfqPlFWgRlg9DKfdNfnE?authuser=0&hl=id&g_ep=EgoyMDI2MDkxNi4wIJJjKgBIAVAD&rclk=1
5264;KABUPATEN NDUGA;Papua Pegunungan;Papua Pegunungan;Nduga;Koroptak;T4 nama file;https://www.google.com/maps/place/Kabupaten+Nduga/data=!4m7!3m6!1s0x683c5ae06d5d7187:0xabcb12c8303dc967!8m2!3d-4.4069496!4d138.2393528!16s%2Fm%2F0642g8s!19sChIJh3FdbeBaPGgRZ8k9MMgSy6s?authuser=0&hl=id&g_ep=EgoyMDI2MDkxNi4wIJJjKgBIAVAD&rclk=1
5265;KEC. YIGI;Kabupaten Nduga, Papua Pegunungan;Papua Pegunungan;Nduga;Yigi;T4 nama file;https://www.google.com/maps/place/Kec.+Yigi/data=!4m7!3m6!1s0x683db5dd0cbbb1a7:0x4ea4fc47be3c606c!8m2!3d-4.2284373!4d138.3994114!16s%2Fg%2F1229bzxp!19sChIJp7G7DN21PWgRbGA8vkf8pE4?authuser=0&hl=id&g_ep=EgoyMDI2MDkxNi4wIJJjKgBIAVAD&rclk=1
5267;DISTRIK MAPENDUMA;Kabupaten Nduga, Papua Pegunungan;Papua Pegunungan;Nduga;Mapenduma;T4 nama file;https://www.google.com/maps/place/Distrik+Mapenduma/data=!4m7!3m6!1s0x683c4fe2e1e13113:0xbbd1e73ab9baafad!8m2!3d-4.4847854!4d138.2194523!16s%2Fg%2F1212gtth!19sChIJEzHh4eJPPGgRra-6uTrn0bs?authuser=0&hl=id&g_ep=EgoyMDI2MDkxNi4wIJJjKgBIAVAD&rclk=1
5268;DISTRIK GEAREK;Kabupaten Nduga, Papua Pegunungan;Papua Pegunungan;Nduga;Gearek;T4 nama file;https://www.google.com/maps/place/Distrik+Gearek/data=!4m7!3m6!1s0x683c1fb5b7b916bd:0x283028961cf7ed7a!8m2!3d-4.6431503!4d138.6589406!16s%2Fg%2F120y84cl!19sChIJvRa5t7UfPGgReu33HJYoMCg?authuser=0&hl=id&g_ep=EgoyMDI2MDkxNi4wIJJjKgBIAVAD&rclk=1
5269;GESELMA;Kabupaten Nduga, Papua Pegunungan;Papua Pegunungan;Nduga;Geselma;T4 nama file;https://www.google.com/maps/place/Geselma/data=!4m7!3m6!1s0x683cef771b69267d:0x5a7d42a2c3195e52!8m2!3d-4.4537408!4d138.0010282!16s%2Fg%2F121_4fkk!19sChIJfSZpG3fvPGgRUl4Zw6JCfVo?authuser=0&hl=id&g_ep=EgoyMDI2MDkxNi4wIJJjKgBIAVAD&rclk=1
5271;DAPUR MBG SUKASARI 2;Jl. Setrasari V No.7, Sukarasa, Kec. Sukasari, Kota Bandung, Jawa Barat 40152;Papua Pegunungan;Nduga;Dal;T4 nama file;https://www.google.com/maps/place/Dapur+mbg+sukasari+2/data=!4m7!3m6!1s0x2e68e7003a0b97c1:0xe926dc6c9342b02!8m2!3d-6.8744226!4d107.5879439!16s%2Fg%2F11z4csvpxp!19sChIJwZcLOgDnaC4RAis0ycZtkg4?authuser=0&hl=id&g_ep=EgoyMDI2MDkxNi4wIJJjKgBIAVAD&rclk=1
5273;DISTRIK YAL;Kabupaten Nduga, Papua Pegunungan;Papua Pegunungan;Nduga;Yal;T4 nama file;https://www.google.com/maps/place/Distrik+Yal/data=!4m7!3m6!1s0x683c48ba84a667e9:0x6b929d273372d376!8m2!3d-4.4468468!4d138.3589086!16s%2Fg%2F11hf461zrx!19sChIJ6WemhLpIPGgRdtNyMyedkms?authuser=0&hl=id&g_ep=EgoyMDI2MDkxNi4wIJJjKgBIAVAD&rclk=1
5274;DISTRIK MAM;Kabupaten Nduga, Papua Pegunungan;Papua Pegunungan;Nduga;Mam;T4 nama file;https://www.google.com/maps/place/Distrik+Mam/data=!4m7!3m6!1s0x683c4ee0476d9d7b:0x6f645e0566a909b0!8m2!3d-4.3870415!4d138.2327774!16s%2Fg%2F11fr4wf2vt!19sChIJe51tR-BOPGgRsAmpZgVeZG8?authuser=0&hl=id&g_ep=EgoyMDI2MDkxNi4wIJJjKgBIAVAD&rclk=1
5275;DISTRIK INIYE;Kabupaten Nduga, Papua Pegunungan;Papua Pegunungan;Nduga;Iniye;T4 nama file;https://www.google.com/maps/place/Distrik+Iniye/data=!4m7!3m6!1s0x683cf686118e2c8b:0x906981f338eee220!8m2!3d-4.6023188!4d137.6589859!16s%2Fg%2F11fmgyrchd!19sChIJiyyOEYb2PGgRIOLuOPOBaZA?authuser=0&hl=id&g_ep=EgoyMDI2MDkxNi4wIJJjKgBIAVAD&rclk=1
5276;DISTRIK MBULMU YALMA;Kabupaten Nduga, Papua Pegunungan;Papua Pegunungan;Nduga;Mbulmu Yalma;T4 nama file;https://www.google.com/maps/place/Distrik+Mbulmu+Yalma/data=!4m7!3m6!1s0x683d00aa8a6a4021:0xb795a4751e629f3d!8m2!3d-4.225322!4d137.8822604!16s%2Fg%2F11b77hmbnj!19sChIJIUBqiqoAPWgRPZ9iHnWklbc?authuser=0&hl=id&g_ep=EgoyMDI2MDkxNi4wIJJjKgBIAVAD&rclk=1
5277;DISTRIK MBUA TENGAH;Kabupaten Nduga, Papua Pegunungan;Papua Pegunungan;Nduga;Mbua Tengah;T4 nama file;https://www.google.com/maps/place/Distrik+Mbua+Tengah/data=!4m7!3m6!1s0x683c3a40bc4d1f13:0x4ed78ad434671583!8m2!3d-4.4405414!4d138.4987208!16s%2Fg%2F11b77c1633!19sChIJEx9NvEA6PGgRgxVnNNSK104?authuser=0&hl=id&g_ep=EgoyMDI2MDkxNi4wIJJjKgBIAVAD&rclk=1
5278;EMBETPEN;Wendama, Embetpen, Kabupaten Nduga, Papua Pegunungan;Papua Pegunungan;Nduga;Embetpen;T4 nama file;https://www.google.com/maps/place/Embetpen/data=!4m7!3m6!1s0x683c1ee6ae04c57f:0xbea726e428a60cde!8m2!3d-4.6491621!4d138.5187229!16s%2Fg%2F11h2g1y_hq!19sChIJf8UEruYePGgR3gymKOQmp74?authuser=0&hl=id&g_ep=EgoyMDI2MDkxNi4wIJJjKgBIAVAD&rclk=1
5279;DISTRIK OKHIKA;Kabupaten Pegunungan Bintang, Papua Pegunungan;Papua Pegunungan;Pegunungan Bintang;Okhika;T4 nama file;https://www.google.com/maps/place/Distrik+Okhika/data=!4m7!3m6!1s0x68412062fe844835:0xa0bdbb44f3322b7e!8m2!3d-4.6641089!4d140.6782097!16s%2Fg%2F1239vdqw!19sChIJNUiE_mIgQWgRfisy80S7vaA?authuser=0&hl=id&g_ep=EgoyMDI2MDkxNi4wIJJjKgBIAVAD&rclk=1
5280;KABUPATEN PEGUNUNGAN BINTANG;Papua;Papua Pegunungan;Pegunungan Bintang;Oksamol;T4 nama file;https://www.google.com/maps/place/Kabupaten+Pegunungan+Bintang/data=!4m7!3m6!1s0x6840f0d396812aa1:0xbf54c0f816547ceb!8m2!3d-4.5589872!4d140.5135589!16s%2Fm%2F0640rdy!19sChIJoSqBltPwQGgR63xUFvjAVL8?authuser=0&hl=id&g_ep=EgoyMDI2MDkxNi4wIJJjKgBIAVAD&rclk=1
5281;DISTRIK OKSEBANG;Kabupaten Pegunungan Bintang, Papua Pegunungan;Papua Pegunungan;Pegunungan Bintang;Oksebang;T4 nama file;https://www.google.com/maps/place/Distrik+Oksebang/data=!4m7!3m6!1s0x6841216784833c7d:0x145e92bd2f820feb!8m2!3d-4.7586522!4d140.7364771!16s%2Fg%2F1229kpp1!19sChIJfTyDhGchQWgR6w-CL72SXhQ?authuser=0&hl=id&g_ep=EgoyMDI2MDkxNi4wIJJjKgBIAVAD&rclk=1
5282;DISTRIK OKBAB;Kabupaten Pegunungan Bintang, Papua Pegunungan;Papua Pegunungan;Pegunungan Bintang;Okbab;T4 nama file;https://www.google.com/maps/place/Distrik+Okbab/data=!4m7!3m6!1s0x6840f105ccde3749:0x230d9d286d136c26!8m2!3d-4.4591074!4d140.3986638!16s%2Fg%2F1226g611!19sChIJSTfezAXxQGgRJmwTbSidDSM?authuser=0&hl=id&g_ep=EgoyMDI2MDkxNi4wIJJjKgBIAVAD&rclk=1
5283;OKLIP;Kabupaten Pegunungan Bintang, Papua Pegunungan;Papua Pegunungan;Pegunungan Bintang;Oklip;T4 nama file;https://www.google.com/maps/place/Oklip/data=!4m7!3m6!1s0x684123090a4cad4f:0x10a6da9b53085467!8m2!3d-4.7704144!4d140.7884322!16s%2Fg%2F122fjn62!19sChIJT61MCgkjQWgRZ1QIU5vaphA?authuser=0&hl=id&g_ep=EgoyMDI2MDkxNi4wIJJjKgBIAVAD&rclk=1
5284;OKBEMTA;Kabupaten Pegunungan Bintang, Papua Pegunungan;Papua Pegunungan;Pegunungan Bintang;Okbemtau;T4 nama file;https://www.google.com/maps/place/Okbemta/data=!4m7!3m6!1s0x6841aa89cf255d0f:0x872bb79c2891d253!8m2!3d-4.4740931!4d140.7208989!16s%2Fg%2F121kw0h_!19sChIJD10lz4mqQWgRU9KRKJy3K4c?authuser=0&hl=id&g_ep=EgoyMDI2MDkxNi4wIJJjKgBIAVAD&rclk=1
5285;TEIRAPLU;Kabupaten Pegunungan Bintang, Papua;Papua Pegunungan;Pegunungan Bintang;Teiraplu;T4 nama file;https://www.google.com/maps/place/Teiraplu/data=!4m7!3m6!1s0x68402061943ae9c3:0x7579560ea8064870!8m2!3d-3.8310636!4d140.265662!16s%2Fg%2F1214fyxx!19sChIJw-k6lGEgQGgRcEgGqA5WeXU?authuser=0&hl=id&g_ep=EgoyMDI2MDkxNi4wIJJjKgBIAVAD&rclk=1
5286;DISTRIK EPUMEK;Kabupaten Pegunungan Bintang, Papua Pegunungan;Papua Pegunungan;Pegunungan Bintang;Eipumek;T4 nama file;https://www.google.com/maps/place/Distrik+Epumek/data=!4m7!3m6!1s0x6840872a96334aff:0xfae5de68ea47222c!8m2!3d-4.4168435!4d140.0803953!16s%2Fg%2F122x8frz!19sChIJ_0ozliqHQGgRLCJH6mje5fo?authuser=0&hl=id&g_ep=EgoyMDI2MDkxNi4wIJJjKgBIAVAD&rclk=1
5287;KEC. YEFTA;Kabupaten Pegunungan Bintang, Papua Pegunungan;Papua Pegunungan;Pegunungan Bintang;Jetfa;T4 nama file;https://www.google.com/maps/place/Kec.+Yefta/data=!4m7!3m6!1s0x68403a11a3050ebf:0xf9d52738f42277c5!8m2!3d-4.0581184!4d140.5756887!16s%2Fg%2F1224tdnm!19sChIJvw4FoxE6QGgRxXci9Dgn1fk?authuser=0&hl=id&g_ep=EgoyMDI2MDkxNi4wIJJjKgBIAVAD&rclk=1
5288;NONGME;Kabupaten Pegunungan Bintang, Papua Pegunungan;Papua Pegunungan;Pegunungan Bintang;Nongme;T4 nama file;https://www.google.com/maps/place/Nongme/data=!4m7!3m6!1s0x684077265c8067a3:0x74529e9836b33803!8m2!3d-4.2374677!4d140.059845!16s%2Fg%2F122pwp44!19sChIJo2eAXCZ3QGgRAzizNpieUnQ?authuser=0&hl=id&g_ep=EgoyMDI2MDkxNi4wIJJjKgBIAVAD&rclk=1
5291;BORME;Kabupaten Pegunungan Bintang, Papua Pegunungan;Papua Pegunungan;Pegunungan Bintang;Borme;T4 nama file;https://www.google.com/maps/place/Borme/data=!4m7!3m6!1s0x68406e91b5034f79:0x3ae0f9e7e82ab112!8m2!3d-4.3227031!4d140.3894858!16s%2Fg%2F121rvp4p!19sChIJeU8DtZFuQGgRErEq6Of54Do?authuser=0&hl=id&g_ep=EgoyMDI2MDkxNi4wIJJjKgBIAVAD&rclk=1
5292;IWUR;Kabupaten Pegunungan Bintang, Papua Pegunungan;Papua Pegunungan;Pegunungan Bintang;Iwur;T4 nama file;https://www.google.com/maps/place/Iwur,+Kabupaten+Pegunungan+Bintang,+Papua+Pegunungan/@-5.0534,140.8407166,11z/data=!3m1!4b1!4m6!3m5!1s0x6846d1e37eb785a7:0x964f53585112d555!8m2!3d-5.0132803!4d140.8872648!16s%2Fg%2F1238mbqg?hl=id&entry=ttu&g_ep=EgoyMDI2MDkxNi4wIKXMDSoASAFQAw%3D%3D
5293;DISTRIK BATOM;Kabupaten Pegunungan Bintang, Papua Pegunungan;Papua Pegunungan;Pegunungan Bintang;Batom;T4 nama file;https://www.google.com/maps/place/Distrik+Batom/data=!4m7!3m6!1s0x6841b06e986ded15:0x7c87b0b13ca08fe!8m2!3d-4.4466638!4d140.8794807!16s%2Fg%2F121tblb_!19sChIJFe1tmG6wQWgR_gjKEwt7yAc?authuser=0&hl=id&g_ep=EgoyMDI2MDkxNi4wIJJjKgBIAVAD&rclk=1
5294;DISTRIK BIME;Kabupaten Pegunungan Bintang, Papua Pegunungan;Papua Pegunungan;Pegunungan Bintang;Bime;T4 nama file;https://www.google.com/maps/place/Distrik+Bime/data=!4m7!3m6!1s0x684085685f3f0465:0xdb4257b29554af6e!8m2!3d-4.488256!4d140.2199566!16s%2Fg%2F121l0txp!19sChIJZQQ_X2iFQGgRbq9UlbJXQts?authuser=0&hl=id&g_ep=EgoyMDI2MDkxNi4wIJJjKgBIAVAD&rclk=1
5295;DISTRIK KOLOMDOL;Kabupaten Pegunungan Bintang, Papua Pegunungan;Papua Pegunungan;Pegunungan Bintang;Kalomdol;T4 nama file;https://www.google.com/maps/place/Distrik+Kolomdol/data=!4m7!3m6!1s0x68472b05dc3b47dd:0x24dc4f034dc31161!8m2!3d-4.9670754!4d140.5860497!16s%2Fg%2F1238s6wj!19sChIJ3Uc73AUrR2gRYRHDTQNP3CQ?authuser=0&hl=id&g_ep=EgoyMDI2MDkxNi4wIJJjKgBIAVAD&rclk=1
5296;KEC. OKSOP;Kabupaten Pegunungan Bintang, Papua Pegunungan;Papua Pegunungan;Pegunungan Bintang;Oksop;T4 nama file;https://www.google.com/maps/place/Kec.+Oksop/data=!4m7!3m6!1s0x6840d0c61c9cf81f:0xdb805f296f748353!8m2!3d-4.7324178!4d140.4101474!16s%2Fg%2F121cs06d!19sChIJH_icHMbQQGgRU4N0bylfgNs?authuser=0&hl=id&g_ep=EgoyMDI2MDkxNi4wIJJjKgBIAVAD&rclk=1
5297;DISTRIK ALEMSOM;Kabupaten Pegunungan Bintang, Papua Pegunungan;Papua Pegunungan;Pegunungan Bintang;Alemsom;T4 nama file;https://www.google.com/maps/place/Distrik+Alemsom/data=!4m7!3m6!1s0x6840bec76761164b:0x2d79a847a7c70a92!8m2!3d-4.7239845!4d140.2862819!16s%2Fg%2F121_5nqm!19sChIJSxZhZ8e-QGgRkgrHp0eoeS0?authuser=0&hl=id&g_ep=EgoyMDI2MDkxNi4wIJJjKgBIAVAD&rclk=1
5298;KEC. OK BAPE;Kabupaten Pegunungan Bintang, Papua Pegunungan;Papua Pegunungan;Pegunungan Bintang;Okbape;T4 nama file;https://www.google.com/maps/place/Kec.+Ok+Bape/data=!4m7!3m6!1s0x6840dd3b6b9016fd:0xddeed733d7c1a330!8m2!3d-4.7079703!4d140.534262!16s%2Fg%2F12214v68!19sChIJ_RaQazvdQGgRMKPB1zPX7t0?authuser=0&hl=id&g_ep=EgoyMDI2MDkxNi4wIJJjKgBIAVAD&rclk=1
5299;KEC. KAWOR;Kabupaten Pegunungan Bintang, Papua Pegunungan;Papua Pegunungan;Pegunungan Bintang;Kawor;T4 nama file;https://www.google.com/maps/place/Kec.+Kawor/data=!4m7!3m6!1s0x6847257a764d8f2d:0xf01e9c51aacc2971!8m2!3d-5.1786087!4d140.5198992!16s%2Fg%2F120wkv9g!19sChIJLY9NdnolR2gRcSnMqlGcHvA?authuser=0&hl=id&g_ep=EgoyMDI2MDkxNi4wIJJjKgBIAVAD&rclk=1
5300;DISTRIK AWINBON;Kabupaten Pegunungan Bintang, Papua Pegunungan;Papua Pegunungan;Pegunungan Bintang;Awinbon;T4 nama file;https://www.google.com/maps/place/Distrik+Awinbon/data=!4m7!3m6!1s0x684748969ed6d24d:0x5666ce7a04d7f46e!8m2!3d-5.0077298!4d140.1517908!16s%2Fg%2F1222z63b!19sChIJTdLWnpZIR2gRbvTXBHrOZlY?authuser=0&hl=id&g_ep=EgoyMDI2MDkxNi4wIJJjKgBIAVAD&rclk=1
5301;DISTRIK SERAMBAKON;Distrik serambakon, Seramkatop, Distrik Serambakon, Kabupaten Pegunungan Bintang, Papua Pegunungan 99573;Papua Pegunungan;Pegunungan Bintang;Serambakon;T4 nama file;https://www.google.com/maps/place/Distrik+serambakon/@-4.8548482,140.500752,17z/data=!3m1!4b1!4m6!3m5!1s0x6840cff00f210d9f:0x8b498ea72baa9d54!8m2!3d-4.8548482!4d140.500752!16s%2Fg%2F11vj31y855?hl=id&entry=ttu&g_ep=EgoyMDI2MDkxNi4wIKXMDSoASAFQAw%3D%3D
5302;KEC. OK AON;Kabupaten Pegunungan Bintang, Papua Pegunungan;Papua Pegunungan;Pegunungan Bintang;Ok Aom;T4 nama file;https://www.google.com/maps/place/Kec.+Ok+Aon/data=!4m7!3m6!1s0x6840d77d8570e651:0xa9b9ad08f3a2029c!8m2!3d-4.8531394!4d140.6404082!16s%2Fg%2F1214m3_k!19sChIJUeZwhX3XQGgRnAKi8wituak?authuser=0&hl=id&g_ep=EgoyMDI2MDkxNi4wIJJjKgBIAVAD&rclk=1
5303;DISTRIK TAGIME;Kabupaten Tolikara, Papua Pegunungan;Papua Pegunungan;Tolikara;Tagime;T4 nama file;https://www.google.com/maps/place/Distrik+Tagime/data=!4m7!3m6!1s0x681651b57a2f00cb:0x23209925defcdd85!8m2!3d-3.3807104!4d138.1896152!16s%2Fg%2F11b77hxmzx!19sChIJywAverVRFmgRhd383iWZICM?authuser=0&hl=id&g_ep=EgoyMDI2MDkxNi4wIJJjKgBIAVAD&rclk=1
5304;DISTRIK BOGONUK;Kabupaten Tolikara, Papua Pegunungan;Papua Pegunungan;Tolikara;Bogonuk;T4 nama file;https://www.google.com/maps/place/Distrik+Bogonuk/data=!4m7!3m6!1s0x681625309caf8bdb:0x6d7ee5a8e5240c5c!8m2!3d-3.7084478!4d138.2831997!16s%2Fg%2F11b77ppln8!19sChIJ24uvnDAlFmgRXAwk5ajlfm0?authuser=0&hl=id&g_ep=EgoyMDI2MDkxNi4wIJJjKgBIAVAD&rclk=1
5305;DISTRIK LI ANOGOMMA;Kabupaten Tolikara, Papua Pegunungan;Papua Pegunungan;Tolikara;Li Anogomma;T4 nama file;https://www.google.com/maps/place/Distrik+Li+Anogomma/data=!4m7!3m6!1s0x681616b789be5135:0x57dfce47d127a501!8m2!3d-3.6211096!4d138.471132!16s%2Fg%2F11b77frt8d!19sChIJNVG-ibcWFmgRAaUn0UfO31c?authuser=0&hl=id&g_ep=EgoyMDI2MDkxNi4wIJJjKgBIAVAD&rclk=1
5306;KAI;Kabupaten Tolikara, Papua Pegunungan;Papua Pegunungan;Tolikara;Kai;T4 nama file;https://www.google.com/maps/place/Kai/data=!4m7!3m6!1s0x68160f0ae9e516e3:0x71978d4e98623af!8m2!3d-3.6475087!4d138.6038129!16s%2Fg%2F11nt3w_c6l!19sChIJ4xbl6QoPFmgRryOG6dR4GQc?authuser=0&hl=id&g_ep=EgoyMDI2MDkxNi4wIJJjKgBIAVAD&rclk=1
5307;DISTRIK AWEKU;Kabupaten Tolikara, Papua Pegunungan;Papua Pegunungan;Tolikara;Aweku;T4 nama file;https://www.google.com/maps/place/Distrik+Aweku/data=!4m7!3m6!1s0x68163c4d51a075e7:0x3ae9eabf0c9c0739!8m2!3d-3.6039131!4d138.3642641!16s%2Fg%2F11mb_n1_sp!19sChIJ53WgUU08FmgROQecDL_q6To?authuser=0&hl=id&g_ep=EgoyMDI2MDkxNi4wIJJjKgBIAVAD&rclk=1
5310;DISTRIK GOYAGE;Kabupaten Tolikara, Papua Pegunungan;Papua Pegunungan;Tolikara;Goyage;T4 nama file;https://www.google.com/maps/place/Distrik+Goyage/data=!4m7!3m6!1s0x6816191c6041dfb9:0x56e653bedf73f861!8m2!3d-3.7233251!4d138.4342412!16s%2Fg%2F1227k0rn!19sChIJud9BYBwZFmgRYfhz375T5lY?authuser=0&hl=id&g_ep=EgoyMDI2MDkxNi4wIJJjKgBIAVAD&rclk=1
5313;KEC. UMAGI;Kabupaten Tolikara, Papua Pegunungan;Papua Pegunungan;Tolikara;Umagi;T4 nama file;https://www.google.com/maps/place/Kec.+Umagi/data=!4m7!3m6!1s0x68164c353560ad93:0x85b7cae34bc867da!8m2!3d-3.4453215!4d138.1002024!16s%2Fg%2F1218f66n!19sChIJk61gNTVMFmgR2mfIS-PKt4U?authuser=0&hl=id&g_ep=EgoyMDI2MDkxNi4wIJJjKgBIAVAD&rclk=1
5314;DISTRIK PANAGA;Kabupaten Tolikara, Papua Pegunungan;Papua Pegunungan;Tolikara;Panaga;T4 nama file;https://www.google.com/maps/place/Distrik+Panaga/data=!4m7!3m6!1s0x681614b8ccb7aca9:0xd9b0a975f678d928!8m2!3d-3.5788649!4d138.4379425!16s%2Fg%2F12226rmy!19sChIJqay3zLgUFmgRKNl49nWpsNk?authuser=0&hl=id&g_ep=EgoyMDI2MDkxNi4wIJJjKgBIAVAD&rclk=1
5315;DISTRIK WUNIM;Kabupaten Tolikara, Papua Pegunungan;Papua Pegunungan;Tolikara;Wunim;T4 nama file;https://www.google.com/maps/place/Distrik+Wunim/data=!4m7!3m6!1s0x68160e58695d52d1:0x999a56454046c64!8m2!3d-3.6584953!4d138.5735215!16s%2Fg%2F122bg1zq!19sChIJ0VJdaVgOFmgRZGwEVGSlmQk?authuser=0&hl=id&g_ep=EgoyMDI2MDkxNi4wIJJjKgBIAVAD&rclk=1
5316;WINA;Kabupaten Tolikara, Papua Pegunungan;Papua Pegunungan;Tolikara;Wina;T4 nama file;https://www.google.com/maps/place/Wina/data=!4m7!3m6!1s0x681637748bb38729:0xe595143de2a8c235!8m2!3d-3.5755148!4d138.2194523!16s%2Fg%2F120kn4bb!19sChIJKYezi3Q3FmgRNcKo4j0UleU?authuser=0&hl=id&g_ep=EgoyMDI2MDkxNi4wIJJjKgBIAVAD&rclk=1
5317;DISTRIK WONIKI;Kabupaten Tolikara, Papua Pegunungan;Papua Pegunungan;Tolikara;Woniki;T4 nama file;https://www.google.com/maps/place/Distrik+Woniki/data=!4m7!3m6!1s0x6816249298ca7135:0x1f3b8c4a6a10c153!8m2!3d-3.6867767!4d138.3120892!16s%2Fg%2F12111m4d!19sChIJNXHKmJIkFmgRU8EQakqMOx8?authuser=0&hl=id&g_ep=EgoyMDI2MDkxNi4wIJJjKgBIAVAD&rclk=1
5318;DISTRIK BOKONERI;Kabupaten Tolikara, Papua Pegunungan;Papua Pegunungan;Tolikara;Bokoneri;T4 nama file;https://www.google.com/maps/place/Distrik+Bokoneri/data=!4m7!3m6!1s0x681608cdefe714d7:0x8412144e58b28e7b!8m2!3d-3.6849588!4d138.6436435!16s%2Fg%2F122rvjw7!19sChIJ1xTn780IFmgRe46yWE4UEoQ?authuser=0&hl=id&g_ep=EgoyMDI2MDkxNi4wIJJjKgBIAVAD&rclk=1
5319;BEWANI;Kabupaten Tolikara, Papua;Papua Pegunungan;Tolikara;Bewani;T4 nama file;https://www.google.com/maps/place/Bewani/data=!4m7!3m6!1s0x681679d3bd91637f:0xa6b289dad9095af!8m2!3d-3.3985904!4d138.6790007!16s%2Fg%2F120yxlr2!19sChIJf2ORvdN5FmgRr5WQrZ0oawo?authuser=0&hl=id&g_ep=EgoyMDI2MDkxNi4wIJJjKgBIAVAD&rclk=1
5320;DISTRIK NELAWI;Kabupaten Tolikara, Papua Pegunungan;Papua Pegunungan;Tolikara;Nelawi;T4 nama file;https://www.google.com/maps/place/Distrik+Nelawi/data=!4m7!3m6!1s0x6816176da8e92753:0xa30930aa79ca8db7!8m2!3d-3.6470814!4d138.4370946!16s%2Fg%2F120x6l7v!19sChIJUyfpqG0XFmgRt43KeaowCaM?authuser=0&hl=id&g_ep=EgoyMDI2MDkxNi4wIJJjKgBIAVAD&rclk=1
5321;DISTRIK KUARI;Kabupaten Tolikara, Papua Pegunungan;Papua Pegunungan;Tolikara;Kuari;T4 nama file;https://www.google.com/maps/place/Distrik+Kuari/data=!4m7!3m6!1s0x68160532ea6add9f:0x9f7f080cecb9920b!8m2!3d-3.7060553!4d138.4456339!16s%2Fg%2F12288t11!19sChIJn91q6jIFFmgRC5K57AwIf58?authuser=0&hl=id&g_ep=EgoyMDI2MDkxNi4wIJJjKgBIAVAD&rclk=1
5322;DISTRIK GILUBANDU;Kabupaten Tolikara, Papua Pegunungan;Papua Pegunungan;Tolikara;Gilubandu;T4 nama file;https://www.google.com/maps/place/Distrik+Gilubandu/data=!4m7!3m6!1s0x68163b726f4eabb7:0x77f4a9c2c5690028!8m2!3d-3.6348495!4d138.3090619!16s%2Fg%2F121y021q!19sChIJt6tOb3I7FmgRKABpxcKp9Hc?authuser=0&hl=id&g_ep=EgoyMDI2MDkxNi4wIJJjKgBIAVAD&rclk=1
5323;DISTRIK NABUNAGE;Kabupaten Tolikara, Papua Pegunungan;Papua Pegunungan;Tolikara;Nabunage;T4 nama file;https://www.google.com/maps/place/Distrik+Nabunage/data=!4m7!3m6!1s0x681617ee7bf5a21d:0x699d5c5bcc2e9d64!8m2!3d-3.6583843!4d138.4238803!16s%2Fg%2F122hp9dc!19sChIJHaL1e-4XFmgRZJ0uzFtcnWk?authuser=0&hl=id&g_ep=EgoyMDI2MDkxNi4wIJJjKgBIAVAD&rclk=1
5324;DISTRIK TIMORI;Kabupaten Tolikara, Papua Pegunungan;Papua Pegunungan;Tolikara;Timori;T4 nama file;https://www.google.com/maps/place/Distrik+Timori/data=!4m7!3m6!1s0x68161151b306dc2f:0x56b36a26c30c4f2f!8m2!3d-3.637626!4d138.4840197!16s%2Fg%2F122dl3m4!19sChIJL9wGs1ERFmgRL08MwyZqs1Y?authuser=0&hl=id&g_ep=EgoyMDI2MDkxNi4wIJJjKgBIAVAD&rclk=1
5325;NUNGGAWI;Kabupaten Tolikara, Papua Pegunungan;Papua Pegunungan;Tolikara;Nunggawi;T4 nama file;https://www.google.com/maps/place/Nunggawi/data=!4m7!3m6!1s0x68162106866071f5:0x3b6d7225a3d9ddc0!8m2!3d-3.7472595!4d138.3688834!16s%2Fg%2F122_sfvh!19sChIJ9XFghgYhFmgRwN3ZoyVybTs?authuser=0&hl=id&g_ep=EgoyMDI2MDkxNi4wIJJjKgBIAVAD&rclk=1
5326;GUNDAGI;Kabupaten Tolikara, Papua Pegunungan;Papua Pegunungan;Tolikara;Gundagi;T4 nama file;https://www.google.com/maps/place/Gundagi/data=!4m7!3m6!1s0x68166d0a9b97b177:0xf4f52a0e958ee55c!8m2!3d-3.4977286!4d138.4987208!16s%2Fg%2F121srbz8!19sChIJd7GXmwptFmgRXOWOlQ4q9fQ?authuser=0&hl=id&g_ep=EgoyMDI2MDkxNi4wIJJjKgBIAVAD&rclk=1
5327;DISTRIK EGIAM;Kabupaten Tolikara, Papua;Papua Pegunungan;Tolikara;Egiam;T4 nama file;https://www.google.com/maps/place/Distrik+Egiam/data=!4m7!3m6!1s0x681657ea462ec19f:0x62d47dc752ea2d25!8m2!3d-3.2975685!4d138.2194523!16s%2Fg%2F122h5rdn!19sChIJn8EuRupXFmgRJS3qUsd91GI?authuser=0&hl=id&g_ep=EgoyMDI2MDkxNi4wIJJjKgBIAVAD&rclk=1
5328;DISTRIK POGANERI;Kabupaten Tolikara, Papua Pegunungan;Papua Pegunungan;Tolikara;Poganeri;T4 nama file;https://www.google.com/maps/place/Distrik+Poganeri/data=!4m7!3m6!1s0x681644e529eecb01:0x6763382739f00c91!8m2!3d-3.4250848!4d138.299098!16s%2Fg%2F121g71gq!19sChIJAcvuKeVEFmgRkQzwOSc4Y2c?authuser=0&hl=id&g_ep=EgoyMDI2MDkxNi4wIJJjKgBIAVAD&rclk=1
5329;DISTRIK DUNDU;Kabupaten Tolikara, Papua Pegunungan;Papua Pegunungan;Tolikara;Dundu;T4 nama file;https://www.google.com/maps/place/Distrik+Dundu/data=!4m7!3m6!1s0x681646c0957f3e87:0x382247aff41fdc2c!8m2!3d-3.4797508!4d138.3090619!16s%2Fg%2F121vr4fp!19sChIJhz5_lcBGFmgRLNwf9K9HIjg?authuser=0&hl=id&g_ep=EgoyMDI2MDkxNi4wIJJjKgBIAVAD&rclk=1
5330;GEYA;Kabupaten Tolikara, Papua Pegunungan;Papua Pegunungan;Tolikara;Geya;T4 nama file;https://www.google.com/maps/place/Geya/data=!4m7!3m6!1s0x68161ab34abb8bd5:0x678dd6a8ea8a162f!8m2!3d-3.6795336!4d138.5487397!16s%2Fg%2F122g8rs4!19sChIJ1Yu7SrMaFmgRLxaK6qjWjWc?authuser=0&hl=id&g_ep=EgoyMDI2MDkxNi4wIJJjKgBIAVAD&rclk=1
5331;KAMBONERI;Kabupaten Tolikara, Papua Pegunungan;Papua Pegunungan;Tolikara;Kamboneri;T4 nama file;https://www.google.com/maps/place/Kamboneri/data=!4m7!3m6!1s0x68165a6482797f3b:0x34282022d63af179!8m2!3d-3.3612384!4d138.2592606!16s%2Fg%2F120jxn1j!19sChIJO395gmRaFmgRefE61iIgKDQ?authuser=0&hl=id&g_ep=EgoyMDI2MDkxNi4wIJJjKgBIAVAD&rclk=1
5332;DISTRIK AIRGARAM;Kabupaten Tolikara, Papua;Papua Pegunungan;Tolikara;Airgaram;T4 nama file;https://www.google.com/maps/place/Distrik+Airgaram/data=!4m7!3m6!1s0x681650c434ff107b:0xe20e5821ce21a89d!8m2!3d-3.2894004!4d138.0605108!16s%2Fg%2F12391_gn!19sChIJexD_NMRQFmgRnaghziFYDuI?authuser=0&hl=id&g_ep=EgoyMDI2MDkxNi4wIJJjKgBIAVAD&rclk=1
5333;YUNERI;Kabupaten Tolikara, Papua Pegunungan;Papua Pegunungan;Tolikara;Yuneri;T4 nama file;https://www.google.com/maps/place/Yuneri/data=!4m7!3m6!1s0x68166a0f60e43bad:0xd253f5075e1119eb!8m2!3d-3.5007419!4d138.3856532!16s%2Fg%2F1230jw8f!19sChIJrTvkYA9qFmgR6xkRXgf1U9I?authuser=0&hl=id&g_ep=EgoyMDI2MDkxNi4wIJJjKgBIAVAD&rclk=1
5334;DISTRIK WAKUO;Kabupaten Tolikara, Papua Pegunungan;Papua Pegunungan;Tolikara;Wakuwo;T4 nama file;https://www.google.com/maps/place/Distrik+Wakuo/data=!4m7!3m6!1s0x681618466e1474eb:0x9e6f1d3a46b0ac6f!8m2!3d-3.668192!4d138.4233483!16s%2Fg%2F120vn6zg!19sChIJ63QUbkYYFmgRb6ywRjodb54?authuser=0&hl=id&g_ep=EgoyMDI2MDkxNi4wIJJjKgBIAVAD&rclk=1
5335;DISTRIK DOW;Kabupaten Tolikara, Papua;Papua Pegunungan;Tolikara;Dow;T4 nama file;https://www.google.com/maps/place/Distrik+Dow/data=!4m7!3m6!1s0x681665c6c98a19e7:0x5fa702f5601258cf!8m2!3d-3.4046801!4d138.4987208!16s%2Fg%2F122whf42!19sChIJ5xmKycZlFmgRz1gSYPUCp18?authuser=0&hl=id&g_ep=EgoyMDI2MDkxNi4wIJJjKgBIAVAD&rclk=1
5336;DISTRIK TAGINERI;Kabupaten Tolikara, Papua Pegunungan;Papua Pegunungan;Tolikara;Tagineri;T4 nama file;https://www.google.com/maps/place/Distrik+Tagineri/data=!4m7!3m6!1s0x6816518c3613d52d:0x8892315dcb568945!8m2!3d-3.3467854!4d138.1299903!16s%2Fg%2F122z2fc_!19sChIJLdUTNoxRFmgRRYlWy10xkog?authuser=0&hl=id&g_ep=EgoyMDI2MDkxNi4wIJJjKgBIAVAD&rclk=1
5337;KABUPATEN TOLIKARA;Papua;Papua Pegunungan;Tolikara;Wenam;T4 nama file;https://www.google.com/maps/place/Kabupaten+Tolikara/data=!4m7!3m6!1s0x68166a0bfde021ef:0xd9987274260fafaa!8m2!3d-3.481132!4d138.4787258!16s%2Fm%2F063ywmp!19sChIJ7yHg_QtqFmgRqq8PJnRymNk?authuser=0&hl=id&g_ep=EgoyMDI2MDkxNi4wIJJjKgBIAVAD&rclk=1
5338;DISTRIK GIKA;Kabupaten Tolikara, Papua Pegunungan;Papua Pegunungan;Tolikara;Gika;T4 nama file;https://www.google.com/maps/place/Distrik+Gika/data=!4m7!3m6!1s0x6816470bc709056b:0xfcd9dc1f8b56ce03!8m2!3d-3.5137789!4d138.2941167!16s%2Fg%2F11b776h7dk!19sChIJawUJxwtHFmgRA85Wix_c2fw?authuser=0&hl=id&g_ep=EgoyMDI2MDkxNi4wIJJjKgBIAVAD&rclk=1
5339;DISTRIK TELENGGEME;Kabupaten Tolikara, Papua Pegunungan;Papua Pegunungan;Tolikara;Telenggeme;T4 nama file;https://www.google.com/maps/place/Distrik+Telenggeme/data=!4m7!3m6!1s0x68163e67d881d277:0xf9a0467a900604c6!8m2!3d-3.5927412!4d138.3619774!16s%2Fg%2F11b777kkmx!19sChIJd9KB2Gc-FmgRxgQGkHpGoPk?authuser=0&hl=id&g_ep=EgoyMDI2MDkxNi4wIJJjKgBIAVAD&rclk=1
5340;DISTRIK WUGI;Kabupaten Tolikara, Papua Pegunungan;Papua Pegunungan;Tolikara;Wugi;T4 nama file;https://www.google.com/maps/place/Distrik+Wugi/data=!4m7!3m6!1s0x68161bbf0405b42f:0x59c08c49201b13f2!8m2!3d-3.7219706!4d138.5079501!16s%2Fg%2F11mb_n0765!19sChIJL7QFBL8bFmgR8hMbIEmMwFk?authuser=0&hl=id&g_ep=EgoyMDI2MDkxNi4wIJJjKgBIAVAD&rclk=1
5342;SPPG DEKAI 02 YALLAS YAHUKIMO;Jl jenderal Sudirman No.km 1, kompleks OKMC, Dekai, Yahukimo regency, Highland Papua 99571;Papua Pegunungan;Yahukimo;Dekai;T4 nama file;https://www.google.com/maps/place/SPPG+DEKAI+02+YALLAS+YAHUKIMO/data=!4m7!3m6!1s0x683f2d0076d15293:0xe1840499ebceb7be!8m2!3d-4.8637181!4d139.4860579!16s%2Fg%2F11nqlsp9qm!19sChIJk1LRdgAtP2gRvrfO65kEhOE?authuser=0&hl=id&g_ep=EgoyMDI2MDkxNi4wIJJjKgBIAVAD&rclk=1
5343;KEC. KURIMA;Kabupaten Yahukimo, Papua Pegunungan;Papua Pegunungan;Yahukimo;Kurima;T4 nama file;https://www.google.com/maps/place/Kec.+Kurima/data=!4m7!3m6!1s0x683e679c5109e90b:0x77fb5d60dba817bb!8m2!3d-4.2110641!4d139.02832!16s%2Fg%2F1230v9v0!19sChIJC-kJUZxnPmgRuxeo22Bd-3c?authuser=0&hl=id&g_ep=EgoyMDI2MDkxNi4wIJJjKgBIAVAD&rclk=1
5344;KEC. NALCA;Kabupaten Yahukimo, Papua Pegunungan;Papua Pegunungan;Yahukimo;Nalca;T4 nama file;https://www.google.com/maps/place/Kec.+Nalca/data=!4m7!3m6!1s0x683f9de23a742c43:0x31fb4e15fe1e2763!8m2!3d-4.4158336!4d139.8137871!16s%2Fg%2F122ds6wn!19sChIJQyx0OuKdP2gRYyce_hVO-zE?authuser=0&hl=id&g_ep=EgoyMDI2MDkxNi4wIJJjKgBIAVAD&rclk=1
5345;SPPG KOTA BANDUNG COBLONG SEKELOA 1;Jl. Sekeloa Utara No.29SekeloaCoblong, Sekeloa, Coblong, Bandung City, West Java 40134;Papua Pegunungan;Yahukimo;Mugi;T4 nama file;https://www.google.com/maps/place/SPPG+KOTA+BANDUNG+COBLONG+SEKELOA+1/data=!4m7!3m6!1s0x2e68e700013bdbf9:0x3f855144ae93e6d8!8m2!3d-6.8879366!4d107.6191222!16s%2Fg%2F11njmczx14!19sChIJ-ds7AQDnaC4R2OaTrkRRhT8?authuser=0&hl=id&g_ep=EgoyMDI2MDkxNi4wIJJjKgBIAVAD&rclk=1
5348;SPPG SUKAWENING CIWIDEY #004;Suka H. Nenon No.14, Sukawening, Ciwidey, Bandung Regency, West Java 40973;Papua Pegunungan;Yahukimo;Mugi;T4 nama file;https://www.google.com/maps/place/SPPG+SUKAWENING+CIWIDEY+%23004/data=!4m7!3m6!1s0x2e68f30054d1edfd:0x529bb998dc321133!8m2!3d-7.072!4d107.4657778!16s%2Fg%2F11z50nyp22!19sChIJ_e3RVADzaC4RMxEy3Ji5m1I?authuser=0&hl=id&g_ep=EgoyMDI2MDkxNi4wIJJjKgBIAVAD&rclk=1
5351;SPPG KOTA BANDUNG GEDEBAGE RANCABOLANG 1;Jalan Gedebage Selatan. 25 a, Kelurahan Rancabolang, Kecamatan Gedebage Kota Bandung, Provinsi Jawa Barat 3273, Rancabolang, Kec. Gedebage, Kota Bandung, Jawa Barat 40295;Papua Pegunungan;Yahukimo;Mugi;T4 nama file;https://www.google.com/maps/place/SPPG+KOTA+BANDUNG+GEDEBAGE+RANCABOLANG+1/data=!4m7!3m6!1s0x2e68c3ea6216fcd9:0x67aa17db7c0b08e1!8m2!3d-6.9611713!4d107.6865412!16s%2Fg%2F11njlp3cts!19sChIJ2fwWYurDaC4R4QgLfNsXqmc?authuser=0&hl=id&g_ep=EgoyMDI2MDkxNi4wIJJjKgBIAVAD&rclk=1
5354;SPPG PANYOCOKAN 2 YAYASAN AL JUMHURIYYAH IBNU AHMAD HIDAYAT;SPPG Panyocokan 2 Yayasan Al Jumhuriyyah Ibnu Ahmad Hidayat, Jl. Panyocokan, Panyocokan, Ciwidey, Bandung Regency, West Java 40973;Papua Pegunungan;Yahukimo;Mugi;T4 nama file;https://www.google.com/maps/place/SPPG+Panyocokan+2+Yayasan+Al+Jumhuriyyah+Ibnu+Ahmad+Hidayat/data=!4m7!3m6!1s0x2e68f300369e250b:0x4fee0d546b4ee588!8m2!3d-7.0917695!4d107.4637736!16s%2Fg%2F11mzqkjff2!19sChIJCyWeNgDzaC4RiOVOa1QN7k8?authuser=0&hl=id&g_ep=EgoyMDI2MDkxNi4wIJJjKgBIAVAD&rclk=1
5355;SPPG BANDUNG BOJONGSOANG TEGALLUAR 2;Komplek Pergudangan dan Industri Mega Jaya Tegalluar, Jl. Raya Sapan. 53 KM.2, Blok A-3, Tegalluar, Bojongsoang, Bandung Regency, West Java 40287;Papua Pegunungan;Yahukimo;Mugi;T4 nama file;https://www.google.com/maps/place/SPPG+Bandung+Bojongsoang+Tegalluar+2/data=!4m7!3m6!1s0x2e68c3002c5c293f:0x6c2062342bf8eecd!8m2!3d-6.9832896!4d107.6919207!16s%2Fg%2F11zdc_98gn!19sChIJPylcLADDaC4Rze74KzRiIGw?authuser=0&hl=id&g_ep=EgoyMDI2MDkxNi4wIJJjKgBIAVAD&rclk=1
5356;UBAHAK;Kabupaten Yahukimo, Papua Pegunungan;Papua Pegunungan;Yahukimo;Ubahak;T4 nama file;https://www.google.com/maps/place/Ubahak/data=!4m7!3m6!1s0x683faf3e609a5501:0x85ad4ffcf7ca6899!8m2!3d-4.26605!4d139.4872858!16s%2Fg%2F187cd715!19sChIJAVWaYD6vP2gRmWjK9_xPrYU?authuser=0&hl=id&g_ep=EgoyMDI2MDkxNi4wIJJjKgBIAVAD&rclk=1
5357;DISTRIK HEREAPINI;Kabupaten Yahukimo, Papua Pegunungan;Papua Pegunungan;Yahukimo;Hereapini;T4 nama file;https://www.google.com/maps/place/Distrik+Hereapini/data=!4m7!3m6!1s0x683fe6a51d06c359:0x863fbf92ba8ca163!8m2!3d-3.9459772!4d139.7524306!16s%2Fg%2F1216xcty!19sChIJWcMGHaXmP2gRY6GMupK_P4Y?authuser=0&hl=id&g_ep=EgoyMDI2MDkxNi4wIJJjKgBIAVAD&rclk=1
5358;KAMPUNG BAKO DISTRIK PULDAMA;Kampung Bako Distrik Puldama, Puldama, Distrik Puldama, Kabupaten Yahukimo, Papua Pegunungan 99578;Papua Pegunungan;Yahukimo;Puldama;T4 nama file;https://www.google.com/maps/place/Kampung+Bako+Distrik+Puldama/@-4.3218082,139.8616807,17z/data=!3m1!4b1!4m6!3m5!1s0x683f8500204aa31d:0xd6db4c39f5f55221!8m2!3d-4.3218082!4d139.8616807!16s%2Fg%2F11nbjsrjpt?hl=id&entry=ttu&g_ep=EgoyMDI2MDkxNi4wIKXMDSoASAFQAw%3D%3D
5359;ENDOMEN;Kabupaten Yahukimo, Papua Pegunungan;Papua Pegunungan;Yahukimo;Endomen;T4 nama file;https://www.google.com/maps/place/Endomen/data=!4m7!3m6!1s0x683f8e5fbccc6923:0xf45ec18e2a972587!8m2!3d-4.2124749!4d139.9161886!16s%2Fg%2F122h6nls!19sChIJI2nMvF-OP2gRhyWXKo7BXvQ?authuser=0&hl=id&g_ep=EgoyMDI2MDkxNi4wIJJjKgBIAVAD&rclk=1
5360;DISTRIK UBALIHI;Kabupaten Yahukimo, Papua Pegunungan;Papua Pegunungan;Yahukimo;Ubalihi;T4 nama file;https://www.google.com/maps/place/Distrik+Ubalihi/data=!4m7!3m6!1s0x683fc82c6d63242f:0x22243890f7546207!8m2!3d-4.044366!4d139.7933279!16s%2Fg%2F1225qdc0!19sChIJLyRjbSzIP2gRB2JU95A4JCI?authuser=0&hl=id&g_ep=EgoyMDI2MDkxNi4wIJJjKgBIAVAD&rclk=1
5361;TALAMBO;Kabupaten Yahukimo, Papua;Papua Pegunungan;Yahukimo;Talambo;T4 nama file;https://www.google.com/maps/place/Talambo/data=!4m7!3m6!1s0x681553a1f6525703:0xbd580bba1b5724c5!8m2!3d-3.8127706!4d139.9366899!16s%2Fg%2F1224z91n!19sChIJA1dS9qFTFWgRxSRXG7oLWL0?authuser=0&hl=id&g_ep=EgoyMDI2MDkxNi4wIJJjKgBIAVAD&rclk=1
5362;HOLUWON;Kabupaten Yahukimo, Papua Pegunungan;Papua Pegunungan;Yahukimo;Holuon;T4 nama file;https://www.google.com/maps/place/Holuwon/data=!4m7!3m6!1s0x683e546ee8dd6127:0x9a16551255ae68d7!8m2!3d-4.4281185!4d139.2638678!16s%2Fg%2F121g0z5n!19sChIJJ2Hd6G5UPmgR12iuVRJVFpo?authuser=0&hl=id&g_ep=EgoyMDI2MDkxNi4wIJJjKgBIAVAD&rclk=1
5363;LOLAT;Kabupaten Yahukimo, Papua Pegunungan;Papua Pegunungan;Yahukimo;Lolat;T4 nama file;https://www.google.com/maps/place/Lolat/data=!4m7!3m6!1s0x683f05b0cdd195bd:0x4999a2009f489076!8m2!3d-4.473778!4d139.4669396!16s%2Fg%2F1218c_2t!19sChIJvZXRzbAFP2gRdpBInwCimUk?authuser=0&hl=id&g_ep=EgoyMDI2MDkxNi4wIJJjKgBIAVAD&rclk=1
5364;DISTRIK KONA;Kabupaten Yahukimo, Papua Pegunungan;Papua Pegunungan;Yahukimo;Kona;T4 nama file;https://www.google.com/maps/place/Distrik+Kona/data=!4m7!3m6!1s0x683ff7623ff40f27:0xb694fadf5fc29073!8m2!3d-4.0195759!4d139.9161886!16s%2Fg%2F120qdqwz!19sChIJJw_0P2L3P2gRc5DCX9_6lLY?authuser=0&hl=id&g_ep=EgoyMDI2MDkxNi4wIJJjKgBIAVAD&rclk=1
5365;DISTRIK SELA;Kabupaten Yahukimo, Papua Pegunungan;Papua Pegunungan;Yahukimo;Sela;T4 nama file;https://www.google.com/maps/place/Distrik+Sela/data=!4m7!3m6!1s0x683f6f0e9bf7853f:0xcc7e122baea8c2fe!8m2!3d-4.5453889!4d139.8137871!16s%2Fg%2F120jxn2t!19sChIJP4X3mw5vP2gR_sKorisSfsw?authuser=0&hl=id&g_ep=EgoyMDI2MDkxNi4wIJJjKgBIAVAD&rclk=1
5366;SPPG MBG DISTRIK ALEMSOM;SPPG MBG DISTRIK ALEMSOM, Suntamon, Tapasik, Kabupaten Pegunungan Bintang, Papua Pegunungan 99573;Papua Pegunungan;Yahukimo;Suntamon;T4 nama file;https://www.google.com/maps/place/SPPG+MBG+DISTRIK+ALEMSOM/@-4.8136246,140.2198553,17z/data=!3m1!4b1!4m6!3m5!1s0x6840b100121c5459:0xbe36c8617d13cf70!8m2!3d-4.8136246!4d140.2198553!16s%2Fg%2F11nqfbtfzj?hl=id&entry=ttu&g_ep=EgoyMDI2MDkxNi4wIKXMDSoASAFQAw%3D%3D
5367;DISTRIK SERADALA;Kabupaten Yahukimo, Papua Pegunungan;Papua Pegunungan;Yahukimo;Seredela;T4 nama file;https://www.google.com/maps/place/Distrik+Seradala/data=!4m7!3m6!1s0x6838a9775b5cba87:0x509ed53dd2c94ad4!8m2!3d-5.0222492!4d139.9274723!16s%2Fg%2F122z314t!19sChIJh7pcW3epOGgR1ErJ0j3VnlA?authuser=0&hl=id&g_ep=EgoyMDI2MDkxNi4wIJJjKgBIAVAD&rclk=1
5369;KEC. HILIPUK;Kabupaten Yahukimo, Papua Pegunungan;Papua Pegunungan;Yahukimo;Hilipuk;T4 nama file;https://www.google.com/maps/place/Kec.+Hilipuk/data=!4m7!3m6!1s0x683f1fcb62fd8dcf:0x99a742344666b7be!8m2!3d-4.5724488!4d139.3754694!16s%2Fg%2F120r4vcz!19sChIJz439YssfP2gRvrdmRjRCp5k?authuser=0&hl=id&g_ep=EgoyMDI2MDkxNi4wIJJjKgBIAVAD&rclk=1
5370;DURAM;Kabupaten Yahukimo, Papua Pegunungan;Papua Pegunungan;Yahukimo;Duram;T4 nama file;https://www.google.com/maps/place/Duram/data=!4m7!3m6!1s0x683f104b00976ec5:0x564ae102ecbd7f10!8m2!3d-4.511476!4d139.5483671!16s%2Fg%2F120kn47c!19sChIJxW6XAEsQP2gREH-97ALhSlY?authuser=0&hl=id&g_ep=EgoyMDI2MDkxNi4wIJJjKgBIAVAD&rclk=1
5372;BENAWA;Kabupaten Yalimo, Papua;Papua Pegunungan;Yalimo;Benawa;T4 nama file;https://www.google.com/maps/place/Benawa/data=!4m7!3m6!1s0x6815695374b2df71:0xd6131a7bad4f76ca!8m2!3d-3.6675868!4d139.609512!16s%2Fg%2F121gprnm!19sChIJcd-ydFNpFWgRynZPrXsaE9Y?authuser=0&hl=id&g_ep=EgoyMDI2MDkxNi4wIJJjKgBIAVAD&rclk=1
5373;DISTRIK KOPAY;Kabupaten Asmat, Papua Selatan;Papua Selatan;Asmat;Kopay;T4 nama file;https://www.google.com/maps/place/Distrik+Kopay,+Kabupaten+Asmat,+Papua+Selatan/@-6.350443,138.6331879,12z/data=!3m1!4b1!4m6!3m5!1s0x6830d686a7cb9cdb:0x5df8c71ee5f607fd!8m2!3d-6.3403464!4d138.6589406!16s%2Fg%2F11hz36lr84?hl=id&entry=ttu&g_ep=EgoyMDI2MDkxNi4wIKXMDSoASAFQAw%3D%3D
5374;SATUAN PELAYANAN PEMENUHAN GIZI (SPPG);Satuan Pelayanan Pemenuhan Gizi (SPPG), Bis Agats, Distrik Agats, Kabupaten Asmat, Papua Selatan 99777;Papua Selatan;Asmat;Pantai Kasuari;T4 nama file;https://www.google.com/maps/place/Satuan+Pelayanan+Pemenuhan+Gizi+(SPPG)/@-5.5356355,138.1390865,17z/data=!3m1!4b1!4m6!3m5!1s0x683a5f000316c77f:0x6f239bfbe18b3fe8!8m2!3d-5.5356355!4d138.1390865!16s%2Fg%2F11z0nvbd45?hl=id&entry=ttu&g_ep=EgoyMDI2MDkxNi4wIKXMDSoASAFQAw%3D%3D
5375;DISTRIK DER KOUMUR;Kabupaten Asmat, Papua Selatan;Papua Selatan;Asmat;Der Koumur;T4 nama file;https://www.google.com/maps/place/Distrik+Der+Koumur/data=!4m7!3m6!1s0x683736b6b4714b69:0x22845df5d954f859!8m2!3d-5.9984344!4d138.8312335!16s%2Fg%2F11b779jz55!19sChIJaUtxtLY2N2gRWfhU2fVdhCI?authuser=0&hl=id&g_ep=EgoyMDI2MDkxNi4wIJJjKgBIAVAD&rclk=1
5376;SPPG SAHABAT MUTIARA HATI;Komp. Griya Bandung Asri No.3 Blok A 16No 7, Cipagalo, Bojongsoang, Bandung Regency, West Java 40287;Papua Selatan;Asmat;Fayit;T4 nama file;https://www.google.com/maps/place/SPPG+Sahabat+Mutiara+Hati/data=!4m7!3m6!1s0x2e68e90077a743d1:0x43f4060bc8118eea!8m2!3d-6.9743576!4d107.6576075!16s%2Fg%2F11xsq1yt2j!19sChIJ0UOndwDpaC4R6o4RyAsG9EM?authuser=0&hl=id&g_ep=EgoyMDI2MDkxNi4wIJJjKgBIAVAD&rclk=1
5381;DAPUR SPPG ASMAT BIS AGATS 2;DAPUR SPPG ASMAT BIS AGATS 2, Jl. Yapis, Bis Agats, Distrik Agats, Kabupaten Asmat, Papua Selatan 99777;Papua Selatan;Asmat;Atsy;T4 nama file;https://www.google.com/maps/place/DAPUR+SPPG+ASMAT+BIS+AGATS+2/data=!4m7!3m6!1s0x683a5f002948aad7:0xb8cb2ed17283f5bd!8m2!3d-5.5364836!4d138.1435681!16s%2Fg%2F11zb56940v!19sChIJ16pIKQBfOmgRvfWDctEuy7g?authuser=0&hl=id&g_ep=EgoyMDI2MDkxNi4wIJJjKgBIAVAD&rclk=1
5382;AMBAS CEM - SATUAN PELAYANAN PEMENUHAN GIZI (SPPG);Jl. Pemda No.19, Bis Agats, Distrik Agats, Kabupaten Asmat, Papua Selatan 99777;Papua Selatan;Asmat;Agats;T4 nama file;https://www.google.com/maps/place/Ambas+Cem+-+Satuan+Pelayanan+Pemenuhan+Gizi+%28SPPG%29/data=!4m7!3m6!1s0x683a5f000ef66515:0x6fede4e031f760bf!8m2!3d-5.539435!4d138.13859!16s%2Fg%2F11n42f7rqs!19sChIJFWX2DgBfOmgRv2D3MeDk7W8?authuser=0&hl=id&g_ep=EgoyMDI2MDkxNi4wIJJjKgBIAVAD&rclk=1
5383;SPPG BANDUNG PAMEUNGPEUK SUKASARI;SPPG Bandung Pameungpeuk Sukasari, Sukasari, Pameungpeuk, Bandung Regency, West Java 40376;Papua Selatan;Asmat;Suator;T4 nama file;https://www.google.com/maps/place/SPPG+Bandung+Pameungpeuk+Sukasari/data=!4m7!3m6!1s0x2e68eb00264da12f:0x4990c5d05f9e62e4!8m2!3d-7.0255863!4d107.5904599!16s%2Fg%2F11ypzlw4br!19sChIJL6FNJgDraC4R5GKeX9DFkEk?authuser=0&hl=id&g_ep=EgoyMDI2MDkxNi4wIJJjKgBIAVAD&rclk=1
5384;KABUPATEN ASMAT;Papua Selatan;Papua Selatan;Asmat;Koroway Buluanop;T4 nama file;https://www.google.com/maps/place/Kabupaten+Asmat/data=!4m7!3m6!1s0x683a2289b6bfe001:0xa1ca49320f426551!8m2!3d-5.0573958!4d138.3988186!16s%2Fm%2F02pycm4!19sChIJAeC_tokiOmgRUWVCDzJJyqE?authuser=0&hl=id&g_ep=EgoyMDI2MDkxNi4wIJJjKgBIAVAD&rclk=1
5385;SPPG KOTA BANDUNG SUKASARI ISOLA 1;Jl. Abadi III No.6, Gegerkalong, Kec. Sukasari, Kota Bandung, Jawa Barat 40153;Papua Selatan;Asmat;Pulau Tiga;T4 nama file;https://www.google.com/maps/place/SPPG+Kota+Bandung+Sukasari+Isola+1/data=!4m7!3m6!1s0x2e68e70061bd47e1:0xc9a0f5d3c75c397f!8m2!3d-6.8630218!4d107.5825659!16s%2Fg%2F11yy9wx853!19sChIJ4Ue9YQDnaC4Rfzlcx9P1oMk?authuser=0&hl=id&g_ep=EgoyMDI2MDkxNi4wIJJjKgBIAVAD&rclk=1
5386;PUSAT PEMERINTAHAN SPIG;Isola, Kec. Sukasari, Kota Bandung, Jawa Barat 40154;Papua Selatan;Asmat;Pulau Tiga;T4 nama file;https://www.google.com/maps/place/Pusat+Pemerintahan+SPIG/data=!4m7!3m6!1s0x2e68e7006f0b3967:0xa5fc680f619a4e35!8m2!3d-6.8611609!4d107.5876827!16s%2Fg%2F11ywzt0qn7!19sChIJZzkLbwDnaC4RNU6aYQ9o_KU?authuser=0&hl=id&g_ep=EgoyMDI2MDkxNi4wIJJjKgBIAVAD&rclk=1
5387;KAMPUNG SAWA;Kampung Sawa, Sona, Sawa Erma, Kabupaten Asmat, Papua Selatan 99779;Papua Selatan;Asmat;Sawa Erma;T4 nama file;https://www.google.com/maps/place/Kampung+Sawa/@-5.145546,138.220404,17z/data=!3m1!4b1!4m6!3m5!1s0x683ba500162c81f9:0x60b0fe0e15bdb140!8m2!3d-5.145546!4d138.220404!16s%2Fg%2F11nhh5xjg7?hl=id&entry=ttu&g_ep=EgoyMDI2MDkxNi4wIKXMDSoASAFQAw%3D%3D
5388;BIRIP;Sawa Erma, Kabupaten Asmat, Papua Selatan;Papua Selatan;Asmat;Tomor Birip;T4 nama file;https://www.google.com/maps/place/Birip/data=!4m7!3m6!1s0x683b3b1038b71615:0x3a507b81d9dd6a7b!8m2!3d-5.1114191!4d137.6652051!16s%2Fg%2F1hm3crbjr!19sChIJFRa3OBA7O2gRe2rd2YF7UDo?authuser=0&hl=id&g_ep=EgoyMDI2MDkxNi4wIJJjKgBIAVAD&rclk=1
5389;TOMOR;Suru-Suru, Kabupaten Asmat, Papua Selatan;Papua Selatan;Asmat;Tomor Birip;T4 nama file;https://www.google.com/maps/place/Tomor/data=!4m7!3m6!1s0x683be4bcdbfa80e1:0x3022baae1cfc2271!8m2!3d-4.9615189!4d138.6188423!16s%2Fg%2F120sd67f!19sChIJ4YD627zkO2gRcSL8HK66IjA?authuser=0&hl=id&g_ep=EgoyMDI2MDkxNi4wIJJjKgBIAVAD&rclk=1
5390;KOMOR;Distrik Unir Sirau, Kabupaten Asmat, Papua Selatan;Papua Selatan;Asmat;Tomor Birip;T4 nama file;https://www.google.com/maps/place/Komor/data=!4m7!3m6!1s0x683bb166ac5df49b:0xd898f9a902f52d60!8m2!3d-5.2269006!4d138.299098!16s%2Fg%2F12345rdz!19sChIJm_RdrGaxO2gRYC31Aqn5mNg?authuser=0&hl=id&g_ep=EgoyMDI2MDkxNi4wIJJjKgBIAVAD&rclk=1
5391;SPPG 3T DESA CISANGKAL;Sppg 3T Desa Cisangkal, Koba, Suru-Suru, Kabupaten Asmat, Papua Selatan 99779;Papua Selatan;Asmat;Suru-Suru;T4 nama file;https://www.google.com/maps/place/Sppg+3T+Desa+Cisangkal/@-4.852485,138.803384,17z/data=!3m1!4b1!4m6!3m5!1s0x683953004c1cd48b:0x89c0c88cf26977dd!8m2!3d-4.852485!4d138.803384!16s%2Fg%2F11yx9prhct?hl=id&entry=ttu&g_ep=EgoyMDI2MDkxNi4wIKXMDSoASAFQAw%3D%3D
5392;KAWAGIT;Kabupaten Boven Digoel, Papua Selatan;Papua Selatan;Boven Digoel;Kawagit;T4 nama file;https://www.google.com/maps/place/Kawagit/data=!4m7!3m6!1s0x68479182a866edcb:0x69ff4aae3e3b8ad2!8m2!3d-5.6294411!4d140.2244429!16s%2Fg%2F1218rwzf!19sChIJy-1mqIKRR2gR0oo7Pq5K_2k?authuser=0&hl=id&g_ep=EgoyMDI2MDkxNi4wIJJjKgBIAVAD&rclk=1
5394;WAROPKO;Kabupaten Boven Digoel, Papua Selatan;Papua Selatan;Boven Digoel;Waropko;T4 nama file;https://www.google.com/maps/place/Waropko/data=!4m7!3m6!1s0x684657833936ae55:0xae26c3d96468ea8c!8m2!3d-5.4810101!4d140.8872648!16s%2Fg%2F122njbhv!19sChIJVa42OYNXRmgRjOpoZNnDJq4?authuser=0&hl=id&g_ep=EgoyMDI2MDkxNi4wIJJjKgBIAVAD&rclk=1
5396;BANDAR UDARA BOMAKIA;Bandar Udara Bomakia, Bomakia II, Bomakia, Boven Digoel Regency, South Papua 99663;Papua Selatan;Boven Digoel;Bomakia;T4 nama file;https://www.google.com/maps/place/Bandar+Udara+Bomakia/@-5.8066667,139.8676667,17z/data=!3m1!4b1!4m6!3m5!1s0x68380fcf00de01b5:0xff81d6fb8e287ec!8m2!3d-5.8066667!4d139.8676667!16s%2Fg%2F11d_73g38b?hl=id&entry=ttu&g_ep=EgoyMDI2MDkxNi4wIKXMDSoASAFQAw%3D%3D
5397;KOMBUT;Kabupaten Boven Digoel, Papua Selatan;Papua Selatan;Boven Digoel;Kombut;T4 nama file;https://www.google.com/maps/place/Kombut/data=!4m7!3m6!1s0x68462f591762c139:0xd4979b856c10d48e!8m2!3d-5.8111842!4d140.8040271!16s%2Fg%2F1215pnv8!19sChIJOcFiF1kvRmgRjtQQbIWbl9Q?authuser=0&hl=id&g_ep=EgoyMDI2MDkxNi4wIJJjKgBIAVAD&rclk=1
5398;DISTRIK KOUH;Kabupaten Boven Digoel, Papua Selatan;Papua Selatan;Boven Digoel;Kouh;T4 nama file;https://www.google.com/maps/place/Distrik+Kouh/data=!4m7!3m6!1s0x6847ef829abd4d27:0x7a9ca82cdcdd2eb6!8m2!3d-5.8051734!4d140.2132761!16s%2Fg%2F120qd3hg!19sChIJJ029moLvR2gRti7d3CyonHo?authuser=0&hl=id&g_ep=EgoyMDI2MDkxNi4wIJJjKgBIAVAD&rclk=1
5399;ARIMOP;Kabupaten Boven Digoel, Papua Selatan;Papua Selatan;Boven Digoel;Arimop;T4 nama file;https://www.google.com/maps/place/Arimop/data=!4m7!3m6!1s0x6847b81ac73d15e1:0xf6e05b87dda2034d!8m2!3d-5.8140209!4d140.4308159!16s%2Fg%2F121_jbl3!19sChIJ4RU9xxq4R2gRTQOi3Ydb4PY?authuser=0&hl=id&g_ep=EgoyMDI2MDkxNi4wIJJjKgBIAVAD&rclk=1
5400;FIRIWAGE;Kabupaten Boven Digoel, Papua Selatan;Papua Selatan;Boven Digoel;Firiwage;T4 nama file;https://www.google.com/maps/place/Firiwage/data=!4m7!3m6!1s0x68477a20c60c4875:0x46c5d4072a44c619!8m2!3d-5.386511!4d140.1009527!16s%2Fg%2F120jxpkf!19sChIJdUgMxiB6R2gRGcZEKgfUxUY?authuser=0&hl=id&g_ep=EgoyMDI2MDkxNi4wIJJjKgBIAVAD&rclk=1
5401;YANIRUMA;Kabupaten Boven Digoel, Papua Selatan;Papua Selatan;Boven Digoel;Yaniruma;T4 nama file;https://www.google.com/maps/place/Yaniruma/data=!4m7!3m6!1s0x6838858d98efd4b1:0x9130b38cdf369076!8m2!3d-5.3309677!4d139.8137871!16s%2Fg%2F120r9gh0!19sChIJsdTvmI2FOGgRdpA234yzMJE?authuser=0&hl=id&g_ep=EgoyMDI2MDkxNi4wIJJjKgBIAVAD&rclk=1
5402;AMBATKWI;Kabupaten Boven Digoel, Papua Selatan;Papua Selatan;Boven Digoel;Ambatkwi;T4 nama file;https://www.google.com/maps/place/Ambatkwi/data=!4m7!3m6!1s0x6847023df74ac287:0x3a215afc7936b662!8m2!3d-5.3948021!4d140.6378804!16s%2Fg%2F12283z5g!19sChIJh8JK9z0CR2gRYrY2efxaITo?authuser=0&hl=id&g_ep=EgoyMDI2MDkxNi4wIJJjKgBIAVAD&rclk=1
5404;KEC. NINATI;Kabupaten Boven Digoel, Papua Selatan;Papua Selatan;Boven Digoel;Ninati;T4 nama file;https://www.google.com/maps/place/Kec.+Ninati/data=!4m7!3m6!1s0x68465b68913f7dab:0xda09b58114f50eda!8m2!3d-5.7014629!4d140.9080913!16s%2Fg%2F1224n6ll!19sChIJq30_kWhbRmgR2g71FIG1Cdo?authuser=0&hl=id&g_ep=EgoyMDI2MDkxNi4wIJJjKgBIAVAD&rclk=1
5405;KEC. SESNUK;Kabupaten Boven Digoel, Papua Selatan;Papua Selatan;Boven Digoel;Sesnuk;T4 nama file;https://www.google.com/maps/place/Kec.+Sesnuk/data=!4m7!3m6!1s0x684884e63342b179:0xd906902f3bfc1485!8m2!3d-6.2109657!4d140.7208989!16s%2Fg%2F1215ck6z!19sChIJebFCM-aESGgRhRT8Oy-QBtk?authuser=0&hl=id&g_ep=EgoyMDI2MDkxNi4wIJJjKgBIAVAD&rclk=1
5406;DISTRIK KI;Kabupaten Boven Digoel, Papua Selatan;Papua Selatan;Boven Digoel;Ki;T4 nama file;https://www.google.com/maps/place/Distrik+Ki/data=!4m7!3m6!1s0x68482d4d53fb7ad9:0x8bea030515bf2a34!8m2!3d-6.6873906!4d140.1930326!16s%2Fg%2F122t192b!19sChIJ2Xr7U00tSGgRNCq_FQUD6os?authuser=0&hl=id&g_ep=EgoyMDI2MDkxNi4wIJJjKgBIAVAD&rclk=1
5407;SEKRETARIAT PETTA PONGGAWAE RI BANDUNG (IKMB);Jl. Sariasih II No.15, Sarijadi, Kec. Sukasari, Kota Bandung, Jawa Barat 40151;Papua Selatan;Mappi;Citak-Mitak;T4 nama file;https://www.google.com/maps/place/Sekretariat+Petta+Ponggawae+Ri+Bandung+%28IKMB%29/data=!4m7!3m6!1s0x2e68e69c30d1a411:0x7317ae0a60cc83f7!8m2!3d-6.8737439!4d107.5777355!16s%2Fg%2F11bwkgmd7z!19sChIJEaTRMJzmaC4R94PMYAquF3M?authuser=0&hl=id&g_ep=EgoyMDI2MDkxNi4wIJJjKgBIAVAD&rclk=1
5409;KEC. MAMBIOMAN BAPAI;Kabupaten Mappi, Papua Selatan;Papua Selatan;Mappi;Mambioman Bapai;T4 nama file;https://www.google.com/maps/place/Kec.+Mambioman+Bapai/data=!4m7!3m6!1s0x6836bce40a0cc24d:0xfeb4274014cf6e8f!8m2!3d-6.7713033!4d139.1221414!16s%2Fg%2F120q__dr!19sChIJTcIMCuS8NmgRj27PFEAntP4?authuser=0&hl=id&g_ep=EgoyMDI2MDkxNi4wIJJjKgBIAVAD&rclk=1
5410;DISTRIK MINYAMUR;Kabupaten Mappi, Papua Selatan;Papua Selatan;Mappi;Minyamur;T4 nama file;https://www.google.com/maps/place/Distrik+Minyamur/data=!4m7!3m6!1s0x6836cf1b9370dd1d:0xaf9d6fba8ca5978b!8m2!3d-6.5749178!4d138.8397403!16s%2Fg%2F1233fb8_!19sChIJHd1wkxvPNmgRi5eljLpvna8?authuser=0&hl=id&g_ep=EgoyMDI2MDkxNi4wIJJjKgBIAVAD&rclk=1
5411;DISTRIK TI ZAIN;Kabupaten Mappi, Papua Selatan;Papua Selatan;Mappi;Ti Zain;T4 nama file;https://www.google.com/maps/place/Distrik+Ti+Zain/data=!4m7!3m6!1s0x683858df3ef55ea5:0xd1cf1b07f8359ef9!8m2!3d-5.4019657!4d139.7132729!16s%2Fg%2F11b77pyl44!19sChIJpV71Pt9YOGgR-Z41-Acbz9E?authuser=0&hl=id&g_ep=EgoyMDI2MDkxNi4wIJJjKgBIAVAD&rclk=1
5412;YAKOMI;Kabupaten Mappi, Papua Selatan;Papua Selatan;Mappi;Yakomi;T4 nama file;https://www.google.com/maps/place/Yakomi/data=!4m7!3m6!1s0x6835fabe02e6d329:0x53b07922dc974e00!8m2!3d-7.0968657!4d139.9777136!16s%2Fg%2F11lm15ssy7!19sChIJKdPmAr76NWgRAE6X3CJ5sFM?authuser=0&hl=id&g_ep=EgoyMDI2MDkxNi4wIJJjKgBIAVAD&rclk=1
5421;NGGUTI;Kabupaten Merauke, Papua Selatan;Papua Selatan;Merauke;Ngguti;T4 nama file;https://www.google.com/maps/place/Ngguti/data=!4m7!3m6!1s0x68350efbf169edb7:0x9d02c86a83a9645!8m2!3d-7.5043722!4d139.609512!16s%2Fg%2F121rjlzp!19sChIJt-1p8fsONWgRRZY6qIYs0Ak?authuser=0&hl=id&g_ep=EgoyMDI2MDkxNi4wIJJjKgBIAVAD&rclk=1
5422;PUSKESMAS NGGUTI;Puskesmas Ngguti, Po-Epe, Ngguti, Merauke Regency, South Papua 99654;Papua Selatan;Merauke;Ngguti;T4 nama file;https://www.google.com/maps/place/Puskesmas+Ngguti/data=!4m7!3m6!1s0x68356dbbbbee54d5:0xc2c601d211cadc21!8m2!3d-7.7496163!4d139.7456231!16s%2Fg%2F11c0xsc0f2!19sChIJ1VTuu7ttNWgRIdzKEdIBxsI?authuser=0&hl=id&g_ep=EgoyMDI2MDkxNi4wIJJjKgBIAVAD&rclk=1
5423;OKABA;Kabupaten Merauke, Papua Selatan;Papua Selatan;Merauke;Okaba;T4 nama file;https://www.google.com/maps/place/Okaba,+Kabupaten+Merauke,+Papua+Selatan/@-8.060313,139.5939525,10z/data=!3m1!4b1!4m6!3m5!1s0x683531412bcf7349:0x98ba0936a11957c9!8m2!3d-8.018265!4d139.5687416!16s%2Fg%2F1216lm54?hl=id&entry=ttu&g_ep=EgoyMDI2MDkxNi4wIKXMDSoASAFQAw%3D%3D
5424;SPAM TANAH MIRING;SPAM Tanah Miring, Hidup Baru, Tanah Miring, Kabupaten Merauke, Papua Selatan 99651;Papua Selatan;Merauke;Tanah Miring;T4 nama file;https://www.google.com/maps/place/SPAM+Tanah+Miring/data=!4m7!3m6!1s0x69b52fbb9ab8d2b7:0x7c72fe9d51ad2c37!8m2!3d-8.3274438!4d140.5499081!16s%2Fg%2F11pwt1ctsy!19sChIJt9K4mrsvtWkRNyytUZ3-cnw?authuser=0&hl=id&g_ep=EgoyMDI2MDkxNi4wIJJjKgBIAVAD&rclk=1
5425;SP 8. TANAH MIRING;SP 8. Tanah Miring, Waninggap Miraf, Tanah Miring, Kabupaten Merauke, Papua Selatan 99651;Papua Selatan;Merauke;Tanah Miring;T4 nama file;https://www.google.com/maps/place/SP+8.+Tanah+Miring/data=!4m7!3m6!1s0x69b53126569289a9:0x1930266adb38a33e!8m2!3d-8.3393441!4d140.4913089!16s%2Fg%2F11s7qzdxbl!19sChIJqYmSViYxtWkRPqM422omMBk?authuser=0&hl=id&g_ep=EgoyMDI2MDkxNi4wIJJjKgBIAVAD&rclk=1
5426;TANAH MIRING SP 5;Tanah miring sp 5, Waninggap Miraf, Tanah Miring, Kabupaten Merauke, Papua Selatan 99651;Papua Selatan;Merauke;Tanah Miring;T4 nama file;https://www.google.com/maps/place/Tanah+miring+sp+5/data=!4m7!3m6!1s0x69b53197f3b22435:0xc8cbc7cc9bc035e6!8m2!3d-8.3368408!4d140.489929!16s%2Fg%2F11svnhcdbv!19sChIJNSSy85cxtWkR5jXAm8zHy8g?authuser=0&hl=id&g_ep=EgoyMDI2MDkxNi4wIJJjKgBIAVAD&rclk=1
5427;KEC. JAGEBOB;Kabupaten Merauke, Papua Selatan;Papua Selatan;Merauke;Jagebob;T4 nama file;https://www.google.com/maps/place/Kec.+Jagebob/data=!4m7!3m6!1s0x684adf7aa8144f1b:0x80144929da721d4c!8m2!3d-7.9103659!4d140.7624493!16s%2Fg%2F121bwb7p!19sChIJG08UqHrfSmgRTB1y2ilJFIA?authuser=0&hl=id&g_ep=EgoyMDI2MDkxNi4wIJJjKgBIAVAD&rclk=1
5428;KIMAAM;Kabupaten Merauke, Papua Selatan;Papua Selatan;Merauke;Kimaam;T4 nama file;https://www.google.com/maps/place/Kimaam,+Kabupaten+Merauke,+Papua+Selatan/@-7.9581309,138.763322,10z/data=!3m1!4b1!4m6!3m5!1s0x6834abd5c1ea240f:0xf6b30073603f03ab!8m2!3d-7.9613539!4d138.7995122!16s%2Fg%2F120yrqhb?hl=id&entry=ttu&g_ep=EgoyMDI2MDkxNi4wIKXMDSoASAFQAw%3D%3D
5429;KEC. SEMANGGA;Kabupaten Merauke, Papua Selatan;Papua Selatan;Merauke;Semangga;T4 nama file;https://www.google.com/maps/place/Kec.+Semangga/data=!4m7!3m6!1s0x69b539ad59e66cbb:0x1d2de3cc7a912a37!8m2!3d-8.4364694!4d140.4446978!16s%2Fg%2F121m7l7q!19sChIJu2zmWa05tWkRNyqReszjLR0?authuser=0&hl=id&g_ep=EgoyMDI2MDkxNi4wIJJjKgBIAVAD&rclk=1
5430;SD INPRES SEMANGGA 1;SD Inpres Semangga 1, Semangga Jaya, Semangga, Merauke Regency, South Papua 99651;Papua Selatan;Merauke;Semangga;T4 nama file;https://www.google.com/maps/place/SD+Inpres+Semangga+1/data=!4m7!3m6!1s0x69b53bf72c63ed2f:0x7e25ef8e71a9ff1c!8m2!3d-8.4331847!4d140.4433585!16s%2Fg%2F11cjhzmfb_!19sChIJL-1jLPc7tWkRHP-pcY7vJX4?authuser=0&hl=id&g_ep=EgoyMDI2MDkxNi4wIJJjKgBIAVAD&rclk=1
5434;KEC. BOWOBADO;Kabupaten Deiyai, Papua Tengah;Papua Tengah;Deiyai;Bowobado;T4 nama file;https://www.google.com/maps/place/Kec.+Bowobado/data=!4m7!3m6!1s0x6823ce8210e5511d:0x52d6c40635f2f5da!8m2!3d-4.2893486!4d136.4664967!16s%2Fg%2F121p644d!19sChIJHVHlEILOI2gR2vXyNQbE1lI?authuser=0&hl=id&g_ep=EgoyMDI2MDkxNi4wIJJjKgBIAVAD&rclk=1
5437;SUKIKAI SEL.;Kabupaten Dogiyai, Papua Tengah;Papua Tengah;Dogiyai;Sukikai Selatan;T4 nama file;https://www.google.com/maps/place/Sukikai+Sel./data=!4m7!3m6!1s0x6820593f1de15ac7:0xdadd6877b6e8d104!8m2!3d-4.1123068!4d135.3369459!16s%2Fg%2F122yh7tl!19sChIJx1rhHT9ZIGgRBNHotndo3do?authuser=0&hl=id&g_ep=EgoyMDI2MDkxNi4wIJJjKgBIAVAD&rclk=1
5438;DISTRIK MAPIA BARAT;Kabupaten Dogiyai, Papua Tengah;Papua Tengah;Dogiyai;Mapia Barat;T4 nama file;https://www.google.com/maps/place/Distrik+Mapia+Barat/data=!4m7!3m6!1s0x6821a7da7dd0f13f:0x5153e9cb24245eec!8m2!3d-4.0494504!4d135.7394361!16s%2Fg%2F120lwhxd!19sChIJP_HQfdqnIWgR7F4kJMvpU1E?authuser=0&hl=id&g_ep=EgoyMDI2MDkxNi4wIJJjKgBIAVAD&rclk=1
5439;DISTRIK PIYAIYE;Kabupaten Dogiyai, Papua Tengah;Papua Tengah;Dogiyai;Piyaiye;T4 nama file;https://www.google.com/maps/place/Distrik+Piyaiye/data=!4m7!3m6!1s0x682045596e686341:0x25e090c15c6de855!8m2!3d-3.9610906!4d135.4826951!16s%2Fg%2F1236g_6y!19sChIJQWNobllFIGgRVehtXMGQ4CU?authuser=0&hl=id&g_ep=EgoyMDI2MDkxNi4wIJJjKgBIAVAD&rclk=1
5441;SD INPRES DIYEUGI;SD INPRES DIYEUGI, Diyeugi, Distrik Mapia Tengah, Kabupaten Dogiyai, Papua Tengah 98857;Papua Tengah;Dogiyai;Mapia Tengah;T4 nama file;https://www.google.com/maps/place/SD+INPRES+DIYEUGI/@-4.0509811,135.8426976,17z/data=!3m1!4b1!4m6!3m5!1s0x6821a3d1700a1ab3:0xe65df2ef45762c90!8m2!3d-4.0509811!4d135.8426976!16s%2Fg%2F11s3j_d560?hl=id&entry=ttu&g_ep=EgoyMDI2MDkxNi4wIKXMDSoASAFQAw%3D%3D
5442;SPPG QS3Y87HP - DETAUWO, YAGAI -;SPPG QS3Y87HP - DETAUWO, YAGAI -, Ayaigo / Kagupaida, Kebo, Kabupaten Paniai, Papua Tengah 98763;Papua Tengah;Dogiyai;Kamu Selatan;T4 nama file;https://www.google.com/maps/place/SPPG+QS3Y87HP+-+DETAUWO,+YAGAI+-/data=!4m7!3m6!1s0x68221b00402601c7:0x9776b40d9ad2b01d!8m2!3d-3.8462817!4d136.3528794!16s%2Fg%2F11xh6cpwtd!19sChIJxwEmQAAbImgRHbDSmg20dpc?authuser=0&hl=id&g_ep=EgoyMDI2MDkxNi4wIJJjKgBIAVAD&rclk=1
5443;KEC. KAMU TIM.;Kabupaten Dogiyai, Papua Tengah;Papua Tengah;Dogiyai;Kamu Timur;T4 nama file;https://www.google.com/maps/place/Kec.+Kamu+Tim./data=!4m7!3m6!1s0x6821891dbaa7708b:0xff38d94f16554efc!8m2!3d-4.011886!4d136.1550492!16s%2Fg%2F121f49k4!19sChIJi3Cnuh2JIWgR_E5VFk_ZOP8?authuser=0&hl=id&g_ep=EgoyMDI2MDkxNi4wIJJjKgBIAVAD&rclk=1
5446;DISTRIK WANDAI;Sabisa, Distrik Wandai, Kabupaten Intan Jaya, Papua Tengah;Papua Tengah;Intan Jaya;Wandai;T4 nama file;https://www.google.com/maps/place/Distrik+Wandai/data=!4m7!3m6!1s0x682270d2831f90b9:0xab4506f4a966e119!8m2!3d-3.729602!4d136.6512239!16s%2Fg%2F120phsp6!19sChIJuZAfg9JwImgRGeFmqfQGRas?authuser=0&hl=id&g_ep=EgoyMDI2MDkxNi4wIJJjKgBIAVAD&rclk=1
5447;KEC. SUGAPA;Kabupaten Intan Jaya, Papua Tengah;Papua Tengah;Intan Jaya;Sugapa;T4 nama file;https://www.google.com/maps/place/Kec.+Sugapa/data=!4m7!3m6!1s0x68229a2d3b9a92cb:0x484e91d781610f29!8m2!3d-3.7397323!4d137.0417997!16s%2Fg%2F122dktv1!19sChIJy5KaOy2aImgRKQ9hgdeRTkg?authuser=0&hl=id&g_ep=EgoyMDI2MDkxNi4wIJJjKgBIAVAD&rclk=1
5448;DISTRIK HITADIPA;Kabupaten Intan Jaya, Papua;Papua Tengah;Intan Jaya;Hitadipa;T4 nama file;https://www.google.com/maps/place/Distrik+Hitadipa/data=!4m7!3m6!1s0x68186718ca559393:0x57611dc1d848c3a3!8m2!3d-3.6054679!4d136.8640458!16s%2Fg%2F121_4rdj!19sChIJk5NVyhhnGGgRo8NI2MEdYVc?authuser=0&hl=id&g_ep=EgoyMDI2MDkxNi4wIJJjKgBIAVAD&rclk=1
5449;BIANDOGA;Kabupaten Intan Jaya, Papua;Papua Tengah;Intan Jaya;Biandoga;T4 nama file;https://www.google.com/maps/place/Biandoga/data=!4m7!3m6!1s0x6818e657d2c85255:0x1176a59af3ca718d!8m2!3d-3.3780867!4d136.5933382!16s%2Fg%2F121m85qz!19sChIJVVLI0lfmGGgRjXHK85qldhE?authuser=0&hl=id&g_ep=EgoyMDI2MDkxNi4wIJJjKgBIAVAD&rclk=1
5450;KAMPUNG DANGGOA;kampung Danggoa, Balamai, Distrik Agisiga, Kabupaten Intan Jaya, Papua Tengah 98971;Papua Tengah;Intan Jaya;Agisiga;T4 nama file;https://www.google.com/maps/place/kampung+Danggoa/@-3.7184052,137.0902968,17z/data=!3m1!4b1!4m6!3m5!1s0x68229f0022b1867b:0xaf54e4132fbaaaa!8m2!3d-3.7184052!4d137.0902968!16s%2Fg%2F11y5crsjsg?hl=id&entry=ttu&g_ep=EgoyMDI2MDkxNi4wIKXMDSoASAFQAw%3D%3D
5451;KABUPATEN INTAN JAYA;Papua;Papua Tengah;Intan Jaya;Tomosiga;T4 nama file;https://www.google.com/maps/place/Kabupaten+Intan+Jaya/data=!4m7!3m6!1s0x6818f38f5037b855:0x244b142fe55fd4ff!8m2!3d-3.5076422!4d136.7478493!16s%2Fm%2F05zwvv1!19sChIJVbg3UI_zGGgR_9Rf5S8USyQ?authuser=0&hl=id&g_ep=EgoyMDI2MDkxNi4wIJJjKgBIAVAD&rclk=1
5454;YPMAK;Koperapoka, Mimika Baru, Mimika Regency, Central Papua 99971;Papua Tengah;Mimika;Hoya;T4 nama file;https://www.google.com/maps/place/YPMAK/data=!4m7!3m6!1s0x682377471d596447:0x441fc11b161ac5a4!8m2!3d-4.5487841!4d136.8898553!16s%2Fg%2F11c3mr3xw8!19sChIJR2RZHUd3I2gRpMUaFhvBH0Q?authuser=0&hl=id&g_ep=EgoyMDI2MDkxNi4wIJJjKgBIAVAD&rclk=1
5457;SPPG MIMIKA BARU TIMIKA JAYA 2;SPPG Mimika Baru Timika Jaya 2, Jalan Celebes, Timika Jaya, Kec. W T. Sidenreng, Kabupaten Mimika, Papua Tengah;Papua Tengah;Mimika;Mimika Barat Tengah;T4 nama file;https://www.google.com/maps/place/SPPG+Mimika+Baru+Timika+Jaya+2/data=!4m7!3m6!1s0x2d95c900079f3b2f:0xf8ae996da2bb8874!8m2!3d-3.9283335!4d119.8636411!16s%2Fg%2F11zysgxzz0!19sChIJLzufBwDJlS0RdIi7om2Zrvg?authuser=0&hl=id&g_ep=EgoyMDI2MDkxNi4wIJJjKgBIAVAD&rclk=1
5460;SPPG MIMIKA WANIA MAWOKAUW JAYA;SPPG Mimika Wania Mawokauw Jaya, Jln. Poros Mapuru Jaya, Kwamki, Mimika Baru, Mimika Regency, Papua 99971;Papua Tengah;Mimika;Wania;T4 nama file;https://www.google.com/maps/place/SPPG+Mimika+Wania+Mawokauw+Jaya/data=!4m7!3m6!1s0x682377004ca9a0a1:0x85db0d3ae033b657!8m2!3d-4.546759!4d136.8837207!16s%2Fg%2F11zd8zpc46!19sChIJoaCpTAB3I2gRV7Yz4DoN24U?authuser=0&hl=id&g_ep=EgoyMDI2MDkxNi4wIJJjKgBIAVAD&rclk=1
5467;SPPG - CGC - NABIRE BARAT;SPPG - CGC - NABIRE BARAT, Kali Semen, Distrik Nabire Barat, Kabupaten Nabire, Papua Tengah 98856;Papua Tengah;Nabire;Nabire;T4 nama file;https://www.google.com/maps/place/SPPG+-+CGC+-+NABIRE+BARAT/data=!4m7!3m6!1s0x681f9b000a6fc803:0x5001a44b3109dc81!8m2!3d-3.4385732!4d135.4543116!16s%2Fg%2F11x73cv093!19sChIJA8hvCgCbH2gRgdwJMUukAVA?authuser=0&hl=id&g_ep=EgoyMDI2MDkxNi4wIJJjKgBIAVAD&rclk=1
5468;DAPUR SPPG DDI BUCEND;Dapur SPPG DDI Bucend, Jl. Pongtiku, Nabarua, Distrik Nabire, Kabupaten Nabire, Papua Tengah 98816;Papua Tengah;Nabire;Nabire;T4 nama file;https://www.google.com/maps/place/Dapur+SPPG+DDI+Bucend/data=!4m7!3m6!1s0x681fa30050c36b33:0xf7204e8a2e51f07d!8m2!3d-3.3557!4d135.5209178!16s%2Fg%2F11x6pj9j9j!19sChIJM2vDUACjH2gRffBRLopOIPc?authuser=0&hl=id&g_ep=EgoyMDI2MDkxNi4wIJJjKgBIAVAD&rclk=1
5469;SPPG -CGC - BMW / WONOREJO;SPPG -CGC - BMW / WONOREJO, Bumi Wonorejo, Distrik Nabire, Kabupaten Nabire, Papua Tengah 98818;Papua Tengah;Nabire;Nabire;T4 nama file;https://www.google.com/maps/place/SPPG+-CGC+-+BMW+%2F+WONOREJO/data=!4m7!3m6!1s0x681f990012bf9479:0x90a5574558512c68!8m2!3d-3.3867772!4d135.4963213!16s%2Fg%2F11x73d3my3!19sChIJeZS_EgCZH2gRaCxRWEVXpZA?authuser=0&hl=id&g_ep=EgoyMDI2MDkxNi4wIJJjKgBIAVAD&rclk=1
5470;DAPUR SPPG KALI SUSU / MASRIYANI YUSRI;Jl. Jakarta, Kali Susu, Distrik Nabire, Kabupaten Nabire, Papua Tengah 98811;Papua Tengah;Nabire;Nabire;T4 nama file;https://www.google.com/maps/place/DAPUR+SPPG+KALI+SUSU+%2F+MASRIYANI+YUSRI/data=!4m7!3m6!1s0x681fa30020f1fe35:0x10e7730e3a90ca5c!8m2!3d-3.3606164!4d135.5070833!16s%2Fg%2F11x939pl0q!19sChIJNf7xIACjH2gRXMqQOg5z5xA?authuser=0&hl=id&g_ep=EgoyMDI2MDkxNi4wIJJjKgBIAVAD&rclk=1
5471;SPPG SIRIWINI 02 DAPUR MAMA KITA;Sppg Siriwini 02 Dapur Mama kita, Jl. R.E. Martadinata, Siriwini, Distrik Nabire, Kabupaten Nabire, Papua Tengah 98816;Papua Tengah;Nabire;Nabire;T4 nama file;https://www.google.com/maps/place/Sppg+Siriwini+02+Dapur+Mama+kita/data=!4m7!3m6!1s0x681fa10002c8629b:0x8638b7074b65895f!8m2!3d-3.3397263!4d135.5343147!16s%2Fg%2F11nb9z11pt!19sChIJm2LIAgChH2gRX4llSwe3OIY?authuser=0&hl=id&g_ep=EgoyMDI2MDkxNi4wIJJjKgBIAVAD&rclk=1
5472;SPPG SIRIWINI 003;SPPG SIRIWINI 003, Jl. Yan Mamoribo, Siriwini, Distrik Nabire, Kabupaten Nabire, Papua Tengah 98816;Papua Tengah;Nabire;Nabire;T4 nama file;https://www.google.com/maps/place/SPPG+SIRIWINI+003/data=!4m7!3m6!1s0x681fa3007a439cab:0x403ca6d614dc0e75!8m2!3d-3.3385256!4d135.5217537!16s%2Fg%2F11mszvy5t1!19sChIJq5xDegCjH2gRdQ7cFNamPEA?authuser=0&hl=id&g_ep=EgoyMDI2MDkxNi4wIJJjKgBIAVAD&rclk=1
5473;SPPG - CGC - NABAR 2;SPPG - CGC - NABAR 2, Wadio, Distrik Nabire Barat, Kabupaten Nabire, Papua Tengah 98856;Papua Tengah;Nabire;Nabire;T4 nama file;https://www.google.com/maps/place/SPPG+-+CGC+-+NABAR+2/data=!4m7!3m6!1s0x681f990050882f81:0x9836473f1fb8b165!8m2!3d-3.4217406!4d135.4664026!16s%2Fg%2F11mdb41wvq!19sChIJgS-IUACZH2gRZbG4Hz9HNpg?authuser=0&hl=id&g_ep=EgoyMDI2MDkxNi4wIJJjKgBIAVAD&rclk=1
5474;SPPG GERBANG SADU;SPPG GERBANG SADU, Gerbang Sadu, Distrik Nabire Barat, Kabupaten Nabire, Papua Tengah 98813;Papua Tengah;Nabire;Nabire;T4 nama file;https://www.google.com/maps/place/SPPG+GERBANG+SADU/data=!4m7!3m6!1s0x681f99003e81862b:0xec6df98005e03b7!8m2!3d-3.4104623!4d135.4937534!16s%2Fg%2F11zbmv8sx4!19sChIJK4aBPgCZH2gRtwNeAJjfxg4?authuser=0&hl=id&g_ep=EgoyMDI2MDkxNi4wIJJjKgBIAVAD&rclk=1
5475;SPPG TELUK KIMI LANI;Jl. Poros Samabusa, Lani, Distrik Tlk. Kimi, Kabupaten Nabire, Papua 98852;Papua Tengah;Nabire;Nabire;T4 nama file;https://www.google.com/maps/place/SPPG+TELUK+KIMI+LANI/data=!4m7!3m6!1s0x681fa7685c843705:0x28274c0b997eaf04!8m2!3d-3.298546!4d135.567487!16s%2Fg%2F11zdbvwvvb!19sChIJBTeEXGinH2gRBK9-mQtMJyg?authuser=0&hl=id&g_ep=EgoyMDI2MDkxNi4wIJJjKgBIAVAD&rclk=1
5476;SPPG NABIRE GIRIMULYO;SPPG NABIRE GIRIMULYO, Girimulyo, Distrik Nabire, Kabupaten Nabire, Papua 98811;Papua Tengah;Nabire;Nabire;T4 nama file;https://www.google.com/maps/place/SPPG+NABIRE+GIRIMULYO/data=!4m7!3m6!1s0x681f990068f25661:0x31966437a00cf5cf!8m2!3d-3.3835738!4d135.5100966!16s%2Fg%2F11zb570_qx!19sChIJYVbyaACZH2gRz_UMoDdkljE?authuser=0&hl=id&g_ep=EgoyMDI2MDkxNi4wIJJjKgBIAVAD&rclk=1
5477;SPPG SPPG WADIO, NABIRE BARAT;SPPG SPPG WADIO, NABIRE BARAT, Wadio, Distrik Nabire Barat, Kabupaten Nabire, Papua Tengah 98856;Papua Tengah;Nabire;Nabire;T4 nama file;https://www.google.com/maps/place/SPPG+SPPG+WADIO,+NABIRE+BARAT/data=!4m7!3m6!1s0x681f990005b494d5:0x59d062cf1d32116b!8m2!3d-3.4217115!4d135.4663771!16s%2Fg%2F11xl3ttzhl!19sChIJ1ZS0BQCZH2gRaxEyHc9i0Fk?authuser=0&hl=id&g_ep=EgoyMDI2MDkxNi4wIJJjKgBIAVAD&rclk=1
5479;SPPG YAYASAN EMBUNG PAGI PIYAIYE (YEPP) KALIBOBO;SPPG Yayasan Embung Pagi Piyaiye (YEPP) Kalibobo, Kalibobo, Distrik Nabire, Kabupaten Nabire, Papua Tengah 98818;Papua Tengah;Nabire;Nabire;T4 nama file;https://www.google.com/maps/place/SPPG+Yayasan+Embung+Pagi+Piyaiye+%28YEPP%29+Kalibobo/data=!4m7!3m6!1s0x681f99007a333cc5:0xfed421202d011afc!8m2!3d-3.3760462!4d135.4693956!16s%2Fg%2F11yzf18j29!19sChIJxTwzegCZH2gR_BoBLSAh1P4?authuser=0&hl=id&g_ep=EgoyMDI2MDkxNi4wIJJjKgBIAVAD&rclk=1
5480;SPPG YAYASAN EMBUNG PAGI PIYAIYE TELUK KIMI;SPPG Yayasan Embung Pagi Piyaiye Teluk Kimi, Kimi, Distrik Tlk. Kimi, Kabupaten Nabire, Papua Tengah 98817;Papua Tengah;Nabire;Nabire;T4 nama file;https://www.google.com/maps/place/SPPG+Yayasan+Embung+Pagi+Piyaiye+Teluk+Kimi/data=!4m7!3m6!1s0x681fa70068006de1:0xcc92d1ebc7d9e5d1!8m2!3d-3.2834381!4d135.5774253!16s%2Fg%2F11n3qx_kn5!19sChIJ4W0AaACnH2gR0eXZx-vRksw?authuser=0&hl=id&g_ep=EgoyMDI2MDkxNi4wIJJjKgBIAVAD&rclk=1
5481;NAPAN;Kabupaten Nabire, Papua Tengah;Papua Tengah;Nabire;Napan;T4 nama file;https://www.google.com/maps/place/Napan,+Kabupaten+Nabire,+Papua+Tengah/@-3.013235,135.8784921,11z/data=!3m1!4b1!4m6!3m5!1s0x681ee84ce8bfce11:0xc24183e301e9234e!8m2!3d-3.0192387!4d136.018188!16s%2Fg%2F121g1wf0?hl=id&entry=ttu&g_ep=EgoyMDI2MDkxNi4wIKXMDSoASAFQAw%3D%3D
5486;SIRIWO;Kabupaten Nabire, Papua Tengah;Papua Tengah;Nabire;Siriwo;T4 nama file;https://www.google.com/maps/place/Siriwo/data=!4m7!3m6!1s0x681f3647a3a08bb5:0x6470f4464b253b1b!8m2!3d-3.3800854!4d136.0944845!16s%2Fg%2F121hfhyh!19sChIJtYugo0c2H2gRGzslS0b0cGQ?authuser=0&hl=id&g_ep=EgoyMDI2MDkxNi4wIJJjKgBIAVAD&rclk=1
5487;SPPG - CGC- MAKIMI;SPPG - CGC- MAKIMI, Jl. Perkutut, Legari Jaya, Makimi, Kabupaten Nabire, Papua Tengah 98861;Papua Tengah;Nabire;Makimi;T4 nama file;https://www.google.com/maps/place/SPPG+-+CGC-+MAKIMI/data=!4m7!3m6!1s0x681f0300783eb3af:0x7d5720880f8b3192!8m2!3d-3.1698176!4d135.7446657!16s%2Fg%2F11xcflnhw_!19sChIJr7M-eAADH2gRkjGLD4ggV30?authuser=0&hl=id&g_ep=EgoyMDI2MDkxNi4wIJJjKgBIAVAD&rclk=1
5488;SPPG SPPG SAMABUSA, TELUK KIMI #002;SPPG SPPG SAMABUSA, TELUK KIMI 002, Air Mandidi, Distrik Tlk. Kimi, Kabupaten Nabire, Papua Tengah 98818;Papua Tengah;Nabire;Teluk Kimi;T4 nama file;https://www.google.com/maps/place/SPPG+SPPG+SAMABUSA,+TELUK+KIMI+%23002/data=!4m7!3m6!1s0x681fa9006fd983db:0xb29338398c16ce2!8m2!3d-3.2308659!4d135.5894141!16s%2Fg%2F11xl43jbcy!19sChIJ24PZbwCpH2gR4mzBmIMzKQs?authuser=0&hl=id&g_ep=EgoyMDI2MDkxNi4wIJJjKgBIAVAD&rclk=1
5489;SPPG -CGC- TELUK KIMI;SPPG -CGC- TELUK KIMI, Kimi, Distrik Tlk. Kimi, Kabupaten Nabire, Papua Tengah 98817;Papua Tengah;Nabire;Teluk Kimi;T4 nama file;https://www.google.com/maps/place/SPPG+-CGC-+TELUK+KIMI/data=!4m7!3m6!1s0x681fa700398707c3:0x8948950137ed7479!8m2!3d-3.2815628!4d135.5804528!16s%2Fg%2F11mdb41qzp!19sChIJwweHOQCnH2gReXTtNwGVSIk?authuser=0&hl=id&g_ep=EgoyMDI2MDkxNi4wIJJjKgBIAVAD&rclk=1
5490;SPPG SPPG KIMI, TELUK KIMI #001;SPPG SPPG KIMI, TELUK KIMI 001, Kimi, Distrik Tlk. Kimi, Kabupaten Nabire, Papua Tengah 98817;Papua Tengah;Nabire;Teluk Kimi;T4 nama file;https://www.google.com/maps/place/SPPG+SPPG+KIMI,+TELUK+KIMI+%23001/data=!4m7!3m6!1s0x681fa7004e9940ab:0xb451f5cf0137c4dc!8m2!3d-3.2815621!4d135.5804498!16s%2Fg%2F11yfmz8wv0!19sChIJq0CZTgCnH2gR3MQ3Ac_1UbQ?authuser=0&hl=id&g_ep=EgoyMDI2MDkxNi4wIJJjKgBIAVAD&rclk=1
5492;SPPG 3T YAYASAN EMBUNG PAGI PIYAIYE DIPA;SPPG 3T Yayasan Embung Pagi Piyaiye Dipa, Ogiyai / Waisai, Distrik Menou, Kabupaten Nabire, Papua Tengah 98853;Papua Tengah;Nabire;Dipa;T4 nama file;https://www.google.com/maps/place/SPPG+3T+Yayasan+Embung+Pagi+Piyaiye+Dipa/data=!4m7!3m6!1s0x681f630002afd0f7:0xba4e9aa22258c286!8m2!3d-3.5829737!4d135.7859138!16s%2Fg%2F11yykhljc1!19sChIJ99CvAgBjH2gRhsJYIqKaTro?authuser=0&hl=id&g_ep=EgoyMDI2MDkxNi4wIJJjKgBIAVAD&rclk=1
5493;SPPG 3T YAYASAN EMBUNG PAGI PIYAIYE MENOU;SPPG 3T Yayasan Embung Pagi Piyaiye Menou, Kunupi / Obaipoto, Distrik Menou, Kabupaten Nabire, Papua Tengah 98853;Papua Tengah;Nabire;Dipa;T4 nama file;https://www.google.com/maps/place/SPPG+3T+Yayasan+Embung+Pagi+Piyaiye+Menou/data=!4m7!3m6!1s0x681f8100425a0701:0xa432f360a44bf046!8m2!3d-3.5692856!4d135.5705825!16s%2Fg%2F11yykk3f0v!19sChIJAQdaQgCBH2gRRvBLpGDzMqQ?authuser=0&hl=id&g_ep=EgoyMDI2MDkxNi4wIJJjKgBIAVAD&rclk=1
5494;DIPA;Kabupaten Nabire, Papua Tengah;Papua Tengah;Nabire;Dipa;T4 nama file;https://www.google.com/maps/place/Dipa/data=!4m7!3m6!1s0x6821d2423b77a34b:0x2b03942a11f71919!8m2!3d-3.7166521!4d135.7142063!16s%2Fg%2F120t49p4!19sChIJS6N3O0LSIWgRGRn3ESqUAys?authuser=0&hl=id&g_ep=EgoyMDI2MDkxNi4wIJJjKgBIAVAD&rclk=1
5495;SPPG 3T YAYASAN EMBUNG PAGI PIYAIYE SIRIWO;SPPG 3T Yayasan Embung Pagi Piyaiye Siriwo, Yegeugi, Distrik Menou, Kabupaten Nabire, Papua Tengah 98853;Papua Tengah;Nabire;Dipa;T4 nama file;https://www.google.com/maps/place/SPPG+3T+Yayasan+Embung+Pagi+Piyaiye+Siriwo/data=!4m7!3m6!1s0x681f670055e904f7:0x8e72c7023b29376e!8m2!3d-3.5220315!4d135.8441062!16s%2Fg%2F11n3rg7_dw!19sChIJ9wTpVQBnH2gRbjcpOwLHco4?authuser=0&hl=id&g_ep=EgoyMDI2MDkxNi4wIJJjKgBIAVAD&rclk=1
5496;DISTRIK BIBIDA;Kabupaten Paniai, Papua Tengah;Papua Tengah;Paniai;Bibida;T4 nama file;https://www.google.com/maps/place/Distrik+Bibida/data=!4m7!3m6!1s0x68225c14b15a0af3:0x68f0cd48ece1ec83!8m2!3d-3.9506844!4d136.7671967!16s%2Fg%2F122y07hj!19sChIJ8wpasRRcImgRg-zh7EjN8Gg?authuser=0&hl=id&g_ep=EgoyMDI2MDkxNi4wIJJjKgBIAVAD&rclk=1
5497;KABUPATEN PANIAI;Papua Tengah;Papua Tengah;Paniai;Pugo Dagi;T4 nama file;https://www.google.com/maps/place/Kabupaten+Paniai/data=!4m7!3m6!1s0x682273c31e57b445:0x3064ea6668f0518f!8m2!3d-3.7876441!4d136.3624686!16s%2Fm%2F063yb2j!19sChIJRbRXHsNzImgRj1HwaGbqZDA?authuser=0&hl=id&g_ep=EgoyMDI2MDkxNi4wIJJjKgBIAVAD&rclk=1
5499;SPPG NANGGELENG I;SPPG Nanggeleng I, Kp. Cinangsi, RT./RW/RW.04/07, Nanggeleng, Kecamaten Cipeundeuy, Kabupaten Bandung Barat, Jawa Barat 40558;Papua Tengah;Paniai;Siriwo;T4 nama file;https://www.google.com/maps/place/SPPG+Nanggeleng+I/data=!4m7!3m6!1s0x2e6901002fec76ab:0x9db4d951d42f09a5!8m2!3d-6.7638729!4d107.3655073!16s%2Fg%2F11nr3dfxds!19sChIJq3bsLwABaS4RpQkv1FHZtJ0?authuser=0&hl=id&g_ep=EgoyMDI2MDkxNi4wIJJjKgBIAVAD&rclk=1
5500;SPPG CINTAKARYA SINDANGKERTA;SPPG CINTAKARYA SINDANGKERTA, Kp Ciburuy Kulon, RT.002/RW.003, Cintakarya, Sindangkerta, West Bandung Regency, West Java 40563;Papua Tengah;Paniai;Siriwo;T4 nama file;https://www.google.com/maps/place/SPPG+CINTAKARYA+SINDANGKERTA/data=!4m7!3m6!1s0x2e68f100397d5fb9:0xdf6c15a0a1f7c930!8m2!3d-6.9946176!4d107.3979684!16s%2Fg%2F11ypjl2c7f!19sChIJuV99OQDxaC4RMMn3oaAVbN8?authuser=0&hl=id&g_ep=EgoyMDI2MDkxNi4wIJJjKgBIAVAD&rclk=1
5502;KORAMIL ARADIDE;Koramil Aradide, Abatadi, Aradide, Paniai Regency, Central Papua 98766;Papua Tengah;Paniai;Aradide;T4 nama file;https://www.google.com/maps/place/Koramil+Aradide/@-3.8120494,136.4796338,17z/data=!3m1!4b1!4m6!3m5!1s0x6822138d6cbf64f1:0x3acd917dc994739!8m2!3d-3.8120494!4d136.4796338!16s%2Fg%2F11l27ry4zl?hl=id&entry=ttu&g_ep=EgoyMDI2MDkxNi4wIKXMDSoASAFQAw%3D%3D
5503;DISTRIK EKADIDE;Kabupaten Paniai, Papua Tengah;Papua Tengah;Paniai;Ekadide;T4 nama file;https://www.google.com/maps/place/Distrik+Ekadide/data=!4m7!3m6!1s0x68226c50685a0647:0xc23c78e2444421f8!8m2!3d-3.8660649!4d136.4605516!16s%2Fg%2F1hm4f9w90!19sChIJRwZaaFBsImgR-CFEROJ4PMI?authuser=0&hl=id&g_ep=EgoyMDI2MDkxNi4wIJJjKgBIAVAD&rclk=1
5505;DUMADAMA;Kabupaten Paniai, Papua Tengah;Papua Tengah;Paniai;Dumadama;T4 nama file;https://www.google.com/maps/place/Dumadama/data=!4m7!3m6!1s0x6822f19f1f6b4079:0xe4288916e8a692ed!8m2!3d-4.0055476!4d136.9028375!16s%2Fg%2F1hm64k439!19sChIJeUBrH5_xImgR7ZKm6BaJKOQ?authuser=0&hl=id&g_ep=EgoyMDI2MDkxNi4wIJJjKgBIAVAD&rclk=1
5506;DOGOMO;Dumadama, Kabupaten Paniai, Papua Tengah;Papua Tengah;Paniai;Dogomo;T4 nama file;https://www.google.com/maps/place/Dogomo/data=!4m7!3m6!1s0x6822edbd478f56cd:0xdfe050000e65a34a!8m2!3d-3.9823352!4d137.0193913!16s%2Fg%2F1hm5f61qn!19sChIJzVaPR73tImgRSqNlDgBQ4N8?authuser=0&hl=id&g_ep=EgoyMDI2MDkxNi4wIJJjKgBIAVAD&rclk=1
5507;KANTOR DINAS PERTANIAN DAN PERKEBUNAN;Jalan Pemda No.05, Kimak, Ilaga, Kabupaten Puncak, Papua Tengah 98972;Papua Tengah;Puncak;Ilaga;T4 nama file;https://www.google.com/maps/place/Kantor+Dinas+Pertanian+Dan+Perkebunan/data=!4m7!3m6!1s0x683d47a6fb1b5777:0x40b56c183504432c!8m2!3d-3.9705878!4d137.642803!16s%2Fg%2F11c0t9zsfg!19sChIJd1cb-6ZHPWgRLEMENRhstUA?authuser=0&hl=id&g_ep=EgoyMDI2MDkxNi4wIJJjKgBIAVAD&rclk=1
5508;SPPG WANGUNJAYA YAYASAN GENERASI PELAJAR INDONESIA;SPPG Wangunjaya Yayasan Generasi Pelajar Indonesia, Wangunjaya, Naringgul, Cianjur Regency, West Java 43274;Papua Tengah;Puncak;Ilaga;T4 nama file;https://www.google.com/maps/place/SPPG+Wangunjaya+Yayasan+Generasi+Pelajar+Indonesia/data=!4m7!3m6!1s0x2e6881005d7d9dc3:0x8e4ca31fcaa26b3b!8m2!3d-7.4277875!4d107.3341406!16s%2Fg%2F11m_653ts8!19sChIJw519XQCBaC4RO2uiyh-jTI4?authuser=0&hl=id&g_ep=EgoyMDI2MDkxNi4wIJJjKgBIAVAD&rclk=1
5510;DISTRIK ILAGA;Distrik ilaga, Bandara Udara Ilaga, Pingel, Ilaga, Kabupaten Puncak, Papua Tengah 98972;Papua Tengah;Puncak;Ilaga;T4 nama file;https://www.google.com/maps/place/Distrik+ilaga/data=!4m7!3m6!1s0x683d470a1663d1e5:0xc88b8fc636b83469!8m2!3d-3.976428!4d137.620975!16s%2Fg%2F11mbq7tshj!19sChIJ5dFjFgpHPWgRaTS4NsaPi8g?authuser=0&hl=id&g_ep=EgoyMDI2MDkxNi4wIJJjKgBIAVAD&rclk=1
5512;BANDARA UDARA ILAGA;Bandara Udara Ilaga, Jalan Raya Bandara, Pingel, Ilaga, Kabupaten Puncak, Papua Tengah 98972;Papua Tengah;Puncak;Ilaga;T4 nama file;https://www.google.com/maps/place/Bandara+Udara+Ilaga/data=!4m7!3m6!1s0x683d47eba914b3f5:0xf1bb173db8828aa5!8m2!3d-3.9771067!4d137.6231451!16s%2Fg%2F11h9zq_62j!19sChIJ9bMUqetHPWgRpYqCuD0Xu_E?authuser=0&hl=id&g_ep=EgoyMDI2MDkxNi4wIJJjKgBIAVAD&rclk=1
5519;SPPG SUKABUMI GUNUNGGURUH KEBONMANGGU;Jl. Pelabuhan II, Kp, Jl. Cikaret No.Km 10, RT.002/RW.014, Kebonmanggu, Gunung Guruh, Sukabumi Regency, West Java 43156;Papua Tengah;Puncak;Doufo;T4 nama file;https://www.google.com/maps/place/SPPG+SUKABUMI+GUNUNGGURUH+KEBONMANGGU/data=!4m7!3m6!1s0x2e6839001bd410db:0xfe5a0205de34df8a!8m2!3d-6.9735229!4d106.8651559!16s%2Fg%2F11zb9z2y2f!19sChIJ2xDUGwA5aC4Rit803gUCWv4?authuser=0&hl=id&g_ep=EgoyMDI2MDkxNi4wIJJjKgBIAVAD&rclk=1
5526;DISTRIK WANGBE;Kabupaten Puncak, Papua Tengah;Papua Tengah;Puncak;Wangbe;T4 nama file;https://www.google.com/maps/place/Distrik+Wangbe/data=!4m7!3m6!1s0x6822b2da13aebebb:0x12ea4e6cc52149ae!8m2!3d-3.8671497!4d137.475605!16s%2Fg%2F120l7qk9!19sChIJu76uE9qyImgRrkkhxWxO6hI?authuser=0&hl=id&g_ep=EgoyMDI2MDkxNi4wIJJjKgBIAVAD&rclk=1
5527;BEOGA;Kabupaten Puncak, Papua Tengah;Papua Tengah;Puncak;Beoga;T4 nama file;https://www.google.com/maps/place/Beoga/data=!4m7!3m6!1s0x6822afc435b0f2e7:0x5a6bbe39a2fafb09!8m2!3d-3.8205622!4d137.426146!16s%2Fg%2F121g7bcr!19sChIJ5_KwNcSvImgRCfv6ojm-a1o?authuser=0&hl=id&g_ep=EgoyMDI2MDkxNi4wIJJjKgBIAVAD&rclk=1
5533;PUSKESMAS SINAK, KAB.PUNCAK;Puskesmas Sinak, Kab.Puncak, Gigobak / Gogobak, Sinak, Puncak Regency, Central Papua 98973;Papua Tengah;Puncak;Sinak;T4 nama file;https://www.google.com/maps/place/Puskesmas+Sinak,+Kab.Puncak/data=!4m7!3m6!1s0x683d63ad41fb20c7:0x4f6401165312bf80!8m2!3d-3.8092322!4d137.8471647!16s%2Fg%2F11j7drzbz1!19sChIJxyD7Qa1jPWgRgL8SUxYBZE8?authuser=0&hl=id&g_ep=EgoyMDI2MDkxNi4wIJJjKgBIAVAD&rclk=1
5541;SPPG AWI PUNCAK CIBODAS PASIRJAMBU;Jl. Balong No.8, Awipuncak, Cibodas, Pasirjambu, Bandung Regency, West Java 40972;Papua Tengah;Puncak;Mabugi;T4 nama file;https://www.google.com/maps/place/SPPG+Awi+Puncak+Cibodas+Pasirjambu/data=!4m7!3m6!1s0x2e68ed6f2763b3b3:0xce9a826b4691578a!8m2!3d-7.0934585!4d107.5053943!16s%2Fg%2F11mky2t2nr!19sChIJs7NjJ2_taC4RileRRmuCms4?authuser=0&hl=id&g_ep=EgoyMDI2MDkxNi4wIJJjKgBIAVAD&rclk=1
5544;SPPG AGATHA WARINGINSARI;SPPG AGATHA WARINGINSARI, Kp. Cimanggu, RT.001/RW.005, Waringinsari, Takokak, Cianjur Regency, West Java 43265;Papua Tengah;Puncak;Erelmakawia;T4 nama file;https://www.google.com/maps/place/SPPG+AGATHA+WARINGINSARI/data=!4m7!3m6!1s0x2e686b0077667219:0xd06a1d48923be90e!8m2!3d-7.1914848!4d106.9820708!16s%2Fg%2F11n3n2klvl!19sChIJGXJmdwBraC4RDuk7kkgdatA?authuser=0&hl=id&g_ep=EgoyMDI2MDkxNi4wIJJjKgBIAVAD&rclk=1
5547;KODIM 1714 PUNCAK JAYA;Kodim 1714 Puncak Jaya, Pruleme, Distrik Mulia, Kabupaten Puncak Jaya, Papua Tengah 98973;Papua Tengah;Puncak Jaya;Mulia;T4 nama file;https://www.google.com/maps/place/Kodim+1714+Puncak+Jaya/data=!4m7!3m6!1s0x6817d73c9c637a4d:0x6fa3adf262d4dbd9!8m2!3d-3.7101961!4d137.9778393!16s%2Fg%2F11h71n7bg8!19sChIJTXpjnDzXF2gR2dvUYvKto28?authuser=0&hl=id&g_ep=EgoyMDI2MDkxNi4wIJJjKgBIAVAD&rclk=1
5548;DISTRIK PAGALEME;Distrik Pagaleme, Pagaleme, Distrik Mulia, Kabupaten Puncak Jaya, Papua Tengah 98975;Papua Tengah;Puncak Jaya;Mulia;T4 nama file;https://www.google.com/maps/place/Distrik+Pagaleme/data=!4m7!3m6!1s0x6817d71808e3d157:0xbbf46ffa73da504c!8m2!3d-3.7116398!4d137.9842801!16s%2Fg%2F11t77jwj1d!19sChIJV9HjCBjXF2gRTFDac_pv9Ls?authuser=0&hl=id&g_ep=EgoyMDI2MDkxNi4wIJJjKgBIAVAD&rclk=1
5549;LPSE KABUPATEN PUNCAK JAYA;Jalan Philipus Andreas Coem No.1, Pagaleme, Distrik Mulia, Kabupaten Puncak Jaya, Papua Tengah 98900;Papua Tengah;Puncak Jaya;Mulia;T4 nama file;https://www.google.com/maps/place/LPSE+Kabupaten+Puncak+Jaya/data=!4m7!3m6!1s0x6817d73339a9d785:0x3a2e01861bc82aa0!8m2!3d-3.7161631!4d137.9878181!16s%2Fg%2F11ly2q4y99!19sChIJhdepOTPXF2gRoCrIG4YBLjo?authuser=0&hl=id&g_ep=EgoyMDI2MDkxNi4wIJJjKgBIAVAD&rclk=1
5550;KANTOR BUPATI PUNCAK JAYA;Kantor Bupati Puncak Jaya, Pagaleme, Distrik Mulia, Kabupaten Puncak Jaya, Papua Tengah 98975;Papua Tengah;Puncak Jaya;Mulia;T4 nama file;https://www.google.com/maps/place/Kantor+Bupati+Puncak+Jaya/data=!4m7!3m6!1s0x6817d6bdbc4ee78b:0xcf39da730c1f69b7!8m2!3d-3.7160271!4d137.9881481!16s%2Fg%2F11g9vxdmw4!19sChIJi-dOvL3WF2gRt2kfDHPaOc8?authuser=0&hl=id&g_ep=EgoyMDI2MDkxNi4wIJJjKgBIAVAD&rclk=1
5551;GPDI JEMAAT SION MULIA;GPdi Jemaat Sion Mulia, Pruleme, Mulia, Puncak Jaya Regency, Central Papua 98973;Papua Tengah;Puncak Jaya;Mulia;T4 nama file;https://www.google.com/maps/place/GPdi+Jemaat+Sion+Mulia/data=!4m7!3m6!1s0x6817d7173fa20ea5:0xe49d0fe8ee123f03!8m2!3d-3.7097004!4d137.9753724!16s%2Fg%2F11nykvtnbb!19sChIJpQ6iPxfXF2gRAz8S7ugPneQ?authuser=0&hl=id&g_ep=EgoyMDI2MDkxNi4wIJJjKgBIAVAD&rclk=1
5552;RSUD MULIA;RSUD Mulia, Pruleme, Distrik Mulia, Kabupaten Puncak Jaya, Papua Tengah 98973;Papua Tengah;Puncak Jaya;Mulia;T4 nama file;https://www.google.com/maps/place/RSUD+Mulia/data=!4m7!3m6!1s0x6817d7c3231d35d5:0x99122b7626b36cce!8m2!3d-3.7091886!4d137.9763718!16s%2Fg%2F11h77kr1jw!19sChIJ1TUdI8PXF2gRzmyzJnYrEpk?authuser=0&hl=id&g_ep=EgoyMDI2MDkxNi4wIJJjKgBIAVAD&rclk=1
5553;MULIAMBUT;Muliambut, Wuyukwi, Distrik Mulia, Kabupaten Puncak Jaya, Papua Tengah 98973;Papua Tengah;Puncak Jaya;Mulia;T4 nama file;https://www.google.com/maps/place/Muliambut/data=!4m7!3m6!1s0x6817d1006e34928b:0x5601cc036344e459!8m2!3d-3.6990446!4d137.9656914!16s%2Fg%2F11lyl_x57_!19sChIJi5I0bgDRF2gRWeREYwPMAVY?authuser=0&hl=id&g_ep=EgoyMDI2MDkxNi4wIJJjKgBIAVAD&rclk=1
5556;DISTRIK YAMO;Kabupaten Puncak Jaya, Papua Tengah;Papua Tengah;Puncak Jaya;Yamo;T4 nama file;https://www.google.com/maps/place/Distrik+Yamo/data=!4m7!3m6!1s0x6817c97852304911:0xb729b64c2b9ca514!8m2!3d-3.6556591!4d137.9780297!16s%2Fg%2F11lr9d6n6d!19sChIJEUkwUnjJF2gRFKWcK0y2Kbc?authuser=0&hl=id&g_ep=EgoyMDI2MDkxNi4wIJJjKgBIAVAD&rclk=1
5557;FAWI;Kabupaten Puncak Jaya, Papua;Papua Tengah;Puncak Jaya;Fawi;T4 nama file;https://www.google.com/maps/place/Fawi/data=!4m7!3m6!1s0x681799bb99dccfd1:0x8d959aadfd743ac9!8m2!3d-3.3157958!4d137.6849007!16s%2Fg%2F122jqwgn!19sChIJ0c_cmbuZF2gRyTp0_a2alY0?authuser=0&hl=id&g_ep=EgoyMDI2MDkxNi4wIJJjKgBIAVAD&rclk=1
5558;MEWOLUK;Kabupaten Puncak Jaya, Papua Tengah;Papua Tengah;Puncak Jaya;Mewoluk;T4 nama file;https://www.google.com/maps/place/Mewoluk/data=!4m7!3m6!1s0x6817c388d5f0103f:0xfd57868b200d38ff!8m2!3d-3.6029783!4d137.8822604!16s%2Fg%2F122tc1mg!19sChIJPxDw1YjDF2gR_zgNIIuGV_0?authuser=0&hl=id&g_ep=EgoyMDI2MDkxNi4wIJJjKgBIAVAD&rclk=1
5559;TORERE;Kabupaten Puncak Jaya, Papua Tengah;Papua Tengah;Puncak Jaya;Torere;T4 nama file;https://www.google.com/maps/place/Torere/data=!4m7!3m6!1s0x6816337aa366c2cd:0x65d2ab9e46a053d3!8m2!3d-3.5998259!4d138.1002024!16s%2Fg%2F1hm54tj0z!19sChIJzcJmo3ozFmgR01OgRp6r0mU?authuser=0&hl=id&g_ep=EgoyMDI2MDkxNi4wIJJjKgBIAVAD&rclk=1
5560;KEC. TINGGINAMBUT;Kabupaten Puncak Jaya, Papua Tengah;Papua Tengah;Puncak Jaya;Tingginambut;T4 nama file;https://www.google.com/maps/place/Kec.+Tingginambut/data=!4m7!3m6!1s0x68162b5ed2557bc1:0x41dfbdd60c9aaf97!8m2!3d-3.7064439!4d138.093446!16s%2Fg%2F11fmgyxq4m!19sChIJwXtV0l4rFmgRl6-aDNa930E?authuser=0&hl=id&g_ep=EgoyMDI2MDkxNi4wIJJjKgBIAVAD&rclk=1
5561;KABUPATEN PUNCAK JAYA;Papua;Papua Tengah;Puncak Jaya;Nume;T4 nama file;https://www.google.com/maps/place/Kabupaten+Puncak+Jaya/data=!4m7!3m6!1s0x6817b8cb79562f8d:0xe250060720276dd2!8m2!3d-3.4467891!4d137.8427298!16s%2Fm%2F063_bts!19sChIJjS9Wecu4F2gR0m0nIAcGUOI?authuser=0&hl=id&g_ep=EgoyMDI2MDkxNi4wIJJjKgBIAVAD&rclk=1
5562;PAGALEME;Distrik Mulia, Kabupaten Puncak Jaya, Papua Tengah;Papua Tengah;Puncak Jaya;Pagaleme;T4 nama file;https://www.google.com/maps/place/Pagaleme/data=!4m7!3m6!1s0x6817d6ac665328fd:0x38e889b9acfa1f26!8m2!3d-3.7076944!4d137.9886442!16s%2Fg%2F1hm5q6s1c!19sChIJ_ShTZqzWF2gRJh_6rLmJ6Dg?authuser=0&hl=id&g_ep=EgoyMDI2MDkxNi4wIJJjKgBIAVAD&rclk=1
5564;DOKOME;Distrik Yamo, Kabupaten Puncak Jaya, Papua Tengah;Papua Tengah;Puncak Jaya;Dokome;T4 nama file;https://www.google.com/maps/place/Dokome/data=!4m7!3m6!1s0x6817d03299b90d09:0x8b9bae7f25235ed7!8m2!3d-3.6419682!4d137.9564594!16s%2Fg%2F1hm3047mb!19sChIJCQ25mTLQF2gR114jJX-um4s?authuser=0&hl=id&g_ep=EgoyMDI2MDkxNi4wIJJjKgBIAVAD&rclk=1
5565;YAMONERI;Distrik Ilu, Kabupaten Puncak Jaya, Papua Tengah;Papua Tengah;Puncak Jaya;Yamoneri;T4 nama file;https://www.google.com/maps/place/Yamoneri/data=!4m7!3m6!1s0x683d8765e2b21633:0x1ca92e4a0bdcafa0!8m2!3d-3.7823745!4d138.169733!16s%2Fg%2F1hm27fjvh!19sChIJMxay4mWHPWgRoK_cC0ouqRw?authuser=0&hl=id&g_ep=EgoyMDI2MDkxNi4wIJJjKgBIAVAD&rclk=1
5566;DAGAI;Fawi, Kabupaten Puncak Jaya, Papua;Papua Tengah;Puncak Jaya;Dagai;T4 nama file;https://www.google.com/maps/place/Dagai/data=!4m7!3m6!1s0x6817a5437c18ac77:0xda733fc7786cfcf9!8m2!3d-3.3609897!4d137.9614096!16s%2Fg%2F1hm642hcy!19sChIJd6wYfEOlF2gR-fxseMc_c9o?authuser=0&hl=id&g_ep=EgoyMDI2MDkxNi4wIJJjKgBIAVAD&rclk=1
5567;KIYAGE;Fawi, Kabupaten Puncak Jaya, Papua;Papua Tengah;Puncak Jaya;Kiyage;T4 nama file;https://www.google.com/maps/place/Kiyage/data=!4m7!3m6!1s0x681705dbe6864fb3:0xd471bc063f60ee2e!8m2!3d-3.191475!4d137.9416114!16s%2Fg%2F1hm464ckl!19sChIJs0-G5tsFF2gRLu5gPwa8cdQ?authuser=0&hl=id&g_ep=EgoyMDI2MDkxNi4wIJJjKgBIAVAD&rclk=1
5568;GUBUME;Jigonikme, Kabupaten Puncak Jaya, Papua Tengah;Papua Tengah;Puncak Jaya;Gubume;T4 nama file;https://www.google.com/maps/place/Gubume/data=!4m7!3m6!1s0x68162ffa15a9e6a7:0x8efc5713d343c991!8m2!3d-3.6578128!4d138.234377!16s%2Fg%2F1hm24vjl3!19sChIJp-apFfovFmgRkclD0xNX_I4?authuser=0&hl=id&g_ep=EgoyMDI2MDkxNi4wIJJjKgBIAVAD&rclk=1
5569;NIOGA;Jigonikme, Kabupaten Puncak Jaya, Papua Tengah;Papua Tengah;Puncak Jaya;Nioga;T4 nama file;https://www.google.com/maps/place/Nioga/data=!4m7!3m6!1s0x681625f9523031ef:0xa478228a2614235a!8m2!3d-3.7122202!4d138.234377!16s%2Fg%2F1hm4c0yc8!19sChIJ7zEwUvklFmgRWiMUJooieKQ?authuser=0&hl=id&g_ep=EgoyMDI2MDkxNi4wIJJjKgBIAVAD&rclk=1
5570;SPPG BENGKALIS MANDAU AIR JAMBAN 3;SPPG BENGKALIS MANDAU AIR JAMBAN 3, Jl. Babul Khairat, Air Jamban, Mandau, Bengkalis Regency, Riau 28784;Riau;Bengkalis;Mandau;T4 nama file;https://www.google.com/maps/place/SPPG+BENGKALIS+MANDAU+AIR+JAMBAN+3/data=!4m7!3m6!1s0x31d37b001b4cf8f7:0xbb97a7cc4288dd97!8m2!3d1.28091!4d101.1902965!16s%2Fg%2F11yzl5fypd!19sChIJ9_hMGwB70zERl92IQsynl7s?authuser=0&hl=id&g_ep=EgoyMDI2MDkxNi4wIJJjKgBIAVAD&rclk=1
5618;SPPG TELUK BELENGKONG;SPPG TELUK BELENGKONG, JL.Gaja Mada, Saka Rotan, Kec. Tlk. Belengkong, Kabupaten Indragiri Hilir, Riau 29256;Riau;Indragiri Hilir;Teluk Belengkong;T3 alamat fuzzy;https://www.google.com/maps/place/SPPG+TELUK+BELENGKONG/data=!4m7!3m6!1s0x31d78d000cf56b3d:0x2d0ff107ba600cdc!8m2!3d0.2980175!4d103.4367155!16s%2Fg%2F11z8shrwz9!19sChIJPWv1DACN1zER3AxgugfxDy0?authuser=0&hl=id&g_ep=EgoyMDI2MDkxNi4wIJJjKgBIAVAD&rclk=1
5619;KEC. CONCONG;Kabupaten Indragiri Hilir, Riau;Riau;Indragiri Hilir;Concong;T4 nama file;https://www.google.com/maps/place/Kec.+Concong/data=!4m7!3m6!1s0x2e27de1ea4bd7c87:0xc576b256c1a5c2f8!8m2!3d-0.2708276!4d103.529425!16s%2Fg%2F122xwcdy!19sChIJh3y9pB7eJy4R-MKlwVaydsU?authuser=0&hl=id&g_ep=EgoyMDI2MDkxNi4wIJJjKgBIAVAD&rclk=1
5623;SPPG KOTA LAMA;SPPG KOTA LAMA, Jl. Lintas Sumatera, Kota Lama, Rengat Barat, Indragiri Hulu Regency, Riau 29351;Riau;Indragiri Hulu;Rengat;T4 nama file;https://www.google.com/maps/place/SPPG+KOTA+LAMA/data=!4m7!3m6!1s0x2e2997000188bff5:0xe91de9969442ecfd!8m2!3d-0.3800467!4d102.3831395!16s%2Fg%2F11ys4np95k!19sChIJ9b-IAQCXKS4R_exClJbpHek?authuser=0&hl=id&g_ep=EgoyMDI2MDkxNi4wIJJjKgBIAVAD&rclk=1
5624;SPPG INDRAGIRI HULU SIBERIDA TITIAN RESAK 01;SPPG INDRAGIRI HULU SIBERIDA TITIAN RESAK 01, Titian Resak, Kec. Seberida, Kabupaten Indragiri Hulu, Riau 29351;Riau;Indragiri Hulu;Siberida;T3 alamat fuzzy;https://www.google.com/maps/place/SPPG+INDRAGIRI+HULU+SIBERIDA+TITIAN+RESAK+01/data=!4m7!3m6!1s0x2e299f0075d7451b:0x9b49784641e5f086!8m2!3d-0.5398409!4d102.4069585!16s%2Fg%2F11zgw3j7f4!19sChIJG0XXdQCfKS4RhvDlQUZ4SZs?authuser=0&hl=id&g_ep=EgoyMDI2MDkxNi4wIJJjKgBIAVAD&rclk=1
5627;SPPG TITIAN RESAK 2;SPPG TITIAN RESAK 2, Petala Bumi, Kec. Seberida, Kabupaten Indragiri Hulu, Riau 29351;Riau;Indragiri Hulu;Siberida;T3 alamat fuzzy;https://www.google.com/maps/place/SPPG+TITIAN+RESAK+2/data=!4m7!3m6!1s0x2e299f0060f13d3f:0xdaa506fe3ecdfe27!8m2!3d-0.521713!4d102.4034602!16s%2Fg%2F11zb4bgfmw!19sChIJPz3xYACfKS4RJ_7NPv4Gpdo?authuser=0&hl=id&g_ep=EgoyMDI2MDkxNi4wIJJjKgBIAVAD&rclk=1
5628;SPPG KOTA LAMA;;Riau;Indragiri Hulu;Rengat Barat;T4 nama file;https://www.google.com/maps/place/SPPG+KOTA+LAMA/data=!4m7!3m6!1s0xa478f15f5f5f7097:0x290296f030f15cbb!8m2!3d-0.3670605!4d102.3866716!16s%2Fg%2F11yqyxfg55!19sChIJl3BfX1_xeKQRu1zxMPCWAik?authuser=0&hl=id&g_ep=EgoyMDI2MDkxNi4wIJJjKgBIAVAD&rclk=1
5629;SPPG KEC.SEBERIDA;SPPG Kec.Seberida, Jl. Jenderal Sudirman Buluh Rampai, Buluh Rampai, Kec. Seberida, Kabupaten Indragiri Hulu, Riau 29371;Riau;Indragiri Hulu;Siberida;T3 alamat fuzzy;https://www.google.com/maps/place/SPPG+Kec.Seberida/data=!4m7!3m6!1s0x2e299f002d6c1bd9:0xdda20b210f221c9c!8m2!3d-0.5425499!4d102.4245145!16s%2Fg%2F11yhrhswk5!19sChIJ2RtsLQCfKS4RnBwiDyELot0?authuser=0&hl=id&g_ep=EgoyMDI2MDkxNi4wIJJjKgBIAVAD&rclk=1
5631;SPPG PANGKALAN KASAI 2;SPPG Pangkalan Kasai 2, Pangkalan Kasai, Kec. Seberida, Kabupaten Indragiri Hulu, Riau 29351;Riau;Indragiri Hulu;Siberida;T3 alamat fuzzy;https://www.google.com/maps/place/SPPG+Pangkalan+Kasai+2/data=!4m7!3m6!1s0x2e299f001fd486c9:0x56468ef90ef5b42f!8m2!3d-0.5406418!4d102.4117117!16s%2Fg%2F11zc3b9xtw!19sChIJyYbUHwCfKS4RL7T1DvmORlY?authuser=0&hl=id&g_ep=EgoyMDI2MDkxNi4wIJJjKgBIAVAD&rclk=1
5632;KEC. BATANG GANGSAL;Kabupaten Indragiri Hulu, Riau;Riau;Indragiri Hulu;Batang Gangsal;T4 nama file;https://www.google.com/maps/place/Kec.+Batang+Gangsal/data=!4m7!3m6!1s0x2e2913bbd9ea67e3:0x5a0886f989515e22!8m2!3d-0.7726155!4d102.4839212!16s%2Fg%2F1212gsdf!19sChIJ42fq2bsTKS4RIl5RifmGCFo?authuser=0&hl=id&g_ep=EgoyMDI2MDkxNi4wIJJjKgBIAVAD&rclk=1
5634;SPPG BATANG PECALUNGAN RANDU;Jl. Raya Subah Pecalungan Rt 03/04 Desa Randu Kecamatan Pecalungan Kabupaten Batang, Jawa Tengah 3325, Randu Tengah, Randu, Kec. Pecalungan, Kabupaten Batang, Jawa Tengah 51262;Riau;Indragiri Hulu;Batang Gangsal;T4 nama file;https://www.google.com/maps/place/SPPG+BATANG+PECALUNGAN+RANDU/data=!4m7!3m6!1s0x2e7015749233cd63:0xbf8e873a61a1cbf4!8m2!3d-7.0223931!4d109.8664043!16s%2Fg%2F11zcfkx24t!19sChIJY80zknQVcC4R9MuhYTqHjr8?authuser=0&hl=id&g_ep=EgoyMDI2MDkxNi4wIJJjKgBIAVAD&rclk=1
5639;SPPG KOTA PEKANBARU TUAHMADANI SIALANGMUNGGU;SPPG KOTA PEKANBARU TUAHMADANI SIALANGMUNGGU, Kelurahan Sialang Munggu, Kec. Tampan, Kota Pekanbaru, Riau 28293;Riau;Kampar;Tambang;T4 nama file;https://www.google.com/maps/place/SPPG+KOTA+PEKANBARU+TUAHMADANI+SIALANGMUNGGU/data=!4m7!3m6!1s0x31d5a9004e003ef5:0xa9b77d1e5cdd55fe!8m2!3d0.4503994!4d101.3867544!16s%2Fg%2F11m_1xm9hp!19sChIJ9T4ATgCp1TER_lXdXB59t6k?authuser=0&hl=id&g_ep=EgoyMDI2MDkxNi4wIJJjKgBIAVAD&rclk=1
5642;SPPG AIRPUTIH;SPPG AIRPUTIH, Kelurahan Air Putih, Tuah Madani, Kota Pekanbaru, Riau 28291;Riau;Kampar;Tambang;T4 nama file;https://www.google.com/maps/place/SPPG+AIRPUTIH/data=!4m7!3m6!1s0x31d5a900583665e7:0x229bffd79fe8ff84!8m2!3d0.4881125!4d101.3485469!16s%2Fg%2F11zcv13d5w!19sChIJ52U2WACp1TERhP_on9f_myI?authuser=0&hl=id&g_ep=EgoyMDI2MDkxNi4wIJJjKgBIAVAD&rclk=1
5650;SATUAN PELAYANAN PEMENUHAN GIZI (SPPG) KAMPAR KIRI HILIR;Satuan Pelayanan Pemenuhan Gizi (SPPG) Kampar Kiri Hilir, Sungai Pagar, Kampar Kiri Hilir, Kampar Regency, Riau 28462;Riau;Kampar;Tambang;T4 nama file;https://www.google.com/maps/place/Satuan+Pelayanan+Pemenuhan+Gizi+%28SPPG%29+Kampar+Kiri+Hilir/data=!4m7!3m6!1s0x31d59f0073046601:0xc24c39ffbbf4ba24!8m2!3d0.244498!4d101.3825125!16s%2Fg%2F11ylrhg5nt!19sChIJAWYEcwCf1TERJLr0u_85TMI?authuser=0&hl=id&g_ep=EgoyMDI2MDkxNi4wIJJjKgBIAVAD&rclk=1
5654;SPPG KAMPAR TAMBANG SUNGAI PINANG;Jl. Raya Pekanbaru Bangkinang Km. 29 Desa Sungai Pinang Kecamatan Tambang Kabupaten Kampar, Sungai Pinang, Riau 1401, Sungai Pinang, Kec. Tambang, Kabupaten Kampar, Riau 28468;Riau;Kampar;Tambang;T4 nama file;https://www.google.com/maps/place/SPPG+KAMPAR+TAMBANG+SUNGAI+PINANG/data=!4m7!3m6!1s0x31d50f0078c8bd69:0x3fe4d6fecd22e47b!8m2!3d0.393335!4d101.2510124!16s%2Fg%2F11mt8n6_l4!19sChIJab3IeAAP1TERe-Qizf7W5D8?authuser=0&hl=id&g_ep=EgoyMDI2MDkxNi4wIJJjKgBIAVAD&rclk=1
5661;SPPG KUMANTAN BANGKINANG KOTA;Jl. Profesor Moh. Yamin SH, Kumantan, Bangkinang, Kota, Riau 28463;Riau;Kampar;Xiii Koto Kampar;T4 nama file;https://www.google.com/maps/place/SPPG+Kumantan+Bangkinang+Kota/data=!4m7!3m6!1s0x31d515006fdd5eaf:0x81659e5e21cb04cc!8m2!3d0.3479802!4d101.0354928!16s%2Fg%2F11n537dsh0!19sChIJr17dbwAV1TERzATLIV6eZYE?authuser=0&hl=id&g_ep=EgoyMDI2MDkxNi4wIJJjKgBIAVAD&rclk=1
5662;SPPG KUMANTAN02;l. Raya Pekanbaru, Kumantan, Bangkinang, Kampar Regency, Riau 28463;Riau;Kampar;Xiii Koto Kampar;T4 nama file;https://www.google.com/maps/place/SPPG+KUMANTAN02/data=!4m7!3m6!1s0x31d51559b511187f:0x843045ae941c7dca!8m2!3d0.3495346!4d101.0353483!16s%2Fg%2F11zgg0mp67!19sChIJfxgRtVkV1TERyn0clK5FMIQ?authuser=0&hl=id&g_ep=EgoyMDI2MDkxNi4wIJJjKgBIAVAD&rclk=1
5666;DAPUR SPPG KUMANTAN 2;DAPUR SPPG KUMANTAN 2, Jl. Raya Pekanbaru - Bangkinang, Kumantan, Bangkinang, Kampar Regency, Riau 28463;Riau;Kampar;Bangkinang Kota;T4 nama file;https://www.google.com/maps/place/DAPUR+SPPG+KUMANTAN+2/data=!4m7!3m6!1s0x31d515006b7d2b15:0xc41874d7b86bc1bd!8m2!3d0.3495376!4d101.0353205!16s%2Fg%2F11nqr0mdn5!19sChIJFSt9awAV1TERvcFruNd0GMQ?authuser=0&hl=id&g_ep=EgoyMDI2MDkxNi4wIJJjKgBIAVAD&rclk=1
5668;SPPG KEBUN DURIAN;SPPG Kebun Durian, Jl. Raya Gn. Sahilan, Gn. Mulya, Kec. Gn. Sahilan, Kabupaten Kampar, Riau 28461;Riau;Kampar;Kampar Kiri;T4 nama file;https://www.google.com/maps/place/SPPG+Kebun+Durian/data=!4m7!3m6!1s0x31d579001cdd66cb:0xeeabdd41ed157fe6!8m2!3d0.1308357!4d101.2561185!16s%2Fg%2F11z8r0vtpx!19sChIJy2bdHAB51TER5n8V7UHdq-4?authuser=0&hl=id&g_ep=EgoyMDI2MDkxNi4wIJJjKgBIAVAD&rclk=1
5672;SPPG KAMPAR SIAK HULU KUBANG JAYA 1;;Riau;Kampar;Siak Hulu;T4 nama file;https://www.google.com/maps/place/SPPG+Kampar+Siak+Hulu+Kubang+Jaya+1/data=!4m7!3m6!1s0x228650c6b6b9c07d:0xb537675dcf1e1ba7!8m2!3d-2.44565!4d117.8888!16s%2Fg%2F11npq20z0k!19sChIJfcC5tsZQhiIRpxsez11nN7U?authuser=0&hl=id&g_ep=EgoyMDI2MDkxNi4wIJJjKgBIAVAD&rclk=1
5677;SPPG DIAP-BUKIT RAYA;Jl. Unggas No.55, Simpang Tiga, Bukit Raya, Kota Pekanbaru, Riau 28288;Riau;Kampar;Siak Hulu;T4 nama file;https://www.google.com/maps/place/SPPG+DIAP-Bukit+Raya/data=!4m7!3m6!1s0x31d5af002ba873bd:0x8dc5787c8ad8da2d!8m2!3d0.4699781!4d101.4554381!16s%2Fg%2F11z5w79q0c!19sChIJvXOoKwCv1TERLdrYinx4xY0?authuser=0&hl=id&g_ep=EgoyMDI2MDkxNi4wIJJjKgBIAVAD&rclk=1
5678;SPPG INDRA SAKTI;Jl. Alamanda Jln. PKK, RT.008/RW.002, Indra Sakti, Tapung, Kampar Regency, Riau 28464;Riau;Kampar;Siak Hulu;T4 nama file;https://www.google.com/maps/place/SPPG+INDRA+SAKTI/data=!4m7!3m6!1s0x31d4e5b7cb4be4af:0xce37c789670ec588!8m2!3d0.7252227!4d101.1133307!16s%2Fg%2F11mrsb751n!19sChIJr-RLy7fl1DERiMUOZ4nHN84?authuser=0&hl=id&g_ep=EgoyMDI2MDkxNi4wIJJjKgBIAVAD&rclk=1
5681;SPPG MENARA HARAPAN BERSAMA;Jl. Pesantren No.4, Kelurahan Pematang Kapau, Kulim, Kota Pekanbaru, Riau 28131;Riau;Kampar;Siak Hulu;T4 nama file;https://www.google.com/maps/place/SPPG+Menara+Harapan+Bersama/data=!4m7!3m6!1s0x31d5af00347538f5:0x57d39b5f1f84a5f9!8m2!3d0.4750711!4d101.4868484!16s%2Fg%2F11yltbp2n7!19sChIJ9Th1NACv1TER-aWEH1-b01c?authuser=0&hl=id&g_ep=EgoyMDI2MDkxNi4wIJJjKgBIAVAD&rclk=1
5695;SPPG RIDAN PERMAI 02;Jl. Lkr. No.Desa, Ridan Permai, Bangkinang Kota, Kampar Regency, Riau 28463;Riau;Kampar;Bangkinang;T4 nama file;https://www.google.com/maps/place/Sppg+Ridan+Permai+02/data=!4m7!3m6!1s0x31d51566a4809307:0x7f68b9630018bf95!8m2!3d0.3185664!4d101.0098605!16s%2Fg%2F11zckptygy!19sChIJB5OApGYV1TERlb8YAGO5aH8?authuser=0&hl=id&g_ep=EgoyMDI2MDkxNi4wIJJjKgBIAVAD&rclk=1
5700;PUSKESMAS SALO;Puskesmas Salo, Sipungguk, Salo, Kampar Regency, Riau 28554;Riau;Kampar;Salo;T4 nama file;https://www.google.com/maps/place/Puskesmas+Salo/data=!4m7!3m6!1s0x31d515944c6012d5:0x4f0f47abc0dd925b!8m2!3d0.3462271!4d101.0002085!16s%2Fg%2F11d_xp8tv6!19sChIJ1RJgTJQV1TERW5LdwKtHD08?authuser=0&hl=id&g_ep=EgoyMDI2MDkxNi4wIJJjKgBIAVAD&rclk=1
5702;SPPG ARHANUD PEKANBARU;SPPG ARHANUD PEKANBARU, Jl. Kaharuddin Nst, Kelurahan Air Dingin, Kota Pekanbaru, Riau 28284;Riau;Kampar;Perhentian Raja;T4 nama file;https://www.google.com/maps/place/SPPG+ARHANUD+PEKANBARU/data=!4m7!3m6!1s0x31d5a50032f7cbfb:0x23193e5a9d3b0a29!8m2!3d0.4203775!4d101.4423989!16s%2Fg%2F11zh6_wsvk!19sChIJ-8v3MgCl1TERKQo7nVo-GSM?authuser=0&hl=id&g_ep=EgoyMDI2MDkxNi4wIJJjKgBIAVAD&rclk=1
5703;SPPG PERHENTIAN MARPOYAN 3;Sppg Perhentian Marpoyan 3, Jl. Kuansing, Kelurahan Perhentian Marpoyan, Marpoyan Damai, Kota Pekanbaru, Riau 28284;Riau;Kampar;Perhentian Raja;T4 nama file;https://www.google.com/maps/place/Sppg+Perhentian+Marpoyan+3/data=!4m7!3m6!1s0x31d5a5000a6cccd7:0x12ff641c4829b22f!8m2!3d0.4377908!4d101.442165!16s%2Fg%2F11n9dqnx22!19sChIJ18xsCgCl1TERL7IpSBxk_xI?authuser=0&hl=id&g_ep=EgoyMDI2MDkxNi4wIJJjKgBIAVAD&rclk=1
5708;SPPG MANTIASA AGRO MULYA;SPPG MANTIASA AGRO MULYA, Jl. Taman Siswa, Desa Mantiasa, Kec. Tebing Tinggi Bar., Kabupaten Kepulauan Meranti, Riau 28753;Riau;Kepulauan Meranti;Tebing Tinggi Barat;T3 alamat fuzzy;https://www.google.com/maps/place/SPPG+MANTIASA+AGRO+MULYA/data=!4m7!3m6!1s0x31d6db006ad0f8fd:0xb05c18597a35425e!8m2!3d0.9677523!4d102.655903!16s%2Fg%2F11mzbsjkkv!19sChIJ_fjQagDb1jERXkI1elkYXLA?authuser=0&hl=id&g_ep=EgoyMDI2MDkxNi4wIJJjKgBIAVAD&rclk=1
5709;SPPG ALAH AIR;SPPG ALAH AIR, Jl. Pelajar, Alah Air, Tebing Tinggi, Kepulauan Meranti Regency, Riau 28753;Riau;Kepulauan Meranti;Tebing Tinggi;T4 nama file;https://www.google.com/maps/place/SPPG+ALAH+AIR/data=!4m7!3m6!1s0x31d6db0048cd7d85:0x1ea4f20d7c19076a!8m2!3d0.9957943!4d102.694092!16s%2Fg%2F11myd0fd69!19sChIJhX3NSADb1jERagcZfA3ypB4?authuser=0&hl=id&g_ep=EgoyMDI2MDkxNi4wIJJjKgBIAVAD&rclk=1
5711;SPPG ALAH AIR;Jl. Alahair Pelajar, Selat Panjang Selatan, Tebing Tinggi, Kepulauan Meranti Regency, Riau 28753;Riau;Kepulauan Meranti;Tebing Tinggi;T4 nama file;https://www.google.com/maps/place/SPPG+ALAH+AIR/data=!4m7!3m6!1s0x31d6db574335d317:0xd65780c001dee28b!8m2!3d1.0017602!4d102.700802!16s%2Fg%2F11yt7c4c7x!19sChIJF9M1Q1fb1jERi-LeAcCAV9Y?authuser=0&hl=id&g_ep=EgoyMDI2MDkxNi4wIJJjKgBIAVAD&rclk=1
5713;SPPG INSIT;SPPG INSIT, Jl Kh Affandi, Insit, Kec. Tebing Tinggi Bar., Kabupaten Kepulauan Meranti, Riau 28753;Riau;Kepulauan Meranti;Tebing Tinggi Barat;T3 alamat fuzzy;https://www.google.com/maps/place/SPPG+INSIT/data=!4m7!3m6!1s0x31d6db006f0d9e43:0xeac34d1e180ba028!8m2!3d0.985682!4d102.6672112!16s%2Fg%2F11ntky5wp8!19sChIJQ54NbwDb1jERKKALGB5Nw-o?authuser=0&hl=id&g_ep=EgoyMDI2MDkxNi4wIJJjKgBIAVAD&rclk=1
5719;SPPG LEMANG 1;SPPG Lemang 1, Lemang, Kec. Rangsang Bar., Kabupaten Kepulauan Meranti, Riau 28755;Riau;Kepulauan Meranti;Rangsang Barat;T3 alamat fuzzy;https://www.google.com/maps/place/SPPG+Lemang+1/data=!4m7!3m6!1s0x31d6d10013b210e7:0x10dbba679ebca221!8m2!3d1.0476017!4d102.7115591!16s%2Fg%2F11z78786vy!19sChIJ5xCyEwDR1jERIaK8nme62xA?authuser=0&hl=id&g_ep=EgoyMDI2MDkxNi4wIJJjKgBIAVAD&rclk=1
5724;SPPG SUNGAI TOHOR;SPPG SUNGAI TOHOR, Sungai Tohor, East Tebing Tinggi, Kepulauan Meranti Regency, Riau 28753;Riau;Kepulauan Meranti;Rangsang;T4 nama file;https://www.google.com/maps/place/SPPG+SUNGAI+TOHOR/data=!4m7!3m6!1s0x31d719007d3aa0a1:0x84e953403211774a!8m2!3d0.8668475!4d102.9527571!16s%2Fg%2F11nvjfx6jd!19sChIJoaA6fQAZ1zERSncRMkBT6YQ?authuser=0&hl=id&g_ep=EgoyMDI2MDkxNi4wIJJjKgBIAVAD&rclk=1
5726;SPPG TANJUNG BAKAU;SPPG TANJUNG BAKAU, Jl. Sudirman Parit Sidomulyo, RT.01/RW.01, Tj. Bakau, Rangsang, Kabupaten Kepulauan Meranti, Riau 28755;Riau;Kepulauan Meranti;Rangsang;T4 nama file;https://www.google.com/maps/place/SPPG+TANJUNG+BAKAU/data=!4m7!3m6!1s0x31d715003126bdb1:0xb5ab40715867a29!8m2!3d0.8387404!4d103.1029809!16s%2Fg%2F11njwdwc6q!19sChIJsb0mMQAV1zERKXqGFQe0Wgs?authuser=0&hl=id&g_ep=EgoyMDI2MDkxNi4wIJJjKgBIAVAD&rclk=1
5727;SPPG DWI TUNGGAL;SPPG DWI TUNGGAL, Tj. Samak, Rangsang, Kabupaten Kepulauan Meranti, Riau 28755;Riau;Kepulauan Meranti;Rangsang;T4 nama file;https://www.google.com/maps/place/SPPG+DWI+TUNGGAL/data=!4m7!3m6!1s0x31d715000c24ffbb:0xd892ab5be5073e7d!8m2!3d0.8409012!4d103.0909974!16s%2Fg%2F11zh2r04sc!19sChIJu_8kDAAV1zERfT4H5Vurktg?authuser=0&hl=id&g_ep=EgoyMDI2MDkxNi4wIJJjKgBIAVAD&rclk=1
5728;SPPG SUNGAI TOHOR BARAT;SPPG SUNGAI TOHOR BARAT, Sungai Tohor, Kec. Tebing Tinggi Tim., Kabupaten Kepulauan Meranti, Riau;Riau;Kepulauan Meranti;Tebing Tinggi Timur;T3 alamat fuzzy;https://www.google.com/maps/place/SPPG+SUNGAI+TOHOR+BARAT/data=!4m7!3m6!1s0x31d723001452d04f:0xb759170ab22f748f!8m2!3d0.8831957!4d102.9346834!16s%2Fg%2F11y_bnx66g!19sChIJT9BSFAAj1zERj3QvsgoXWbc?authuser=0&hl=id&g_ep=EgoyMDI2MDkxNi4wIJJjKgBIAVAD&rclk=1
5730;SPPG MEKAR DELIMA;SPPG Mekar Delima, Dedap, Tasik Putri Puyu, Kepulauan Meranti Regency, Riau;Riau;Kepulauan Meranti;Tasik Putri Puyu;T4 nama file;https://www.google.com/maps/place/SPPG+Mekar+Delima/data=!4m7!3m6!1s0x31d149005444b8bf:0x86fc4e22655c524b!8m2!3d1.318225!4d102.36883!16s%2Fg%2F11zch1jn0b!19sChIJv7hEVABJ0TERS1JcZSJO_IY?authuser=0&hl=id&g_ep=EgoyMDI2MDkxNi4wIJJjKgBIAVAD&rclk=1
5732;SPPG KOTA DUMAI, DUMAI BARAT PANGKALAN SESAI 2;Gg. Arwana No.10, RT.016/RW.000, Pangkalan Sesai, Kec. Dumai Bar., Kota Dumai, Riau;Riau;Kota Dumai;Dumai Selatan;T4 nama file;https://www.google.com/maps/place/SPPG+KOTA+DUMAI,+DUMAI+BARAT+PANGKALAN+SESAI+2/data=!4m7!3m6!1s0x31d3a9000dbd4515:0x3fab83875473d396!8m2!3d1.6802457!4d101.4193584!16s%2Fg%2F11zbdncj58!19sChIJFUW9DQCp0zERltNzVIeDqz8?authuser=0&hl=id&g_ep=EgoyMDI2MDkxNi4wIJJjKgBIAVAD&rclk=1
5735;SPPG BAGAN KELADI;Jl. Parit Sadak, Bagan Keladi, Kec. Dumai Bar., Kota Dumai, Riau 28821;Riau;Kota Dumai;Dumai Selatan;T4 nama file;https://www.google.com/maps/place/SPPG+BAGAN+KELADI/data=!4m7!3m6!1s0x31d3a97fd368cacf:0x906e79bbc9ede39f!8m2!3d1.6796858!4d101.3837128!16s%2Fg%2F11z56yd0r2!19sChIJz8po03-p0zERn-Ptybt5bpA?authuser=0&hl=id&g_ep=EgoyMDI2MDkxNi4wIJJjKgBIAVAD&rclk=1
5740;SPPG MURNI PONDOK BUNIAN;Jalan Murni 2 No.14, Ratu Sima, Dumai Barat, Dumai City, Riau 28826;Riau;Kota Dumai;Dumai Selatan;T4 nama file;https://www.google.com/maps/place/SPPG+Murni+Pondok+Bunian/data=!4m7!3m6!1s0x31d3a9002a88acc1:0x20b885206b599685!8m2!3d1.6682411!4d101.4283414!16s%2Fg%2F11zfbbb7db!19sChIJwayIKgCp0zERhZZZayCFuCA?authuser=0&hl=id&g_ep=EgoyMDI2MDkxNi4wIJJjKgBIAVAD&rclk=1
5742;SPPG JL. KESEHATAN;Jl. Kesehatan Jl. Air Bersih No.Kelurahan, Tlk. Binjai, Kec. Dumai Tim., Kota Dumai, Riau 28826;Riau;Kota Dumai;Dumai Selatan;T4 nama file;https://www.google.com/maps/place/SPPG+Jl.+Kesehatan/data=!4m7!3m6!1s0x31d3af00419f7251:0xd8c381346c210a4!8m2!3d1.6692003!4d101.4582198!16s%2Fg%2F11zh1wz657!19sChIJUXKfQQCv0zERpBDCRhM4jA0?authuser=0&hl=id&g_ep=EgoyMDI2MDkxNi4wIJJjKgBIAVAD&rclk=1
5743;SPPG PANGKALAN SESAI 3;SPPG Pangkalan Sesai 3, Purnama, Kec. Dumai Bar., Kota Dumai, Riau 28826;Riau;Kota Dumai;Dumai Barat;T4 nama file;https://www.google.com/maps/place/SPPG+Pangkalan+Sesai+3/data=!4m7!3m6!1s0x31d3a90008b47563:0x752f23b28ad712e!8m2!3d1.6941765!4d101.4012213!16s%2Fg%2F11zync65d_!19sChIJY3W0CACp0zERLnGtKDvyUgc?authuser=0&hl=id&g_ep=EgoyMDI2MDkxNi4wIJJjKgBIAVAD&rclk=1
5744;SPPG TIYATA;SPPG TIYATA, Jl. Tj. Sari, Tj. Palas, Kec. Dumai Tim., Kota Dumai, Riau 28826;Riau;Kota Dumai;Dumai Barat;T4 nama file;https://www.google.com/maps/place/SPPG+TIYATA/data=!4m7!3m6!1s0x31d3af00081fcc7d:0x55ce8708ffa2d4d9!8m2!3d1.660334!4d101.470595!16s%2Fg%2F11zjp4w2yw!19sChIJfcwfCACv0zER2dSi_wiHzlU?authuser=0&hl=id&g_ep=EgoyMDI2MDkxNi4wIJJjKgBIAVAD&rclk=1
5747;SPPG TELUK BINJAI 2;Jl. Merdeka Baru No.80, Tlk. Binjai, Kec. Dumai Tim., Kota Dumai, Riau 28826;Riau;Kota Dumai;Dumai Barat;T4 nama file;https://www.google.com/maps/place/SPPG+TELUK+BINJAI+2/data=!4m7!3m6!1s0x31d3af006c2cec8f:0xec0c792503941ff5!8m2!3d1.6665931!4d101.4525829!16s%2Fg%2F11nw1dvm0r!19sChIJj-wsbACv0zER9R-UAyV5DOw?authuser=0&hl=id&g_ep=EgoyMDI2MDkxNi4wIJJjKgBIAVAD&rclk=1
5752;SPPG BUKIT BATREM;Jl. Akasia, Bukit Batrem, Dumai Timur, Dumai City, Riau 28815;Riau;Kota Dumai;Dumai Timur;T4 nama file;https://www.google.com/maps/place/SPPG+BUKIT+BATREM/data=!4m7!3m6!1s0x31d3affe566f42ff:0xe982ade791dd4df5!8m2!3d1.6505676!4d101.4571153!16s%2Fg%2F11zbg1zc9r!19sChIJ_0JvVv6v0zER9U3dkeetguk?authuser=0&hl=id&g_ep=EgoyMDI2MDkxNi4wIJJjKgBIAVAD&rclk=1
5753;SPPG YAYASAN PAYUNG BERSAMA NEGERI;SPPG YAYASAN PAYUNG BERSAMA NEGERI, Jl. Tj. Sari, Tj. Palas, Kec. Dumai Tim., Kota Dumai, Riau 28826;Riau;Kota Dumai;Dumai Timur;T4 nama file;https://www.google.com/maps/place/SPPG+YAYASAN+PAYUNG+BERSAMA+NEGERI/data=!4m7!3m6!1s0x31d3af006db00929:0xcfbbf383ce3de7a5!8m2!3d1.6617292!4d101.4712475!16s%2Fg%2F11yq9nb6d4!19sChIJKQmwbQCv0zERpec9zoPzu88?authuser=0&hl=id&g_ep=EgoyMDI2MDkxNi4wIJJjKgBIAVAD&rclk=1
5757;SPPG KOTA PEKANBARU BINAWIDYA SIMPANGBARU;Jl. Bangau Sakti No.140, Kelurahan Bina Widya, Kec. Tampan, Kota Pekanbaru, Riau 28292;Riau;Kota Pekanbaru;Binawidya;T4 nama file;https://www.google.com/maps/place/SPPG+KOTA+PEKANBARU+BINAWIDYA+SIMPANGBARU/@0.4839979,101.3759378,17z/data=!3m1!4b1!4m6!3m5!1s0x31d5a90072eec0ef:0xad3faad043325a35!8m2!3d0.4839979!4d101.3759378!16s%2Fg%2F11yyh0wsk9?hl=id&entry=ttu&g_ep=EgoyMDI2MDkxNi4wIKXMDSoASAFQAw%3D%3D
5758;SPPG SAIL SUKAMULYA;Jl. Petalabumi Gg. Sarwoedhi I, Suka Mulia, Sail, Kota Pekanbaru, Riau 28133;Riau;Kota Pekanbaru;Marpoyan Damai;T4 nama file;https://www.google.com/maps/place/SPPG+Sail+Sukamulya/data=!4m7!3m6!1s0x31d5ad45a80cad0b:0xdd58237187806b5d!8m2!3d0.519854!4d101.4549617!16s%2Fg%2F11mktn4yww!19sChIJC60MqEWt1TERXWuAh3EjWN0?authuser=0&hl=id&g_ep=EgoyMDI2MDkxNi4wIJJjKgBIAVAD&rclk=1
5759;SPPG TANGKERANG BARAT 1;Jl. Subayang 2 No.14, Tengkerang Bar., Marpoyan Damai, Kota Pekanbaru, Riau 28125;Riau;Kota Pekanbaru;Marpoyan Damai;T4 nama file;https://www.google.com/maps/place/SPPG+TANGKERANG+BARAT+1/data=!4m7!3m6!1s0x31d5a90048906947:0xbe341b249166ac81!8m2!3d0.4838891!4d101.4336672!16s%2Fg%2F11njcxyh_k!19sChIJR2mQSACp1TERgaxmkSQbNL4?authuser=0&hl=id&g_ep=EgoyMDI2MDkxNi4wIJJjKgBIAVAD&rclk=1
5760;DAPUR MBG - SPPG RSN (LANUD);Jl. Inpres No.2, Perhentian Marpoyan, Marpoyan Damai, Kota Pekanbaru, Riau 28289;Riau;Kota Pekanbaru;Marpoyan Damai;T4 nama file;https://www.google.com/maps/place/Dapur+MBG+-+SPPG+RSN+%28Lanud%29/data=!4m7!3m6!1s0x31d5a9006e590161:0xe98238a2020bcf18!8m2!3d0.4624712!4d101.4259338!16s%2Fg%2F11xl49h4w3!19sChIJYQFZbgCp1TERGM8LAqI4guk?authuser=0&hl=id&g_ep=EgoyMDI2MDkxNi4wIJJjKgBIAVAD&rclk=1
5761;SPPG POLDA RIAU;Jl. Pahlawan Kerja No.29-64, Perhentian Marpoyan, Marpoyan Damai, Kota Pekanbaru, Riau 28288;Riau;Kota Pekanbaru;Marpoyan Damai;T4 nama file;https://www.google.com/maps/place/SPPG+POLDA+RIAU/data=!4m7!3m6!1s0x31d5af0040b0ce61:0x169c0ca5f2a9109e!8m2!3d0.4592079!4d101.4502689!16s%2Fg%2F11npqn6xt6!19sChIJYc6wQACv1TERnhCp8qUMnBY?authuser=0&hl=id&g_ep=EgoyMDI2MDkxNi4wIJJjKgBIAVAD&rclk=1
5762;DAPUR SPPG SIDOMULYO TIMUR;Jl. Handayani Gg. Handayani IV, Sidomulyo Tim., Marpoyan Damai, Kota Pekanbaru, Riau 28125;Riau;Kota Pekanbaru;Marpoyan Damai;T4 nama file;https://www.google.com/maps/place/Dapur+SPPG+Sidomulyo+Timur/data=!4m7!3m6!1s0x31d5a90013bd8f43:0x636d52ca2aa56244!8m2!3d0.4430093!4d101.4213466!16s%2Fg%2F11nc2t661b!19sChIJQ4-9EwCp1TERRGKlKspSbWM?authuser=0&hl=id&g_ep=EgoyMDI2MDkxNi4wIJJjKgBIAVAD&rclk=1
5763;DAPUR SPPG TANGKERANG BARAT 08;Dapur SPPG Tangkerang Barat 08, Jl. Sembilang, Tengkerang Bar., Marpoyan Damai, Kota Pekanbaru, Riau 28124;Riau;Kota Pekanbaru;Marpoyan Damai;T4 nama file;https://www.google.com/maps/place/Dapur+SPPG+Tangkerang+Barat+08/data=!4m7!3m6!1s0x31d5a9004cd179fd:0x5d3ee49bc656fad3!8m2!3d0.5010091!4d101.433367!16s%2Fg%2F11yw3x8g9l!19sChIJ_XnRTACp1TER0_pWxpvkPl0?authuser=0&hl=id&g_ep=EgoyMDI2MDkxNi4wIJJjKgBIAVAD&rclk=1
5764;SPPG MAHARATU, MARPOYAN DAMAI;Jl. Pinang Merah No.1, Perhentian Marpoyan, Marpoyan Damai, Kota Pekanbaru, Riau 28288;Riau;Kota Pekanbaru;Marpoyan Damai;T4 nama file;https://www.google.com/maps/place/SPPG+Maharatu,+Marpoyan+Damai/data=!4m7!3m6!1s0x31d5af00483406dd:0xd2ebcf105a775660!8m2!3d0.4521256!4d101.4504197!16s%2Fg%2F11z515zqs_!19sChIJ3QY0SACv1TERYFZ3WhDP69I?authuser=0&hl=id&g_ep=EgoyMDI2MDkxNi4wIJJjKgBIAVAD&rclk=1
5765;SPPG PERHENTIAN MARPOYAN 1;Jl. Garuda Raya No.1, RT.002/RW.009, Perumahan Sidomulyo, Kelurahan Perhentian, Marpoyan Damai, Kota Pekanbaru, Riau 28125;Riau;Kota Pekanbaru;Marpoyan Damai;T4 nama file;https://www.google.com/maps/place/SPPG+Perhentian+Marpoyan+1/data=!4m7!3m6!1s0x31d5a70057492fb5:0x7d26fef705754eb9!8m2!3d0.4336723!4d101.4265132!16s%2Fg%2F11ntkr3_z9!19sChIJtS9JVwCn1TERuU51Bff-Jn0?authuser=0&hl=id&g_ep=EgoyMDI2MDkxNi4wIJJjKgBIAVAD&rclk=1
5766;SPPG RASA MELAYU RIAU;Sppg rasa melayu riau, Tengkerang Bar., Marpoyan Damai, Kota Pekanbaru, Riau 28124;Riau;Kota Pekanbaru;Marpoyan Damai;T4 nama file;https://www.google.com/maps/place/Sppg+rasa+melayu+riau/data=!4m7!3m6!1s0x31d5a9001ca115ef:0xbd44a22c40b090e9!8m2!3d0.5039489!4d101.4325065!16s%2Fg%2F11zcjh0y78!19sChIJ7xWhHACp1TER6ZCwQCyiRL0?authuser=0&hl=id&g_ep=EgoyMDI2MDkxNi4wIJJjKgBIAVAD&rclk=1
5767;SPPG POLDA RIAU 2;SPPG POLDA RIAU 2, Jl. Wr. Supratman Ujung, Suka Maju, Sail, Kota Pekanbaru, Riau 28127;Riau;Kota Pekanbaru;Marpoyan Damai;T4 nama file;https://www.google.com/maps/place/SPPG+POLDA+RIAU+2/data=!4m7!3m6!1s0x31d5af004d3effa1:0xd754b336355b0a3b!8m2!3d0.5134735!4d101.4566919!16s%2Fg%2F11mll7wp37!19sChIJof8-TQCv1TEROwpbNTazVNc?authuser=0&hl=id&g_ep=EgoyMDI2MDkxNi4wIJJjKgBIAVAD&rclk=1
5768;SPPG RUMBAI SRI MERANTI;SPPG RUMBAI SRI MERANTI, Sri Meranti, Rumbai, Kota Pekanbaru, Riau 28266;Riau;Kota Pekanbaru;Rumbai Barat;T4 nama file;https://www.google.com/maps/place/SPPG+RUMBAI+SRI+MERANTI/data=!4m7!3m6!1s0x31d5ab00214c4195:0xfea6e44b68f4af0a!8m2!3d0.5686669!4d101.4137361!16s%2Fg%2F11z12kmwdz!19sChIJlUFMIQCr1TERCq_0aEvkpv4?authuser=0&hl=id&g_ep=EgoyMDI2MDkxNi4wIJJjKgBIAVAD&rclk=1
5769;SPPG UMBANSARI 1;SPPG Umbansari 1, Umban Sari, Rumbai, Kota Pekanbaru, Riau 28266;Riau;Kota Pekanbaru;Rumbai Barat;T4 nama file;https://www.google.com/maps/place/SPPG+Umbansari+1/data=!4m7!3m6!1s0x31d5ab004b854065:0x3245d2a75f8cce55!8m2!3d0.5735932!4d101.4184317!16s%2Fg%2F11ynrbqn89!19sChIJZUCFSwCr1TERVc6MX6fSRTI?authuser=0&hl=id&g_ep=EgoyMDI2MDkxNi4wIJJjKgBIAVAD&rclk=1
5770;SPPG UMBAN SARI 3;SPPG Umban Sari 3, Jl. Patria Sari II, Umban Sari, Rumbai, Kota Pekanbaru, Riau 28266;Riau;Kota Pekanbaru;Rumbai Barat;T4 nama file;https://www.google.com/maps/place/SPPG+Umban+Sari+3/data=!4m7!3m6!1s0x31d5ab005b056b5f:0x94d45cd7f7222315!8m2!3d0.5725268!4d101.4230823!16s%2Fg%2F11ntkr2sd8!19sChIJX2sFWwCr1TERFSMi99dc1JQ?authuser=0&hl=id&g_ep=EgoyMDI2MDkxNi4wIJJjKgBIAVAD&rclk=1
5771;SPPG MBG DAPUR ANAK CERDAS - YAYASAN NURULINFALAH RIAU TERBILANG;SPPG MBG Dapur Anak Cerdas - Yayasan Nurulinfalah Riau Terbilang, Jl. Kurnia 1, RT.01/RW.02, Limbungan Baru, Rumbai, Kota Pekanbaru, Riau 28266;Riau;Kota Pekanbaru;Rumbai Barat;T4 nama file;https://www.google.com/maps/place/SPPG+MBG+Dapur+Anak+Cerdas+-+Yayasan+Nurulinfalah+Riau+Terbilang/data=!4m7!3m6!1s0x31d5ad0050919bdb:0x6d427b649182dc97!8m2!3d0.5654172!4d101.4472966!16s%2Fg%2F11z0yzm8p7!19sChIJ25uRUACt1TERl9yCkWR7Qm0?authuser=0&hl=id&g_ep=EgoyMDI2MDkxNi4wIJJjKgBIAVAD&rclk=1
5772;SPPG SRI MERANTI 4 PEKANBARU;Jl. Balai Pernikahan No.55, Limbungan Baru, Rumbai, Kota Pekanbaru, Riau 28266;Riau;Kota Pekanbaru;Rumbai Barat;T4 nama file;https://www.google.com/maps/place/SPPG+SRI+MERANTI+4+PEKANBARU/data=!4m7!3m6!1s0x31d5ad0063bae4f5:0x351c66c18f945a06!8m2!3d0.5647038!4d101.446969!16s%2Fg%2F11zbm99ntf!19sChIJ9eS6YwCt1TERBlqUj8FmHDU?authuser=0&hl=id&g_ep=EgoyMDI2MDkxNi4wIJJjKgBIAVAD&rclk=1
5773;SPPG UMBAN SARI 04;Gg. Buntu, Limbungan Baru, Rumbai, Kota Pekanbaru, Riau 28266;Riau;Kota Pekanbaru;Rumbai Barat;T4 nama file;https://www.google.com/maps/place/SPPG+UMBAN+SARI+04/data=!4m7!3m6!1s0x31d5ad0040f34a8d:0xce1c04f34bc7221d!8m2!3d0.5670889!4d101.4418896!16s%2Fg%2F11zb_p420x!19sChIJjUrzQACt1TERHSLHS_MEHM4?authuser=0&hl=id&g_ep=EgoyMDI2MDkxNi4wIJJjKgBIAVAD&rclk=1
5774;SPPG LIMBUNGAN BARU;Jl. Pembangunan No.28, Limbungan Baru, Rumbai, Kota Pekanbaru, Riau 28266;Riau;Kota Pekanbaru;Rumbai Barat;T4 nama file;https://www.google.com/maps/place/SPPG+LIMBUNGAN+BARU/data=!4m7!3m6!1s0x31d5ad00630dc899:0x1de219a9a129c7b!8m2!3d0.5617796!4d101.4375009!16s%2Fg%2F11zgk9st08!19sChIJmcgNYwCt1TERe5wSmpoh3gE?authuser=0&hl=id&g_ep=EgoyMDI2MDkxNi4wIJJjKgBIAVAD&rclk=1
5775;SPPG LEMBAH SARI;Jl. Pramuka No.7, Lembah Sari, Rumbai Timur, Kota Pekanbaru, Riau 28266;Riau;Kota Pekanbaru;Rumbai Barat;T4 nama file;https://www.google.com/maps/place/sppg+lembah+sari/data=!4m7!3m6!1s0x31d5ad005fcdcda1:0x31c1bf2313db4989!8m2!3d0.5708517!4d101.4483023!16s%2Fg%2F11yswd9h4r!19sChIJoc3NXwCt1TERiUnbEyO_wTE?authuser=0&hl=id&g_ep=EgoyMDI2MDkxNi4wIJJjKgBIAVAD&rclk=1
5776;DAPUR SPPG RUMBAI TIMUR;Dapur SPPG Rumbai Timur, sebelah kantor CamatJl. Pramuka, Ujung, RumbaiRumbai Timur, Kota Pekanbaru, Riau 28261;Riau;Kota Pekanbaru;Rumbai Barat;T4 nama file;https://www.google.com/maps/place/Dapur+SPPG+Rumbai+Timur/data=!4m7!3m6!1s0x31d5ad0046c27b3d:0x7220e2761b59dd06!8m2!3d0.5788288!4d101.4677181!16s%2Fg%2F11yrghqctq!19sChIJPXvCRgCt1TERBt1ZG3biIHI?authuser=0&hl=id&g_ep=EgoyMDI2MDkxNi4wIJJjKgBIAVAD&rclk=1
5777;SPPG UMBAN SARI;Jl. Pasir Sari No.12, Kelurahan Umban Sari, Rumbai, Pekanbaru City, Riau 28266;Riau;Kota Pekanbaru;Rumbai Barat;T4 nama file;https://www.google.com/maps/place/SPPG+UMBAN+SARI/data=!4m7!3m6!1s0x31d5ab007304b73f:0x63de400c610d443e!8m2!3d0.5710553!4d101.4226507!16s%2Fg%2F11ms50szpj!19sChIJP7cEcwCr1TERPkQNYQxA3mM?authuser=0&hl=id&g_ep=EgoyMDI2MDkxNi4wIJJjKgBIAVAD&rclk=1
5778;SPPG BUKIT RAYA AIR DINGIN;SPPG Bukit Raya Air Dingin, Gg. Lestari V, Simpang Tiga, Bukit Raya, Kota Pekanbaru, Riau 28288;Riau;Kota Pekanbaru;Bukit Raya;T4 nama file;https://www.google.com/maps/place/SPPG+Bukit+Raya+Air+Dingin/data=!4m7!3m6!1s0x31d5af00394f27b1:0x5b161422bdcdfe69!8m2!3d0.4516834!4d101.4562919!16s%2Fg%2F11zfrc8z18!19sChIJsSdPOQCv1TERaf7NvSIUFls?authuser=0&hl=id&g_ep=EgoyMDI2MDkxNi4wIJJjKgBIAVAD&rclk=1
5779;SPPG BUKIT RAYA AIR DINGIN 2;SPPG BUKIT RAYA AIR DINGIN 2, Jl. Tengku Bey, Simpang Tiga, jalan seimintan, Kota Pekanbaru, Riau 28282;Riau;Kota Pekanbaru;Bukit Raya;T4 nama file;https://www.google.com/maps/place/SPPG+BUKIT+RAYA+AIR+DINGIN+2/data=!4m7!3m6!1s0x31d5af00398a068b:0x7c553740e28d863c!8m2!3d0.4506427!4d101.4751617!16s%2Fg%2F11npqfxc_m!19sChIJiwaKOQCv1TERPIaN4kA3VXw?authuser=0&hl=id&g_ep=EgoyMDI2MDkxNi4wIJJjKgBIAVAD&rclk=1
5780;SPPG KHUSUS KOTA PEKANBARU;Jl. Teratai No.33, Sukajadi, Kota Pekanbaru, Riau 28156;Riau;Kota Pekanbaru;Sukajadi;T4 nama file;https://www.google.com/maps/place/SPPG+Khusus+Kota+Pekanbaru/data=!4m7!3m6!1s0x31d5ad001569820d:0x35fb020debb583c9!8m2!3d0.5273522!4d101.4408353!16s%2Fg%2F11y0zwd_v6!19sChIJDYJpFQCt1TERyYO16w0C-zU?authuser=0&hl=id&g_ep=EgoyMDI2MDkxNi4wIJJjKgBIAVAD&rclk=1
5781;SPPG SUKAJADI KAMPUNG MELAYU 2;Jl. Bangau No.10, Kp. Melayu, Sukajadi, Kota Pekanbaru, Riau 28124;Riau;Kota Pekanbaru;Sukajadi;T4 nama file;https://www.google.com/maps/place/SPPG+Sukajadi+Kampung+Melayu+2/data=!4m7!3m6!1s0x31d5af003a6566eb:0xc6c957cf3b17fe60!8m2!3d0.5130541!4d101.4359796!16s%2Fg%2F11n3byxjmp!19sChIJ62ZlOgCv1TERYP4XO89XycY?authuser=0&hl=id&g_ep=EgoyMDI2MDkxNi4wIJJjKgBIAVAD&rclk=1
5782;SPPG KOTA PEKANBARU LIMA PULUH SEKIP 3;SPPG Kota Pekanbaru Lima Puluh Sekip 3, Rintis, Lima Puluh, Kota Pekanbaru, Riau 28155;Riau;Kota Pekanbaru;Lima Puluh;T4 nama file;https://www.google.com/maps/place/SPPG+Kota+Pekanbaru+Lima+Puluh+Sekip+3/data=!4m7!3m6!1s0x31d5ad002d9c45bb:0x341c808f20471693!8m2!3d0.5304107!4d101.4562254!16s%2Fg%2F11njggfy27!19sChIJu0WcLQCt1TERkxZHII-AHDQ?authuser=0&hl=id&g_ep=EgoyMDI2MDkxNi4wIJJjKgBIAVAD&rclk=1
5783;SPPG LIMA PULUH RINTIS;Gg. Tamsir No.16, Rintis, Lima Puluh, Kota Pekanbaru, Riau 28212;Riau;Kota Pekanbaru;Lima Puluh;T4 nama file;https://www.google.com/maps/place/SPPG+LIMA+PULUH+RINTIS/data=!4m7!3m6!1s0x31d5ad001f6461eb:0x4829a6a9ebb6fcd0!8m2!3d0.5305291!4d101.4558777!16s%2Fg%2F11zjkqnsfs!19sChIJ62FkHwCt1TER0Py266mmKUg?authuser=0&hl=id&g_ep=EgoyMDI2MDkxNi4wIJJjKgBIAVAD&rclk=1
5784;SPPG KOTA TINGGI;Jl. Bintara No.20, Kota Tinggi, Pekanbaru Kota, Kota Pekanbaru, Riau 28155;Riau;Kota Pekanbaru;Lima Puluh;T4 nama file;https://www.google.com/maps/place/Sppg+Kota+Tinggi/data=!4m7!3m6!1s0x31d5ad007d2ac515:0x98c747a4254a6f92!8m2!3d0.5289395!4d101.4491854!16s%2Fg%2F11m_760m6_!19sChIJFcUqfQCt1TERkm9KJaRHx5g?authuser=0&hl=id&g_ep=EgoyMDI2MDkxNi4wIJJjKgBIAVAD&rclk=1
5785;SPPG LIMA PULUH SEKIP;SPPG Lima Puluh Sekip, Jl. Sungai Kampar No.66 b, Sekip, Lima Puluh, Kota Pekanbaru, Riau 28151;Riau;Kota Pekanbaru;Lima Puluh;T4 nama file;https://www.google.com/maps/place/SPPG+Lima+Puluh+Sekip/data=!4m7!3m6!1s0x31d5ad0079dec825:0x34655af98bc79fc1!8m2!3d0.5334978!4d101.4601701!16s%2Fg%2F11xw79ttg0!19sChIJJcjeeQCt1TERwZ_Hi_laZTQ?authuser=0&hl=id&g_ep=EgoyMDI2MDkxNi4wIJJjKgBIAVAD&rclk=1
5786;SPPG SENAPELAN KAMPUNG BARU;Jl. Jati No.5, Kelurahan Kampung Baru, Senapelan, Pekanbaru City, Riau 28155;Riau;Kota Pekanbaru;Senapelan;T4 nama file;https://www.google.com/maps/place/SPPG+Senapelan+Kampung+Baru/data=!4m7!3m6!1s0x31d5add2c4e5b621:0x9b70d8f608a20f86!8m2!3d0.5372046!4d101.4348641!16s%2Fg%2F11zcgppg16!19sChIJIbblxNKt1TERhg-iCPbYcJs?authuser=0&hl=id&g_ep=EgoyMDI2MDkxNi4wIJJjKgBIAVAD&rclk=1
5787;SPPG SENAPELAN 01;Jl. Jati No.19 a, Kp. Baru, Senapelan, Kota Pekanbaru, Riau 28155;Riau;Kota Pekanbaru;Senapelan;T4 nama file;https://www.google.com/maps/place/Sppg+Senapelan+01/data=!4m7!3m6!1s0x31d5ad00047877b7:0xf9578dcc529adcf6!8m2!3d0.5372798!4d101.4339415!16s%2Fg%2F11z207f9jr!19sChIJt3d4BACt1TER9tyaUsyNV_k?authuser=0&hl=id&g_ep=EgoyMDI2MDkxNi4wIJJjKgBIAVAD&rclk=1
5788;SPPG SENAPELAN KAMPUNG BARU 2;SPPG SENAPELAN KAMPUNG BARU 2, Kp. Bandar, Senapelan, Kota Pekanbaru, Riau 28155;Riau;Kota Pekanbaru;Senapelan;T4 nama file;https://www.google.com/maps/place/SPPG+SENAPELAN+KAMPUNG+BARU+2/data=!4m7!3m6!1s0x31d5ad003c89a507:0xa760869e45cc6e1b!8m2!3d0.537555!4d101.4410014!16s%2Fg%2F11y_kg29zf!19sChIJB6WJPACt1TERG27MRZ6GYKc?authuser=0&hl=id&g_ep=EgoyMDI2MDkxNi4wIJJjKgBIAVAD&rclk=1
5789;SPPG PEISIR;Jl. Tanjung Datuk No.193a, Pesisir, Lima Puluh, Kota Pekanbaru, Riau 28155;Riau;Kota Pekanbaru;Pekanbaru Kota;T4 nama file;https://www.google.com/maps/place/SPPG+PEISIR/data=!4m7!3m6!1s0x31d5ad003350401f:0x3f57f787cef5baf2!8m2!3d0.5382391!4d101.4564837!16s%2Fg%2F11nqwww6k1!19sChIJH0BQMwCt1TER8rr1zof3Vz8?authuser=0&hl=id&g_ep=EgoyMDI2MDkxNi4wIJJjKgBIAVAD&rclk=1
5790;SPPG RINTIS;SPPG RINTIS, Jl. Tanjung Datuk No.193 B, Pesisir, Lima Puluh, Kota Pekanbaru, Riau 28144;Riau;Kota Pekanbaru;Pekanbaru Kota;T4 nama file;https://www.google.com/maps/place/SPPG+RINTIS/data=!4m7!3m6!1s0x31d5ad002131d4e9:0x2a638636c001def4!8m2!3d0.5381111!4d101.4565685!16s%2Fg%2F11z73tgg4b!19sChIJ6dQxIQCt1TER9N4BwDaGYyo?authuser=0&hl=id&g_ep=EgoyMDI2MDkxNi4wIJJjKgBIAVAD&rclk=1
5791;SPPG RINTIS 4;Jl. Gn. Agung No.6, Sekip, Lima Puluh, Kota Pekanbaru, Riau 28114;Riau;Kota Pekanbaru;Pekanbaru Kota;T4 nama file;https://www.google.com/maps/place/SPPG+RINTIS+4/data=!4m7!3m6!1s0x31d5ad0007f03231:0x2904867627ea7733!8m2!3d0.526199!4d101.4601448!16s%2Fg%2F11z26p66m_!19sChIJMTLwBwCt1TERM3fqJ3aGBCk?authuser=0&hl=id&g_ep=EgoyMDI2MDkxNi4wIJJjKgBIAVAD&rclk=1
5792;SPPG RINTIS 3 KOTA PEKANBARU;Jl. Dr. Sutomo No.30, Rintis, Lima Puluh, Kota Pekanbaru, Riau 28928;Riau;Kota Pekanbaru;Pekanbaru Kota;T4 nama file;https://www.google.com/maps/place/Sppg+Rintis+3+Kota+Pekanbaru/data=!4m7!3m6!1s0x31d5ad93069d1365:0x7c53affefd3b0afd!8m2!3d0.5353513!4d101.4563141!16s%2Fg%2F11n4phss2h!19sChIJZROdBpOt1TER_Qo7_f6vU3w?authuser=0&hl=id&g_ep=EgoyMDI2MDkxNi4wIJJjKgBIAVAD&rclk=1
5793;SPPG BGN MELUR;Jalan Melur Panam No.515, Sidomulyo Bar., Kec. Tampan, Kota Pekanbaru, Riau 28294;Riau;Kota Pekanbaru;Pekanbaru Kota;T4 nama file;https://www.google.com/maps/place/SPPG+BGN+MELUR/data=!4m7!3m6!1s0x31d5a9002ce00193:0x292a004c3069ae52!8m2!3d0.4618841!4d101.4110801!16s%2Fg%2F11x6y429fj!19sChIJkwHgLACp1TERUq5pMEwAKik?authuser=0&hl=id&g_ep=EgoyMDI2MDkxNi4wIJJjKgBIAVAD&rclk=1
5794;DAPUR MBG ( SPPG CAIS PURWODADI );Dapur MBG ( SPPG CAIS PURWODADI ), Sidomulyo Bar., Kec. Tampan, Kota Pekanbaru, Riau 28294;Riau;Kota Pekanbaru;Pekanbaru Kota;T4 nama file;https://www.google.com/maps/place/Dapur+MBG+%28+SPPG+CAIS+PURWODADI+%29/data=!4m7!3m6!1s0x31d5a90038dff61d:0x8da25bfc1104134a!8m2!3d0.4561565!4d101.4028162!16s%2Fg%2F11zktr0cmm!19sChIJHfbfOACp1TERShMEEfxboo0?authuser=0&hl=id&g_ep=EgoyMDI2MDkxNi4wIJJjKgBIAVAD&rclk=1
5795;DAPUR SPPG;Dapur sppg, Jl. Pemuda, Rejosari, Tenayan Raya, Kota Pekanbaru, Riau 28111;Riau;Kota Pekanbaru;Pekanbaru Kota;T4 nama file;https://www.google.com/maps/place/Dapur+sppg/data=!4m7!3m6!1s0x31d5ad005246445d:0x7148cdea78f88be1!8m2!3d0.520576!4d101.4792363!16s%2Fg%2F11nts23j44!19sChIJXURGUgCt1TER4Yv4eOrNSHE?authuser=0&hl=id&g_ep=EgoyMDI2MDkxNi4wIJJjKgBIAVAD&rclk=1
5796;SPPG SAIL SUKAMAJU 2;SPPG Sail Sukamaju 2, Jl. Ronggowarsito, Suka Maju, Sail, Kota Pekanbaru, Riau 28127;Riau;Kota Pekanbaru;Pekanbaru Kota;T4 nama file;https://www.google.com/maps/place/SPPG+Sail+Sukamaju+2/data=!4m7!3m6!1s0x31d5af0018938dd9:0xb46e9f4e9d29718f!8m2!3d0.5131359!4d101.4627471!16s%2Fg%2F11ym07p6rj!19sChIJ2Y2TGACv1TERj3EpnU6fbrQ?authuser=0&hl=id&g_ep=EgoyMDI2MDkxNi4wIJJjKgBIAVAD&rclk=1
5797;SPPG CINTA RAJA, SAIL 01;no 9 E, Jl. Kembang Selasih No.9, Cinta Raja, Sail, Kota Pekanbaru, Riau 28127;Riau;Kota Pekanbaru;Pekanbaru Kota;T4 nama file;https://www.google.com/maps/place/SPPG+CINTA+RAJA,+SAIL+01/data=!4m7!3m6!1s0x31d5af002138c9cf:0x2e18b2820236e388!8m2!3d0.5083071!4d101.4565455!16s%2Fg%2F11zksv5qvd!19sChIJz8k4IQCv1TERiOM2AoKyGC4?authuser=0&hl=id&g_ep=EgoyMDI2MDkxNi4wIJJjKgBIAVAD&rclk=1
5798;SPPG PADANG BULAN;SPPG Padang Bulan, Jl. Melati, & Jl. Seroja, Padang Bulan, Senapelan, Kota Pekanbaru, Riau 28156;Riau;Kota Pekanbaru;Pekanbaru Kota;T4 nama file;https://www.google.com/maps/place/SPPG+Padang+Bulan/data=!4m7!3m6!1s0x31d5ad002af04e53:0xf1a1d99d84382b2b!8m2!3d0.5296692!4d101.4373258!16s%2Fg%2F11z4vl3kfz!19sChIJU07wKgCt1TERKys4hJ3ZofE?authuser=0&hl=id&g_ep=EgoyMDI2MDkxNi4wIJJjKgBIAVAD&rclk=1
5799;SPPG SAIL BERKAH ARRAHMAN MULIA;No.122Suka, Jl. Dwikora, MuliaKec, Sail, Pekanbaru City, Riau 28111;Riau;Kota Pekanbaru;Sail;T4 nama file;https://www.google.com/maps/place/SPPG+SAIL+BERKAH+ARRAHMAN+MULIA/data=!4m7!3m6!1s0x31d5ad004cd09eb5:0xa90da7c569882426!8m2!3d0.5228039!4d101.4644283!16s%2Fg%2F11njtp03qj!19sChIJtZ7QTACt1TERJiSIacWnDak?authuser=0&hl=id&g_ep=EgoyMDI2MDkxNi4wIJJjKgBIAVAD&rclk=1
5800;SPPG KOTA PEKANBARU LABUH BARU TIMUR 06;Jl. Laban No.18d, Labuh Baru Bar., Payung Sekaki, Kota Pekanbaru, Riau 28292;Riau;Kota Pekanbaru;Payung Sekaki;T4 nama file;https://www.google.com/maps/place/SPPG+Kota+Pekanbaru+Labuh+Baru+Timur+06/data=!4m7!3m6!1s0x31d5a9001a57d963:0x10ae00a924579aff!8m2!3d0.5102487!4d101.4166254!16s%2Fg%2F11z8h78zsb!19sChIJY9lXGgCp1TER_5pXJKkArhA?authuser=0&hl=id&g_ep=EgoyMDI2MDkxNi4wIJJjKgBIAVAD&rclk=1
5801;SPPG PAYUNG SEKAKI;Jl. Karya Bakti No.14, Air Hitam, Payung Sekaki, Kota Pekanbaru, Riau 28291;Riau;Kota Pekanbaru;Payung Sekaki;T4 nama file;https://www.google.com/maps/place/SPPG+Payung+Sekaki/data=!4m7!3m6!1s0x31d5ab00208e59a5:0x5c62ab2a144ae7cd!8m2!3d0.5328229!4d101.4145109!16s%2Fg%2F11z8cw54rb!19sChIJpVmOIACr1TERzedKFCqrYlw?authuser=0&hl=id&g_ep=EgoyMDI2MDkxNi4wIJJjKgBIAVAD&rclk=1
5802;SPPG LABUH BARU TIMUR;SPPG Labuh Baru Timur, Labuh Baru Tim., Payung Sekaki, Kota Pekanbaru, Riau 28292;Riau;Kota Pekanbaru;Payung Sekaki;T4 nama file;https://www.google.com/maps/place/SPPG+Labuh+Baru+Timur/data=!4m7!3m6!1s0x31d5ab000d4c2807:0xb9b5472eff5e061b!8m2!3d0.5179262!4d101.420668!16s%2Fg%2F11ylswy3n3!19sChIJByhMDQCr1TERGwZe_y5Htbk?authuser=0&hl=id&g_ep=EgoyMDI2MDkxNi4wIJJjKgBIAVAD&rclk=1
5803;SPPG MUTIARA INSHANI INDONESIA;SPPG Mutiara Inshani Indonesia, Jl. Imam Munandar, Sialang Sakti, Tenayan Raya, Kota Pekanbaru, Riau 28131;Riau;Kota Pekanbaru;Tenayan Raya;T4 nama file;https://www.google.com/maps/place/SPPG+Mutiara+Inshani+Indonesia/data=!4m7!3m6!1s0x31d5af00208047e3:0xb0d793465524ca0!8m2!3d0.4980628!4d101.506384!16s%2Fg%2F11z6q1x0ft!19sChIJ40eAIACv1TERoExSZTR5DQs?authuser=0&hl=id&g_ep=EgoyMDI2MDkxNi4wIJJjKgBIAVAD&rclk=1
5804;SPPG PEKANBARU TENAYAN RAYA;SPPG PEKANBARU TENAYAN RAYA, Jl. Kapau Sari, Kelurahan Pematang Kapau, Kulim, Kota Pekanbaru, Riau 28131;Riau;Kota Pekanbaru;Tenayan Raya;T4 nama file;https://www.google.com/maps/place/SPPG+PEKANBARU+TENAYAN+RAYA/data=!4m7!3m6!1s0x31d5af0046c95615:0x7a330ca386798faa!8m2!3d0.4840139!4d101.4954704!16s%2Fg%2F11zh26wcrh!19sChIJFVbJRgCv1TERqo95hqMMM3o?authuser=0&hl=id&g_ep=EgoyMDI2MDkxNi4wIJJjKgBIAVAD&rclk=1
5805;SPPG NUSAIBAH (DAPUR MBG);SPPG NUSAIBAH (DAPUR MBG), Jl. Selamat, Kelurahan Pematang Kapau, Kulim, Kota Pekanbaru, Riau 28131;Riau;Kota Pekanbaru;Tenayan Raya;T4 nama file;https://www.google.com/maps/place/SPPG+NUSAIBAH+%28DAPUR+MBG%29/data=!4m7!3m6!1s0x31d5af004ef7d8a5:0x45b760871a1b493c!8m2!3d0.4871936!4d101.4877209!16s%2Fg%2F11ytglcf04!19sChIJpdj3TgCv1TERPEkbGodgt0U?authuser=0&hl=id&g_ep=EgoyMDI2MDkxNi4wIJJjKgBIAVAD&rclk=1
5806;SPPG SIALANG SAKTI TENAYAN;SPPG Sialang Sakti Tenayan, Jl. Budi Luhur, Kulim, Tenayan Raya, Kota Pekanbaru, Riau 28282;Riau;Kota Pekanbaru;Tenayan Raya;T4 nama file;https://www.google.com/maps/place/SPPG+Sialang+Sakti+Tenayan/data=!4m7!3m6!1s0x31d5b10037cd8811:0x3d58c1f03056349c!8m2!3d0.4844166!4d101.5274658!16s%2Fg%2F11nvyp20lp!19sChIJEYjNNwCx1TERnDRWMPDBWD0?authuser=0&hl=id&g_ep=EgoyMDI2MDkxNi4wIJJjKgBIAVAD&rclk=1
5807;SPPG BENCAHLESUNG;Jl. Harapan Raya Ujung, Ruko ASL No.1 A, Kelurahan Sialang Sakti, Tenayan Raya, Pekanbaru City, Riau 28131;Riau;Kota Pekanbaru;Tenayan Raya;T4 nama file;https://www.google.com/maps/place/SPPG+BENCAHLESUNG/data=!4m7!3m6!1s0x31d5af002dcb7229:0xd01831e937bda131!8m2!3d0.4986304!4d101.5070994!16s%2Fg%2F11y0xqg5dy!19sChIJKXLLLQCv1TERMaG9N-kxGNA?authuser=0&hl=id&g_ep=EgoyMDI2MDkxNi4wIJJjKgBIAVAD&rclk=1
5809;SPPG TUAH MADANI 1;;Riau;Kota Pekanbaru;Tuahmadani;T4 nama file;https://www.google.com/maps/place/SPPG+TUAH+MADANI+1/data=!4m7!3m6!1s0x491579be672846d9:0x27a6d9b9a268b2dd!8m2!3d-2.44565!4d117.8888!16s%2Fg%2F11mt7ggv8_!19sChIJ2UYoZ755FUkR3bJoornZpic?authuser=0&hl=id&g_ep=EgoyMDI2MDkxNi4wIJJjKgBIAVAD&rclk=1
5810;SPPG TUAH MADANI 2;SPPG TUAH MADANI 2, Jl. Ega V, Sidomulyo Bar., Kec. Tampan, Kota Pekanbaru, Riau 28294;Riau;Kota Pekanbaru;Tuahmadani;T4 nama file;https://www.google.com/maps/place/SPPG+TUAH+MADANI+2/data=!4m7!3m6!1s0x31d5a900721414ef:0x94c9f505e71bc65d!8m2!3d0.4553841!4d101.407405!16s%2Fg%2F11yzt7ryx_!19sChIJ7xQUcgCp1TERXcYb5wX1yZQ?authuser=0&hl=id&g_ep=EgoyMDI2MDkxNi4wIJJjKgBIAVAD&rclk=1
5811;SPPG ROKAN GROUP (TUAH MADANI 08);Komp, Jl. Marsan Sejahtera Jl. Rina II No.1, Sidomulyo Bar., Kec. Tampan, Kota Pekanbaru, Riau 28294;Riau;Kota Pekanbaru;Tuahmadani;T4 nama file;https://www.google.com/maps/place/SPPG+Rokan+Group+%28Tuah+Madani+08%29/data=!4m7!3m6!1s0x31d5a900410c331b:0x94b7169b89520e0c!8m2!3d0.4593613!4d101.4089239!16s%2Fg%2F11yq5_c5pb!19sChIJGzMMQQCp1TERDA5SiZsWt5Q?authuser=0&hl=id&g_ep=EgoyMDI2MDkxNi4wIJJjKgBIAVAD&rclk=1
5812;SPPG KOTA PEKANBARU TUAHMADANI TUAHKARYA 2;SPPG KOTA PEKANBARU TUAHMADANI TUAHKARYA 2, Tuah Karya, Kec. Tampan, Kota Pekanbaru, Riau 28293;Riau;Kota Pekanbaru;Tuahmadani;T4 nama file;https://www.google.com/maps/place/SPPG+KOTA+PEKANBARU+TUAHMADANI+TUAHKARYA+2/data=!4m7!3m6!1s0x31d5a9006739b94f:0x54124ad6e0549f4c!8m2!3d0.4570513!4d101.3734205!16s%2Fg%2F11yqbx8gxl!19sChIJT7k5ZwCp1TERTJ9U4NZKElQ?authuser=0&hl=id&g_ep=EgoyMDI2MDkxNi4wIJJjKgBIAVAD&rclk=1
5813;SPPG KULIM MENTANGOR 002;;Riau;Kota Pekanbaru;Kulim;T4 nama file;https://www.google.com/maps/place/SPPG+Kulim+Mentangor+002/data=!4m7!3m6!1s0x6a4846fcf41c5d69:0x2c7b9d732720c5e3!8m2!3d0.486891!4d101.5506566!16s%2Fg%2F11y_5qh3xw!19sChIJaV0c9PxGSGoR48UgJ3Odeyw?authuser=0&hl=id&g_ep=EgoyMDI2MDkxNi4wIJJjKgBIAVAD&rclk=1
5814;DAPUR MBG - SPPG KAPAU SARI;Jl. Kapau Sari No.46, Kelurahan Pematang Kapau, Kulim, Pekanbaru City, Riau 28131;Riau;Kota Pekanbaru;Kulim;T4 nama file;https://www.google.com/maps/place/Dapur+MBG+-+SPPG+Kapau+Sari/data=!4m7!3m6!1s0x31d5af004370e89f:0xb60cca11cbdb43bd!8m2!3d0.4847758!4d101.4953592!16s%2Fg%2F11yvx1nmxs!19sChIJn-hwQwCv1TERvUPbyxHKDLY?authuser=0&hl=id&g_ep=EgoyMDI2MDkxNi4wIJJjKgBIAVAD&rclk=1
5815;SPPG TELUK PIYAI;;Riau;Kota Pekanbaru;Kulim;T4 nama file;https://www.google.com/maps/place/SPPG+TELUK+PIYAI/data=!4m7!3m6!1s0x2061ea395a441c3d:0x60f95659b50c11d3!8m2!3d-2.44565!4d117.8888!16s%2Fg%2F11n4py6g19!19sChIJPRxEWjnqYSAR0xEMtVlW-WA?authuser=0&hl=id&g_ep=EgoyMDI2MDkxNi4wIJJjKgBIAVAD&rclk=1
5816;SPPG TANGKERANG UTARA;Jl. Sidodadi No.5, Tengkerang Utara, Bukit Raya, Kota Pekanbaru, Riau 28289;Riau;Kota Pekanbaru;Kulim;T4 nama file;https://www.google.com/maps/place/SPPG+Tangkerang+Utara/data=!4m7!3m6!1s0x31d5af00235a0bf3:0x2ad863e75ba5a994!8m2!3d0.5011875!4d101.4766078!16s%2Fg%2F11zh62tftt!19sChIJ8wtaIwCv1TERlKmlW-dj2Co?authuser=0&hl=id&g_ep=EgoyMDI2MDkxNi4wIJJjKgBIAVAD&rclk=1
5817;SPPG KAMPUNG MELAYU;Jl. Serati No.4, Kp. Melayu, Sukajadi, Kota Pekanbaru, Riau 28122;Riau;Kota Pekanbaru;Kulim;T4 nama file;https://www.google.com/maps/place/SPPG+Kampung+Melayu/data=!4m7!3m6!1s0x31d5af0026f77c5f:0x2e226c836d4bc8cd!8m2!3d0.5124811!4d101.4343243!16s%2Fg%2F11zh72sdcm!19sChIJX3z3JgCv1TERzchLbYNsIi4?authuser=0&hl=id&g_ep=EgoyMDI2MDkxNi4wIJJjKgBIAVAD&rclk=1
5819;SPPG BERINGIN TALUK (MBG);SPPG Beringin Taluk (MBG), Jl. Borangan, Beringin Taluk, Kuantan Tengah, Kuantan Singingi Regency, Riau 29566;Riau;Kuantan Singingi;Gunungtoar;T4 nama file;https://www.google.com/maps/place/SPPG+Beringin+Taluk+%28MBG%29/data=!4m7!3m6!1s0x2e2a4d0038bcccbf:0x37ba71d5f8724a70!8m2!3d-0.5186232!4d101.5705137!16s%2Fg%2F11z4xr5j5n!19sChIJv8y8OABNKi4RcEpy-NVxujc?authuser=0&hl=id&g_ep=EgoyMDI2MDkxNi4wIJJjKgBIAVAD&rclk=1
5820;SPPG BERINGIN TALUK;SPPG BERINGIN TALUK, Jl. Borangan, Beringin Taluk, Kuantan Tengah, Kuantan Singingi Regency, Riau 29566;Riau;Kuantan Singingi;Gunungtoar;T4 nama file;https://www.google.com/maps/place/SPPG+BERINGIN+TALUK/data=!4m7!3m6!1s0x2e2a4d0002a53811:0xa8e97d88e8586d85!8m2!3d-0.5186082!4d101.5705606!16s%2Fg%2F11z5n9xpwt!19sChIJETilAgBNKi4RhW1Y6Ih96ag?authuser=0&hl=id&g_ep=EgoyMDI2MDkxNi4wIJJjKgBIAVAD&rclk=1
5821;SPPG PETAI BARU KEC. SINGINGI KAB. KUANSING;SPPG PETAI BARU KEC. SINGINGI KAB. KUANSING, Sungai Kuning, Kec. Singingi, Kabupaten Kuantan Singingi, Riau 29563;Riau;Kuantan Singingi;Singingi Hilir;T4 nama file;https://www.google.com/maps/place/SPPG+PETAI+BARU+KEC.+SINGINGI+KAB.+KUANSING/data=!4m7!3m6!1s0x2e2a5f00362b996d:0x669aff96be28edce!8m2!3d-0.3275405!4d101.4262855!16s%2Fg%2F11z5rdp517!19sChIJbZkrNgBfKi4Rzu0ovpb_mmY?authuser=0&hl=id&g_ep=EgoyMDI2MDkxNi4wIJJjKgBIAVAD&rclk=1
5823;SPPG KUANTAN SINGINGI SINGINGI HILIR PETAI;SPPG Kuantan Singingi Singingi Hilir Petai, Koto Baru, Singingi Hilir, Kuantan Singingi Regency, Riau 29563;Riau;Kuantan Singingi;Singingi Hilir;T4 nama file;https://www.google.com/maps/place/SPPG+Kuantan+Singingi+Singingi+Hilir+Petai/data=!4m7!3m6!1s0x2e2a8b007af130a5:0xc7d68c89e70b4f55!8m2!3d-0.2606458!4d101.3245788!16s%2Fg%2F11z8j_j0gy!19sChIJpTDxegCLKi4RVU8L54mM1sc?authuser=0&hl=id&g_ep=EgoyMDI2MDkxNi4wIJJjKgBIAVAD&rclk=1
5854;SPPG DAPUR HARMONI KERINCI;SPPG Dapur Harmoni Kerinci, Pangkalan Kerinci Barat, Pangkalan Kerinci, Pelalawan Regency, Riau 28654;Riau;Pelalawan;Pangkalan Kerinci;T4 nama file;https://www.google.com/maps/place/SPPG+Dapur+Harmoni+Kerinci/data=!4m7!3m6!1s0x31d5c500050d0be9:0x27d2574e675e54c4!8m2!3d0.3869106!4d101.8458346!16s%2Fg%2F11xvr0g6r1!19sChIJ6QsNBQDF1TERxFReZ05X0ic?authuser=0&hl=id&g_ep=EgoyMDI2MDkxNi4wIJJjKgBIAVAD&rclk=1
5873;SPPG BELANTARA TUNAS SURYA;;Riau;Rokan Hilir;Balai Jaya;T4 nama file;https://www.google.com/maps/place/SPPG+BELANTARA+TUNAS+SURYA/data=!4m7!3m6!1s0x6b4bc0e8b69bd391:0xbda7a53352d943da!8m2!3d-2.44565!4d117.8888!16s%2Fg%2F11mz2b9xq6!19sChIJkdObtujAS2sR2kPZUjOlp70?authuser=0&hl=id&g_ep=EgoyMDI2MDkxNi4wIJJjKgBIAVAD&rclk=1
5875;SPPG PERAWANG KM10;;Riau;Rokan Hilir;Balai Jaya;T4 nama file;https://www.google.com/maps/place/SPPG+PERAWANG+KM10/data=!4m7!3m6!1s0x4bdd2e8cdaa11561:0x442318b140a9625c!8m2!3d2.066432!4d100.5359029!16s%2Fg%2F11n4py2002!19sChIJYRWh2owu3UsRXGKpQLEYI0Q?authuser=0&hl=id&g_ep=EgoyMDI2MDkxNi4wIJJjKgBIAVAD&rclk=1
5877;SPPG SINTONG PUSAKA;Jl. Putri Hijau-Sintong, Sintong, Tanah Putih, Rokan Hilir Regency, Riau 28983;Riau;Rokan Hilir;Batu Hampar;T4 nama file;https://www.google.com/maps/place/SPPG+SINTONG+PUSAKA/data=!4m7!3m6!1s0x31d33fb69ea07a7f:0xa9468625c2999e07!8m2!3d1.5111362!4d100.965394!16s%2Fg%2F11z7tsr0dd!19sChIJf3qgnrY_0zERB56ZwiWGRqk?authuser=0&hl=id&g_ep=EgoyMDI2MDkxNi4wIJJjKgBIAVAD&rclk=1
5883;SPPG ROKAN HILIR PASIR LIMAU KAPAS PANIPAHAN;SPPG ROKAN HILIR PASIR LIMAU KAPAS PANIPAHAN, Jl. Kuning Jalil, Panipahan, Pasir Limau Kapas, Kabupaten Rokan Hilir, Riau 28991;Riau;Rokan Hilir;Pasir Limau Kapas;T4 nama file;https://www.google.com/maps/place/SPPG+ROKAN+HILIR+PASIR+LIMAU+KAPAS+PANIPAHAN/data=!4m7!3m6!1s0x3032a1004422053b:0x7da55bffcf2ca33c!8m2!3d2.461513!4d100.3397407!16s%2Fg%2F11zbs9z40k!19sChIJOwUiRAChMjARPKMsz_9bpX0?authuser=0&hl=id&g_ep=EgoyMDI2MDkxNi4wIJJjKgBIAVAD&rclk=1
5884;SPPG ROKAN HILIR PASIR LIMAU KAPAS TELUK PULAI;SPPG ROKAN HILIR PASIR LIMAU KAPAS TELUK PULAI, Tlk. Pulai, Pasir Limau Kapas, Kabupaten Rokan Hilir, Riau 28991;Riau;Rokan Hilir;Pasir Limau Kapas;T4 nama file;https://www.google.com/maps/place/SPPG+ROKAN+HILIR+PASIR+LIMAU+KAPAS+TELUK+PULAI/data=!4m7!3m6!1s0x3032a100132c1b51:0xa58326f0ac4b6ac2!8m2!3d2.4821786!4d100.330757!16s%2Fg%2F11nph_rqk2!19sChIJURssEwChMjARwmpLrPAmg6U?authuser=0&hl=id&g_ep=EgoyMDI2MDkxNi4wIJJjKgBIAVAD&rclk=1
5895;SPPG PASIR UTAMA;SPPG PASIR UTAMA, Pasir Utama, Rambah Hilir, Rokan Hulu Regency, Riau 28558;Riau;Rokan Hulu;Rambah;T4 nama file;https://www.google.com/maps/place/SPPG+PASIR+UTAMA/data=!4m7!3m6!1s0x302b410045885689:0xe1ff82530bab9bf7!8m2!3d0.9472222!4d100.3104104!16s%2Fg%2F11z6fcxn16!19sChIJiVaIRQBBKzAR95urC1OC_-E?authuser=0&hl=id&g_ep=EgoyMDI2MDkxNi4wIJJjKgBIAVAD&rclk=1
5899;SPPG PEMATANG TEBIH YAYASAN AMMP;SPPG Pematang Tebih Yayasan AMMP, Jl. Lingkar, Pematang Tebih, Ujung Batu, Rokan Hulu Regency, Riau 28557;Riau;Rokan Hulu;Rambah Samo;T4 nama file;https://www.google.com/maps/place/SPPG+Pematang+Tebih+Yayasan+AMMP/data=!4m7!3m6!1s0x302b2f0010868915:0xa573eebc638bd76c!8m2!3d0.725029!4d100.5094783!16s%2Fg%2F11ntdh35qv!19sChIJFYmGEAAvKzARbNeLY7zuc6U?authuser=0&hl=id&g_ep=EgoyMDI2MDkxNi4wIJJjKgBIAVAD&rclk=1
5903;KEC. BONAI DARUSSALAM;Kabupaten Rokan Hulu, Riau;Riau;Rokan Hulu;Bonai Darussalam;T4 nama file;https://www.google.com/maps/place/Kec.+Bonai+Darussalam/data=!4m7!3m6!1s0x31d4a7ec0217a09b:0x3deb46b0872c4476!8m2!3d1.1339278!4d100.7979129!16s%2Fg%2F1236srrp!19sChIJm6AXAuyn1DERdkQsh7BG6z0?authuser=0&hl=id&g_ep=EgoyMDI2MDkxNi4wIJJjKgBIAVAD&rclk=1
5904;KEC. PAGARAN TAPAH DARUSSALAM;Kabupaten Rokan Hulu, Riau;Riau;Rokan Hulu;Pagaran Tapah Darussalam;T4 nama file;https://www.google.com/maps/place/Kec.+Pagaran+Tapah+Darussalam,+Kabupaten+Rokan+Hulu,+Riau/@0.7667715,100.6062375,12z/data=!3m1!4b1!4m6!3m5!1s0x302b32c51abd5041:0xa8300cfb029dc224!8m2!3d0.7283569!4d100.5525793!16s%2Fg%2F12345rg5?hl=id&entry=ttu&g_ep=EgoyMDI2MDkxNi4wIKXMDSoASAFQAw%3D%3D
5913;SPPG SIAK LUBUK DALAM LUBUK DALAM;Jl. Panglima Ghimbam RT005/RK002, Lubuk Dalam, Siak Regency, Riau 28671;Riau;Siak;Dayun;T4 nama file;https://www.google.com/maps/place/SPPG+Siak+Lubuk+Dalam+Lubuk+Dalam/data=!4m7!3m6!1s0x31d433000def7261:0x4f5c5ed4f0139db8!8m2!3d0.6243019!4d101.8310196!16s%2Fg%2F11yxxsx645!19sChIJYXLvDQAz1DERuJ0T8NReXE8?authuser=0&hl=id&g_ep=EgoyMDI2MDkxNi4wIJJjKgBIAVAD&rclk=1
5927;SPPG AL FAZZA 2;SPPG AL FAZZA 2, Jl. M. Yamin, Perawang, Tualang, Siak Regency, Riau 28685;Riau;Siak;Tualang;T4 nama file;https://www.google.com/maps/place/SPPG+AL+FAZZA+2/data=!4m7!3m6!1s0x31d44f002734c0d5:0x23c796bc0b455d91!8m2!3d0.6787942!4d101.5993638!16s%2Fg%2F11zxfsc_yr!19sChIJ1cA0JwBP1DERkV1FC7yWxyM?authuser=0&hl=id&g_ep=EgoyMDI2MDkxNi4wIJJjKgBIAVAD&rclk=1
5938;PASAR SUNGAI APIT;Pasar Sungai Apit, Unnamed Rd,, Sungai Apit, Siak, Kabupaten Siak, Riau 28662;Riau;Siak;Sungai Apit;T4 nama file;https://www.google.com/maps/place/Pasar+Sungai+Apit/data=!4m7!3m6!1s0x31d6abf5030cb6b5:0xadacb740f5a4e110!8m2!3d1.1267127!4d102.1606794!16s%2Fg%2F11bxjcmy4v!19sChIJtbYMA_Wr1jEREOGk9UC3rK0?authuser=0&hl=id&g_ep=EgoyMDI2MDkxNi4wIJJjKgBIAVAD&rclk=1
5940;SPPG SIAK MINAS MINAS JAYA;Jl. Yos Sudarso No.Km 24, Muara Fajar, Rumbai, Kabupaten Siak, Riau 28685;Riau;Siak;Minas;T4 nama file;https://www.google.com/maps/place/SPPG+SIAK+MINAS+MINAS+JAYA/data=!4m7!3m6!1s0x31d4570474e459f5:0xfb63b9a949bab6f0!8m2!3d0.6723005!4d101.4261558!16s%2Fg%2F11z5n_mm7x!19sChIJ9VnkdARX1DER8La6Sam5Y_s?authuser=0&hl=id&g_ep=EgoyMDI2MDkxNi4wIJJjKgBIAVAD&rclk=1
5948;SPPG TAMMERODO (DAPUR MBG);SPPG Tammerodo (Dapur MBG), Pelattoang Selatan, Tammerodo, Kabupaten Majene, Sulawesi Barat 91452;Sulawesi Barat;Majene;Tubo Sendana;T4 nama file;https://www.google.com/maps/place/SPPG+Tammerodo+%28Dapur+MBG%29/data=!4m7!3m6!1s0x2d935700642fde49:0xef817f5925379105!8m2!3d-3.2602874!4d118.8418938!16s%2Fg%2F11xsf0gk4z!19sChIJSd4vZABXky0RBZE3JVl_ge8?authuser=0&hl=id&g_ep=EgoyMDI2MDkxNi4wIJJjKgBIAVAD&rclk=1
5952;KEC. TUBO SENDANA;Kabupaten Majene, Sulawesi Barat;Sulawesi Barat;Majene;Tubo Sendana;T4 nama file;https://www.google.com/maps/place/Kec.+Tubo+Sendana/data=!4m7!3m6!1s0x2d934fc4a1da84ed:0x4802ca1dd5715163!8m2!3d-3.1612706!4d118.8191982!16s%2Fg%2F1hm3zzsjd!19sChIJ7YTaocRPky0RY1Fx1R3KAkg?authuser=0&hl=id&g_ep=EgoyMDI2MDkxNi4wIJJjKgBIAVAD&rclk=1
5955;SPPG BARUGA;SPPG BARUGA, Baruga, Kec. Banggae Tim., Kabupaten Majene, Sulawesi Barat 91411;Sulawesi Barat;Majene;Banggae Timur;T3 alamat fuzzy;https://www.google.com/maps/place/SPPG+BARUGA/data=!4m7!3m6!1s0x2d94bf0068059551:0x8f7e6ab06be64a0e!8m2!3d-3.5213297!4d118.9622838!16s%2Fg%2F11zcv9lkzr!19sChIJUZUFaAC_lC0RDkrma7Bqfo8?authuser=0&hl=id&g_ep=EgoyMDI2MDkxNi4wIJJjKgBIAVAD&rclk=1
5961;SPPG KECAMATAN MAMBI KEPPE;SPPG KECAMATAN MAMBI KEPPE, Jl. Poros Mamasa, Rantebulahan, Kec. Mambi, Kabupaten Mamasa, Sulawesi Barat 91371;Sulawesi Barat;Mamasa;Tabulahan;T4 nama file;https://www.google.com/maps/place/SPPG+KECAMATAN+MAMBI+KEPPE/data=!4m7!3m6!1s0x2d9313007b27ff09:0xba6d6f783b8f579c!8m2!3d-2.9704374!4d119.1831854!16s%2Fg%2F11myj5rsc6!19sChIJCf8newATky0RnFePO3hvbbo?authuser=0&hl=id&g_ep=EgoyMDI2MDkxNi4wIJJjKgBIAVAD&rclk=1
5969;SPPG BUANGIN;SPPG BUANGIN, Salumokanan, Kec. Rantebulahan Tim., Kabupaten Mamasa, Sulawesi Barat 91366;Sulawesi Barat;Mamasa;Rantebulahan Timur;T3 alamat fuzzy;https://www.google.com/maps/place/SPPG+BUANGIN/data=!4m7!3m6!1s0x2d93730051d9d43d:0xe4157970a1ac53e3!8m2!3d-2.99266!4d119.243461!16s%2Fg%2F11z3nppht9!19sChIJPdTZUQBzky0R41OsoXB5FeQ?authuser=0&hl=id&g_ep=EgoyMDI2MDkxNi4wIJJjKgBIAVAD&rclk=1
5977;SPPG TERPENCIL TAWALIAN TIMUR;Talambai, Tadokalua, tawalian timur, Kabupaten Mamasa, Sulawesi Barat 91364;Sulawesi Barat;Mamasa;Mamasa;T4 nama file;https://www.google.com/maps/place/SPPG+TERPENCIL+TAWALIAN+TIMUR/data=!4m7!3m6!1s0x2d93a7002fcb6275:0x362981690bdc6482!8m2!3d-2.8576383!4d119.4999644!16s%2Fg%2F11zbdnclgk!19sChIJdWLLLwCnky0RgmTcC2mBKTY?authuser=0&hl=id&g_ep=EgoyMDI2MDkxNi4wIJJjKgBIAVAD&rclk=1
5980;KEC. SESENAPADANG;Kabupaten Mamasa, Sulawesi Barat;Sulawesi Barat;Mamasa;Sesenapadang;T4 nama file;https://www.google.com/maps/place/Kec.+Sesenapadang/data=!4m7!3m6!1s0x2d9375e37684b4db:0x848e678390dadde6!8m2!3d-2.9898047!4d119.4011436!16s%2Fg%2F1229clgt!19sChIJ27SEduN1ky0R5t3akINnjoQ?authuser=0&hl=id&g_ep=EgoyMDI2MDkxNi4wIJJjKgBIAVAD&rclk=1
5982;KEC. NOSU;Kabupaten Mamasa, Sulawesi Barat;Sulawesi Barat;Mamasa;Nosu;T4 nama file;https://www.google.com/maps/place/Kec.+Nosu/data=!4m7!3m6!1s0x2d9383341d8f2021:0x149724e9b6131158!8m2!3d-3.1281318!4d119.4795644!16s%2Fg%2F122bfs3y!19sChIJISCPHTSDky0RWBETtukklxQ?authuser=0&hl=id&g_ep=EgoyMDI2MDkxNi4wIJJjKgBIAVAD&rclk=1
5996;SPPG MAMUJU BINANGA2;Jl. Pattalundru No.48, Binanga, Mamuju, Mamuju Regency, West Sulawesi 91511;Sulawesi Barat;Mamuju;Mamuju;T4 nama file;https://www.google.com/maps/place/SPPG+Mamuju+Binanga2/data=!4m7!3m6!1s0x2d92d9004531c8c5:0x3efc86f377485084!8m2!3d-2.6792443!4d118.8941146!16s%2Fg%2F11nvf0jz6m!19sChIJxcgxRQDZki0RhFBId_OG_D4?authuser=0&hl=id&g_ep=EgoyMDI2MDkxNi4wIJJjKgBIAVAD&rclk=1
5998;SPPG MAMUJU KALUKKU KALUKKU 2;;Sulawesi Barat;Mamuju;Bonehau;T4 nama file;https://www.google.com/maps/place/SPPG+MAMUJU+KALUKKU+KALUKKU+2/data=!4m7!3m6!1s0x2679285ebee8763d:0xe41f96d8265c6f48!8m2!3d-2.5975634!4d119.1034175!16s%2Fg%2F11zcglg9tn!19sChIJPXbovl4oeSYRSG9cJtiWH-Q?authuser=0&hl=id&g_ep=EgoyMDI2MDkxNi4wIJJjKgBIAVAD&rclk=1
6000;SPPG KABULOANG;Jl. Poros, Tarailu, Mamuju, Kabupaten Mamuju, Sulawesi Barat 91561;Sulawesi Barat;Mamuju;Bonehau;T4 nama file;https://www.google.com/maps/place/SPPG+Kabuloang/data=!4m7!3m6!1s0x2d92eb8939ee7593:0x618626bc65143479!8m2!3d-2.4896313!4d119.1144915!16s%2Fg%2F11xs__ypd3!19sChIJk3XuOYnrki0ReTQUZbwmhmE?authuser=0&hl=id&g_ep=EgoyMDI2MDkxNi4wIJJjKgBIAVAD&rclk=1
6011;SPPG SARUDU 1;SPPG Sarudu 1, Bulu Mario, Sarudu, Pasangkayu, West Sulawesi 91573;Sulawesi Barat;Pasangkayu;Sarudu;T4 nama file;https://www.google.com/maps/place/SPPG+Sarudu+1/data=!4m7!3m6!1s0x2d8d07002a943bf7:0xc58e6045ec79723a!8m2!3d-1.6827515!4d119.341712!16s%2Fg%2F11z7nx3jb1!19sChIJ9zuUKgAHjS0ROnJ57EVgjsU?authuser=0&hl=id&g_ep=EgoyMDI2MDkxNi4wIJJjKgBIAVAD&rclk=1
6014;SPPG BAMBALAMOTU 02;No.33BambalamotuKec, Jl. Poros Majene - Mamuju No.33, Bambalamotu, Pasangkayu, West Sulawesi 91574;Sulawesi Barat;Pasangkayu;Bambalamotu;T4 nama file;https://www.google.com/maps/place/SPPG+Bambalamotu+02/data=!4m7!3m6!1s0x2d8c7f002843f793:0xdeb0c8eb556dc53a!8m2!3d-1.0834434!4d119.4579178!16s%2Fg%2F11npql7l3k!19sChIJk_dDKAB_jC0ROsVtVevIsN4?authuser=0&hl=id&g_ep=EgoyMDI2MDkxNi4wIJJjKgBIAVAD&rclk=1
6015;SPPG TIKKEE PASANGKAYU;SPPG Tikkee pasangkayu, Jalan Poros, Pasangkayu, majene, West Sulawesi 91574;Sulawesi Barat;Pasangkayu;Bambalamotu;T4 nama file;https://www.google.com/maps/place/SPPG+Tikkee+pasangkayu/data=!4m7!3m6!1s0x2d8c87003b820c75:0x4fd511c846e86808!8m2!3d-1.1801449!4d119.3613563!16s%2Fg%2F11z7lzncp_!19sChIJdQyCOwCHjC0RCGjoRsgR1U8?authuser=0&hl=id&g_ep=EgoyMDI2MDkxNi4wIJJjKgBIAVAD&rclk=1
6040;SPPG POLRI POLRES POLMAN;SPPG POLRI POLRES POLMAN, Jl. H. Abdullah Umar, Sumberejo, Wonomulyo, Polewali Mandar Regency, West Sulawesi 91352;Sulawesi Barat;Polewali Mandar;Tapango;T4 nama file;https://www.google.com/maps/place/SPPG+POLRI+POLRES+POLMAN/data=!4m7!3m6!1s0x2d949b0059e5010d:0x5461cd6735ea13fd!8m2!3d-3.3956488!4d119.2231865!16s%2Fg%2F11zhlb_8jw!19sChIJDQHlWQCblC0R_RPqNWfNYVQ?authuser=0&hl=id&g_ep=EgoyMDI2MDkxNi4wIJJjKgBIAVAD&rclk=1
6057;SPPG TINAMBUNG 2 POLEWALI MANDAR;Jalan Banteng, Tinambung, Polewali Mandar Regency, West Sulawesi 91412;Sulawesi Barat;Polewali Mandar;Tinambung;T4 nama file;https://www.google.com/maps/place/SPPG+TINAMBUNG+2+POLEWALI+MANDAR/@-3.5029888,119.0212489,17z/data=!3m1!4b1!4m6!3m5!1s0x2d94bfb84e7e7075:0x9298fb8d760a1c3a!8m2!3d-3.5029888!4d119.0212489!16s%2Fg%2F11zh9lqtrp?hl=id&entry=ttu&g_ep=EgoyMDI2MDkxNi4wIKXMDSoASAFQAw%3D%3D
6058;SPPG ALLU 2;SPPG ALLU 2, Mombi, Alu, Kabupaten Polewali Mandar, Sulawesi Barat 96365;Sulawesi Barat;Polewali Mandar;Allu;T4 nama file;https://www.google.com/maps/place/SPPG+ALLU+2/data=!4m7!3m6!1s0x2d94bd007c41ec29:0x652c4c0e8c7ac298!8m2!3d-3.435204!4d118.9884832!16s%2Fg%2F11zflmb9dp!19sChIJKexBfAC9lC0RmMJ6jA5MLGU?authuser=0&hl=id&g_ep=EgoyMDI2MDkxNi4wIJJjKgBIAVAD&rclk=1
6106;SPPG BATARA LABAKKANG;SPPG BATARA LABAKKANG, Jl. Poros Batiling, Batara, Labakkang, Pangkajene and Islands Regency, South Sulawesi 90616;Sulawesi Selatan;Barru;Pujananting;T4 nama file;https://www.google.com/maps/place/SPPG+BATARA+LABAKKANG/data=!4m7!3m6!1s0x2dbe4f007b1ffe89:0xbbab4bddce1562af!8m2!3d-4.7853506!4d119.5868445!16s%2Fg%2F11njcvdym8!19sChIJif4fewBPvi0Rr2IVzt1Lq7s?authuser=0&hl=id&g_ep=EgoyMDI2MDkxNi4wIJJjKgBIAVAD&rclk=1
6107;SPPG SUMPANG BINANGAE;SPPG SUMPANG BINANGAE, Sumpang Binangae, Barru, Barru Regency, South Sulawesi 90712;Sulawesi Selatan;Barru;Pujananting;T4 nama file;https://www.google.com/maps/place/SPPG+SUMPANG+BINANGAE/data=!4m7!3m6!1s0x2dbe27000d68798d:0xe8e9b5989b044e53!8m2!3d-4.4034369!4d119.6037467!16s%2Fg%2F11zkx26vfw!19sChIJjXloDQAnvi0RU04Em5i16eg?authuser=0&hl=id&g_ep=EgoyMDI2MDkxNi4wIJJjKgBIAVAD&rclk=1
6113;SPPG COPPO 2;Jl. H. A. Iskandar Unru, Coppo, Barru, Barru Regency, South Sulawesi 90712;Sulawesi Selatan;Barru;Barru;T4 nama file;https://www.google.com/maps/place/SPPG+COPPO+2/data=!4m7!3m6!1s0x2dbe270027c30de1:0x970a83afdc035aaf!8m2!3d-4.4143442!4d119.6164347!16s%2Fg%2F11y0ygv26q!19sChIJ4Q3DJwAnvi0Rr1oD3K-DCpc?authuser=0&hl=id&g_ep=EgoyMDI2MDkxNi4wIJJjKgBIAVAD&rclk=1
6122;SPPG MACANANG;SPPG MACANANG, Jl reformasi, Macanang, Kec. Tanete Riattang Bar., Kabupaten Bone, Sulawesi Selatan 92711;Sulawesi Selatan;Bone;Tanete Riattang Barat;T3 alamat fuzzy;https://www.google.com/maps/place/SPPG+MACANANG/data=!4m7!3m6!1s0x2dbde500516b8b99:0xfca18d68ffc3127b!8m2!3d-4.5477193!4d120.3067091!16s%2Fg%2F11ypvyw_m0!19sChIJmYtrUQDlvS0RexLD_2iNofw?authuser=0&hl=id&g_ep=EgoyMDI2MDkxNi4wIJJjKgBIAVAD&rclk=1
6139;SPPG PANYULA;SPPG PANYULA, Panyula, Kec. Tanete Riattang Tim., Kabupaten Bone, Sulawesi Selatan 92718;Sulawesi Selatan;Bone;Tanete Riattang Timur;T3 alamat fuzzy;https://www.google.com/maps/place/SPPG+PANYULA/data=!4m7!3m6!1s0x2dbdf1006151a5d9:0xd2eb64311e2f643!8m2!3d-4.5083976!4d120.3613168!16s%2Fg%2F11yxjtk1sc!19sChIJ2aVRYQDxvS0RQ_biEUO2Lg0?authuser=0&hl=id&g_ep=EgoyMDI2MDkxNi4wIJJjKgBIAVAD&rclk=1
6141;SPPG BONE TANETE RIATTANG TIMUR TORO;SPPG Bone Tanete Riattang Timur Toro, Jl. KH. Syamsuddin, Toro, Kec. Tanete Riattang Tim., Kabupaten Bone, Sulawesi Selatan;Sulawesi Selatan;Bone;Tanete Riattang Timur;T3 alamat fuzzy;https://www.google.com/maps/place/SPPG+Bone+Tanete+Riattang+Timur+Toro/data=!4m7!3m6!1s0x2dbdef006c61870d:0x144fde634b9d160d!8m2!3d-4.5294399!4d120.3748363!16s%2Fg%2F11zf33s00n!19sChIJDYdhbADvvS0RDRadS2PeTxQ?authuser=0&hl=id&g_ep=EgoyMDI2MDkxNi4wIJJjKgBIAVAD&rclk=1
6142;SPPG BONE MACANANG 2;SPPG BONE MACANANG 2, Jl. Wahidin Sudirohusodo, Macanang, Kec. Tanete Riattang Bar., Kabupaten Bone, Sulawesi Selatan 92713;Sulawesi Selatan;Bone;Tanete Riattang Barat;T3 alamat fuzzy;https://www.google.com/maps/place/SPPG+BONE+MACANANG+2/data=!4m7!3m6!1s0x2dbde50041d50825:0xed1d62924ee9dae!8m2!3d-4.5372301!4d120.3069117!16s%2Fg%2F11z51p4z3f!19sChIJJQjVQQDlvS0Rrp3uJCnW0Q4?authuser=0&hl=id&g_ep=EgoyMDI2MDkxNi4wIJJjKgBIAVAD&rclk=1
6147;SPPG BONE DUA BOCCOE MATAJANG;Rilau, RT./RW/RW.001/001, Matajang, Dua Boccoe, Bone Regency, South Sulawesi 92753;Sulawesi Selatan;Bone;Tellu Siattinge;T4 nama file;https://www.google.com/maps/place/SPPG+Bone+Dua+Boccoe+Matajang/data=!4m7!3m6!1s0x2d96071a52199173:0x4ec3921a7a4156fc!8m2!3d-4.2800188!4d120.2099777!16s%2Fg%2F11z0_p57mt!19sChIJc5EZUhoHli0R_FZBehqSw04?authuser=0&hl=id&g_ep=EgoyMDI2MDkxNi4wIJJjKgBIAVAD&rclk=1
6154;SPPG BONE TANETE RIATTANG TIMUR TIPOJONG;SPPG BONE TANETE RIATTANG TIMUR TIPOJONG, Tipojong, Kec. Tanete Riattang Tim., Kabupaten Bone, Sulawesi Selatan 92716;Sulawesi Selatan;Bone;Tanete Riattang Timur;T3 alamat fuzzy;https://www.google.com/maps/place/SPPG+BONE+TANETE+RIATTANG+TIMUR+TIPOJONG/data=!4m7!3m6!1s0x2dbde5003c6e835f:0x820697ffee3e403!8m2!3d-4.552842!4d120.340397!16s%2Fg%2F11ntl45w84!19sChIJX4NuPADlvS0RA-Tj_n9pIAg?authuser=0&hl=id&g_ep=EgoyMDI2MDkxNi4wIJJjKgBIAVAD&rclk=1
6164;DAPUR SPPG HERLANG 2;Dapur SPPG HERLANG 2, Singa, Kec. Hero Lange-Lange, Kabupaten Bulukumba, Sulawesi Selatan 92573;Sulawesi Selatan;Bulukumba;Herlang;T4 nama file;https://www.google.com/maps/place/Dapur+SPPG+HERLANG+2/data=!4m7!3m6!1s0x2dbc0f0053668ba5:0x9cc6e7c5914b935f!8m2!3d-5.3967474!4d120.3627878!16s%2Fg%2F11xzczb0hm!19sChIJpYtmUwAPvC0RX5NLkcXnxpw?authuser=0&hl=id&g_ep=EgoyMDI2MDkxNi4wIJJjKgBIAVAD&rclk=1
6165;SPPG SINGA HERLANG01;SPPG SINGA HERLANG01, Singa, Kec. Hero Lange-Lange, Kabupaten Bulukumba, Sulawesi Selatan 92573;Sulawesi Selatan;Bulukumba;Herlang;T4 nama file;https://www.google.com/maps/place/SPPG+SINGA+HERLANG01/data=!4m7!3m6!1s0x2dbc0f000db51ec9:0x12a61ce551cce9f9!8m2!3d-5.3989938!4d120.3735236!16s%2Fg%2F11z1840vkx!19sChIJyR61DQAPvC0R-enMUeUcphI?authuser=0&hl=id&g_ep=EgoyMDI2MDkxNi4wIJJjKgBIAVAD&rclk=1
6180;SPPG JALANJANG GANTARANG;SPPG Jalanjang Gantarang, Jl. Poros Sawere, Jalanjang, Kec. Gantarang, Kabupaten Bulukumba, Sulawesi Selatan 92561;Sulawesi Selatan;Bulukumba;Gantorang;T3 alamat fuzzy;https://www.google.com/maps/place/SPPG+Jalanjang+Gantarang/data=!4m7!3m6!1s0x2db95500507a6f07:0xc2fd31ea9bff9fb8!8m2!3d-5.5632561!4d120.1514871!16s%2Fg%2F11zf71mkm8!19sChIJB296UABVuS0RuJ__m-ox_cI?authuser=0&hl=id&g_ep=EgoyMDI2MDkxNi4wIJJjKgBIAVAD&rclk=1
6181;SPPG GANTARANG 01;SPPG GANTARANG 01, Jl. Kusuma Bangsa, Polewali, Gantarang, Bulukumba Regency, South Sulawesi 92561;Sulawesi Selatan;Bulukumba;Gantorang;T4 nama file;https://www.google.com/maps/place/SPPG+GANTARANG+01/data=!4m7!3m6!1s0x2dbc010014085e69:0xae79caa88ad2a9c2!8m2!3d-5.5369104!4d120.1960586!16s%2Fg%2F11yhh4zl1f!19sChIJaV4IFAABvC0RwqnSiqjKea4?authuser=0&hl=id&g_ep=EgoyMDI2MDkxNi4wIJJjKgBIAVAD&rclk=1
6182;SPPG BULUKUMBA GANTARANG BONTOMASILA;SPPG Bulukumba Gantarang Bontomasila, Bontomasila, Kec. Gantarang, Kabupaten Bulukumba, Sulawesi Selatan 92561;Sulawesi Selatan;Bulukumba;Gantorang;T3 alamat fuzzy;https://www.google.com/maps/place/SPPG+Bulukumba+Gantarang+Bontomasila/data=!4m7!3m6!1s0x2dbeab00367bfd57:0x3996abf6c70f0569!8m2!3d-5.5272969!4d120.1088353!16s%2Fg%2F11y01w7dzm!19sChIJV_17NgCrvi0RaQUPx_arljk?authuser=0&hl=id&g_ep=EgoyMDI2MDkxNi4wIJJjKgBIAVAD&rclk=1
6183;SPPG BULUKUMBA GANTARANG PAENRE LOMPOE 01;SPPG BULUKUMBA GANTARANG PAENRE LOMPOE 01, Paenre Lampoe, Kec. Gantarang, Kabupaten Bulukumba, Sulawesi Selatan 92517;Sulawesi Selatan;Bulukumba;Gantorang;T3 alamat fuzzy;https://www.google.com/maps/place/SPPG+BULUKUMBA+GANTARANG+PAENRE+LOMPOE+01/data=!4m7!3m6!1s0x2dbbff007078e077:0x10b8611783fe6f66!8m2!3d-5.5533028!4d120.1779532!16s%2Fg%2F11myv18nsz!19sChIJd-B4cAD_uy0RZm_-gxdhuBA?authuser=0&hl=id&g_ep=EgoyMDI2MDkxNi4wIJJjKgBIAVAD&rclk=1
6184;SPPG DAMPANG GANTARANG;Dampang, Kec. Gantarang, Kabupaten Bulukumba, Sulawesi Selatan 92561;Sulawesi Selatan;Bulukumba;Gantorang;T3 alamat fuzzy;https://www.google.com/maps/place/SPPG+DAMPANG+GANTARANG/data=!4m7!3m6!1s0x2dbeabb5843aa451:0xd5e77a4f8aa1ce80!8m2!3d-5.4926062!4d120.1241013!16s%2Fg%2F11zymx5rqt!19sChIJUaQ6hLWrvi0RgM6hik9659U?authuser=0&hl=id&g_ep=EgoyMDI2MDkxNi4wIJJjKgBIAVAD&rclk=1
6185;SPPG MARIORENNU GANTARANG;Mariorennu, Kec. Gantarang, Kabupaten Bulukumba, Sulawesi Selatan 92511;Sulawesi Selatan;Bulukumba;Gantorang;T3 alamat fuzzy;https://www.google.com/maps/place/SPPG+MARIORENNU+GANTARANG/data=!4m7!3m6!1s0x2db9555d975a4553:0x18e479a28b94ae0e!8m2!3d-5.5735821!4d120.1025056!16s%2Fg%2F11nvx_nrtp!19sChIJU0Val11VuS0RDq6Ui6J55Bg?authuser=0&hl=id&g_ep=EgoyMDI2MDkxNi4wIJJjKgBIAVAD&rclk=1
6189;SPPG ENREKANG ANGGERAJA BUBUN LAMBA;SPPG Enrekang Anggeraja Bubun Lamba, Bubun Lamba, Anggeraja, Enrekang Regency, South Sulawesi 91752;Sulawesi Selatan;Enrekang;Curio;T4 nama file;https://www.google.com/maps/place/SPPG+Enrekang+Anggeraja+Bubun+Lamba/data=!4m7!3m6!1s0x2d940d0002ad0f53:0xcc0447252acdeeb!8m2!3d-3.387429!4d119.7982038!16s%2Fg%2F11njmjc8_6!19sChIJUw-tAgANlC0R696sUnJEwAw?authuser=0&hl=id&g_ep=EgoyMDI2MDkxNi4wIJJjKgBIAVAD&rclk=1
6190;DAPUR MBG KEC. CURIO KAB. ENREKANG PROVINSI SULAWESI SELATAN;Dapur MBG Kec. Curio Kab. Enrekang Provinsi Sulawesi Selatan, Curio, Kec. Curio, Kabupaten Enrekang, Sulawesi Selatan 91754;Sulawesi Selatan;Enrekang;Curio;T4 nama file;https://www.google.com/maps/place/Dapur+MBG+Kec.+Curio+Kab.+Enrekang+Provinsi+Sulawesi+Selatan/data=!4m7!3m6!1s0x2d94090061067f31:0x7ac0f43b8e83b268!8m2!3d-3.315046!4d119.9046041!16s%2Fg%2F11zjq98p67!19sChIJMX8GYQAJlC0RaLKDjjv0wHo?authuser=0&hl=id&g_ep=EgoyMDI2MDkxNi4wIJJjKgBIAVAD&rclk=1
6202;SPPG ENREKANG MAIWA BANGKALA 3;Jl. WR. Monginsidi, Bangkala, Maiwa, Enrekang Regency, South Sulawesi 91761;Sulawesi Selatan;Enrekang;Maiwa;T4 nama file;https://www.google.com/maps/place/SPPG+ENREKANG+MAIWA+BANGKALA+3/data=!4m7!3m6!1s0x2d9437e868994b55:0x76263e724a18b22c!8m2!3d-3.7421143!4d119.872565!16s%2Fg%2F11z8k0wwqx!19sChIJVUuZaOg3lC0RLLIYSnI-JnY?authuser=0&hl=id&g_ep=EgoyMDI2MDkxNi4wIJJjKgBIAVAD&rclk=1
6204;KANTOR CAMAT BUNTU BATU;Kantor Camat Buntu Batu, Pasui, Buntu Batu, Enrekang Regency, South Sulawesi 91753;Sulawesi Selatan;Enrekang;Buntu Batu;T4 nama file;https://www.google.com/maps/place/Kantor+Camat+Buntu+Batu/data=!4m7!3m6!1s0x2d94116417de816b:0xa6ec94376e620cef!8m2!3d-3.4360735!4d119.8887291!16s%2Fg%2F11bw5tqx7b!19sChIJa4HeF2QRlC0R7wxibjeU7KY?authuser=0&hl=id&g_ep=EgoyMDI2MDkxNi4wIJJjKgBIAVAD&rclk=1
6206;DAPUR MBG;Jl pendidikan No.11, Dusun Paje, Parinding, Baraka, Enrekang Regency, South Sulawesi 91753;Sulawesi Selatan;Enrekang;Buntu Batu;T4 nama file;https://www.google.com/maps/place/Dapur+MBG/data=!4m7!3m6!1s0x2d94130076376fcd:0x6a8f1f598a03618e!8m2!3d-3.4510838!4d119.8571847!16s%2Fg%2F11x7wyp9mc!19sChIJzW83dgATlC0RjmEDilkfj2o?authuser=0&hl=id&g_ep=EgoyMDI2MDkxNi4wIJJjKgBIAVAD&rclk=1
6208;SPPG GOWA BONTOLEMPANGANG PARANGLOMPOA;SPPG GOWA BONTOLEMPANGANG PARANGLOMPOA, Paranglompoa, Kec. Bontolempangan, Kabupaten Gowa, Sulawesi Selatan 92176;Sulawesi Selatan;Gowa;Bontolempangang;T3 alamat fuzzy;https://www.google.com/maps/place/SPPG+GOWA+BONTOLEMPANGANG+PARANGLOMPOA/data=!4m7!3m6!1s0x2dbeb90019c0558b:0x5c25144f71711744!8m2!3d-5.382483!4d119.8022171!16s%2Fg%2F11npqjx8ld!19sChIJi1XAGQC5vi0RRBdxcU8UJVw?authuser=0&hl=id&g_ep=EgoyMDI2MDkxNi4wIJJjKgBIAVAD&rclk=1
6212;SPPG TOMPOBULU MALAKAJI 2;SPPG Tompobulu Malakaji 2, Malakaji, Kec. Tompobulu, Kabupaten Gowa, Sulawesi Selatan 92175;Sulawesi Selatan;Gowa;Bungaya;T4 nama file;https://www.google.com/maps/place/SPPG+Tompobulu+Malakaji+2/data=!4m7!3m6!1s0x2dbeb7000751a00f:0x58f83c3565ca43ee!8m2!3d-5.4363155!4d119.8422337!16s%2Fg%2F11z7knjj3h!19sChIJD6BRBwC3vi0R7kPKZTU8-Fg?authuser=0&hl=id&g_ep=EgoyMDI2MDkxNi4wIJJjKgBIAVAD&rclk=1
6213;SPPG POLRES GOWA;SPPG POLRES GOWA, Gentungang, Kec. Bajeng Bar., Kabupaten Gowa, Sulawesi Selatan 92152;Sulawesi Selatan;Gowa;Bajeng Barat;T3 alamat fuzzy;https://www.google.com/maps/place/SPPG+POLRES+GOWA/data=!4m7!3m6!1s0x2dbf210064fb48b3:0xe781c82c33dd2a6b!8m2!3d-5.3166716!4d119.4017751!16s%2Fg%2F11ynq5tt4f!19sChIJs0j7ZAAhvy0RayrdMyzIgec?authuser=0&hl=id&g_ep=EgoyMDI2MDkxNi4wIJJjKgBIAVAD&rclk=1
6214;SPPG GOWA TOMPOBULU MALAKAJI 01;SPPG GOWA TOMPOBULU MALAKAJI 01, Malakaji, Kec. Tompobulu, Kabupaten Gowa, Sulawesi Selatan 92175;Sulawesi Selatan;Gowa;Bungaya;T4 nama file;https://www.google.com/maps/place/SPPG+GOWA+TOMPOBULU+MALAKAJI+01/data=!4m7!3m6!1s0x2dbeb7007af11835:0x3491cf727485dee9!8m2!3d-5.4327295!4d119.8444782!16s%2Fg%2F11nvmp0jvg!19sChIJNRjxegC3vi0R6d6FdHLPkTQ?authuser=0&hl=id&g_ep=EgoyMDI2MDkxNi4wIJJjKgBIAVAD&rclk=1
6218;SPPG BONTONOMPO SELATAN BONTORAMBA;Jl. Poros Galesong-Takalar, Bontoramba, Kec. Bontonompo Sel., Kabupaten Gowa, Sulawesi Selatan 92154;Sulawesi Selatan;Gowa;Bontonompo;T3 alamat fuzzy;https://www.google.com/maps/place/SPPG+BONTONOMPO+SELATAN+BONTORAMBA/data=!4m7!3m6!1s0x2dbf2700439b7893:0x3e3dd7e9d9f695c8!8m2!3d-5.4002291!4d119.3948791!16s%2Fg%2F11z3zr57cg!19sChIJk3ibQwAnvy0RyJX22enXPT4?authuser=0&hl=id&g_ep=EgoyMDI2MDkxNi4wIJJjKgBIAVAD&rclk=1
6225;SPPG GOWA PALLANGGA TETEBATU 3;SPPG Gowa Pallangga Tetebatu 3, Jl. Birkal, Pangkabinanga, Kec. Pallangga, Kabupaten Gowa, Sulawesi Selatan 92119;Sulawesi Selatan;Gowa;Palangga;T3 alamat fuzzy;https://www.google.com/maps/place/SPPG+Gowa+Pallangga+Tetebatu+3/data=!4m7!3m6!1s0x2dbee1007fb82061:0x6d941852aad7f244!8m2!3d-5.2273609!4d119.4631608!16s%2Fg%2F11njtfszqr!19sChIJYSC4fwDhvi0RRPLXqlIYlG0?authuser=0&hl=id&g_ep=EgoyMDI2MDkxNi4wIJJjKgBIAVAD&rclk=1
6228;SPPG PALLANGGA 2, KAB. GOWA;SPPG PALLANGGA 2, KAB. GOWA, Jl. Poros Palangga, Jenetallasa, Kec. Pallangga, Kabupaten Gowa, Sulawesi Selatan 92161;Sulawesi Selatan;Gowa;Palangga;T3 alamat fuzzy;https://www.google.com/maps/place/SPPG+PALLANGGA+2,+KAB.+GOWA/data=!4m7!3m6!1s0x2dbee1001f1bac83:0x57b660e3d3c1cd5d!8m2!3d-5.2284344!4d119.4395848!16s%2Fg%2F11xkgbpj6l!19sChIJg6wbHwDhvi0RXc3B0-Ngtlc?authuser=0&hl=id&g_ep=EgoyMDI2MDkxNi4wIJJjKgBIAVAD&rclk=1
6229;SPPG BAKOLU PALLANGGA;Jl. Bakolu No.1, Pangkabinanga, Kec. Pallangga, Kabupaten Gowa, Sulawesi Selatan 92112;Sulawesi Selatan;Gowa;Palangga;T3 alamat fuzzy;https://www.google.com/maps/place/SPPG+BAKOLU+PALLANGGA/data=!4m7!3m6!1s0x2dbee10036110c89:0xb00106de0b845e7f!8m2!3d-5.2186863!4d119.4545804!16s%2Fg%2F11xychdbrb!19sChIJiQwRNgDhvi0Rf16EC94GAbA?authuser=0&hl=id&g_ep=EgoyMDI2MDkxNi4wIJJjKgBIAVAD&rclk=1
6231;BGN SATUAN PELAYANAN PEMENUHAN GIZI (SPPG) KAMPILI PALLANGGA;BGN SATUAN PELAYANAN PEMENUHAN GIZI (SPPG) KAMPILI PALLANGGA, Kampili, Kec. Pallangga, Kabupaten Gowa, Sulawesi Selatan 92161;Sulawesi Selatan;Gowa;Palangga;T3 alamat fuzzy;https://www.google.com/maps/place/BGN+SATUAN+PELAYANAN+PEMENUHAN+GIZI+%28SPPG%29+KAMPILI+PALLANGGA/data=!4m7!3m6!1s0x2dbee10053a53c79:0x9690d44fa060f3cc!8m2!3d-5.261634!4d119.4820124!16s%2Fg%2F11yy3v44yp!19sChIJeTylUwDhvi0RzPNgoE_UkJY?authuser=0&hl=id&g_ep=EgoyMDI2MDkxNi4wIJJjKgBIAVAD&rclk=1
6232;SPPG JULUKANAYA, KAB. GOWA;SPPG Julukanaya, Kab. Gowa, pancana, Kec. Pallangga, Kabupaten Gowa, Sulawesi Selatan 92161;Sulawesi Selatan;Gowa;Palangga;T3 alamat fuzzy;https://www.google.com/maps/place/SPPG+Julukanaya,+Kab.+Gowa/data=!4m7!3m6!1s0x2dbee10011165991:0xc2874a201e19a785!8m2!3d-5.2715313!4d119.4513953!16s%2Fg%2F11ydw9q0zk!19sChIJkVkWEQDhvi0RhacZHiBKh8I?authuser=0&hl=id&g_ep=EgoyMDI2MDkxNi4wIJJjKgBIAVAD&rclk=1
6235;SPPG GOWA PATTALLASSANG BORONGPALA'LA 2;Borongpa'la'la Kecamatan Pattallassang Perumahan Bukit Mamminasata Blok C No 9, Borongpa'la'la, Kec. Pattallassang, Kabupaten Gowa, Sulawesi Selatan 92171;Sulawesi Selatan;Gowa;Palangga;T4 nama file;https://www.google.com/maps/place/SPPG+GOWA+PATTALLASSANG+BORONGPALA%27LA+2/data=!4m7!3m6!1s0x2dbee7002594cc9b:0xf1f12fc564d36b3a!8m2!3d-5.228211!4d119.5499774!16s%2Fg%2F11zjmbcrbj!19sChIJm8yUJQDnvi0ROmvTZMUv8fE?authuser=0&hl=id&g_ep=EgoyMDI2MDkxNi4wIJJjKgBIAVAD&rclk=1
6237;SPPG PALLANGGA JENETALLASA;Jl. Poros Palangga, Jenetallasa, Kec. Pallangga, Kabupaten Gowa, Sulawesi Selatan 92161;Sulawesi Selatan;Gowa;Palangga;T3 alamat fuzzy;https://www.google.com/maps/place/SPPG+PALLANGGA+JENETALLASA/data=!4m7!3m6!1s0x2dbee10005b9a313:0x328c60dbf8aa0f1a!8m2!3d-5.2267237!4d119.4408631!16s%2Fg%2F11z7jvx0fv!19sChIJE6O5BQDhvi0RGg-q-NtgjDI?authuser=0&hl=id&g_ep=EgoyMDI2MDkxNi4wIJJjKgBIAVAD&rclk=1
6241;DAPUR SPPG TAENG;Dapur SPPG Taeng, Taeng, Pallangga, Gowa Regency, South Sulawesi 90224;Sulawesi Selatan;Gowa;Palangga;T4 nama file;https://www.google.com/maps/place/Dapur+SPPG+Taeng/data=!4m7!3m6!1s0x2dbee3000a6dd56f:0xa99b210e42d71dad!8m2!3d-5.1975668!4d119.4276223!16s%2Fg%2F11x90x1tp8!19sChIJb9VtCgDjvi0RrR3XQg4hm6k?authuser=0&hl=id&g_ep=EgoyMDI2MDkxNi4wIJJjKgBIAVAD&rclk=1
6242;SPPG BONTOALA PALLANGGA;SPPG BONTOALA PALLANGGA, Bontoala, Kec. Pallangga, Kabupaten Gowa, Sulawesi Selatan 92114;Sulawesi Selatan;Gowa;Palangga;T3 alamat fuzzy;https://www.google.com/maps/place/SPPG+BONTOALA+PALLANGGA/data=!4m7!3m6!1s0x2dbee300691cb03f:0x5669cf7045dbe2e4!8m2!3d-5.2052356!4d119.4445758!16s%2Fg%2F11y0gnc0x7!19sChIJP7AcaQDjvi0R5OLbRXDPaVY?authuser=0&hl=id&g_ep=EgoyMDI2MDkxNi4wIJJjKgBIAVAD&rclk=1
6244;SPPG GOWA BONTOMARANNU BONTOMANAI;Jl. Likukang, Bontomanai, Bontomarannu, Gowa Regency, South Sulawesi 92171;Sulawesi Selatan;Gowa;Somba Opu;T4 nama file;https://www.google.com/maps/place/SPPG+GOWA+BONTOMARANNU+BONTOMANAI/data=!4m7!3m6!1s0x2dbee1000b1549d5:0x407795b24459a2c0!8m2!3d-5.2339801!4d119.5106022!16s%2Fg%2F11njrx37xb!19sChIJ1UkVCwDhvi0RwKJZRLKVd0A?authuser=0&hl=id&g_ep=EgoyMDI2MDkxNi4wIJJjKgBIAVAD&rclk=1
6247;SPPG ROMANGPOLONG;SPPG Romangpolong, Jl. Desa Sailong, Romangpolong, Somba Opu, Gowa Regency, South Sulawesi 92171;Sulawesi Selatan;Gowa;Somba Opu;T4 nama file;https://www.google.com/maps/place/SPPG+Romangpolong/data=!4m7!3m6!1s0x2dbee50078e9d7af:0x323e133f1eef36dd!8m2!3d-5.2046135!4d119.5147822!16s%2Fg%2F11yq1d8ynz!19sChIJr9fpeADlvi0R3TbvHj8TPjI?authuser=0&hl=id&g_ep=EgoyMDI2MDkxNi4wIJJjKgBIAVAD&rclk=1
6251;SPPG PATTALLASSANG BORONGPALA'LA TIMBUSENG;;Sulawesi Selatan;Gowa;Parangloe;T4 nama file;https://www.google.com/maps/place/SPPG+PATTALLASSANG+BORONGPALA%27LA+TIMBUSENG/data=!4m7!3m6!1s0x287cd4c41f2eb7e7:0xd5320021e592d62!8m2!3d-5.330119!4d119.6978965!16s%2Fg%2F11ynsy31m8!19sChIJ57cuH8TUfCgRYi1ZHgIgUw0?authuser=0&hl=id&g_ep=EgoyMDI2MDkxNi4wIJJjKgBIAVAD&rclk=1
6259;SPPG BONTOMARANNU;SPPG BONTOMARANNU, Bontomarannu, Kec. Galesong Sel., Kabupaten Takalar, Sulawesi Selatan 92254;Sulawesi Selatan;Gowa;Bontomarannu;T4 nama file;https://www.google.com/maps/place/SPPG+BONTOMARANNU/data=!4m7!3m6!1s0x2dbf27003a55a6cb:0x2e24838b68ea1d7!8m2!3d-5.3879236!4d119.3639769!16s%2Fg%2F11zc9tss00!19sChIJy6ZVOgAnvy0R16GOtjhI4gI?authuser=0&hl=id&g_ep=EgoyMDI2MDkxNi4wIJJjKgBIAVAD&rclk=1
6264;SPPG TANRARA BONTONOMPO SELATAN;SPPG TANRARA BONTONOMPO SELATAN, Unnamed Road, Tanrara, Kec. Bontonompo Sel., Kabupaten Gowa, Sulawesi Selatan 92153;Sulawesi Selatan;Gowa;Bontonompo;T3 alamat fuzzy;https://www.google.com/maps/place/SPPG+TANRARA+BONTONOMPO+SELATAN/data=!4m7!3m6!1s0x2dbf2700565f045b:0xb23078dc7fc35cd3!8m2!3d-5.3986686!4d119.4077571!16s%2Fg%2F11zd6trbc1!19sChIJWwRfVgAnvy0R01zDf9x4MLI?authuser=0&hl=id&g_ep=EgoyMDI2MDkxNi4wIJJjKgBIAVAD&rclk=1
6282;SPPG JENEPONTO BENTENG 3;SPPG JENEPONTO BENTENG 3, Benteng, Bangkala, Kabupaten Jeneponto, Sulawesi Selatan 92352;Sulawesi Selatan;Jeneponto;Bangkala;T4 nama file;https://www.google.com/maps/place/SPPG+JENEPONTO+BENTENG+3/data=!4m7!3m6!1s0x2dbed3001c2b4ddb:0xce229c7249b349d0!8m2!3d-5.5772517!4d119.561162!16s%2Fg%2F11zx0nc9zn!19sChIJ200rHADTvi0R0EmzSXKcIs4?authuser=0&hl=id&g_ep=EgoyMDI2MDkxNi4wIJJjKgBIAVAD&rclk=1
6283;SPPG JENEPONTO BANGKALA BENTENG 2;Jl. Poros Takalar - Jeneponto, Benteng, Bangkala, Kabupaten Jeneponto, Sulawesi Selatan 92352;Sulawesi Selatan;Jeneponto;Bangkala;T4 nama file;https://www.google.com/maps/place/SPPG+JENEPONTO+BANGKALA+BENTENG+2/data=!4m7!3m6!1s0x2dbed3001ef26c51:0xed372e3b4fa46b80!8m2!3d-5.5736591!4d119.5563028!16s%2Fg%2F11ynz40mdv!19sChIJUWzyHgDTvi0RgGukTzsuN-0?authuser=0&hl=id&g_ep=EgoyMDI2MDkxNi4wIJJjKgBIAVAD&rclk=1
6284;SPPG JENEPONTO BANGKALA PALLENGU;SPPG Jeneponto Bangkala Pallengu, Pallengu, Bangkala, Kabupaten Jeneponto, Sulawesi Selatan 92352;Sulawesi Selatan;Jeneponto;Bangkala;T4 nama file;https://www.google.com/maps/place/SPPG+Jeneponto+Bangkala+Pallengu/data=!4m7!3m6!1s0x2db92d0076588543:0x449f4ef150b44d01!8m2!3d-5.5911508!4d119.5739551!16s%2Fg%2F11mf581lk8!19sChIJQ4VYdgAtuS0RAU20UPFOn0Q?authuser=0&hl=id&g_ep=EgoyMDI2MDkxNi4wIJJjKgBIAVAD&rclk=1
6285;SPPG BANGKALA BARAT 02;SPPG Bangkala Barat 02, Jl. Poros Takalar - Jeneponto, Tuju, Kec. Bangkala Bar., Kabupaten Jeneponto, Sulawesi Selatan 92352;Sulawesi Selatan;Jeneponto;Bangkala Barat;T3 alamat fuzzy;https://www.google.com/maps/place/SPPG+Bangkala+Barat+02/data=!4m7!3m6!1s0x2dbed3003ad98d4f:0x493ea709ce948780!8m2!3d-5.5357234!4d119.5181981!16s%2Fg%2F11xztl6wpm!19sChIJT43ZOgDTvi0RgIeUzgmnPkk?authuser=0&hl=id&g_ep=EgoyMDI2MDkxNi4wIJJjKgBIAVAD&rclk=1
6286;SPPG BANGKALA BARAT 1;SPPG BANGKALA BARAT 1, Pattiro, Kec. Bangkala Bar., Kabupaten Jeneponto, Sulawesi Selatan 92352;Sulawesi Selatan;Jeneponto;Bangkala Barat;T3 alamat fuzzy;https://www.google.com/maps/place/SPPG+BANGKALA+BARAT+1/data=!4m7!3m6!1s0x2dbed3001b8c91b1:0x161fcb9da21fd5e!8m2!3d-5.552564!4d119.549078!16s%2Fg%2F11zj7c9wb8!19sChIJsZGMGwDTvi0RXv0h2rn8YQE?authuser=0&hl=id&g_ep=EgoyMDI2MDkxNi4wIJJjKgBIAVAD&rclk=1
6290;SPPG;Bontomanai, Bangkala, Kabupaten Jeneponto, Sulawesi Selatan 92352;Sulawesi Selatan;Jeneponto;Bangkala;T4 nama file;https://www.google.com/maps/place/SPPG/data=!4m7!3m6!1s0x2dbecd4f346b6097:0xb4db9ee66bab0d74!8m2!3d-5.5648783!4d119.6122444!16s%2Fg%2F11ykltqn_9!19sChIJl2BrNE_Nvi0RdA2ra-ae27Q?authuser=0&hl=id&g_ep=EgoyMDI2MDkxNi4wIJJjKgBIAVAD&rclk=1
6291;SPPG JENEPONTO BANGKALA BARAT BARANA;SPPG JENEPONTO BANGKALA BARAT BARANA, Barana, Kec. Bangkala Bar., Kabupaten Jeneponto, Sulawesi Selatan 92252;Sulawesi Selatan;Jeneponto;Bangkala Barat;T3 alamat fuzzy;https://www.google.com/maps/place/SPPG+JENEPONTO+BANGKALA+BARAT+BARANA/data=!4m7!3m6!1s0x2dbed1002a676c1f:0xb04a3602122589ac!8m2!3d-5.4710651!4d119.5362357!16s%2Fg%2F11yqpzbwjs!19sChIJH2xnKgDRvi0RrIklEgI2SrA?authuser=0&hl=id&g_ep=EgoyMDI2MDkxNi4wIJJjKgBIAVAD&rclk=1
6293;SPPG BANGKALA 06;SPPG BANGKALA 06, Jl. Mallombasang, Bontorannu, Bangkala, Kabupaten Jeneponto, Sulawesi Selatan 92352;Sulawesi Selatan;Jeneponto;Bangkala;T4 nama file;https://www.google.com/maps/place/SPPG+BANGKALA+06/data=!4m7!3m6!1s0x2db92d006944176f:0xa8b9b6c7d45ca917!8m2!3d-5.6048161!4d119.5845536!16s%2Fg%2F11ypxkjl_m!19sChIJbxdEaQAtuS0RF6lc1Me2uag?authuser=0&hl=id&g_ep=EgoyMDI2MDkxNi4wIJJjKgBIAVAD&rclk=1
6294;SPPG BANGKALA 02;Jl. Jalante No.2, Benteng, Bangkala, Kabupaten Jeneponto, Sulawesi Selatan 92352;Sulawesi Selatan;Jeneponto;Bangkala;T4 nama file;https://www.google.com/maps/place/SPPG+BANGKALA+02/data=!4m7!3m6!1s0x2db92d0027c091af:0x616f7a01323cd969!8m2!3d-5.5847688!4d119.5637366!16s%2Fg%2F11ylwd3w4_!19sChIJr5HAJwAtuS0Radk8MgF6b2E?authuser=0&hl=id&g_ep=EgoyMDI2MDkxNi4wIJJjKgBIAVAD&rclk=1
6295;SPPG BANGKALA 04;Bontomanai, Bangkala, Kabupaten Jeneponto, Sulawesi Selatan 92352;Sulawesi Selatan;Jeneponto;Bangkala;T4 nama file;https://www.google.com/maps/place/SPPG+BANGKALA+04/data=!4m7!3m6!1s0x2dbed383f492d339:0x9e8579fd251366c0!8m2!3d-5.5641013!4d119.5978155!16s%2Fg%2F11zjwy5dh4!19sChIJOdOS9IPTvi0RwGYTJf15hZ4?authuser=0&hl=id&g_ep=EgoyMDI2MDkxNi4wIJJjKgBIAVAD&rclk=1
6330;SPPG BONTOSIKUYU;SPPG BONTOSIKUYU, Jl. Kota Benteng-Tongketongke, Laiyolo Baru, Bontosikuyu, Kab. Kepulauan Selayar, Sulawesi Selatan 92855;Sulawesi Selatan;Kepulauan Selayar;Bontosikuyu;T4 nama file;https://www.google.com/maps/place/SPPG+BONTOSIKUYU/@-6.2934961,120.4803698,17z/data=!3m1!4b1!4m6!3m5!1s0x2dba39003aaf4a33:0x95af3df9f870b137!8m2!3d-6.2934961!4d120.4803698!16s%2Fg%2F11z8cfp6nl?hl=id&entry=ttu&g_ep=EgoyMDI2MDkxNi4wIKXMDSoASAFQAw%3D%3D
6331;SPPG TAKABONERATE NYIUR INDAH;Sppg Takabonerate Nyiur Indah, Nyiur Indah, Kab. Kepulauan Selayar, Sulawesi Selatan 92861;Sulawesi Selatan;Kepulauan Selayar;Taka Bonerate;T4 nama file;https://www.google.com/maps/place/Sppg+Takabonerate+Nyiur+Indah/@-6.7832661,120.7876282,17z/data=!3m1!4b1!4m6!3m5!1s0x2db08500714e9f05:0x6fc6210b467c0b7a!8m2!3d-6.7832661!4d120.7876282!16s%2Fg%2F11nqs5jshl?hl=id&entry=ttu&g_ep=EgoyMDI2MDkxNi4wIKXMDSoASAFQAw%3D%3D
6332;SPPG BABAKANSARI;Kp. Cipadali, RT.02/RW.02, Babakansari, Plered, Purwakarta Regency, West Java 41162;Sulawesi Selatan;Kepulauan Selayar;Pasilambena;T4 nama file;https://www.google.com/maps/place/Sppg+Babakansari/data=!4m7!3m6!1s0x2e69050030113613:0xbfd3a571e260c622!8m2!3d-6.640318!4d107.3915951!16s%2Fg%2F11z4mb_1d5!19sChIJEzYRMAAFaS4RIsZg4nGl078?authuser=0&hl=id&g_ep=EgoyMDI2MDkxNi4wIJJjKgBIAVAD&rclk=1
6334;SPPG KEP. SELAYAR BENTENG BENTENG SELATAN;Jl. Jend. Ahmad Yani No.48, South Benteng, Benteng, Selayar Islands Regency, South Sulawesi 92812;Sulawesi Selatan;Kepulauan Selayar;Benteng;T4 nama file;https://www.google.com/maps/place/SPPG+KEP.+SELAYAR+BENTENG+BENTENG+SELATAN/data=!4m7!3m6!1s0x2dba35000883fb1b:0x73f47b35a17fde35!8m2!3d-6.1263065!4d120.4644147!16s%2Fg%2F11zb568tnr!19sChIJG_uDCAA1ui0RNd5_oTV79HM?authuser=0&hl=id&g_ep=EgoyMDI2MDkxNi4wIJJjKgBIAVAD&rclk=1
6338;SPPG PASIMASUNGGU TIMUR;SPPG Pasimasunggu Timur, Bontobulaeng, Pasimassunggu Timur, Selayar Islands Regency, South Sulawesi 92861;Sulawesi Selatan;Kepulauan Selayar;Pasimasunggu Timur;T4 nama file;https://www.google.com/maps/place/SPPG+Pasimasunggu+Timur/@-7.0792579,120.7482334,17z/data=!3m1!4b1!4m6!3m5!1s0x2db0f10017db1069:0xca5a78fa0d69c86e!8m2!3d-7.0792579!4d120.7482334!16s%2Fg%2F11x08hyvlz?hl=id&entry=ttu&g_ep=EgoyMDI2MDkxNi4wIKXMDSoASAFQAw%3D%3D
6349;SPPG MANGGALA BANGKALA 1 KOTA MAKASSAR;SPPG Manggala Bangkala 1 Kota Makassar, Tamangapa, Manggala, Makassar City, South Sulawesi 90235;Sulawesi Selatan;Kota Makassar;Makassar;T4 nama file;https://www.google.com/maps/place/SPPG+Manggala+Bangkala+1+Kota+Makassar/data=!4m7!3m6!1s0x2dbee3006c913647:0x9aa50a58f4cb9e65!8m2!3d-5.1810355!4d119.4831982!16s%2Fg%2F11x1ff7p5w!19sChIJRzaRbADjvi0RZZ7L9FgKpZo?authuser=0&hl=id&g_ep=EgoyMDI2MDkxNi4wIJJjKgBIAVAD&rclk=1
6368;SPPG KOPTU HARUN;SPPG KOPTU HARUN, Jl. Koptu Harun, Totaka, Ujung Tanah, Makassar City, South Sulawesi;Sulawesi Selatan;Kota Makassar;Ujung Pandang;T4 nama file;https://www.google.com/maps/place/SPPG+KOPTU+HARUN/data=!4m7!3m6!1s0x2dbefd005f3c175b:0x6e368527ef17e823!8m2!3d-5.1134441!4d119.4181967!16s%2Fg%2F11zcgrmxn8!19sChIJWxc8XwD9vi0RI-gX7yeFNm4?authuser=0&hl=id&g_ep=EgoyMDI2MDkxNi4wIJJjKgBIAVAD&rclk=1
6369;SPPG TANJUNG MERDEKA 3;Jl. Gontang Raya No.15, Tanjung Merdeka, Tamalate, Makassar City, South Sulawesi 90224;Sulawesi Selatan;Kota Makassar;Mariso;T4 nama file;https://www.google.com/maps/place/SPPG+TANJUNG+MERDEKA+3/data=!4m7!3m6!1s0x2dbf1d0002b8a30f:0x5229469898952e74!8m2!3d-5.1843064!4d119.3993064!16s%2Fg%2F11njs0w5wy!19sChIJD6O4AgAdvy0RdC6VmJhGKVI?authuser=0&hl=id&g_ep=EgoyMDI2MDkxNi4wIJJjKgBIAVAD&rclk=1
6370;SPPG TANJUNG MERDEKA 2;Jl. Gontang Raya, Tanjung Merdeka, Tamalate, Makassar City, South Sulawesi 90225;Sulawesi Selatan;Kota Makassar;Mariso;T4 nama file;https://www.google.com/maps/place/SPPG+TANJUNG+MERDEKA+2/data=!4m7!3m6!1s0x2dbf1d42535c1653:0xba72cf9c4ba7d284!8m2!3d-5.1852318!4d119.4003959!16s%2Fg%2F11yn7h1v5r!19sChIJUxZcU0Idvy0RhNKnS5zPcro?authuser=0&hl=id&g_ep=EgoyMDI2MDkxNi4wIJJjKgBIAVAD&rclk=1
6392;SPPG WAJO SABBANGPARU SOMPE 002;Jl. Bosowa Sel., Sompe, Sabbang Paru, Kabupaten Wajo, Sulawesi Selatan 90961;Sulawesi Selatan;Kota Makassar;Wajo;T4 nama file;https://www.google.com/maps/place/SPPG+Wajo+Sabbangparu+Sompe+002/data=!4m7!3m6!1s0x2d95e5000fc35753:0x470759f272ae3e0b!8m2!3d-4.2096085!4d120.009764!16s%2Fg%2F11z759cvyq!19sChIJU1fDDwDllS0RCz6ucvJZB0c?authuser=0&hl=id&g_ep=EgoyMDI2MDkxNi4wIJJjKgBIAVAD&rclk=1
6394;SPPG WAJO TEMPE MADDUKELLENG;SPPG Wajo Tempe Maddukelleng, Jl. Kartika Chandra Kirana, Maddukelleng, Tempe, Wajo Regency, South Sulawesi 90911;Sulawesi Selatan;Kota Makassar;Wajo;T4 nama file;https://www.google.com/maps/place/SPPG+Wajo+Tempe+Maddukelleng/data=!4m7!3m6!1s0x2d95e7001fd6a9fd:0xd5fb2ecf5cfc50a4!8m2!3d-4.1484165!4d120.0479155!16s%2Fg%2F11njcvrff6!19sChIJ_anWHwDnlS0RpFD8XM8u-9U?authuser=0&hl=id&g_ep=EgoyMDI2MDkxNi4wIJJjKgBIAVAD&rclk=1
6398;SPPG PANAKKUKANG PANDANG;SPPG PANAKKUKANG PANDANG, Mas No. 1, Jl. Meranti, Pandang, Panakkukang, Makassar City, South Sulawesi 90231;Sulawesi Selatan;Kota Makassar;Panakkukang;T4 nama file;https://www.google.com/maps/place/SPPG+PANAKKUKANG+PANDANG/data=!4m7!3m6!1s0x2dbee30009a8314b:0x14d0cbb2d197e2bd!8m2!3d-5.1578802!4d119.4519994!16s%2Fg%2F11nj07grw2!19sChIJSzGoCQDjvi0RveKX0bLL0BQ?authuser=0&hl=id&g_ep=EgoyMDI2MDkxNi4wIJJjKgBIAVAD&rclk=1
6404;SPPG PARANTAMBUNG;Jl. Daeng Kuling No.8, Parang Tambung, Tamalate, Makassar City, South Sulawesi 90224;Sulawesi Selatan;Kota Makassar;Tamalate;T4 nama file;https://www.google.com/maps/place/SPPG+Parantambung/data=!4m7!3m6!1s0x2dbee30009305065:0x5bfa7216042d00d4!8m2!3d-5.1918029!4d119.4200433!16s%2Fg%2F11xzt42vcn!19sChIJZVAwCQDjvi0R1AAtBBZy-ls?authuser=0&hl=id&g_ep=EgoyMDI2MDkxNi4wIJJjKgBIAVAD&rclk=1
6405;SPPG TAMALATE MAKASSAR (YCI);Jl. Traktor IV No.4, Mangasa, Tamalate, Makassar City, South Sulawesi 90221;Sulawesi Selatan;Kota Makassar;Tamalate;T4 nama file;https://www.google.com/maps/place/SPPG+Tamalate+Makassar+%28YCI%29/data=!4m7!3m6!1s0x2dbee300585d3e69:0x9b8b1cb4add9c3d0!8m2!3d-5.182108!4d119.4322614!16s%2Fg%2F11m6b7s07m!19sChIJaT5dWADjvi0R0MPZrbQci5s?authuser=0&hl=id&g_ep=EgoyMDI2MDkxNi4wIJJjKgBIAVAD&rclk=1
6422;SPPG UNHAS TAMALANREA 9;Jl. Perintis Kemerdekaan No.KM.10, Tamalanrea Indah, Tamalanrea, Makassar City, South Sulawesi 90245;Sulawesi Selatan;Kota Makassar;Tamalanrea;T4 nama file;https://www.google.com/maps/place/SPPG+Unhas+Tamalanrea+9/data=!4m7!3m6!1s0x2dbefd001de04105:0x82727f532281ac55!8m2!3d-5.1382694!4d119.4904043!16s%2Fg%2F11z8s84f0m!19sChIJBUHgHQD9vi0RVayBIlN_coI?authuser=0&hl=id&g_ep=EgoyMDI2MDkxNi4wIJJjKgBIAVAD&rclk=1
6426;SPPG TAMALANREA 3, KEC. TAMALANREA, KOTA MAKASSAR;Jl. Poros Jl. Bumi Tamalanrea Permai No.28 Blok AA, Tamalanrea, Makassar City, South Sulawesi 90245;Sulawesi Selatan;Kota Makassar;Tamalanrea;T4 nama file;https://www.google.com/maps/place/SPPG+Tamalanrea+3,+Kec.+Tamalanrea,+Kota+Makassar/data=!4m7!3m6!1s0x2dbee50003460d89:0x3a3f2585b363a0ae!8m2!3d-5.1387337!4d119.519093!16s%2Fg%2F11w_xvjwjh!19sChIJiQ1GAwDlvi0RrqBjs4UlPzo?authuser=0&hl=id&g_ep=EgoyMDI2MDkxNi4wIJJjKgBIAVAD&rclk=1
6429;SPPG MANGGALA BANGKALA 2;Jl. Sipil Raya, Bangkala, Manggala, Makassar City, South Sulawesi 90234;Sulawesi Selatan;Kota Makassar;Manggala;T4 nama file;https://www.google.com/maps/place/SPPG+Manggala+Bangkala+2/data=!4m7!3m6!1s0x2dbee33975fe2163:0xbf7df5bb9823f038!8m2!3d-5.1732824!4d119.4805192!16s%2Fg%2F11mz2db3nx!19sChIJYyH-dTnjvi0ROPAjmLv1fb8?authuser=0&hl=id&g_ep=EgoyMDI2MDkxNi4wIJJjKgBIAVAD&rclk=1
6446;SPPG KOTA PALOPO WARA SELATAN TAKKALALA 01;SPPG Kota Palopo Wara Selatan Takkalala 01, Takkalala, Kec. Wara Sel., Kota Palopo, Sulawesi Selatan 91921;Sulawesi Selatan;Kota Palopo;Bara;T4 nama file;https://www.google.com/maps/place/SPPG+Kota+Palopo+Wara+Selatan+Takkalala+01/data=!4m7!3m6!1s0x2d91590002850f55:0x71e8f49020f7594a!8m2!3d-3.0325332!4d120.2192122!16s%2Fg%2F11z73tk8xt!19sChIJVQ-FAgBZkS0RSln3IJD06HE?authuser=0&hl=id&g_ep=EgoyMDI2MDkxNi4wIJJjKgBIAVAD&rclk=1
6448;SPPG BARA TOBULUNG 01;Jl. Dr. Ratulangi, Tobulung, North Wara, Palopo City, South Sulawesi 91958;Sulawesi Selatan;Kota Palopo;Bara;T4 nama file;https://www.google.com/maps/place/SPPG+BARA+TOBULUNG+01/data=!4m7!3m6!1s0x2d91610001d0ad4f:0xd78f77b2040eb0b5!8m2!3d-2.9447968!4d120.1836889!16s%2Fg%2F11zbbt81_1!19sChIJT63QAQBhkS0RtbAOBLJ3j9c?authuser=0&hl=id&g_ep=EgoyMDI2MDkxNi4wIJJjKgBIAVAD&rclk=1
6449;SPPG MALATUNRUNG 02;SPPG Malatunrung 02, Jl. Tribina, Malatuntung, Kec. Wara Tim., Kota Palopo, Sulawesi Selatan 91923;Sulawesi Selatan;Kota Palopo;Sendana;T4 nama file;https://www.google.com/maps/place/SPPG+Malatunrung+02/data=!4m7!3m6!1s0x2d915f007739f993:0xf5df371539fa4897!8m2!3d-3.0121455!4d120.2065823!16s%2Fg%2F11njhqg835!19sChIJk_k5dwBfkS0Rl0j6ORU33_U?authuser=0&hl=id&g_ep=EgoyMDI2MDkxNi4wIJJjKgBIAVAD&rclk=1
6450;SPPG LUMINDA, WARA UTARA, KOTA PALOPO.;SPPG LUMINDA, WARA UTARA, KOTA PALOPO., Jl. KHM Kasim, Pattene, North Wara, Palopo City, South Sulawesi 91913;Sulawesi Selatan;Kota Palopo;Sendana;T4 nama file;https://www.google.com/maps/place/SPPG+LUMINDA,+WARA+UTARA,+KOTA+PALOPO./data=!4m7!3m6!1s0x2d915f0027c75ae3:0x374add8913252813!8m2!3d-2.9957961!4d120.1854321!16s%2Fg%2F11mzphkq5j!19sChIJ41rHJwBfkS0REyglE4ndSjc?authuser=0&hl=id&g_ep=EgoyMDI2MDkxNi4wIJJjKgBIAVAD&rclk=1
6454;SPPG TAKKALALA 2;SPPG Takkalala 2, Takkalala, Kec. Wara Sel., Kota Palopo, Sulawesi Selatan 91922;Sulawesi Selatan;Kota Palopo;Sendana;T4 nama file;https://www.google.com/maps/place/SPPG+Takkalala+2/data=!4m7!3m6!1s0x2d915900483279e1:0xdc330f7fdf90efd4!8m2!3d-3.0268599!4d120.2133102!16s%2Fg%2F11zb7r3lbt!19sChIJ4XkySABZkS0R1O-Q338PM9w?authuser=0&hl=id&g_ep=EgoyMDI2MDkxNi4wIJJjKgBIAVAD&rclk=1
6455;SPPG MALATUNRUNG 1;SPPG Malatunrung 1, Malatuntung, Kec. Wara Tim., Kota Palopo, Sulawesi Selatan 91923;Sulawesi Selatan;Kota Palopo;Sendana;T4 nama file;https://www.google.com/maps/place/SPPG+Malatunrung+1/data=!4m7!3m6!1s0x2d915f003d9b9791:0x77dd6fc22193802!8m2!3d-3.0101741!4d120.2061642!16s%2Fg%2F11njcwx023!19sChIJkZebPQBfkS0RAjgZIvzWfQc?authuser=0&hl=id&g_ep=EgoyMDI2MDkxNi4wIJJjKgBIAVAD&rclk=1
6456;SPPG KOTA PALOPO WARA SELATAN SONGKA;SPPG Kota Palopo Wara Selatan Songka, Jl. Poros, Songka, Kec. Wara Sel., Kota Palopo, Sulawesi Selatan 91926;Sulawesi Selatan;Kota Palopo;Sendana;T4 nama file;https://www.google.com/maps/place/SPPG+Kota+Palopo+Wara+Selatan+Songka/data=!4m7!3m6!1s0x2d91590055d8eeff:0x55522dc3c8ef3aab!8m2!3d-3.0391287!4d120.216887!16s%2Fg%2F11z77g2rnz!19sChIJ_-7YVQBZkS0RqzrvyMMtUlU?authuser=0&hl=id&g_ep=EgoyMDI2MDkxNi4wIJJjKgBIAVAD&rclk=1
6458;SPPG PALOPO WARA TIMUR BENTENG;SPPG PALOPO WARA TIMUR BENTENG, Malatuntung, Kec. Wara Tim., Kota Palopo, Sulawesi Selatan 91923;Sulawesi Selatan;Kota Palopo;Sendana;T4 nama file;https://www.google.com/maps/place/SPPG+PALOPO+WARA+TIMUR+BENTENG/data=!4m7!3m6!1s0x2d915f006e916019:0x3eab35e0305deb98!8m2!3d-3.010456!4d120.2132097!16s%2Fg%2F11njl92plc!19sChIJGWCRbgBfkS0RmOtdMOA1qz4?authuser=0&hl=id&g_ep=EgoyMDI2MDkxNi4wIJJjKgBIAVAD&rclk=1
6462;SPPG UJUNGLARE #002;Jl. Abubakar Lambogo No.5, Ujung Lare, Kec. Soreang, Kota Parepare, Sulawesi Selatan 91131;Sulawesi Selatan;Kota Pare Pare;Bacukiki;T4 nama file;https://www.google.com/maps/place/SPPG+UJUNGLARE+%23002/data=!4m7!3m6!1s0x2d95bb0032b0ee29:0xa4ebd536de854359!8m2!3d-4.00729!4d119.6300294!16s%2Fg%2F11zcgrqvfg!19sChIJKe6wMgC7lS0RWUOF3jbV66Q?authuser=0&hl=id&g_ep=EgoyMDI2MDkxNi4wIJJjKgBIAVAD&rclk=1
6463;SPPG BUKIT INDAH #005;SPPG Bukit Indah 005, Jl. Kebun Sayur Utara, Bukit Indah, Kec. Soreang, Kota Parepare, Sulawesi Selatan 91131;Sulawesi Selatan;Kota Pare Pare;Bacukiki;T4 nama file;https://www.google.com/maps/place/SPPG+Bukit+Indah+%23005/data=!4m7!3m6!1s0x2d95bb004b8f43c1:0x3593907e90ff3772!8m2!3d-4.001863!4d119.6350894!16s%2Fg%2F11xw1fg1gb!19sChIJwUOPSwC7lS0Rcjf_kH6QkzU?authuser=0&hl=id&g_ep=EgoyMDI2MDkxNi4wIJJjKgBIAVAD&rclk=1
6465;SPPG KAMPUNG BARU 02;Jl. Bau Massepe No.141, Lumpue, Kec. Bacukiki Bar., Kota Parepare, Sulawesi Selatan 91123;Sulawesi Selatan;Kota Pare Pare;Bacukiki;T4 nama file;https://www.google.com/maps/place/SPPG+Kampung+Baru+02/data=!4m7!3m6!1s0x2d95bd001c0f772f:0xfb92d3923267073b!8m2!3d-4.0538289!4d119.6277161!16s%2Fg%2F11npqmy460!19sChIJL3cPHAC9lS0ROwdnMpLTkvs?authuser=0&hl=id&g_ep=EgoyMDI2MDkxNi4wIJJjKgBIAVAD&rclk=1
6466;SPPG KOTA PAREPARE BACUKIKI BARAT SUMPANG MINANGAE;SPPG Kota Parepare Bacukiki Barat Sumpang Minangae, Jl. Salo' Karajae, Sumpang Minangae, Bacukiki Barat, Parepare, South Sulawesi 91123;Sulawesi Selatan;Kota Pare Pare;Bacukiki;T4 nama file;https://www.google.com/maps/place/SPPG+Kota+Parepare+Bacukiki+Barat+Sumpang+Minangae/data=!4m7!3m6!1s0x2d95bd000ac8a769:0x655c4974511b923f!8m2!3d-4.0459538!4d119.6261453!16s%2Fg%2F11z24cc6z4!19sChIJaafICgC9lS0RP5IbUXRJXGU?authuser=0&hl=id&g_ep=EgoyMDI2MDkxNi4wIJJjKgBIAVAD&rclk=1
6468;SPPG KOTA PAREPARE SOREANG BUKIT HARAPAN 2;SPPG Kota Parepare Soreang Bukit Harapan 2, Jl. Satelit (Lembah Harapan, Bukit Harapan, Kec. Soreang, Kota Parepare, Sulawesi Selatan 91131;Sulawesi Selatan;Kota Pare Pare;Bacukiki;T4 nama file;https://www.google.com/maps/place/SPPG+Kota+Parepare+Soreang+Bukit+Harapan+2/data=!4m7!3m6!1s0x2d95bb0038c31463:0x574633f0fc353791!8m2!3d-3.9822578!4d119.6431715!16s%2Fg%2F11npr17w9p!19sChIJYxTDOAC7lS0RkTc1_PAzRlc?authuser=0&hl=id&g_ep=EgoyMDI2MDkxNi4wIJJjKgBIAVAD&rclk=1
6469;SPPG KOTA PAREPARE SOREANG BUKIT INDAH 2;Jl. Industri Kecil, Bukit Indah, Kec. Soreang, Kota Parepare, Sulawesi Selatan 91131;Sulawesi Selatan;Kota Pare Pare;Bacukiki;T4 nama file;https://www.google.com/maps/place/SPPG+Kota+Parepare+Soreang+Bukit+Indah+2/data=!4m7!3m6!1s0x2d95bb3d6d06dc19:0x9e361d7cd9a52bc1!8m2!3d-4.0025221!4d119.6398767!16s%2Fg%2F11y_zk3n8s!19sChIJGdwGbT27lS0RwSul2XwdNp4?authuser=0&hl=id&g_ep=EgoyMDI2MDkxNi4wIJJjKgBIAVAD&rclk=1
6470;SPPG BUMI HARAPAN 2;SPPG Bumi harapan 2, Jl. Bambu Runcing, Bumi Harapan, Kec. Bacukiki Bar., Kota Parepare, Sulawesi Selatan 91121;Sulawesi Selatan;Kota Pare Pare;Bacukiki;T4 nama file;https://www.google.com/maps/place/SPPG+Bumi+harapan+2/data=!4m7!3m6!1s0x2d95bb0049c87edb:0x43127855da1aac6a!8m2!3d-4.024649!4d119.6419812!16s%2Fg%2F11mkx638dc!19sChIJ237ISQC7lS0Raqwa2lV4EkM?authuser=0&hl=id&g_ep=EgoyMDI2MDkxNi4wIJJjKgBIAVAD&rclk=1
6471;SPPG CAPPA GALUNG;SPPG CAPPA GALUNG, Cappa Galung, Kec. Bacukiki Bar., Kota Parepare, Sulawesi Selatan 91121;Sulawesi Selatan;Kota Pare Pare;Bacukiki;T4 nama file;https://www.google.com/maps/place/SPPG+CAPPA+GALUNG/data=!4m7!3m6!1s0x2d95bb001532376f:0x2d2307f437e88d28!8m2!3d-4.026743!4d119.6243894!16s%2Fg%2F11npqmh591!19sChIJbzcyFQC7lS0RKI3oN_QHIy0?authuser=0&hl=id&g_ep=EgoyMDI2MDkxNi4wIJJjKgBIAVAD&rclk=1
6472;SPPG KAMPUNG BARU;Jl. Atletik Timur, Kp. Baru, Kec. Bacukiki Bar., Kota Parepare, Sulawesi Selatan 91111;Sulawesi Selatan;Kota Pare Pare;Bacukiki;T4 nama file;https://www.google.com/maps/place/SPPG+KAMPUNG+BARU/data=!4m7!3m6!1s0x2d95bb0030a3da95:0x9a32e9b920e84feb!8m2!3d-4.016685!4d119.632153!16s%2Fg%2F11y0ygt4nd!19sChIJldqjMAC7lS0R60_oILnpMpo?authuser=0&hl=id&g_ep=EgoyMDI2MDkxNi4wIJJjKgBIAVAD&rclk=1
6473;SPPG UJUNG LAPADDE;Jl. Lagaligo No.119, Lapadde, Ujung, Parepare, South Sulawesi 91112;Sulawesi Selatan;Kota Pare Pare;Bacukiki;T4 nama file;https://www.google.com/maps/place/SPPG+UJUNG+LAPADDE/data=!4m7!3m6!1s0x2d95bb003f24c131:0xc06614a0761d6b0!8m2!3d-3.9950205!4d119.652324!16s%2Fg%2F11nr4ftb5d!19sChIJMcEkPwC7lS0RsNZhB0phBgw?authuser=0&hl=id&g_ep=EgoyMDI2MDkxNi4wIJJjKgBIAVAD&rclk=1
6474;SPPG BUMI HARAPAN 3;SPPG Bumi Harapan 3, Jl. H. Mukaddas, Bumi Harapan, Kec. Bacukiki Bar., Kota Parepare, Sulawesi Selatan 91121;Sulawesi Selatan;Kota Pare Pare;Bacukiki;T4 nama file;https://www.google.com/maps/place/SPPG+Bumi+Harapan+3/data=!4m7!3m6!1s0x2d95bb0031a0f201:0xde4c9b745e21d065!8m2!3d-4.0244473!4d119.643361!16s%2Fg%2F11npqp47qj!19sChIJAfKgMQC7lS0RZdAhXnSbTN4?authuser=0&hl=id&g_ep=EgoyMDI2MDkxNi4wIJJjKgBIAVAD&rclk=1
6475;SPPG BACUKIKI BARAT;SPPG Bacukiki Barat, Jl. Bau Massepe, Lumpue, Kec. Bacukiki Bar., Kota Parepare, Sulawesi Selatan 91123;Sulawesi Selatan;Kota Pare Pare;Bacukiki;T4 nama file;https://www.google.com/maps/place/SPPG+Bacukiki+Barat/data=!4m7!3m6!1s0x2d95bd003d6ff425:0x9728c475db1e5a3b!8m2!3d-4.0615296!4d119.6231146!16s%2Fg%2F11xmf0530t!19sChIJJfRvPQC9lS0RO1oe23XEKJc?authuser=0&hl=id&g_ep=EgoyMDI2MDkxNi4wIJJjKgBIAVAD&rclk=1
6476;SPPG KOTA PAREPARE SOREANG BUKIT HARAPAN;SPPG KOTA PAREPARE SOREANG BUKIT HARAPAN, Jl. Satelit (Lembah Harapan, Bukit Harapan, Kec. Soreang, Kota Parepare, Sulawesi Selatan 91131;Sulawesi Selatan;Kota Pare Pare;Bacukiki;T4 nama file;https://www.google.com/maps/place/SPPG+KOTA+PAREPARE+SOREANG+BUKIT+HARAPAN/data=!4m7!3m6!1s0x2d95bb001a735c5b:0xf342cf4b61c82b0c!8m2!3d-3.9822086!4d119.6432872!16s%2Fg%2F11yyj11wqg!19sChIJW1xzGgC7lS0RDCvIYUvPQvM?authuser=0&hl=id&g_ep=EgoyMDI2MDkxNi4wIJJjKgBIAVAD&rclk=1
6477;SPPG BUMI HARAPAN 4;SPPG Bumi Harapan 4, Jl. Bambu Runcing, Bumi Harapan, Kec. Bacukiki Bar., Kota Parepare, Sulawesi Selatan 91121;Sulawesi Selatan;Kota Pare Pare;Bacukiki;T4 nama file;https://www.google.com/maps/place/SPPG+Bumi+Harapan+4/data=!4m7!3m6!1s0x2d95bb005d694271:0x3a818ee8661b289e!8m2!3d-4.0245363!4d119.6432202!16s%2Fg%2F11z7qpmqhy!19sChIJcUJpXQC7lS0RnigbZuiOgTo?authuser=0&hl=id&g_ep=EgoyMDI2MDkxNi4wIJJjKgBIAVAD&rclk=1
6480;SPPG UJUNG LARE #003;Jl. Abubakar Lambogo No.48, Ujung Lare, Kec. Soreang, Kota Parepare, Sulawesi Selatan 91131;Sulawesi Selatan;Kota Pare Pare;Ujung;T4 nama file;https://www.google.com/maps/place/SPPG+UJUNG+LARE+%23003/data=!4m7!3m6!1s0x2d95bb0067a079cd:0x94c8b6381e26c345!8m2!3d-4.007712!4d119.6335216!16s%2Fg%2F11nj_lmdr3!19sChIJzXmgZwC7lS0RRcMmHji2yJQ?authuser=0&hl=id&g_ep=EgoyMDI2MDkxNi4wIJJjKgBIAVAD&rclk=1
6483;SPPG BANDUNG SOREANG PARUNGSERAB;Jl. Paniisan Kecamatan No.39, RT.002/RW.016, Parungserab, Kec. Soreang, Kabupaten Bandung, Jawa Barat 40914;Sulawesi Selatan;Kota Pare Pare;Soreang;T4 nama file;https://www.google.com/maps/place/SPPG+Bandung+Soreang+Parungserab/data=!4m7!3m6!1s0x2e68ed753514325f:0x59ec73bc275f7647!8m2!3d-7.0138922!4d107.528738!16s%2Fg%2F11mktnws4l!19sChIJXzIUNXXtaC4RR3ZfJ7xz7Fk?authuser=0&hl=id&g_ep=EgoyMDI2MDkxNi4wIJJjKgBIAVAD&rclk=1
6491;SPPG NOLING BUA PONRANG;SPPG NOLING BUA PONRANG, Noling, desa.kambuno, Kabupaten Luwu, Sulawesi Selatan 91993;Sulawesi Selatan;Luwu;Bajo;T4 nama file;https://www.google.com/maps/place/SPPG+NOLING+BUA+PONRANG/data=!4m7!3m6!1s0x2d96ad002fa0f4e9:0x2239159f767a12ee!8m2!3d-3.2761677!4d120.2525054!16s%2Fg%2F11ynvfkllq!19sChIJ6fSgLwCtli0R7hJ6dp8VOSI?authuser=0&hl=id&g_ep=EgoyMDI2MDkxNi4wIJJjKgBIAVAD&rclk=1
6496;KEC. BASSESANGTEMPE;Kabupaten Luwu, Sulawesi Selatan;Sulawesi Selatan;Luwu;Basse Sangtempe;T4 nama file;https://www.google.com/maps/place/Kec.+Bassesangtempe/data=!4m7!3m6!1s0x2d93fea5dbc3b86d:0x2fc0d28552394911!8m2!3d-3.1069766!4d120.0455857!16s%2Fg%2F11c1xnygpf!19sChIJbbjD26X-ky0REUk5UoXSwC8?authuser=0&hl=id&g_ep=EgoyMDI2MDkxNi4wIJJjKgBIAVAD&rclk=1
6506;SPPG PENGKAJOANG;SPPG Pengkajoang, Pangkajoang, Kec. Malangke Bar., Kabupaten Luwu Utara, Sulawesi Selatan 92957;Sulawesi Selatan;Luwu Utara;Malangke Barat;T3 alamat fuzzy;https://www.google.com/maps/place/SPPG+Pengkajoang/data=!4m7!3m6!1s0x2d91650043669a4d:0x89aaeed0b315ed2c!8m2!3d-2.828747!4d120.3414603!16s%2Fg%2F11z7mvhw9f!19sChIJTZpmQwBlkS0RLO0Vs9Duqok?authuser=0&hl=id&g_ep=EgoyMDI2MDkxNi4wIJJjKgBIAVAD&rclk=1
6507;SPPG LUWU PONRANG SELATAN PATTEDONG SELATAN;SPPG LUWU PONRANG SELATAN PATTEDONG SELATAN, Jl. Poros Palopo - Makassar, Pattedong Sel., Kec. Ponrang Sel., Kabupaten Luwu, Sulawesi Selatan 91999;Sulawesi Selatan;Luwu;Ponrang;T4 nama file;https://www.google.com/maps/place/SPPG+LUWU+PONRANG+SELATAN+PATTEDONG+SELATAN/data=!4m7!3m6!1s0x2d96b3005923e62f:0xc980decd5e3fa2db!8m2!3d-3.2779179!4d120.3444447!16s%2Fg%2F11njrvyh00!19sChIJL-YjWQCzli0R26I_Xs3egMk?authuser=0&hl=id&g_ep=EgoyMDI2MDkxNi4wIJJjKgBIAVAD&rclk=1
6508;PUSKESMAS WALENRANG BARAT;Ilan Batu, Kec. Walenrang Bar., Kabupaten Luwu, Sulawesi Selatan 91951;Sulawesi Selatan;Luwu;Walenrang Barat;T3 alamat fuzzy;https://www.google.com/maps/place/Puskesmas+Walenrang+Barat/data=!4m7!3m6!1s0x2d93db40b81f8ec1:0x7de46fcee41687ab!8m2!3d-2.8509882!4d120.0515138!16s%2Fg%2F11h2bmks99!19sChIJwY4fuEDbky0Rq4cW5M5v5H0?authuser=0&hl=id&g_ep=EgoyMDI2MDkxNi4wIJJjKgBIAVAD&rclk=1
6513;SPPG LUWU TIMUR TOMONI TIMUR MANUNGGAL;SPPG LUWU TIMUR TOMONI TIMUR MANUNGGAL, Manunggal, Kec. Tomoni Tim., Kabupaten Luwu Timur, Sulawesi Selatan 92972;Sulawesi Selatan;Luwu Timur;Tomoni Timur;T3 alamat fuzzy;https://www.google.com/maps/place/SPPG+LUWU+TIMUR+TOMONI+TIMUR+MANUNGGAL/data=!4m7!3m6!1s0x2d91ad0030acaa09:0x2cc1665a84752923!8m2!3d-2.565362!4d120.8749335!16s%2Fg%2F11zcf_1n0h!19sChIJCaqsMACtkS0RIyl1hFpmwSw?authuser=0&hl=id&g_ep=EgoyMDI2MDkxNi4wIJJjKgBIAVAD&rclk=1
6520;SPPG LUWU TIMUR TOWUTI WAWONDULA;Jl. Terong No.10, Wawondula, Towuti, East Luwu Regency, South Sulawesi 92982;Sulawesi Selatan;Luwu;Walenrang Timur;T4 nama file;https://www.google.com/maps/place/SPPG+LUWU+TIMUR+TOWUTI+WAWONDULA/data=!4m7!3m6!1s0x2d90630051bdff9b:0xbfea65ee37f13062!8m2!3d-2.637886!4d121.3715653!16s%2Fg%2F11z73x9p0y!19sChIJm_-9UQBjkC0RYjDxN-5l6r8?authuser=0&hl=id&g_ep=EgoyMDI2MDkxNi4wIJJjKgBIAVAD&rclk=1
6526;PUSKESMAS BAJO BARAT;Puskesmas Bajo Barat, Bone Lemo, Kec. Bajo Bar., Kabupaten Luwu, Sulawesi Selatan 91995;Sulawesi Selatan;Luwu;Bajo Barat;T3 alamat fuzzy;https://www.google.com/maps/place/Puskesmas+Bajo+Barat/data=!4m7!3m6!1s0x2d96a9894a800aad:0x4770ef912b2df61a!8m2!3d-3.3498333!4d120.2431968!16s%2Fg%2F11n13kznl6!19sChIJrQqASompli0RGvYtK5HvcEc?authuser=0&hl=id&g_ep=EgoyMDI2MDkxNi4wIJJjKgBIAVAD&rclk=1
6531;SPPG LUWU TIMUR MANGKUTANA MARGOLEMBO;SPPG Luwu Timur Mangkutana Margolembo, Panca Karsa, Mangkutana, East Luwu Regency, South Sulawesi 92972;Sulawesi Selatan;Luwu Timur;Tomoni;T4 nama file;https://www.google.com/maps/place/SPPG+Luwu+Timur+Mangkutana+Margolembo/data=!4m7!3m6!1s0x2d91b3004bde4421:0xb453b2340085d27f!8m2!3d-2.4633511!4d120.8137839!16s%2Fg%2F11njgz9gph!19sChIJIUTeSwCzkS0Rf9KFADSyU7Q?authuser=0&hl=id&g_ep=EgoyMDI2MDkxNi4wIJJjKgBIAVAD&rclk=1
6534;SPPG NUHA-LUWU TIMUR;Jl. Tanah Merah No.01, Sorowako, Nuha, East Luwu Regency, South Sulawesi 92983;Sulawesi Selatan;Luwu Timur;Nuha;T4 nama file;https://www.google.com/maps/place/SPPG+Nuha-Luwu+Timur/@-2.52465,121.3639004,17z/data=!3m1!4b1!4m6!3m5!1s0x2d9065ac05be1d57:0xb7d334465b670310!8m2!3d-2.52465!4d121.3639004!16s%2Fg%2F11yxljq5v3?hl=id&entry=ttu&g_ep=EgoyMDI2MDkxNi4wIKXMDSoASAFQAw%3D%3D
6543;SPPG BONE TUA - MASAMBA 002;Jl. Lkr. Selatan No.2, Kasimbong, Masamba, North Luwu Regency, South Sulawesi 92915;Sulawesi Selatan;Luwu Utara;Masamba;T4 nama file;https://www.google.com/maps/place/SPPG+BONE+TUA+-+MASAMBA+002/data=!4m7!3m6!1s0x2d91857d87a85e69:0xe97974b0bd8e3b17!8m2!3d-2.5649706!4d120.3314469!16s%2Fg%2F11ywmgs57c!19sChIJaV6oh32FkS0RFzuOvbB0eek?authuser=0&hl=id&g_ep=EgoyMDI2MDkxNi4wIJJjKgBIAVAD&rclk=1
6552;PLTA SALU URO;PLTA Salu Uro, Beroppa, Seko, North Luwu Regency, South Sulawesi 92956;Sulawesi Selatan;Luwu Utara;Seko;T4 nama file;https://www.google.com/maps/place/PLTA+Salu+Uro/data=!4m7!3m6!1s0x2d924100256444af:0x79f815feb75f5418!8m2!3d-2.4311448!4d119.7635253!16s%2Fg%2F11wwwwm238!19sChIJr0RkJQBBki0RGFRft_4V-Hk?authuser=0&hl=id&g_ep=EgoyMDI2MDkxNi4wIJJjKgBIAVAD&rclk=1
6553;SEKO,LUWU UTARA,SULAWESI SELATAN;Seko,luwu utara,sulawesi selatan, Embonatana, Seko, Kabupaten Luwu Utara, Sulawesi Selatan 92954;Sulawesi Selatan;Luwu Utara;Seko;T4 nama file;https://www.google.com/maps/place/Seko,luwu+utara,sulawesi+selatan/data=!4m7!3m6!1s0x2d9217001ef825d5:0xc5339547b8684e13!8m2!3d-2.4044943!4d119.8860501!16s%2Fg%2F11z6080g7w!19sChIJ1SX4HgAXki0RE05ouEeVM8U?authuser=0&hl=id&g_ep=EgoyMDI2MDkxNi4wIJJjKgBIAVAD&rclk=1
6554;BANDAR UDARA SEKO;Bandar Udara Seko, Padang Balua, Seko, Kabupaten Luwu Utara, Sulawesi Selatan 92956;Sulawesi Selatan;Luwu Utara;Seko;T4 nama file;https://www.google.com/maps/place/Bandar+Udara+Seko/data=!4m7!3m6!1s0x2d9211e2937b6b79:0x15d3ea6c48a31ae8!8m2!3d-2.2718179!4d119.8949257!16s%2Fg%2F11dzz_hvtn!19sChIJeWt7k-IRki0R6BqjSGzq0xU?authuser=0&hl=id&g_ep=EgoyMDI2MDkxNi4wIJJjKgBIAVAD&rclk=1
6555;PUSKESMAS SEKO;PUSKESMAS SEKO, Padang Balua, Seko, Kabupaten Luwu Utara, Sulawesi Selatan 92956;Sulawesi Selatan;Luwu Utara;Seko;T4 nama file;https://www.google.com/maps/place/PUSKESMAS+SEKO/data=!4m7!3m6!1s0x2d92118243012e21:0xf8355233523bae87!8m2!3d-2.2714441!4d119.8890999!16s%2Fg%2F11h8fmf0_l!19sChIJIS4BQ4IRki0Rh647UjNSNfg?authuser=0&hl=id&g_ep=EgoyMDI2MDkxNi4wIJJjKgBIAVAD&rclk=1
6556;SEKO TENGAH;Seko tengah, Embonatana, Seko, Kabupaten Luwu Utara, Sulawesi Selatan 92956;Sulawesi Selatan;Luwu Utara;Seko;T4 nama file;https://www.google.com/maps/place/Seko+tengah/data=!4m7!3m6!1s0x2d92130067a1cb21:0x9c4818f4e20aae8!8m2!3d-2.3233635!4d119.837966!16s%2Fg%2F11yvj9q80l!19sChIJIcuhZwATki0R6KogTo-BxAk?authuser=0&hl=id&g_ep=EgoyMDI2MDkxNi4wIJJjKgBIAVAD&rclk=1
6558;SPPG MALANGKE BARAT PAO;SPPG MALANGKE BARAT PAO, Pao, Kec. Malangke Bar., Kabupaten Luwu Utara, Sulawesi Selatan 92957;Sulawesi Selatan;Luwu Utara;Malangke Barat;T3 alamat fuzzy;https://www.google.com/maps/place/SPPG+MALANGKE+BARAT+PAO/data=!4m7!3m6!1s0x2d916f004bd5c74b:0xde26da5cb1802f1d!8m2!3d-2.8243605!4d120.3544538!16s%2Fg%2F11npwrlf54!19sChIJS8fVSwBvkS0RHS-AsVzaJt4?authuser=0&hl=id&g_ep=EgoyMDI2MDkxNi4wIJJjKgBIAVAD&rclk=1
6560;SPPG BONE-BONE;;Sulawesi Selatan;Luwu Utara;Bone Bone;T4 nama file;https://www.google.com/maps/place/SPPG+BONE-BONE/data=!4m7!3m6!1s0x84075b0838538b95:0x2ce4b5e07dc4b2d1!8m2!3d-2.5837224!4d120.5375415!16s%2Fg%2F11z12g4byy!19sChIJlYtTOAhbB4QR0bLEfeC15Cw?authuser=0&hl=id&g_ep=EgoyMDI2MDkxNi4wIJJjKgBIAVAD&rclk=1
6585;SPPG MAROS MANDAI BONTOA 2;SPPG Maros Mandai Bontoa 2, Bontoa, Mandai, Maros Regency, South Sulawesi 90552;Sulawesi Selatan;Maros;Mandai;T4 nama file;https://www.google.com/maps/place/SPPG+Maros+Mandai+Bontoa+2/data=!4m7!3m6!1s0x2dbef9007d674e7f:0x417def22791a0f3e!8m2!3d-5.0556373!4d119.5565147!16s%2Fg%2F11ynv9tbxp!19sChIJf05nfQD5vi0RPg8aeSLvfUE?authuser=0&hl=id&g_ep=EgoyMDI2MDkxNi4wIJJjKgBIAVAD&rclk=1
6604;SPPG MONCONGLOE LAPPARA;SPPG Moncongloe Lappara, Jl. Ayah Syekh Yusuf, Moncongloe Lappara, Moncong Loe, Maros Regency, South Sulawesi 90562;Sulawesi Selatan;Maros;Moncong Loe;T4 nama file;https://www.google.com/maps/place/SPPG+Moncongloe+Lappara/data=!4m7!3m6!1s0x2dbee30036561335:0x1e187caa2c6ee888!8m2!3d-5.1614973!4d119.5057801!16s%2Fg%2F11njsd6b17!19sChIJNRNWNgDjvi0RiOhuLKp8GB4?authuser=0&hl=id&g_ep=EgoyMDI2MDkxNi4wIJJjKgBIAVAD&rclk=1
6627;SPPG LIUKANG TUPPABIRING MATTIRO SOMPE 2;SPPG LIUKANG TUPPABIRING MATTIRO SOMPE 2, Mattiro Sompe, Liukang Tupabbiring, Kabupaten Pangkajene Dan Kepulauan, Sulawesi Selatan;Sulawesi Selatan;Pangkajene Kepulauan;Liukang Tupabbiring;T4 nama file;https://www.google.com/maps/place/SPPG+LIUKANG+TUPPABIRING+MATTIRO+SOMPE+2/@-4.9430805,119.3975392,17z/data=!3m1!4b1!4m6!3m5!1s0x2dbfab000c396117:0xaa59cc66b967917c!8m2!3d-4.9430805!4d119.3975392!16s%2Fg%2F11z8h83tsn?hl=id&entry=ttu&g_ep=EgoyMDI2MDkxNi4wIKXMDSoASAFQAw%3D%3D
6641;LIUKANG TUPABBIRING UTARA;Kabupaten Pangkajene Dan Kepulauan, Sulawesi Selatan;Sulawesi Selatan;Pangkajene Kepulauan;Liukang Tupabbiring Utara;T4 nama file;https://www.google.com/maps/place/Liukang+Tupabbiring+Utara/data=!4m7!3m6!1s0x2dbfb5868ba723cd:0x25dbf15d3c1adec9!8m2!3d-4.7036948!4d119.451303!16s%2Fg%2F1233x0fs!19sChIJzSOni4a1vy0Ryd4aPF3x2yU?authuser=0&hl=id&g_ep=EgoyMDI2MDkxNi4wIJJjKgBIAVAD&rclk=1
6642;KEC. TONDONG TALLASA;Kabupaten Pangkajene Dan Kepulauan, Sulawesi Selatan;Sulawesi Selatan;Pangkajene Kepulauan;Tondong Tallasa;T4 nama file;https://www.google.com/maps/place/Kec.+Tondong+Tallasa/data=!4m7!3m6!1s0x2dbe5cd26ff247e3:0xa8156f5a9ef1bdc5!8m2!3d-4.8413624!4d119.7172115!16s%2Fg%2F121kdr07!19sChIJ40fyb9Jcvi0Rxb3xnlpvFag?authuser=0&hl=id&g_ep=EgoyMDI2MDkxNi4wIJJjKgBIAVAD&rclk=1
6647;SPPG LEMBANG TADDOKONG;SPPG Lembang Taddokong, Taddokong, Lembang, Pinrang Regency, South Sulawesi 91254;Sulawesi Selatan;Pinrang;Lembang;T4 nama file;https://www.google.com/maps/place/SPPG+Lembang+Taddokong/data=!4m7!3m6!1s0x2d94670016adfeb5:0xb6076cc728b42c6!8m2!3d-3.5402787!4d119.530209!16s%2Fg%2F11y_pt7pyj!19sChIJtf6tFgBnlC0RxkKLcsx2YAs?authuser=0&hl=id&g_ep=EgoyMDI2MDkxNi4wIJJjKgBIAVAD&rclk=1
6650;SPPG PALLAMEANG;SPPG PALLAMEANG, Langnga, Kec. Mattiro Sompe, Kabupaten Pinrang, Sulawesi Selatan 91261;Sulawesi Selatan;Pinrang;Matirro Sompe;T3 alamat fuzzy;https://www.google.com/maps/place/SPPG+PALLAMEANG/data=!4m7!3m6!1s0x2d95ad00686ee1bf:0x62915329519d8b73!8m2!3d-3.8398563!4d119.5200907!16s%2Fg%2F11z7j20qqk!19sChIJv-FuaACtlS0Rc4udUSlTkWI?authuser=0&hl=id&g_ep=EgoyMDI2MDkxNi4wIJJjKgBIAVAD&rclk=1
6655;BGN SPPG PALLAMEANG KECAMATAN MATTIRO SOMPE;BGN SPPG PALLAMEANG KECAMATAN MATTIRO SOMPE, Pallameang, Kec. Mattiro Sompe, Kabupaten Pinrang, Sulawesi Selatan 91261;Sulawesi Selatan;Pinrang;Matirro Sompe;T3 alamat fuzzy;https://www.google.com/maps/place/BGN+SPPG+PALLAMEANG+KECAMATAN+MATTIRO+SOMPE/data=!4m7!3m6!1s0x2d94530004b8cf59:0xf7335361bf78f86c!8m2!3d-3.822092!4d119.5136711!16s%2Fg%2F11zbj1l13_!19sChIJWc-4BABTlC0RbPh4v2FTM_c?authuser=0&hl=id&g_ep=EgoyMDI2MDkxNi4wIJJjKgBIAVAD&rclk=1
6656;DAPUR SPPG MATTOMBONG;Dapur SPPG MATTOMBONG, Mattombong, Kec. Mattiro Sompe, Kabupaten Pinrang, Sulawesi Selatan 91261;Sulawesi Selatan;Pinrang;Matirro Sompe;T3 alamat fuzzy;https://www.google.com/maps/place/Dapur+SPPG+MATTOMBONG/data=!4m7!3m6!1s0x2d95ad007442b7d1:0x7ade5684d44f2a41!8m2!3d-3.8327549!4d119.5351885!16s%2Fg%2F11yq9bj5jt!19sChIJ0bdCdACtlS0RQSpP1IRW3no?authuser=0&hl=id&g_ep=EgoyMDI2MDkxNi4wIJJjKgBIAVAD&rclk=1
6666;SPPG DUAMPANUA DATA;SPPG Duampanua Data, Jl. Poros Pinrang - Polman, Data, Duampanua, Pinrang Regency, South Sulawesi 91253;Sulawesi Selatan;Pinrang;Duampanua;T4 nama file;https://www.google.com/maps/place/SPPG+Duampanua+Data/data=!4m7!3m6!1s0x2d945b0018d9a7cd:0xa1f9b1a1da3a1213!8m2!3d-3.6179988!4d119.5377355!16s%2Fg%2F11mlgzd5rf!19sChIJzafZGABblC0RExI62qGx-aE?authuser=0&hl=id&g_ep=EgoyMDI2MDkxNi4wIJJjKgBIAVAD&rclk=1
6672;SPPG SAWITTO 02;SPPG SAWITTO 02, Jalan Brigjend Kaian, Macorawalie, Kec. Watang Sawitto, Kabupaten Pinrang, Sulawesi Selatan 91212;Sulawesi Selatan;Pinrang;Watang Sawito;T3 alamat fuzzy;https://www.google.com/maps/place/SPPG+SAWITTO+02/data=!4m7!3m6!1s0x2d944d007354b89f:0xfaeddd56eb1bec26!8m2!3d-3.8043492!4d119.6480571!16s%2Fg%2F11lzr78zy8!19sChIJn7hUcwBNlC0RJuwb61bd7fo?authuser=0&hl=id&g_ep=EgoyMDI2MDkxNi4wIJJjKgBIAVAD&rclk=1
6673;SPPG WATANG SAWITTO MACCORAWALIE 05;SPPG WATANG SAWITTO MACCORAWALIE 05, Macorawalie, Kec. Watang Sawitto, Kabupaten Pinrang, Sulawesi Selatan;Sulawesi Selatan;Pinrang;Watang Sawito;T3 alamat fuzzy;https://www.google.com/maps/place/SPPG+WATANG+SAWITTO+MACCORAWALIE+05/data=!4m7!3m6!1s0x2d944d004fe98b33:0xfb0bfe8e5b11b267!8m2!3d-3.809413!4d119.6602156!16s%2Fg%2F11zxf7zd0c!19sChIJM4vpTwBNlC0RZ7IRW47-C_s?authuser=0&hl=id&g_ep=EgoyMDI2MDkxNi4wIJJjKgBIAVAD&rclk=1
6674;SPPG MACCOROWALIE, WATANG SAWITTO #007;SPPG MACCOROWALIE, WATANG SAWITTO 007, Jl. Ir. H. Juanda, Macorawalie, Kec. Watang Sawitto, Kabupaten Pinrang, Sulawesi Selatan 91212;Sulawesi Selatan;Pinrang;Watang Sawito;T3 alamat fuzzy;https://www.google.com/maps/place/SPPG+MACCOROWALIE,+WATANG+SAWITTO+%23007/data=!4m7!3m6!1s0x2d944d004bf82093:0xded3cc82bf6a2146!8m2!3d-3.8006946!4d119.6482195!16s%2Fg%2F11xygsydpy!19sChIJkyD4SwBNlC0RRiFqv4LM094?authuser=0&hl=id&g_ep=EgoyMDI2MDkxNi4wIJJjKgBIAVAD&rclk=1
6678;SPPG MOJONG;SPPG MOJONG, Mojong, Kec. W T. Sidenreng, Kabupaten Sidenreng Rappang, Sulawesi Selatan 91613;Sulawesi Selatan;Sidenreng Rappang;Watang Sidenreng;T4 nama file;https://www.google.com/maps/place/SPPG+MOJONG/data=!4m7!3m6!1s0x2d95cf004bdcb329:0xf90822190c7b79ee!8m2!3d-3.9230565!4d119.8970152!16s%2Fg%2F11n9bc0y5y!19sChIJKbPcSwDPlS0R7nl7DBkiCPk?authuser=0&hl=id&g_ep=EgoyMDI2MDkxNi4wIJJjKgBIAVAD&rclk=1
6688;SPPG LAUTANG BENTENG;SPPG LAUTANG BENTENG, Lautang Benteng, Maritengngae, Sidenreng Rappang Regency, South Sulawesi 91611;Sulawesi Selatan;Sidenreng Rappang;Watang Sidenreng;T4 nama file;https://www.google.com/maps/place/SPPG+LAUTANG+BENTENG/data=!4m7!3m6!1s0x2d95c9007ae4d44f:0x3b5f0dfe4a22685b!8m2!3d-3.9341383!4d119.8018857!16s%2Fg%2F11zbj7q13j!19sChIJT9TkegDJlS0RW2giSv4NXzs?authuser=0&hl=id&g_ep=EgoyMDI2MDkxNi4wIJJjKgBIAVAD&rclk=1
6689;SPPG EMPAGAE;SPPG Empagae, Empagae, Kec. W T. Sidenreng, Kabupaten Sidenreng Rappang, Sulawesi Selatan 91613;Sulawesi Selatan;Sidenreng Rappang;Watang Sidenreng;T4 nama file;https://www.google.com/maps/place/SPPG+Empagae/data=!4m7!3m6!1s0x2d95c9002caa4cdb:0xe8798f00b8cf1473!8m2!3d-3.9242101!4d119.861446!16s%2Fg%2F11mt7g5s98!19sChIJ20yqLADJlS0RcxTPuACPeeg?authuser=0&hl=id&g_ep=EgoyMDI2MDkxNi4wIJJjKgBIAVAD&rclk=1
6694;SPPG SUMPANG MANGO PITU RIAWA SIDRAP;;Sulawesi Selatan;Sidenreng Rappang;Dua Pitue;T4 nama file;https://www.google.com/maps/place/SPPG+SUMPANG+MANGO+PITU+RIAWA+SIDRAP/data=!4m7!3m6!1s0x87ffc3001bd58e73:0x11aaa5fc238b6c3e!8m2!3d-3.8990739!4d119.9364885!16s%2Fg%2F11n42g0mxr!19sChIJc47VGwDD_4cRPmyLI_ylqhE?authuser=0&hl=id&g_ep=EgoyMDI2MDkxNi4wIJJjKgBIAVAD&rclk=1
6696;KEC. KULO;Kabupaten Sidenreng Rappang, Sulawesi Selatan;Sulawesi Selatan;Sidenreng Rappang;Kulo;T4 nama file;https://www.google.com/maps/place/Kec.+Kulo/data=!4m7!3m6!1s0x2d94359cb2461d83:0x7bcbc22a60419318!8m2!3d-3.767922!4d119.7990489!16s%2Fg%2F121d1ss8!19sChIJgx1Gspw1lC0RGJNBYCrCy3s?authuser=0&hl=id&g_ep=EgoyMDI2MDkxNi4wIJJjKgBIAVAD&rclk=1
6701;SKPD;Jl. Harapan Baru No.13, Batu Lappa, pangkajene, Kabupaten Sidenreng Rappang, Sulawesi Selatan 91611;Sulawesi Selatan;Sidenreng Rappang;Kulo;T4 nama file;https://www.google.com/maps/place/Skpd/data=!4m7!3m6!1s0x2d95b7000c0aefa5:0xeace722670011bf6!8m2!3d-3.9319879!4d119.7702335!16s%2Fg%2F11vskk2_cg!19sChIJpe8KDAC3lS0R9hsBcCZyzuo?authuser=0&hl=id&g_ep=EgoyMDI2MDkxNi4wIJJjKgBIAVAD&rclk=1
6705;SPPG YAYASAN MALOMO PANCA LAUTANG;SPPG YAYASAN MALOMO PANCA LAUTANG, Corawali, Panca Lautang, Sidenreng Rappang Regency, South Sulawesi 91672;Sulawesi Selatan;Sidenreng Rappang;Panca Lautang;T4 nama file;https://www.google.com/maps/place/SPPG+YAYASAN+MALOMO+PANCA+LAUTANG/data=!4m7!3m6!1s0x2d95c10017893c9b:0x28e69bfd7072d9f4!8m2!3d-4.049536!4d119.819033!16s%2Fg%2F11yf4bjcfp!19sChIJmzyJFwDBlS0R9NlycP2b5ig?authuser=0&hl=id&g_ep=EgoyMDI2MDkxNi4wIJJjKgBIAVAD&rclk=1
6708;SPPG WATANG PULU;SPPG Watang Pulu, Jl. Poros Pare-Pare - Rappang Rappang - Bangkae, Ciro-Ciroe, Watang Pulu, Sidenreng Rappang Regency, South Sulawesi 91661;Sulawesi Selatan;Sidenreng Rappang;Watang Pulu;T4 nama file;https://www.google.com/maps/place/SPPG+Watang+Pulu/data=!4m7!3m6!1s0x2d95b500668bb2e1:0xfcb88f9ec730e69d!8m2!3d-3.8857072!4d119.7513382!16s%2Fg%2F11x2k91_tv!19sChIJ4bKLZgC1lS0RneYwx56PuPw?authuser=0&hl=id&g_ep=EgoyMDI2MDkxNi4wIJJjKgBIAVAD&rclk=1
6709;SPPG SANGIASSERI SINJAI SELATAN;SPPG SANGIASSERI SINJAI SELATAN, Jl. Taqwa, Sangianseri, Kec. Sinjai Sel., Kabupaten Sinjai, Sulawesi Selatan 92661;Sulawesi Selatan;Sinjai;Sinjai Barat;T4 nama file;https://www.google.com/maps/place/SPPG+SANGIASSERI+SINJAI+SELATAN/data=!4m7!3m6!1s0x2dbea1007a5922a1:0x58c7f4bd148bf5fc!8m2!3d-5.2552434!4d120.1585706!16s%2Fg%2F11mf22jhrl!19sChIJoSJZegChvi0R_PWLFL30x1g?authuser=0&hl=id&g_ep=EgoyMDI2MDkxNi4wIJJjKgBIAVAD&rclk=1
6710;SPPG TASSILILU;SPPG TASSILILU, Jl. Sultan Hasanuddin, Tassililu, Kec. Sinjai Bar., Kabupaten Sinjai, Sulawesi Selatan 92171;Sulawesi Selatan;Sinjai;Sinjai Barat;T3 alamat fuzzy;https://www.google.com/maps/place/SPPG+TASSILILU/data=!4m7!3m6!1s0x2dbe99004c4b9731:0x75accffafbbb3a27!8m2!3d-5.2089113!4d120.0026515!16s%2Fg%2F11zbmc25wc!19sChIJMZdLTACZvi0RJzq7-_rPrHU?authuser=0&hl=id&g_ep=EgoyMDI2MDkxNi4wIJJjKgBIAVAD&rclk=1
6711;SPPG TASSILILU #004;SPPG TASSILILU 004, Tassililu, Kec. Sinjai Bar., Kabupaten Sinjai, Sulawesi Selatan 92653;Sulawesi Selatan;Sinjai;Sinjai Barat;T3 alamat fuzzy;https://www.google.com/maps/place/SPPG+TASSILILU+%23004/data=!4m7!3m6!1s0x2dbe99002776f5e1:0x97c524faf57dd503!8m2!3d-5.2253264!4d120.0032368!16s%2Fg%2F11z5b7zbfv!19sChIJ4fV2JwCZvi0RA9V99fokxZc?authuser=0&hl=id&g_ep=EgoyMDI2MDkxNi4wIJJjKgBIAVAD&rclk=1
6714;SPPG GUNUNG PERAK;SPPG GUNUNG PERAK, Arabika, Kec. Sinjai Bar., Kabupaten Sinjai, Sulawesi Selatan 92653;Sulawesi Selatan;Sinjai;Sinjai Barat;T3 alamat fuzzy;https://www.google.com/maps/place/SPPG+GUNUNG+PERAK/data=!4m7!3m6!1s0x2dbe99005a84e62b:0xa0f9d533dac04469!8m2!3d-5.245275!4d120.003003!16s%2Fg%2F11n553d3kc!19sChIJK-aEWgCZvi0RaUTA2jPV-aA?authuser=0&hl=id&g_ep=EgoyMDI2MDkxNi4wIJJjKgBIAVAD&rclk=1
6717;SPPG SINJAI SINJAI TIMUR SALOHE;SPPG SINJAI SINJAI TIMUR SALOHE, Salohe, Sinjai Timur, Sinjai Regency, South Sulawesi 92671;Sulawesi Selatan;Sinjai;Sinjai Barat;T4 nama file;https://www.google.com/maps/place/SPPG+SINJAI+SINJAI+TIMUR+SALOHE/data=!4m7!3m6!1s0x2dbc27005ee24d03:0x26ea1308ad80f696!8m2!3d-5.1731993!4d120.2239596!16s%2Fg%2F11z78sqmlz!19sChIJA03iXgAnvC0RlvaArQgT6iY?authuser=0&hl=id&g_ep=EgoyMDI2MDkxNi4wIJJjKgBIAVAD&rclk=1
6723;SPPG TONGKE -TONGKE;Depan bengkel motor emonk, Jl. Poros Sinjai Kajang, Tongke-Tongke, Kec. Sinjai Tim., Kabupaten Sinjai, Sulawesi Selatan 92671;Sulawesi Selatan;Sinjai;Sinjai Timur;T3 alamat fuzzy;https://www.google.com/maps/place/SPPG+TONGKE+-TONGKE/data=!4m7!3m6!1s0x2dbc2544e4f5c6f5:0x6469e42d0b655104!8m2!3d-5.1619175!4d120.2680368!16s%2Fg%2F11ysj5wpf0!19sChIJ9cb15EQlvC0RBFFlCy3kaWQ?authuser=0&hl=id&g_ep=EgoyMDI2MDkxNi4wIJJjKgBIAVAD&rclk=1
6724;SPPG SINJAI TENGAH KANRUNG 002;SPPG SINJAI TENGAH KANRUNG 002, poros malino, Jl. Persatuan Raya, Kampala, Kec. Sinjai Tim., Kabupaten Sinjai, Sulawesi Selatan 92671;Sulawesi Selatan;Sinjai;Sinjai Timur;T3 alamat fuzzy;https://www.google.com/maps/place/SPPG+SINJAI+TENGAH+KANRUNG+002/data=!4m7!3m6!1s0x2dbc270032d489c9:0xdc0bd3a4e16edd5f!8m2!3d-5.15079!4d120.2076487!16s%2Fg%2F11n3m2z8hj!19sChIJyYnUMgAnvC0RX91u4aTTC9w?authuser=0&hl=id&g_ep=EgoyMDI2MDkxNi4wIJJjKgBIAVAD&rclk=1
6725;SPPG TALLE;SPPG TALLE, Jl. Gn. Saukang, Talle, Kec. Sinjai Sel., Kabupaten Sinjai, Sulawesi Selatan 92661;Sulawesi Selatan;Sinjai;Sinjai Barat;T4 nama file;https://www.google.com/maps/place/SPPG+TALLE/data=!4m7!3m6!1s0x2dbe9f000b2262c9:0x3e26643ecdcd04b9!8m2!3d-5.2016846!4d120.1449699!16s%2Fg%2F11yxzn72r8!19sChIJyWIiCwCfvi0RuQTNzT5kJj4?authuser=0&hl=id&g_ep=EgoyMDI2MDkxNi4wIJJjKgBIAVAD&rclk=1
6730;SPPG ALENANGKA#001;SPPG ALENANGKA001, Jl. Poros Bulukumba-Sinjai, Alenangka, Kec. Sinjai Sel., Kabupaten Sinjai, Sulawesi Selatan 92661;Sulawesi Selatan;Sinjai;Sinjai Selatan;T4 nama file;https://www.google.com/maps/place/SPPG+ALENANGKA%23001/data=!4m7!3m6!1s0x2dbc21006002509b:0x3c572f741586abef!8m2!3d-5.2497413!4d120.1633012!16s%2Fg%2F11yn2w13ld!19sChIJm1ACYAAhvC0R76uGFXQvVzw?authuser=0&hl=id&g_ep=EgoyMDI2MDkxNi4wIJJjKgBIAVAD&rclk=1
6731;SPPG ALENANGKA 02 ANP;SPPG ALENANGKA 02 ANP, Jl. Bhayangkara, Alenangka, Kec. Sinjai Sel., Kabupaten Sinjai, Sulawesi Selatan 92661;Sulawesi Selatan;Sinjai;Sinjai Selatan;T4 nama file;https://www.google.com/maps/place/SPPG+ALENANGKA+02+ANP/data=!4m7!3m6!1s0x2dbc210015f2e1a5:0x2bffffead9e9be0b!8m2!3d-5.2497303!4d120.1633089!16s%2Fg%2F11z7cqywdh!19sChIJpeHyFQAhvC0RC77p2er__ys?authuser=0&hl=id&g_ep=EgoyMDI2MDkxNi4wIJJjKgBIAVAD&rclk=1
6732;SPPG ALENANGKA III;SPPG Alenangka III, Jl. Poros Bulukumba-Sinjai, Alenangka, Kec. Sinjai Sel., Kabupaten Sinjai, Sulawesi Selatan 92661;Sulawesi Selatan;Sinjai;Sinjai Selatan;T4 nama file;https://www.google.com/maps/place/SPPG+Alenangka+III/data=!4m7!3m6!1s0x2dbc210070f260d9:0x7f65b99181bfc81b!8m2!3d-5.2434941!4d120.1681721!16s%2Fg%2F11mzjx5cjf!19sChIJ2WDycAAhvC0RG8i_gZG5ZX8?authuser=0&hl=id&g_ep=EgoyMDI2MDkxNi4wIJJjKgBIAVAD&rclk=1
6733;SPPG ALENANGKA 05;SPPG Alenangka 05, Alenangka, Kec. Sinjai Sel., Kabupaten Sinjai, Sulawesi Selatan 92661;Sulawesi Selatan;Sinjai;Sinjai Selatan;T4 nama file;https://www.google.com/maps/place/SPPG+Alenangka+05/data=!4m7!3m6!1s0x2dbc2100243b2905:0xdca66f9ed1ea3acc!8m2!3d-5.2211517!4d120.1997182!16s%2Fg%2F11zh9khky8!19sChIJBSk7JAAhvC0RzDrq0Z5vptw?authuser=0&hl=id&g_ep=EgoyMDI2MDkxNi4wIJJjKgBIAVAD&rclk=1
6734;SPPG PASIMARANNU, SINJAI TIMUR;SPPG PASIMARANNU, SINJAI TIMUR, Panaikang, Kec. Sinjai Tim., Kabupaten Sinjai, Sulawesi Selatan;Sulawesi Selatan;Sinjai;Sinjai Timur;T3 alamat fuzzy;https://www.google.com/maps/place/SPPG+PASIMARANNU,+SINJAI+TIMUR/data=!4m7!3m6!1s0x2dbc23007471a563:0x520fc43731e6359b!8m2!3d-5.1783549!4d120.2763988!16s%2Fg%2F11xv9rjyyv!19sChIJY6VxdAAjvC0RmzXmMTfED1I?authuser=0&hl=id&g_ep=EgoyMDI2MDkxNi4wIJJjKgBIAVAD&rclk=1
6736;SPPG PATTALASSANG;SPPG Pattalassang, Pattalassang, Kec. Sinjai Tim., Kabupaten Sinjai, Sulawesi Selatan 92671;Sulawesi Selatan;Sinjai;Sinjai Timur;T3 alamat fuzzy;https://www.google.com/maps/place/SPPG+Pattalassang/data=!4m7!3m6!1s0x2dbc230047a70d09:0x459ecef481516281!8m2!3d-5.1958524!4d120.2570421!16s%2Fg%2F11zktcgqm0!19sChIJCQ2nRwAjvC0RgWJRgfTOnkU?authuser=0&hl=id&g_ep=EgoyMDI2MDkxNi4wIJJjKgBIAVAD&rclk=1
6742;SPPG LALABATA;Jl. Kemakmuran No.191, Lemba, Lalabata, Soppeng Regency, South Sulawesi 90811;Sulawesi Selatan;Soppeng;Donri Donri;T4 nama file;https://www.google.com/maps/place/SPPG+Lalabata/data=!4m7!3m6!1s0x2d95f7006b83733b:0xb204e2f27991a5ac!8m2!3d-4.3553054!4d119.8876559!16s%2Fg%2F11ydtm_xy1!19sChIJO3ODawD3lS0RrKWRefLiBLI?authuser=0&hl=id&g_ep=EgoyMDI2MDkxNi4wIJJjKgBIAVAD&rclk=1
6744;SPPG YAPSA LAJAROKO MARIORIAWA KAB.SOPPENG;Manorang Salo, Lajaroko, Kabupaten Soppeng, Sulawesi Selatan 90852;Sulawesi Selatan;Soppeng;Donri Donri;T4 nama file;https://www.google.com/maps/place/SPPG+YAPSA+LAJAROKO+MARIORIAWA+KAB.SOPPENG/data=!4m7!3m6!1s0x2d95eb62acb0c761:0xb08210a18515ce73!8m2!3d-4.1490623!4d119.8529902!16s%2Fg%2F11z8gjg7kj!19sChIJYcewrGLrlS0Rc84VhaEQgrA?authuser=0&hl=id&g_ep=EgoyMDI2MDkxNi4wIJJjKgBIAVAD&rclk=1
6749;SPPG SOPPENG LILIRIAJANGALUNG;SPPG Soppeng LiliriajanGalung, Galung, Kec. Lili Riaja, Kabupaten Soppeng, Sulawesi Selatan 90861;Sulawesi Selatan;Soppeng;Liliraja;T3 alamat fuzzy;https://www.google.com/maps/place/SPPG+Soppeng+LiliriajanGalung/data=!4m7!3m6!1s0x2d95f70055ab4c81:0xc09405fffa07b610!8m2!3d-4.3792667!4d119.9513513!16s%2Fg%2F11zg00nsfp!19sChIJgUyrVQD3lS0RELYH-v8FlMA?authuser=0&hl=id&g_ep=EgoyMDI2MDkxNi4wIJJjKgBIAVAD&rclk=1
6756;SPX EXPRESS LILIR RILAU HUB;SPX Express Lilir Rilau Hub, Pajalesang, Lili Rilau, Soppeng Regency, South Sulawesi 90862;Sulawesi Selatan;Soppeng;Lilirilau;T4 nama file;https://www.google.com/maps/place/SPX+Express+Lilir+Rilau+Hub/data=!4m7!3m6!1s0x2d95f7ba1bd984b1:0xa14e9a1677c0b03d!8m2!3d-4.3414443!4d119.9637085!16s%2Fg%2F11z15jq9xq!19sChIJsYTZG7r3lS0RPbDAdxaaTqE?authuser=0&hl=id&g_ep=EgoyMDI2MDkxNi4wIJJjKgBIAVAD&rclk=1
6764;SPPG MANGINDARA;SPPG MANGINDARA, Mangindara, Kec. Galesong Sel., Kabupaten Takalar, Sulawesi Selatan 92254;Sulawesi Selatan;Takalar;Sanrobone;T4 nama file;https://www.google.com/maps/place/SPPG+MANGINDARA/data=!4m7!3m6!1s0x2dbf27005d0dabd1:0x795410c6c413bb90!8m2!3d-5.3959937!4d119.3613528!16s%2Fg%2F11x_qr2mlr!19sChIJ0asNXQAnvy0RkLsTxMYQVHk?authuser=0&hl=id&g_ep=EgoyMDI2MDkxNi4wIJJjKgBIAVAD&rclk=1
6778;SPPG POLTIM;SPPG POLTIM, Ko'mara, Kec. Polombangkeng timur, Kabupaten Takalar, Sulawesi Selatan 92252;Sulawesi Selatan;Takalar;Polombangkeng Selatan;T4 nama file;https://www.google.com/maps/place/SPPG+POLTIM/data=!4m7!3m6!1s0x2dbedb00471bbe57:0x9337c017d81186a6!8m2!3d-5.4001375!4d119.5442656!16s%2Fg%2F11x72c52gc!19sChIJV74bRwDbvi0RpoYR2BfAN5M?authuser=0&hl=id&g_ep=EgoyMDI2MDkxNi4wIJJjKgBIAVAD&rclk=1
6782;SPPG POLSEL;SPPG Polsel, Dusun Bantinoto 1, Bontokadatto, Kec. Polombangkeng Sel., Kabupaten Takalar, Sulawesi Selatan 92252;Sulawesi Selatan;Takalar;Polombangkeng Selatan;T3 alamat fuzzy;https://www.google.com/maps/place/SPPG+Polsel/data=!4m7!3m6!1s0x2dbed7000cb19819:0xa77358362c1e139f!8m2!3d-5.4631536!4d119.4753521!16s%2Fg%2F11mck3sss8!19sChIJGZixDADXvi0RnxMeLDZYc6c?authuser=0&hl=id&g_ep=EgoyMDI2MDkxNi4wIJJjKgBIAVAD&rclk=1
6783;SPPG BONTOLEBANG 2;SPPG BONTOLEBANG 2, Bontolebang, Galesong Utara, Takalar Regency, South Sulawesi 92255;Sulawesi Selatan;Takalar;Galesong Utara;T4 nama file;https://www.google.com/maps/place/SPPG+BONTOLEBANG+2/data=!4m7!3m6!1s0x2dbf1f003d7f0671:0x5406368287fb7e9c!8m2!3d-5.2520964!4d119.3856551!16s%2Fg%2F11mt7g18r3!19sChIJcQZ_PQAfvy0RnH77h4I2BlQ?authuser=0&hl=id&g_ep=EgoyMDI2MDkxNi4wIJJjKgBIAVAD&rclk=1
6790;SPPG BOTANG;SPPG Botang, Botang, Makale, Tana Toraja Regency, South Sulawesi 91811;Sulawesi Selatan;Tana Toraja;Makale Utara;T4 nama file;https://www.google.com/maps/place/SPPG+Botang/data=!4m7!3m6!1s0x2d93f3004a9b9755:0x3bd42deb5760b330!8m2!3d-3.1235818!4d119.8615174!16s%2Fg%2F11yzvwd7cg!19sChIJVZebSgDzky0RMLNgV-st1Ds?authuser=0&hl=id&g_ep=EgoyMDI2MDkxNi4wIJJjKgBIAVAD&rclk=1
6794;SPPG TANA TORAJA TOKESAN;SPPG TANA TORAJA TOKESAN, Tokesan, Kec. Sangala Sel., Kabupaten Tana Toraja, Sulawesi Selatan 91881;Sulawesi Selatan;Tana Toraja;Sangalla Selatan;T4 nama file;https://www.google.com/maps/place/SPPG+TANA+TORAJA+TOKESAN/data=!4m7!3m6!1s0x2d93f10051c63c2d:0xc60af9531ecf59d7!8m2!3d-3.1083182!4d119.92236!16s%2Fg%2F11njl95yjh!19sChIJLTzGUQDxky0R11nPHlP5CsY?authuser=0&hl=id&g_ep=EgoyMDI2MDkxNi4wIJJjKgBIAVAD&rclk=1
6799;SPPG 3T BATU LOTONG KEC. AWAN RANTEKARUA TORAJA UTARA;SPPG 3T Batu Lotong Kec. Awan Rantekarua Toraja Utara, Limbong Sangpolo, Kec. Kurra, Kabupaten Tana Toraja, Sulawesi Selatan 91862;Sulawesi Selatan;Tana Toraja;Kurra;T4 nama file;https://www.google.com/maps/place/SPPG+3T+Batu+Lotong+Kec.+Awan+Rantekarua+Toraja+Utara/data=!4m7!3m6!1s0x2d93bf00706cbdd7:0x1e45a182dc5633e1!8m2!3d-2.9487253!4d119.7510401!16s%2Fg%2F11njrwqxn2!19sChIJ171scAC_ky0R4TNW3IKhRR4?authuser=0&hl=id&g_ep=EgoyMDI2MDkxNi4wIJJjKgBIAVAD&rclk=1
6806;SPPG TANA TORAJA REMBON REMBON;;Sulawesi Selatan;Tana Toraja;Rantetayo;T4 nama file;https://www.google.com/maps/place/SPPG+TANA+TORAJA+REMBON+REMBON/data=!4m7!3m6!1s0x2393d2f61765f79:0x2c61e14d8ed523b7!8m2!3d-3.112369!4d119.773584!16s%2Fg%2F11zbhj30r5!19sChIJeV92YS89OQIRtyPVjk3hYSw?authuser=0&hl=id&g_ep=EgoyMDI2MDkxNi4wIJJjKgBIAVAD&rclk=1
6808;SPPG 3T BATUALU 2 KECAMATAN SANGGALLA SELATAN;SPPG 3T Batualu 2 Kecamatan Sanggalla Selatan, Batualu, Kec. Sangala Sel., Kabupaten Tana Toraja, Sulawesi Selatan 91881;Sulawesi Selatan;Tana Toraja;Sangalla Selatan;T3 alamat fuzzy;https://www.google.com/maps/place/SPPG+3T+Batualu+2+Kecamatan+Sanggalla+Selatan/data=!4m7!3m6!1s0x2d93f1005769cf9d:0xa37ad973f6529272!8m2!3d-3.145!4d119.942225!16s%2Fg%2F11zb3bw05r!19sChIJnc9pVwDxky0RcpJS9nPZeqM?authuser=0&hl=id&g_ep=EgoyMDI2MDkxNi4wIJJjKgBIAVAD&rclk=1
6821;SPPG BANGKELEKILA';SPPG BANGKELEKILA', Bangkelekila, Kec. Bengkelekila, Kabupaten Toraja Utara, Sulawesi Selatan 91853;Sulawesi Selatan;Toraja Utara;Bangkelekila;T3 alamat fuzzy;https://www.google.com/maps/place/SPPG+BANGKELEKILA%27/data=!4m7!3m6!1s0x2d93c5004ce63559:0xdb2a766647a82303!8m2!3d-2.8936508!4d119.9190424!16s%2Fg%2F11njljsf2h!19sChIJWTXmTADFky0RAyOoR2Z2Kts?authuser=0&hl=id&g_ep=EgoyMDI2MDkxNi4wIJJjKgBIAVAD&rclk=1
6826;SPPG BUNTAO' TONGKONAN BASSE;SPPG BUNTAO' TONGKONAN BASSE, Jl. Poros, Bokin, Rantebua, North Toraja Regency, South Sulawesi 91853;Sulawesi Selatan;Toraja Utara;Buntao;T4 nama file;https://www.google.com/maps/place/SPPG+BUNTAO%27+TONGKONAN+BASSE/data=!4m7!3m6!1s0x2d93e7006cd3b5a3:0x81d252841716ccd7!8m2!3d-3.0252466!4d119.9792698!16s%2Fg%2F11zwzn7mzx!19sChIJo7XTbADnky0R18wWF4RS0oE?authuser=0&hl=id&g_ep=EgoyMDI2MDkxNi4wIJJjKgBIAVAD&rclk=1
6834;SPPG TORAJA UTARA PANGALA’ UTARA RINDINGALLO;SPPG TORAJA UTARA PANGALA’ UTARA RINDINGALLO, Pangala' Utara, Kec. Rindingalo, Kabupaten Toraja Utara, Sulawesi Selatan 91862;Sulawesi Selatan;Toraja Utara;Rindingallo;T3 alamat fuzzy;https://www.google.com/maps/place/SPPG+TORAJA+UTARA+PANGALA%E2%80%99+UTARA+RINDINGALLO/@-2.9017719,119.8111788,17z/data=!3m1!4b1!4m6!3m5!1s0x2d93c100220a4e09:0x45b22ffde490cd49!8m2!3d-2.9017719!4d119.8111788!16s%2Fg%2F11zbbwv836?hl=id&entry=ttu&g_ep=EgoyMDI2MDkxNi4wIKXMDSoASAFQAw%3D%3D
6836;KEC. SESEAN SULOARA;Kabupaten Toraja Utara, Sulawesi Selatan;Sulawesi Selatan;Toraja Utara;Sesean Suloara;T4 nama file;https://www.google.com/maps/place/Kec.+Sesean+Suloara/data=!4m7!3m6!1s0x2d93c15c9f6ac547:0xee88c5c3c4e752a4!8m2!3d-2.9154074!4d119.8769225!16s%2Fg%2F121dc7jc!19sChIJR8Vqn1zBky0RpFLnxMPFiO4?authuser=0&hl=id&g_ep=EgoyMDI2MDkxNi4wIJJjKgBIAVAD&rclk=1
6837;KEC. DENDE' PIONGAN NAPO;Kabupaten Toraja Utara, Sulawesi Selatan;Sulawesi Selatan;Toraja Utara;Dende' Piongan Napo;T4 nama file;https://www.google.com/maps/place/Kec.+Dende%27+Piongan+Napo/data=!4m7!3m6!1s0x2d93eabd36bfc73d:0x9b304090936d4542!8m2!3d-2.9963874!4d119.8191354!16s%2Fg%2F120vbtkw!19sChIJPce_Nr3qky0RQkVtk5BAMJs?authuser=0&hl=id&g_ep=EgoyMDI2MDkxNi4wIJJjKgBIAVAD&rclk=1
6857;SPPG WAJO SABBANGPARU SOMPE 1;SPPG WAJO SABBANGPARU SOMPE 1, Jl. Poros Cabenge - Sengkang, Salojampu, Sabbang Paru, Kabupaten Wajo, Sulawesi Selatan 90961;Sulawesi Selatan;Wajo;Penrang;T4 nama file;https://www.google.com/maps/place/SPPG+WAJO+SABBANGPARU+SOMPE+1/data=!4m7!3m6!1s0x2d95e5004faf2203:0x81879b3cc32f789c!8m2!3d-4.22859!4d120.01228!16s%2Fg%2F11zb5jmrmp!19sChIJAyKvTwDllS0RnHgvwzybh4E?authuser=0&hl=id&g_ep=EgoyMDI2MDkxNi4wIJJjKgBIAVAD&rclk=1
6863;SPPG WAJO TEMPE ATAKKAE 3;LINGKUNGAN BOLATELLUE, Attakkae, Tempe, Wajo Regency, South Sulawesi 90914;Sulawesi Selatan;Wajo;Tempe;T4 nama file;https://www.google.com/maps/place/SPPG+WAJO+TEMPE+ATAKKAE+3/data=!4m7!3m6!1s0x2d95e7ef862dabed:0xe4861485bf76fce2!8m2!3d-4.137649!4d120.0405228!16s%2Fg%2F11z0_cm537!19sChIJ7asthu_nlS0R4vx2v4UUhuQ?authuser=0&hl=id&g_ep=EgoyMDI2MDkxNi4wIJJjKgBIAVAD&rclk=1
6870;SPPG BANGGAI TOILI BARAT BUKIT MAKARTI;SPPG Banggai Toili Barat Bukit Makarti, DESA, Bukit Makarti, Kec. Toili Bar., Kabupaten Banggai, Sulawesi Tengah 94765;Sulawesi Tengah;Banggai;Toili Barat;T3 alamat fuzzy;https://www.google.com/maps/place/SPPG+Banggai+Toili+Barat+Bukit+Makarti/data=!4m7!3m6!1s0x2d85a9007e03c06b:0x7291629f9c6800b1!8m2!3d-1.5128044!4d122.2143762!16s%2Fg%2F11zh8y7c77!19sChIJa8ADfgCphS0RsQBonJ9ikXI?authuser=0&hl=id&g_ep=EgoyMDI2MDkxNi4wIJJjKgBIAVAD&rclk=1
6871;RENC. SPPG KEC.TOILI/ MBA SEHYUN;RENC. SPPG KEC.TOILI/ MBA SEHYUN, Tirta Kencana, Kec. Toili, Kabupaten Banggai, Sulawesi Tengah 94765;Sulawesi Tengah;Banggai;Toili;T4 nama file;https://www.google.com/maps/place/RENC.+SPPG+KEC.TOILI%2F+MBA+SEHYUN/data=!4m7!3m6!1s0x2d85ad0071364335:0x526c430c0aa70d3e!8m2!3d-1.4573961!4d122.3279977!16s%2Fg%2F11yfs7w5r7!19sChIJNUM2cQCthS0RPg2nCgxDbFI?authuser=0&hl=id&g_ep=EgoyMDI2MDkxNi4wIJJjKgBIAVAD&rclk=1
6872;SPPG MAKAPA,TOILI BARAT;SPPG MAKAPA,TOILI BARAT, Makapa, Kec. Toili Bar., Kabupaten Banggai, Sulawesi Tengah 94765;Sulawesi Tengah;Banggai;Toili Barat;T3 alamat fuzzy;https://www.google.com/maps/place/SPPG+MAKAPA,TOILI+BARAT/data=!4m7!3m6!1s0x2d85a9006ca0d193:0xf4d85dd8405512f1!8m2!3d-1.5460236!4d122.2174338!16s%2Fg%2F11zg1fz07l!19sChIJk9GgbACphS0R8RJVQNhd2PQ?authuser=0&hl=id&g_ep=EgoyMDI2MDkxNi4wIJJjKgBIAVAD&rclk=1
6874;SPPG - PELING TENGAH;SPPG - Peling Tengah, Patukuki, Peling Tengah, Banggai Islands Regency, Central Sulawesi 94883;Sulawesi Tengah;Banggai;Moilong;T4 nama file;https://www.google.com/maps/place/SPPG+-+Peling+Tengah/data=!4m7!3m6!1s0x2d8385007145fde7:0x2d3db70244d6192c!8m2!3d-1.4313066!4d123.1857517!16s%2Fg%2F11x1sl5h43!19sChIJ5_1FcQCFgy0RLBnWRAK3PS0?authuser=0&hl=id&g_ep=EgoyMDI2MDkxNi4wIJJjKgBIAVAD&rclk=1
6876;SPPG BONEBALANTAK BATUI SELATAN;SPPG BONEBALANTAK BATUI SELATAN, Jalan trans Batui - Toili, Bone Balantak, Batui Selatan, Banggai Regency, Central Sulawesi 94762;Sulawesi Tengah;Banggai;Batui;T4 nama file;https://www.google.com/maps/place/SPPG+BONEBALANTAK+BATUI+SELATAN/data=!4m7!3m6!1s0x2d844f001c794c4b:0xc6b0be97e76f9ce9!8m2!3d-1.367554!4d122.4483015!16s%2Fg%2F11ntnd2jl7!19sChIJS0x5HABPhC0R6Zxv55e-sMY?authuser=0&hl=id&g_ep=EgoyMDI2MDkxNi4wIJJjKgBIAVAD&rclk=1
6877;POLSEK BATUI;Polsek Batui, Sisipan, Batui, Banggai Regency, Central Sulawesi 94761;Sulawesi Tengah;Banggai;Batui;T4 nama file;https://www.google.com/maps/place/Polsek+Batui/data=!4m7!3m6!1s0x2d84380aba223b67:0x5fc8ae0e4b41d225!8m2!3d-1.28046!4d122.5524574!16s%2Fg%2F11cjkpzpr0!19sChIJZzsiugo4hC0RJdJBSw6uyF8?authuser=0&hl=id&g_ep=EgoyMDI2MDkxNi4wIJJjKgBIAVAD&rclk=1
6881;PT A B M;Siuna, Luwuk, Kabupaten Banggai, Sulawesi Tengah 86325;Sulawesi Tengah;Banggai;Luwuk;T4 nama file;https://www.google.com/maps/place/PT+A+B+M/data=!4m7!3m6!1s0x2d86cbbbd3b0bfab:0xe3035191aae07735!8m2!3d-0.7583484!4d123.0174404!16s%2Fg%2F11vbkz07hb!19sChIJq7-w07vLhi0RNXfgqpFRA-M?authuser=0&hl=id&g_ep=EgoyMDI2MDkxNi4wIJJjKgBIAVAD&rclk=1
6882;PLTMG LUWUK;PLTMG LUWUK, pltmg luwuk 40 Mega Wat, Soho, Luwuk, Kabupaten Banggai, Sulawesi Tengah 94712;Sulawesi Tengah;Banggai;Luwuk;T4 nama file;https://www.google.com/maps/place/PLTMG+LUWUK/data=!4m7!3m6!1s0x2d86a3000b69860d:0xbcc8de6572b68c9f!8m2!3d-0.938828!4d122.792801!16s%2Fg%2F11lnswcmz9!19sChIJDYZpCwCjhi0Rn4y2cmXeyLw?authuser=0&hl=id&g_ep=EgoyMDI2MDkxNi4wIJJjKgBIAVAD&rclk=1
6884;DAPUR MBG KARATON;Jl. Lumba - Lumba No.6, Karaton, Luwuk, Kabupaten Banggai, Sulawesi Tengah 94711;Sulawesi Tengah;Banggai;Luwuk;T4 nama file;https://www.google.com/maps/place/Dapur+MBG+Karaton/data=!4m7!3m6!1s0x2d86a1003ea5a3df:0x8c15d21e69ba9344!8m2!3d-0.9581698!4d122.7915677!16s%2Fg%2F11yysnxs53!19sChIJ36OlPgChhi0RRJO6aR7SFYw?authuser=0&hl=id&g_ep=EgoyMDI2MDkxNi4wIJJjKgBIAVAD&rclk=1
6885;SP KGP LUWUK;SP KGP LUWUK, Jl. Trans Sulawesi, Kilongan Permai, Luwuk, Kabupaten Banggai, Sulawesi Tengah 94711;Sulawesi Tengah;Banggai;Luwuk;T4 nama file;https://www.google.com/maps/place/SP+KGP+LUWUK/data=!4m7!3m6!1s0x2d86a5afdeb26249:0xa96bca3219d09749!8m2!3d-0.9309017!4d122.8317493!16s%2Fg%2F11k9fkwd89!19sChIJSWKy3q-lhi0RSZfQGTLKa6k?authuser=0&hl=id&g_ep=EgoyMDI2MDkxNi4wIJJjKgBIAVAD&rclk=1
6886;POS TNI AL LUWUK;Pos TNI AL Luwuk, Jl. Imam Bonjol, Bungin, Luwuk, Kabupaten Banggai, Sulawesi Tengah 94711;Sulawesi Tengah;Banggai;Luwuk;T4 nama file;https://www.google.com/maps/place/Pos+TNI+AL+Luwuk/data=!4m7!3m6!1s0x2d86a3f48057abfd:0x623a7d6d71a6fb48!8m2!3d-0.9403438!4d122.8031186!16s%2Fg%2F11c0rpcgsw!19sChIJ_atXgPSjhi0RSPumcW19OmI?authuser=0&hl=id&g_ep=EgoyMDI2MDkxNi4wIJJjKgBIAVAD&rclk=1
6887;KILO 1;Kilo 1, Luwuk, Kabupaten Banggai, Sulawesi Tengah 94712;Sulawesi Tengah;Banggai;Luwuk;T4 nama file;https://www.google.com/maps/place/Kilo+1/data=!4m7!3m6!1s0x2d86a3004a19b475:0x463fd7ed5a5dae84!8m2!3d-0.9486794!4d122.7907488!16s%2Fg%2F11z9w9lxlb!19sChIJdbQZSgCjhi0RhK5dWu3XP0Y?authuser=0&hl=id&g_ep=EgoyMDI2MDkxNi4wIJJjKgBIAVAD&rclk=1
6889;SPPG BANGGAI LUWUK BUNGIN TIMUR 2;SPPG BANGGAI LUWUK BUNGIN TIMUR 2, Bungin Tim., Luwuk Timur, Kabupaten Banggai, Sulawesi Tengah 94711;Sulawesi Tengah;Banggai;Luwuk;T4 nama file;https://www.google.com/maps/place/SPPG+BANGGAI+LUWUK+BUNGIN+TIMUR+2/data=!4m7!3m6!1s0x2d86a50076e2193f:0x1739bd4457ba64c5!8m2!3d-0.9338069!4d122.8194401!16s%2Fg%2F11npxm6lbs!19sChIJPxnidgClhi0RxWS6V0S9ORc?authuser=0&hl=id&g_ep=EgoyMDI2MDkxNi4wIJJjKgBIAVAD&rclk=1
6890;PT.MPS (MERPATI PRATAMA SUKSES);PT.MPS (MERPATI PRATAMA SUKSES), Siuna, Pagimana, Kabupaten Banggai, Sulawesi Tengah 94752;Sulawesi Tengah;Banggai;Luwuk;T4 nama file;https://www.google.com/maps/place/PT.MPS+%28MERPATI+PRATAMA+SUKSES%29/data=!4m7!3m6!1s0x2d86c90046072a1b:0xd9a1ea1dd5ef7f6b!8m2!3d-0.7302445!4d122.9469392!16s%2Fg%2F11ysht18yd!19sChIJGyoHRgDJhi0Ra3_v1R3qodk?authuser=0&hl=id&g_ep=EgoyMDI2MDkxNi4wIJJjKgBIAVAD&rclk=1
6891;SPPG HUNDUHON;SPPG Hunduhon, Hunduhon, East Luwuk, Banggai Regency, Central Sulawesi 94723;Sulawesi Tengah;Banggai;Luwuk Timur;T4 nama file;https://www.google.com/maps/place/SPPG+Hunduhon/data=!4m7!3m6!1s0x2d86b300241cfe25:0x9c3bd23da15975c3!8m2!3d-0.8710534!4d123.0169536!16s%2Fg%2F11nv19qkl8!19sChIJJf4cJACzhi0Rw3VZoT3SO5w?authuser=0&hl=id&g_ep=EgoyMDI2MDkxNi4wIJJjKgBIAVAD&rclk=1
6892;SPPG PELITA;SPPG Pelita, Jl. S. Parman, Luwuk, Kabupaten Banggai, Sulawesi Tengah 94712;Sulawesi Tengah;Banggai;Luwuk Utara;T4 nama file;https://www.google.com/maps/place/SPPG+Pelita/data=!4m7!3m6!1s0x2d86a30008970d5b:0x8cb51dd3ddafb566!8m2!3d-0.947723!4d122.7879!16s%2Fg%2F11y_q1hpxv!19sChIJWw2XCACjhi0RZrWv3dMdtYw?authuser=0&hl=id&g_ep=EgoyMDI2MDkxNi4wIJJjKgBIAVAD&rclk=1
6893;SPX EXPRESS LUWUK SELATAN HUB;SPX Express Luwuk Selatan Hub, Bukit Mambual, Luwuk Selatan, Banggai Regency, Central Sulawesi 94711;Sulawesi Tengah;Banggai;Luwuk Selatan;T4 nama file;https://www.google.com/maps/place/SPX+Express+Luwuk+Selatan+Hub/data=!4m7!3m6!1s0x2d86a15498ef0e3f:0x7531f1e5f2ac0898!8m2!3d-0.9727162!4d122.7817385!16s%2Fg%2F11lnhx35x6!19sChIJPw7vmFShhi0RmAis8uXxMXU?authuser=0&hl=id&g_ep=EgoyMDI2MDkxNi4wIJJjKgBIAVAD&rclk=1
6897;KEC. LOBU;Kabupaten Banggai, Sulawesi Tengah;Sulawesi Tengah;Banggai;Lobu;T4 nama file;https://www.google.com/maps/place/Kec.+Lobu/data=!4m7!3m6!1s0x2d868dbc59f9dcb3:0xd1be4b373e4c02f6!8m2!3d-0.7774779!4d122.5052906!16s%2Fg%2F155qr2fs!19sChIJs9z5WbyNhi0R9gJMPjdLvtE?authuser=0&hl=id&g_ep=EgoyMDI2MDkxNi4wIJJjKgBIAVAD&rclk=1
6899;KEC. MANTOH;Kabupaten Banggai, Sulawesi Tengah;Sulawesi Tengah;Banggai;Mantoh;T4 nama file;https://www.google.com/maps/place/Kec.+Mantoh/data=!4m7!3m6!1s0x2d81582c2e9cd573:0xa0aacdc941c76fff!8m2!3d-1.0052546!4d123.2439839!16s%2Fg%2F11fkyz8764!19sChIJc9WcLixYgS0R_2_HQcnNqqA?authuser=0&hl=id&g_ep=EgoyMDI2MDkxNi4wIJJjKgBIAVAD&rclk=1
6900;KEC. BALANTAK SEL.;Kabupaten Banggai, Sulawesi Tengah;Sulawesi Tengah;Banggai;Balantak Selatan;T4 nama file;https://www.google.com/maps/place/Kec.+Balantak+Sel./data=!4m7!3m6!1s0x2d815bf3ada23077:0xb20df1eaa1d315f7!8m2!3d-0.9119621!4d123.3818628!16s%2Fg%2F155r7pmg!19sChIJdzCirfNbgS0R9xXToerxDbI?authuser=0&hl=id&g_ep=EgoyMDI2MDkxNi4wIJJjKgBIAVAD&rclk=1
6906;SPPG KALUPAPI;SPPG kalupapi, kalupapi, Bangkurung, Kabupaten Banggai Kepulauan, Sulawesi Tengah 94892;Sulawesi Tengah;Banggai Kepulauan;Bulagi;T4 nama file;https://www.google.com/maps/place/SPPG+kalupapi/data=!4m7!3m6!1s0x2d8475003911cf83:0x35af84f968e79c69!8m2!3d-1.3075939!4d123.0338767!16s%2Fg%2F11z0wqxf4s!19sChIJg88ROQB1hC0RaZznaPmErzU?authuser=0&hl=id&g_ep=EgoyMDI2MDkxNi4wIJJjKgBIAVAD&rclk=1
6907;PUSKESMAS TOTIKUM SELATAN;Kanali, Kec. Totikum Sel., Kabupaten Banggai Kepulauan, Sulawesi Tengah 94884;Sulawesi Tengah;Banggai Kepulauan;Totikum;T4 nama file;https://www.google.com/maps/place/PUSKESMAS+TOTIKUM+SELATAN/data=!4m7!3m6!1s0x2d83a3e1ef358bb7:0xc9e1e08791819a9d!8m2!3d-1.4605949!4d123.4810246!16s%2Fg%2F11kl4bx6h2!19sChIJt4s17-Gjgy0RnZqBkYfg4ck?authuser=0&hl=id&g_ep=EgoyMDI2MDkxNi4wIJJjKgBIAVAD&rclk=1
6910;KANTOR BADAN PUSAT STATISTIK KAB.BANGGAI KEPULAUAN;Kantor Badan Pusat Statistik Kab.Banggai Kepulauan, Jl. Bukit Trikora, Salakan, Tinangkung, Kabupaten Banggai Kepulauan, Sulawesi Tengah 94885;Sulawesi Tengah;Banggai Kepulauan;Tinangkung;T4 nama file;https://www.google.com/maps/place/Kantor+Badan+Pusat+Statistik+Kab.Banggai+Kepulauan/data=!4m7!3m6!1s0x2d83924fb287af9f:0x3ff5fde7e03f07e6!8m2!3d-1.3133027!4d123.2951262!16s%2Fg%2F11bzrnq9z4!19sChIJn6-Hsk-Sgy0R5gc_4Of99T8?authuser=0&hl=id&g_ep=EgoyMDI2MDkxNi4wIJJjKgBIAVAD&rclk=1
6911;KEC. TINANGKUNG SEL.;Kabupaten Banggai Kepulauan, Sulawesi Tengah;Sulawesi Tengah;Banggai Kepulauan;Tinangkung Selatan;T4 nama file;https://www.google.com/maps/place/Kec.+Tinangkung+Sel.,+Kabupaten+Banggai+Kepulauan,+Sulawesi+Tengah/@-1.4560985,123.3734175,12z/data=!3m1!4b1!4m6!3m5!1s0x2d83993836c70a5b:0x87497240c2545485!8m2!3d-1.4304601!4d123.3369845!16s%2Fg%2F1224btf_?hl=id&entry=ttu&g_ep=EgoyMDI2MDkxNi4wIKXMDSoASAFQAw%3D%3D
6912;SPPG BANGGAI SELATAN MATANGA;Sppg banggai selatan matanga, Matanga, Kec. Banggai Sel., Kab. Banggai Laut, Sulawesi Tengah 94891;Sulawesi Tengah;Banggai Kepulauan;Totikum Selatan;T4 nama file;https://www.google.com/maps/place/Sppg+banggai+selatan+matanga/@-1.713607,123.5889615,17z/data=!3m1!4b1!4m6!3m5!1s0x2d8311007cef5aa9:0x4cf68b613f8b968f!8m2!3d-1.713607!4d123.5889615!16s%2Fg%2F11zdmgrcr9?hl=id&entry=ttu&g_ep=EgoyMDI2MDkxNi4wIKXMDSoASAFQAw%3D%3D
6913;SPPG TINANGKUNG SALAKAN;Jl. Trans Peling, Salakan, Tinangkung, Banggai Islands Regency, Central Sulawesi 94885;Sulawesi Tengah;Banggai Kepulauan;Tinangkung Utara;T4 nama file;https://www.google.com/maps/place/SPPG+TINANGKUNG+SALAKAN/@-1.3070653,123.3004941,17z/data=!3m1!4b1!4m6!3m5!1s0x2d8393dd0deb5b75:0xc4bf6bc7f250f858!8m2!3d-1.3070653!4d123.3004941!16s%2Fg%2F11yrm_tm5g?hl=id&entry=ttu&g_ep=EgoyMDI2MDkxNi4wIKXMDSoASAFQAw%3D%3D
6916;SPPG DODUNG;SPPG Dodung, Jl. R Tadja, Dodung, Banggai, Banggai Laut, Central Sulawesi 94891;Sulawesi Tengah;Banggai Laut;Banggai Tengah;T4 nama file;https://www.google.com/maps/place/SPPG+Dodung/data=!4m7!3m6!1s0x2d830b00083a54bf:0xb069fa79ba0c2297!8m2!3d-1.5825776!4d123.497408!16s%2Fg%2F11zf8fj2_5!19sChIJv1Q6CAALgy0RlyIMunn6abA?authuser=0&hl=id&g_ep=EgoyMDI2MDkxNi4wIJJjKgBIAVAD&rclk=1
6918;BANGKURUNG;Kab. Banggai Laut, Sulawesi Tengah;Sulawesi Tengah;Banggai Laut;Bangkurung;T4 nama file;https://www.google.com/maps/place/Bangkurung/data=!4m7!3m6!1s0x2d835114e60baf75:0xbd67e11a6d135cff!8m2!3d-1.8550488!4d123.0901539!16s%2Fg%2F122xqjb5!19sChIJda8L5hRRgy0R_1wTbRrhZ70?authuser=0&hl=id&g_ep=EgoyMDI2MDkxNi4wIJJjKgBIAVAD&rclk=1
6919;DESA LIPULALONGO;Desa Lipulalongo, Lipulalongo, Labobo, Kab. Banggai Laut, Sulawesi Tengah;Sulawesi Tengah;Banggai Laut;Labobo;T4 nama file;https://www.google.com/maps/place/Desa+Lipulalongo/data=!4m7!3m6!1s0x2d83690011499ffb:0x498ce0b48922b846!8m2!3d-1.7367322!4d123.3353214!16s%2Fg%2F11n9w9f727!19sChIJ-59JEQBpgy0RRrgiibTgjEk?authuser=0&hl=id&g_ep=EgoyMDI2MDkxNi4wIJJjKgBIAVAD&rclk=1
6921;SPPG LOMPIO 1 BATARA ALHIJAZ;Jl. Pattimura No.35, Lompio, Banggai, Banggai Laut, Central Sulawesi 94891;Sulawesi Tengah;Banggai Laut;Banggai Utara;T4 nama file;https://www.google.com/maps/place/SPPG+Lompio+1+Batara+Alhijaz/data=!4m7!3m6!1s0x2d830b003063df5d:0xe1e8138569bdab32!8m2!3d-1.5927698!4d123.5020113!16s%2Fg%2F11zx5cnw3x!19sChIJXd9jMAALgy0RMqu9aYUT6OE?authuser=0&hl=id&g_ep=EgoyMDI2MDkxNi4wIJJjKgBIAVAD&rclk=1
6925;KABUPATEN BUOL SULAWESI TENGAH;Kabupaten buol Sulawesi tengah, Harmoni, Kec. Paleleh Bar., Kabupaten Buol, Sulawesi Tengah 94568;Sulawesi Tengah;Buol;Paleleh Barat;T4 nama file;https://www.google.com/maps/place/Kabupaten+buol+Sulawesi+tengah/data=!4m7!3m6!1s0x3279f7625b44bdc3:0xb6b1cca7f3c4c691!8m2!3d1.0294968!4d121.8252736!16s%2Fg%2F11s7vpmvjg!19sChIJw71EW2L3eTIRkcbE86fMsbY?authuser=0&hl=id&g_ep=EgoyMDI2MDkxNi4wIJJjKgBIAVAD&rclk=1
6940;SPPG DESA LONG;SPPG DESA LONG, Jl. Poros Palu Toli-toli, Dusun I, Desa Long, Kec. Damsol, Kabupaten Donggala, Sulawesi Tengah 94356;Sulawesi Tengah;Donggala;Dampelas;T4 nama file;https://www.google.com/maps/place/SPPG+DESA+LONG/data=!4m7!3m6!1s0x3275c1000e210753:0x5930df036e8a90f6!8m2!3d0.3204452!4d119.8609183!16s%2Fg%2F11zbkk7srd!19sChIJUwchDgDBdTIR9pCKbgPfMFk?authuser=0&hl=id&g_ep=EgoyMDI2MDkxNi4wIJJjKgBIAVAD&rclk=1
6941;SMPN 5 DAMPELAS;SMPN 5 DAMPELAS, Lemba Mukti, Kec. Damsol, Kabupaten Donggala, Sulawesi Tengah 94356;Sulawesi Tengah;Donggala;Dampelas;T4 nama file;https://www.google.com/maps/place/SMPN+5+DAMPELAS/data=!4m7!3m6!1s0x3275c5d95b6d7e25:0x5013035b561fd61f!8m2!3d0.3511197!4d119.9102461!16s%2Fg%2F11vcnrfrk4!19sChIJJX5tW9nFdTIRH9YfVlsDE1A?authuser=0&hl=id&g_ep=EgoyMDI2MDkxNi4wIJJjKgBIAVAD&rclk=1
6942;SATUAN PELAYANAN PEMENIHAN GIZI (SPPG) SABANG;Satuan Pelayanan Pemenihan Gizi (SPPG) Sabang, Jl. Tolitoli - Palu, Sabang, Kec. Damsol, Kabupaten Donggala, Sulawesi Tengah 94356;Sulawesi Tengah;Donggala;Dampelas;T4 nama file;https://www.google.com/maps/place/Satuan+Pelayanan+Pemenihan+Gizi+%28SPPG%29+Sabang/data=!4m7!3m6!1s0x3275eb0024a8b291:0xa89bb76b50e47c8f!8m2!3d0.2139764!4d119.8632528!16s%2Fg%2F11y_x2329g!19sChIJkbKoJADrdTIRj3zkUGu3m6g?authuser=0&hl=id&g_ep=EgoyMDI2MDkxNi4wIJJjKgBIAVAD&rclk=1
6943;SPPG WATATU;SPPG WATATU, Watatu, Kec. Banawa Sel., Kabupaten Donggala, Sulawesi Tengah 94351;Sulawesi Tengah;Donggala;Banawa Selatan;T4 nama file;https://www.google.com/maps/place/SPPG+WATATU/data=!4m7!3m6!1s0x2d8b9b00400fdd29:0xd56994974774da5b!8m2!3d-0.8774195!4d119.5877697!16s%2Fg%2F11ys005202!19sChIJKd0PQACbiy0RW9p0R5eUadU?authuser=0&hl=id&g_ep=EgoyMDI2MDkxNi4wIJJjKgBIAVAD&rclk=1
6944;SPPG TOBOLI BARAT;;Sulawesi Tengah;Donggala;Tanantovea;T4 nama file;https://www.google.com/maps/place/SPPG+Toboli+Barat/data=!4m7!3m6!1s0x40bb93434d0453e3:0x60d6ba266d483f6f!8m2!3d-0.7218145!4d120.056125!16s%2Fg%2F11zd9dwqvs!19sChIJ41METUOTu0ARbz9IbSa61mA?authuser=0&hl=id&g_ep=EgoyMDI2MDkxNi4wIJJjKgBIAVAD&rclk=1
6947;SPPG TAMBU;;Sulawesi Tengah;Donggala;Balaesang;T4 nama file;https://www.google.com/maps/place/SPPG+TAMBU/data=!4m7!3m6!1s0x85d5b50828f6dbb3:0x1f3942921d71940c!8m2!3d-0.0804655!4d119.892979!16s%2Fg%2F11z2vnf8nv!19sChIJs9v2KAi11YURDJRxHZJCOR8?authuser=0&hl=id&g_ep=EgoyMDI2MDkxNi4wIJJjKgBIAVAD&rclk=1
6949;KEC. SIRENJA;Kabupaten Donggala, Sulawesi Tengah;Sulawesi Tengah;Donggala;Sirenja;T4 nama file;https://www.google.com/maps/place/Kec.+Sirenja,+Kabupaten+Donggala,+Sulawesi+Tengah/@-0.2543265,119.856888,12z/data=!3m1!4b1!4m6!3m5!1s0x2d8a15b5df00bd1f:0x4030bfbcaf78090!8m2!3d-0.2338137!4d119.8256066!16s%2Fg%2F11b_30rs0j?hl=id&entry=ttu&g_ep=EgoyMDI2MDkxNi4wIKXMDSoASAFQAw%3D%3D
6951;KEC. SOJOL UTARA;Kabupaten Donggala, Sulawesi Tengah;Sulawesi Tengah;Donggala;Sojol Utara;T4 nama file;https://www.google.com/maps/place/Kec.+Sojol+Utara/data=!4m7!3m6!1s0x327427aa2ef5a6c9:0xe78ec5bb19f7cd50!8m2!3d0.7421584!4d120.129098!16s%2Fg%2F1s047xlk8!19sChIJyab1LqondDIRUM33GbvFjuc?authuser=0&hl=id&g_ep=EgoyMDI2MDkxNi4wIJJjKgBIAVAD&rclk=1
6953;SPPG DAYODARA;SPPG Dayodara, Tanamodindi, Kec. Palu Sel., Kota Palu, Sulawesi Tengah 94118;Sulawesi Tengah;Kota Palu;Mantikulore;T4 nama file;https://www.google.com/maps/place/SPPG+Dayodara/data=!4m7!3m6!1s0x2d8bef0051c49f2f:0xf49e4359dc5c0417!8m2!3d-0.8861052!4d119.8939684!16s%2Fg%2F11yy2b8q3q!19sChIJL5_EUQDviy0RFwRc3FlDnvQ?authuser=0&hl=id&g_ep=EgoyMDI2MDkxNi4wIJJjKgBIAVAD&rclk=1
6954;SPPG RESIFA GELATIK;Jl. Merak Lrg. I No.41, Birobuli Utara, Palu Selatan, Palu City, Central Sulawesi 94111;Sulawesi Tengah;Kota Palu;Mantikulore;T4 nama file;https://www.google.com/maps/place/SPPG+Resifa+Gelatik/data=!4m7!3m6!1s0x2d8bef003cfc69a5:0xedc74d8e0ce2239!8m2!3d-0.9165924!4d119.8948543!16s%2Fg%2F11zkg3f0pw!19sChIJpWn8PADviy0ROSLO4Nh03A4?authuser=0&hl=id&g_ep=EgoyMDI2MDkxNi4wIJJjKgBIAVAD&rclk=1
6955;SPPG SIRANINDI;Jl. Jambu No.4, Siranindi, Kec. Palu Bar., Kota Palu, Sulawesi Tengah 94111;Sulawesi Tengah;Kota Palu;Mantikulore;T4 nama file;https://www.google.com/maps/place/SPPG+SIRANINDI/data=!4m7!3m6!1s0x2d8bed003415922b:0xf78eb63631990b00!8m2!3d-0.8982044!4d119.8583231!16s%2Fg%2F11zg1gchl1!19sChIJK5IVNADtiy0RAAuZMTa2jvc?authuser=0&hl=id&g_ep=EgoyMDI2MDkxNi4wIJJjKgBIAVAD&rclk=1
6957;SPPG RAJAMOILI SEHATI;Jl. Rajamoili II No.1, Besusu Barat, Palu Timur, Palu City, Central Sulawesi 94112;Sulawesi Tengah;Kota Palu;Mantikulore;T4 nama file;https://www.google.com/maps/place/SPPG+Rajamoili+Sehati/data=!4m7!3m6!1s0x2d8bed00620bf5fb:0xf7154b9bc46aac4!8m2!3d-0.8862928!4d119.8647284!16s%2Fg%2F11z082476k!19sChIJ-_ULYgDtiy0RxKpGvLlUcQ8?authuser=0&hl=id&g_ep=EgoyMDI2MDkxNi4wIJJjKgBIAVAD&rclk=1
6958;SPPG KOTA PALU MANTIKULORE TALISE 2;dekat STQ, Jl. Soekarno Hatta, Talise, Mantikulore, Palu City, Central Sulawesi 94118;Sulawesi Tengah;Kota Palu;Mantikulore;T4 nama file;https://www.google.com/maps/place/Sppg+Kota+Palu+Mantikulore+Talise+2/data=!4m7!3m6!1s0x2d8bef0fe1285ef7:0x4dd761a3f1307fa6!8m2!3d-0.8728044!4d119.8875518!16s%2Fg%2F11y02zfry1!19sChIJ914o4Q_viy0Rpn8w8aNh100?authuser=0&hl=id&g_ep=EgoyMDI2MDkxNi4wIJJjKgBIAVAD&rclk=1
6959;SPPG PALU TIMUR 003;Jl. Otista No.76 D, Besusu Timur, Palu Timur, Palu City, Central Sulawesi 94111;Sulawesi Tengah;Kota Palu;Mantikulore;T4 nama file;https://www.google.com/maps/place/SPPG+PALU+TIMUR+003/data=!4m7!3m6!1s0x2d8befc8b941f0fb:0xeaa09d43be6dfc7f!8m2!3d-0.8937043!4d119.8850595!16s%2Fg%2F11mr_hrysl!19sChIJ-_BBucjviy0Rf_xtvkOdoOo?authuser=0&hl=id&g_ep=EgoyMDI2MDkxNi4wIJJjKgBIAVAD&rclk=1
6961;SPPG BASCARA;Jl. Moh. Hatta No.33, Lolu Utara, Kec. Palu Sel., Kota Palu, Sulawesi Tengah 94111;Sulawesi Tengah;Kota Palu;Mantikulore;T4 nama file;https://www.google.com/maps/place/SPPG+BASCARA/data=!4m7!3m6!1s0x2d8bed003c66a1ef:0x117bdb1862d66e57!8m2!3d-0.8967855!4d119.8765947!16s%2Fg%2F11mrtm63b1!19sChIJ76FmPADtiy0RV27WYhjbexE?authuser=0&hl=id&g_ep=EgoyMDI2MDkxNi4wIJJjKgBIAVAD&rclk=1
6964;SPPG BIROBULI UTARA 2;SPPG BIROBULI UTARA 2, Jl. Kijang Utara VII, Birobuli Utara, Palu Selatan, Palu City, Central Sulawesi 94111;Sulawesi Tengah;Kota Palu;Mantikulore;T4 nama file;https://www.google.com/maps/place/SPPG+BIROBULI+UTARA+2/data=!4m7!3m6!1s0x2d8bf1005fc8f753:0xf5a9ce1f86da02b8!8m2!3d-0.9261859!4d119.8935249!16s%2Fg%2F11zcfhywq5!19sChIJU_fIXwDxiy0RuALahh_OqfU?authuser=0&hl=id&g_ep=EgoyMDI2MDkxNi4wIJJjKgBIAVAD&rclk=1
6965;SPPG DUTA LERE (SPPG PALU BARAT LERE 2);SPPG DUTA LERE (SPPG PALU BARAT LERE 2), Jl. Abd. Raqie Glr. Dato Karama, Lere, Kec. Palu Bar., Kota Palu, Sulawesi Tengah 94221;Sulawesi Tengah;Kota Palu;Mantikulore;T4 nama file;https://www.google.com/maps/place/SPPG+DUTA+LERE+%28SPPG+PALU+BARAT+LERE+2%29/data=!4m7!3m6!1s0x2d8bed00482bc655:0xdfb1f29c259d86f5!8m2!3d-0.884315!4d119.848084!16s%2Fg%2F11njdw_xvl!19sChIJVcYrSADtiy0R9YadJZzysd8?authuser=0&hl=id&g_ep=EgoyMDI2MDkxNi4wIJJjKgBIAVAD&rclk=1
6967;SPPG BIROBULI UTARA #4;Jl. Kasuari No.19, Birobuli Utara, Kec. Palu Sel., Kota Palu, Sulawesi Tengah 94111;Sulawesi Tengah;Kota Palu;Mantikulore;T4 nama file;https://www.google.com/maps/place/SPPG+BIROBULI+UTARA+%234/data=!4m7!3m6!1s0x2d8bef004c747863:0xa296c7f61feb7c92!8m2!3d-0.9099291!4d119.8952161!16s%2Fg%2F11zx3c9q28!19sChIJY3h0TADviy0RknzrH_bHlqI?authuser=0&hl=id&g_ep=EgoyMDI2MDkxNi4wIJJjKgBIAVAD&rclk=1
6968;SPPG DEWI SARTIKA;Jl. Dewi Sartika No.58, Birobuli Sel., Kec. Palu Sel., Kota Palu, Sulawesi Tengah 94111;Sulawesi Tengah;Kota Palu;Mantikulore;T4 nama file;https://www.google.com/maps/place/SPPG+dewi+sartika/data=!4m7!3m6!1s0x2d8bf10008049a15:0xfd7c8ba6983c412d!8m2!3d-0.9277197!4d119.8962878!16s%2Fg%2F11mshqm015!19sChIJFZoECADxiy0RLUE8mKaLfP0?authuser=0&hl=id&g_ep=EgoyMDI2MDkxNi4wIJJjKgBIAVAD&rclk=1
6970;SPPG KOTA SOE KOTA BARU;SPPG KOTA SOE KOTA BARU, Dewantara no 15, Jl. Ki Hajar Dewantoro, Besusu Tim., Kec. Palu Tim., Kota Palu, Sulawesi Tengah 94118;Sulawesi Tengah;Kota Palu;Mantikulore;T4 nama file;https://www.google.com/maps/place/SPPG+KOTA+SOE+KOTA+BARU/data=!4m7!3m6!1s0x2d8bef00212fdec3:0x4bb7400abb5abe4a!8m2!3d-0.8918793!4d119.883507!16s%2Fg%2F11z83h99s5!19sChIJw94vIQDviy0RSr5auwpAt0s?authuser=0&hl=id&g_ep=EgoyMDI2MDkxNi4wIJJjKgBIAVAD&rclk=1
6971;SPPG POLDA SULTENG;Jl. Teratai No.12, Besusu Tengah, Kec. Palu Tim., Kota Palu, Sulawesi Tengah 94111;Sulawesi Tengah;Kota Palu;Mantikulore;T4 nama file;https://www.google.com/maps/place/SPPG+POLDA+SULTENG/data=!4m7!3m6!1s0x2d8bed0032ab49af:0x542681b964e1295f!8m2!3d-0.8951891!4d119.8727033!16s%2Fg%2F11ymk4mt6v!19sChIJr0mrMgDtiy0RXynhZLmBJlQ?authuser=0&hl=id&g_ep=EgoyMDI2MDkxNi4wIJJjKgBIAVAD&rclk=1
6972;SPPG PALU SELATAN;SPPG PALU SELATAN, Tatura Sel., Kec. Palu Sel., Kota Palu, Sulawesi Tengah 94111;Sulawesi Tengah;Kota Palu;Mantikulore;T4 nama file;https://www.google.com/maps/place/SPPG+PALU+SELATAN/data=!4m7!3m6!1s0x2d8bf1004ca61d93:0xb4d97f3eefdade21!8m2!3d-0.9230224!4d119.8845738!16s%2Fg%2F11x_c0plkb!19sChIJkx2mTADxiy0RId7a7z5_2bQ?authuser=0&hl=id&g_ep=EgoyMDI2MDkxNi4wIJJjKgBIAVAD&rclk=1
6974;SPPG YAYASAN TARE KARSA NUSANTARA SATUAN PELAYANAN PEMENUHAN GIZI PALUPI TATANGA;SPPG Yayasan Tare Karsa Nusantara Satuan Pelayanan Pemenuhan Gizi Palupi Tatanga, Jl. Pue Bongo II, Palupi, Tatanga, Palu City, Central Sulawesi 94222;Sulawesi Tengah;Kota Palu;Tatanga;T4 nama file;https://www.google.com/maps/place/SPPG+Yayasan+Tare+Karsa+Nusantara+Satuan+Pelayanan+Pemenuhan+Gizi+Palupi+Tatanga/data=!4m7!3m6!1s0x2d8bf300441eaa59:0x54f462673160b7ab!8m2!3d-0.9274747!4d119.856722!16s%2Fg%2F11x_18k38q!19sChIJWaoeRADziy0Rq7dgMWdi9FQ?authuser=0&hl=id&g_ep=EgoyMDI2MDkxNi4wIJJjKgBIAVAD&rclk=1
6976;SPG;SPG, Jl. Garuda 2, Birobuli Utara, Kec. Palu Sel., Kota Palu, Sulawesi Tengah 94111;Sulawesi Tengah;Kota Palu;Palu Selatan;T4 nama file;https://www.google.com/maps/place/SPG/data=!4m7!3m6!1s0x2d8befb5dc78b611:0x80e0b0a541016443!8m2!3d-0.9172827!4d119.901139!16s%2Fg%2F11jh2fjn1h!19sChIJEbZ43LXviy0RQ2QBQaWw4IA?authuser=0&hl=id&g_ep=EgoyMDI2MDkxNi4wIJJjKgBIAVAD&rclk=1
6977;KARYA KASIH (SPPG DG LANDO PALU SELATAN);Jl. Daeng Lando 2, Birobuli Sel., Kec. Palu Sel., Kota Palu, Sulawesi Tengah 94235;Sulawesi Tengah;Kota Palu;Palu Selatan;T4 nama file;https://www.google.com/maps/place/Karya+Kasih+%28SPPG+Dg+Lando+Palu+Selatan%29/data=!4m7!3m6!1s0x2d8bf1b5cca9a387:0x91004cd55af693c4!8m2!3d-0.933045!4d119.8930876!16s%2Fg%2F11ykwb8cmp!19sChIJh6OpzLXxiy0RxJP2WtVMAJE?authuser=0&hl=id&g_ep=EgoyMDI2MDkxNi4wIJJjKgBIAVAD&rclk=1
6978;SPPG UMPANGA;SPPG UMPANGA, Umpanga, Kec. Bungku Bar., Kabupaten Morowali, Sulawesi Tengah;Sulawesi Tengah;Morowali;Bungku Barat;T3 alamat fuzzy;https://www.google.com/maps/place/SPPG+UMPANGA/data=!4m7!3m6!1s0x2d9abd00143ee833:0x6d5265a6d8b60de1!8m2!3d-2.2943185!4d121.8226593!16s%2Fg%2F11ntl6fdxc!19sChIJM-g-FAC9mi0R4Q222KZlUm0?authuser=0&hl=id&g_ep=EgoyMDI2MDkxNi4wIJJjKgBIAVAD&rclk=1
6980;SPPG BUMIRAYA;SPPG BUMIRAYA, Pebatae, Bumi Raya, Morowali Regency, Central Sulawesi 94976;Sulawesi Tengah;Morowali;Bungku Barat;T4 nama file;https://www.google.com/maps/place/SPPG+BUMIRAYA/data=!4m7!3m6!1s0x2d9aa7006bbd8f05:0x83d44b3683d9194b!8m2!3d-2.2330098!4d121.6731156!16s%2Fg%2F11njzp_w05!19sChIJBY-9awCnmi0RSxnZgzZL1IM?authuser=0&hl=id&g_ep=EgoyMDI2MDkxNi4wIJJjKgBIAVAD&rclk=1
6981;MBG SPPG DAPUR KALIYA GIZI;Lafeu, Kec. Bungku Sel., Kabupaten Morowali, Sulawesi Tengah;Sulawesi Tengah;Morowali;Bungku Selatan;T4 nama file;https://www.google.com/maps/place/MBG+SPPG+Dapur+Kaliya+Gizi/data=!4m7!3m6!1s0x2d9a33004c7e6ba7:0xac29395b5193d033!8m2!3d-2.9883993!4d122.278121!16s%2Fg%2F11yzvz9jzq!19sChIJp2t-TAAzmi0RM9CTUVs5Kaw?authuser=0&hl=id&g_ep=EgoyMDI2MDkxNi4wIJJjKgBIAVAD&rclk=1
6983;SPPG POLRI POLRES KONUT;SPPG POLRI POLRES KONUT, Hialu Utama (Upt. Hialu II), Wiwirano, North Konawe Regency, South East Sulawesi 93353;Sulawesi Tengah;Morowali;Menui Kepulauan;T4 nama file;https://www.google.com/maps/place/SPPG+POLRI+POLRES+KONUT/data=!4m7!3m6!1s0x2d998f003371bdd3:0x364357ac5b7bb23e!8m2!3d-3.28614!4d122.160487!16s%2Fg%2F11y_v71d7f!19sChIJ071xMwCPmS0RPrJ7W6xXQzY?authuser=0&hl=id&g_ep=EgoyMDI2MDkxNi4wIJJjKgBIAVAD&rclk=1
6993;SPPG POLRES MOROWALI;;Sulawesi Tengah;Morowali;Bungku Timur;T4 nama file;https://www.google.com/maps/place/SPPG+Polres+Morowali/data=!4m7!3m6!1s0x27e75e9f4c812791:0xeb914d1d0af0ed83!8m2!3d-2.567891!4d121.856724!16s%2Fg%2F11ms51kjrg!19sChIJkSeBTJ9e5ycRg-3wCh1Nkes?authuser=0&hl=id&g_ep=EgoyMDI2MDkxNi4wIJJjKgBIAVAD&rclk=1
6996;SMP NEGERI 1 SOYO JAYA;SMP Negeri 1 Soyo Jaya, Unnamed Road, Malino, Soyo Jaya, North Morowali Regency, Central Sulawesi 94971;Sulawesi Tengah;Morowali Utara;Soyo Jaya;T4 nama file;https://www.google.com/maps/place/SMP+Negeri+1+Soyo+Jaya/data=!4m7!3m6!1s0x2d8fa138bfeb4b97:0x1ae74523d588a0d4!8m2!3d-1.6050938!4d121.1719023!16s%2Fg%2F11fsw8s_59!19sChIJl0vrvzihjy0R1KCI1SNF5xo?authuser=0&hl=id&g_ep=EgoyMDI2MDkxNi4wIJJjKgBIAVAD&rclk=1
7001;KEC. MORI ATAS;Kabupaten Morowali Utara, Sulawesi Tengah;Sulawesi Tengah;Morowali Utara;Mori Atas;T4 nama file;https://www.google.com/maps/place/Kec.+Mori+Atas/data=!4m7!3m6!1s0x2d8fd662f631f505:0xb482718602ff4a56!8m2!3d-2.0002929!4d120.9771708!16s%2Fg%2F121g71gb!19sChIJBfUx9mLWjy0RVkr_AoZxgrQ?authuser=0&hl=id&g_ep=EgoyMDI2MDkxNi4wIJJjKgBIAVAD&rclk=1
7004;KEC. LEMBO;Kabupaten Morowali Utara, Sulawesi Tengah;Sulawesi Tengah;Morowali Utara;Lembo Raya;T4 nama file;https://www.google.com/maps/place/Kec.+Lembo/data=!4m7!3m6!1s0x2d9019adc608b35f:0xd9bba5fc05b79de5!8m2!3d-2.1257619!4d121.287593!16s%2Fg%2F11b77ffw__!19sChIJX7MIxq0ZkC0R5Z23Bfylu9k?authuser=0&hl=id&g_ep=EgoyMDI2MDkxNi4wIJJjKgBIAVAD&rclk=1
7006;SPPG PARANGGI;;Sulawesi Tengah;Parigi Moutong;Ampibabo;T4 nama file;https://www.google.com/maps/place/SPPG+PARANGGI/data=!4m7!3m6!1s0xf4b23ff4c015c41:0xdc8e2503cf6ce3f6!8m2!3d-0.470702!4d120.0474995!16s%2Fg%2F11x_lfz3yv!19sChIJQVwBTP8jSw8R9uNszwMljtw?authuser=0&hl=id&g_ep=EgoyMDI2MDkxNi4wIJJjKgBIAVAD&rclk=1
7015;KEC. TOMINI;Kabupaten Parigi Moutong, Sulawesi Tengah;Sulawesi Tengah;Parigi Moutong;Tomini;T4 nama file;https://www.google.com/maps/place/Kec.+Tomini/data=!4m7!3m6!1s0x3276f53b5e76421b:0xa4a875d85875c358!8m2!3d0.5227421!4d120.5939265!16s%2Fg%2F122sgpp0!19sChIJG0J2Xjv1djIRWMN1WNh1qKQ?authuser=0&hl=id&g_ep=EgoyMDI2MDkxNi4wIJJjKgBIAVAD&rclk=1
7018;SD NEGERI TADA;SD Negeri Tada, Tada, Kec. Tinombo Sel., Kabupaten Parigi Moutong, Sulawesi Tengah 94475;Sulawesi Tengah;Parigi Moutong;Tinombo Selatan;T4 nama file;https://www.google.com/maps/place/SD+Negeri+Tada/data=!4m7!3m6!1s0x2d8a07004b58b56f:0xd6e364bb3419dfc5!8m2!3d-0.0356582!4d120.0609878!16s%2Fg%2F11w46k3q89!19sChIJb7VYSwAHii0Rxd8ZNLtk49Y?authuser=0&hl=id&g_ep=EgoyMDI2MDkxNi4wIJJjKgBIAVAD&rclk=1
7019;SMP NEGERI 4 TINOMBO SELATAN;SMP Negeri 4 Tinombo Selatan, Khatulistiwa, Kec. Tinombo Sel., Kabupaten Parigi Moutong, Sulawesi Tengah 94475;Sulawesi Tengah;Parigi Moutong;Tinombo Selatan;T4 nama file;https://www.google.com/maps/place/SMP+Negeri+4+Tinombo+Selatan/data=!4m7!3m6!1s0x3275ff61099843ed:0x2625181176327294!8m2!3d0.0021169!4d120.0935191!16s%2Fg%2F11dxk_ng6n!19sChIJ7UOYCWH_dTIRlHIydhEYJSY?authuser=0&hl=id&g_ep=EgoyMDI2MDkxNi4wIJJjKgBIAVAD&rclk=1
7021;SMP NEGERI 2 TINOMBO SELATAN;SMP Negeri 2 Tinombo Selatan, Tada Tim., Kec. Tinombo Sel., Kabupaten Parigi Moutong, Sulawesi Tengah 94475;Sulawesi Tengah;Parigi Moutong;Tinombo Selatan;T4 nama file;https://www.google.com/maps/place/SMP+Negeri+2+Tinombo+Selatan/data=!4m7!3m6!1s0x2d8a06d2b25fb67f:0xb771a903f47ba5e7!8m2!3d-0.0396995!4d120.066634!16s%2Fg%2F11c6_yg1d0!19sChIJf7ZfstIGii0R56V79AOpcbc?authuser=0&hl=id&g_ep=EgoyMDI2MDkxNi4wIJJjKgBIAVAD&rclk=1
7022;SD INPRES 1 MANINILI;SD Inpres 1 Maninili, Maninili, Kec. Tinombo Sel., Kabupaten Parigi Moutong, Sulawesi Tengah 94475;Sulawesi Tengah;Parigi Moutong;Tinombo Selatan;T4 nama file;https://www.google.com/maps/place/SD+Inpres+1+Maninili/data=!4m7!3m6!1s0x3275ff837fd77997:0x810ed7805f00a26!8m2!3d0.0486978!4d120.1073379!16s%2Fg%2F11h4b980k6!19sChIJl3nXf4P_dTIRJgrwBXjtEAg?authuser=0&hl=id&g_ep=EgoyMDI2MDkxNi4wIJJjKgBIAVAD&rclk=1
7023;SLB HIDAYAH SIAGA;SLB HIDAYAH SIAGA, Siaga, Kec. Tinombo Sel., Kabupaten Parigi Moutong, Sulawesi Tengah;Sulawesi Tengah;Parigi Moutong;Tinombo Selatan;T4 nama file;https://www.google.com/maps/place/SLB+HIDAYAH+SIAGA/data=!4m7!3m6!1s0x3275ff669798fd8d:0xcf08ec0a95403738!8m2!3d0.0356786!4d120.0999931!16s%2Fg%2F11stgg2c_m!19sChIJjf2Yl2b_dTIRODdAlQrsCM8?authuser=0&hl=id&g_ep=EgoyMDI2MDkxNi4wIJJjKgBIAVAD&rclk=1
7024;SMAN 1 TINOMBO SELATAN;Jl. Trans Sulawesi Lrg. Danau Alagut No.No, Maninili, Tinombo Selatan, Parigi Moutong Regency, Central Sulawesi 94475;Sulawesi Tengah;Parigi Moutong;Tinombo Selatan;T4 nama file;https://www.google.com/maps/place/SMAN+1+TINOMBO+SELATAN/data=!4m7!3m6!1s0x3275fe861ad4e5f1:0x192f1e2021a5c78c!8m2!3d0.0616585!4d120.1079025!16s%2Fg%2F11b6j82dmw!19sChIJ8eXUGob-dTIRjMelISAeLxk?authuser=0&hl=id&g_ep=EgoyMDI2MDkxNi4wIJJjKgBIAVAD&rclk=1
7025;MASJID AL-MUHAJIRIN SIBOKIA;MASJID AL-MUHAJIRIN SIBOKIA, Malanggo, Kec. Tinombo Sel., Kabupaten Parigi Moutong, Sulawesi Tengah 94475;Sulawesi Tengah;Parigi Moutong;Tinombo Selatan;T4 nama file;https://www.google.com/maps/place/MASJID+AL-MUHAJIRIN+SIBOKIA/data=!4m7!3m6!1s0x3275e31280530f5b:0xa5fc2247d4095bc3!8m2!3d0.1493697!4d120.1061269!16s%2Fg%2F11svwzb0s5!19sChIJWw9TgBLjdTIRw1sJ1Eci_KU?authuser=0&hl=id&g_ep=EgoyMDI2MDkxNi4wIJJjKgBIAVAD&rclk=1
7026;SD INPRES 3 SINEY;SD Inpres 3 Siney, Sinei, Kec. Tinombo Sel., Kabupaten Parigi Moutong, Sulawesi Tengah 94475;Sulawesi Tengah;Parigi Moutong;Tinombo Selatan;T4 nama file;https://www.google.com/maps/place/SD+Inpres+3+Siney/data=!4m7!3m6!1s0x2d8a0152f12123df:0x59976fd3d0d2a7c4!8m2!3d-0.0221993!4d120.0939339!16s%2Fg%2F11fks59whq!19sChIJ3yMh8VIBii0RxKfS0NNvl1k?authuser=0&hl=id&g_ep=EgoyMDI2MDkxNi4wIJJjKgBIAVAD&rclk=1
7027;SD INPRES 3 TADA;SD Inpres 3 Tada, Tada, Kec. Tinombo Sel., Kabupaten Parigi Moutong, Sulawesi Tengah 94475;Sulawesi Tengah;Parigi Moutong;Tinombo Selatan;T4 nama file;https://www.google.com/maps/place/SD+Inpres+3+Tada/data=!4m7!3m6!1s0x2d8a070255ab11c5:0x6ecd79bfd451884e!8m2!3d-0.0172078!4d120.0631778!16s%2Fg%2F11h6m4nqh5!19sChIJxRGrVQIHii0RTohR1L95zW4?authuser=0&hl=id&g_ep=EgoyMDI2MDkxNi4wIJJjKgBIAVAD&rclk=1
7028;KEC. TORIBULU;Kabupaten Parigi Moutong, Sulawesi Tengah;Sulawesi Tengah;Parigi Moutong;Toribulu;T4 nama file;https://www.google.com/maps/place/Kec.+Toribulu/data=!4m7!3m6!1s0x2d8a24ad29a8dfd7:0x2b7b2946a4f8988!8m2!3d-0.3320547!4d120.021947!16s%2Fg%2F120_4mkj!19sChIJ19-oKa0kii0RiIlPapSytwI?authuser=0&hl=id&g_ep=EgoyMDI2MDkxNi4wIJJjKgBIAVAD&rclk=1
7029;DAPUR SPPG DOLAGO, YAYASAN CIPTA GUNA MADANI;DAPUR SPPG DOLAGO, YAYASAN CIPTA GUNA MADANI, Jl. Trans Sulawesi, Lemo, Kec. Parigi Sel., Kabupaten Parigi Moutong, Sulawesi Tengah 94471;Sulawesi Tengah;Parigi Moutong;Parigi Selatan;T4 nama file;https://www.google.com/maps/place/DAPUR+SPPG+DOLAGO,+YAYASAN+CIPTA+GUNA+MADANI/data=!4m7!3m6!1s0x2d89590007e6f8b7:0xa3ac28e79dc4d3a8!8m2!3d-0.876495!4d120.2157511!16s%2Fg%2F11z74wv6tn!19sChIJt_jmBwBZiS0RqNPEnecorKM?authuser=0&hl=id&g_ep=EgoyMDI2MDkxNi4wIJJjKgBIAVAD&rclk=1
7030;SPPG MASARI;SPPG Masari, Jl. Trans Sulawesi, Masari, Kec. Parigi Sel., Kabupaten Parigi Moutong, Sulawesi Tengah 94471;Sulawesi Tengah;Parigi Moutong;Parigi Selatan;T4 nama file;https://www.google.com/maps/place/SPPG+Masari/data=!4m7!3m6!1s0x2d895900258caf8b:0x6e53b5e412ad99b5!8m2!3d-0.9061036!4d120.2333591!16s%2Fg%2F11zkpq09bn!19sChIJi6-MJQBZiS0RtZmtEuS1U24?authuser=0&hl=id&g_ep=EgoyMDI2MDkxNi4wIJJjKgBIAVAD&rclk=1
7033;MEPANGA;Kabupaten Parigi Moutong, Sulawesi Tengah;Sulawesi Tengah;Parigi Moutong;Mepanga;T4 nama file;https://www.google.com/maps/place/Mepanga/data=!4m7!3m6!1s0x3276f7977a638c63:0x74452552d444cee8!8m2!3d0.5661401!4d120.6890055!16s%2Fg%2F121_z_60!19sChIJY4xjepf3djIR6M5E1FIlRXQ?authuser=0&hl=id&g_ep=EgoyMDI2MDkxNi4wIJJjKgBIAVAD&rclk=1
7035;KEC. ONGKA MALINO;Kabupaten Parigi Moutong, Sulawesi Tengah;Sulawesi Tengah;Parigi Moutong;Ongka Malino;T4 nama file;https://www.google.com/maps/place/Kec.+Ongka+Malino/data=!4m7!3m6!1s0x3276f95d43e8ede3:0x8110b20377892e03!8m2!3d0.5805801!4d120.7649084!16s%2Fg%2F11gxt5ljwy!19sChIJ4-3oQ135djIRAy6JdwOyEIE?authuser=0&hl=id&g_ep=EgoyMDI2MDkxNi4wIJJjKgBIAVAD&rclk=1
7039;SPPG POSO KOTA SELATAN SAYO;SPPG POSO KOTA SELATAN SAYO, Sayo, Kec. Poso Kota Sel., Kabupaten Poso, Sulawesi Tengah 94612;Sulawesi Tengah;Poso;Poso Kota Utara;T4 nama file;https://www.google.com/maps/place/SPPG+POSO+KOTA+SELATAN+SAYO/data=!4m7!3m6!1s0x2d8ee5005fa2ebb7:0x37c8b488a4bd109!8m2!3d-1.3912431!4d120.7612135!16s%2Fg%2F11yqlqlr9t!19sChIJt-uiXwDlji0RCdFLikiLfAM?authuser=0&hl=id&g_ep=EgoyMDI2MDkxNi4wIJJjKgBIAVAD&rclk=1
7041;SPPG POSO LORE UTARA WATUMAETA;SPPG POSO LORE UTARA WATUMAETA, Jln. Poros watumaeta, Sangginora, Kec. Poso Pesisir Sel., Kabupaten Poso, Sulawesi Tengah 94652;Sulawesi Tengah;Poso;Poso Pesisir;T3 alamat fuzzy;https://www.google.com/maps/place/SPPG+POSO+LORE+UTARA+WATUMAETA/data=!4m7!3m6!1s0x2d8e5f00376adfe9:0x61a4ef614ffa6f6e!8m2!3d-1.5944785!4d120.5509358!16s%2Fg%2F11zh67f1k5!19sChIJ6d9qNwBfji0Rbm_6T2HvpGE?authuser=0&hl=id&g_ep=EgoyMDI2MDkxNi4wIJJjKgBIAVAD&rclk=1
7042;SPPG LORE SELATAN;SPPG LORE SELATAN, Jl Protokol, RT.003/RW.003, Gintu, Kec. Lore Sel., Kabupaten Poso, Sulawesi Tengah 94654;Sulawesi Tengah;Poso;Lore Barat;T4 nama file;https://www.google.com/maps/place/SPPG+LORE+SELATAN/data=!4m7!3m6!1s0x2d8e0b0056c950b5:0x2d03771dbecc8532!8m2!3d-1.8847162!4d120.2456007!16s%2Fg%2F11npl4lhvh!19sChIJtVDJVgALji0RMoXMvh13Ay0?authuser=0&hl=id&g_ep=EgoyMDI2MDkxNi4wIJJjKgBIAVAD&rclk=1
7043;BPS POSO;Jl. P. Kalimantan, Sayo, Kec. Poso Kota Sel., Kabupaten Poso, Sulawesi Tengah 94617;Sulawesi Tengah;Poso;Pamona Barat;T4 nama file;https://www.google.com/maps/place/BPS+Poso/@-1.3966327,120.7568511,17z/data=!3m1!4b1!4m6!3m5!1s0x2d8ee4354aed837f:0xf6b395c41db1bf90!8m2!3d-1.3966327!4d120.7568511!16s%2Fg%2F11h9y4vy2l?hl=id&entry=ttu&g_ep=EgoyMDI2MDkxNi4wIKXMDSoASAFQAw%3D%3D
7046;SPPG GEBANGREJO 2;SPPG Gebangrejo 2, Jl. Pulau Tarakan, Gebang Rejo, Kec. Poso Kota Sel., Kabupaten Poso, Sulawesi Tengah 94612;Sulawesi Tengah;Poso;Poso Kota Selatan;T4 nama file;https://www.google.com/maps/place/SPPG+Gebangrejo+2/data=!4m7!3m6!1s0x2d8ee500453f07c1:0xd6bee29ff800ba98!8m2!3d-1.3963757!4d120.7578782!16s%2Fg%2F11ms3l08t7!19sChIJwQc_RQDlji0RmLoA-J_ivtY?authuser=0&hl=id&g_ep=EgoyMDI2MDkxNi4wIJJjKgBIAVAD&rclk=1
7047;SPPG POSO PAMONA SELATAN PENDOLO 2;Jl. S. Parman No.438, Pasir Putih, Kec. Pamona Sel., Kabupaten Poso, Sulawesi Tengah 94664;Sulawesi Tengah;Poso;Pamona Tenggara;T4 nama file;https://www.google.com/maps/place/SPPG+POSO+PAMONA+SELATAN+PENDOLO+2/@-2.0724392,120.6942243,17z/data=!3m1!4b1!4m6!3m5!1s0x2d8e270011f48f07:0x71a44ff923742df0!8m2!3d-2.0724392!4d120.6942243!16s%2Fg%2F11zb8f2wfm?hl=id&entry=ttu&g_ep=EgoyMDI2MDkxNi4wIKXMDSoASAFQAw%3D%3D
7048;KEC. LORE TIM.;Kabupaten Poso, Sulawesi Tengah;Sulawesi Tengah;Poso;Lore Timur;T4 nama file;https://www.google.com/maps/place/Kec.+Lore+Tim./data=!4m7!3m6!1s0x2d8e91da1deacecf:0x473d723bc59f3471!8m2!3d-1.4574744!4d120.4046215!16s%2Fg%2F11h1tyqs3!19sChIJz87qHdqRji0RcTSfxTtyPUc?authuser=0&hl=id&g_ep=EgoyMDI2MDkxNi4wIJJjKgBIAVAD&rclk=1
7049;SPPG KECAMATAN KULAWI KABUPATEN SIGI;SPPG Kecamatan Kulawi Kabupaten Sigi, Namo, Kec. Kulawi, Kabupaten Sigi, Sulawesi Tengah 94363;Sulawesi Tengah;Poso;Lore Utara;T4 nama file;https://www.google.com/maps/place/SPPG+Kecamatan+Kulawi+Kabupaten+Sigi/@-1.4085742,119.9788128,17z/data=!3m1!4b1!4m6!3m5!1s0x2d8c25001e758e07:0xde986a8b9147874f!8m2!3d-1.4085742!4d119.9788128!16s%2Fg%2F11mlt796tp?hl=id&entry=ttu&g_ep=EgoyMDI2MDkxNi4wIKXMDSoASAFQAw%3D%3D
7051;MADAGO FARM;MADAGO Farm, Pamona, Pusalemba, Poso Regency, Central Sulawesi 94663;Sulawesi Tengah;Poso;Pamona Timur;T4 nama file;https://www.google.com/maps/place/MADAGO+Farm/@-1.7554775,120.6395562,17z/data=!3m1!4b1!4m6!3m5!1s0x2d8e45003ae5cc7d:0x6273699048550b82!8m2!3d-1.7554775!4d120.6395562!16s%2Fg%2F11ydk2q6rz?hl=id&entry=ttu&g_ep=EgoyMDI2MDkxNi4wIKXMDSoASAFQAw%3D%3D
7054;PUSKESMAS LINDU;Puskesmas Lindu, Tomado, Lindu, Sigi Regency, Central Sulawesi 94363;Sulawesi Tengah;Sigi;Lindu;T4 nama file;https://www.google.com/maps/place/Puskesmas+Lindu/data=!4m7!3m6!1s0x2d8c23f97c45e1fb:0x1139b6780bb621cb!8m2!3d-1.3262599!4d120.0501604!16s%2Fg%2F11g0mrr6d_!19sChIJ--FFfPkjjC0RyyG2C3i2ORE?authuser=0&hl=id&g_ep=EgoyMDI2MDkxNi4wIJJjKgBIAVAD&rclk=1
7056;SPPG SIGI GUMBASA PAKULI;SPPG Sigi Gumbasa Pakuli, Jl. Poros Palu - Kulawi, Pulu City, Gumbasa, Sigi Regency, Central Sulawesi 94361;Sulawesi Tengah;Sigi;Lindu;T4 nama file;https://www.google.com/maps/place/SPPG+Sigi+Gumbasa+Pakuli/data=!4m7!3m6!1s0x2d8c1100568e61b9:0xc3fc089d87d8dd80!8m2!3d-1.2394349!4d119.9426962!16s%2Fg%2F11y_ybyzfd!19sChIJuWGOVgARjC0RgN3Yh50I_MM?authuser=0&hl=id&g_ep=EgoyMDI2MDkxNi4wIJJjKgBIAVAD&rclk=1
7057;SPPG BABAKAN CIPARAY 2 KOTA BANDUNG;Jl. Caringin No.35, Babakan Ciparay, Bandung City, West Java 40223;Sulawesi Tengah;Sigi;Nokilalaki;T4 nama file;https://www.google.com/maps/place/SPPG+Babakan+Ciparay+2+Kota+Bandung/data=!4m7!3m6!1s0x2e68e9004f454f8d:0xb1fa410e4da3977a!8m2!3d-6.9467634!4d107.5868239!16s%2Fg%2F11zd37_b5s!19sChIJjU9FTwDpaC4RepejTQ5B-rE?authuser=0&hl=id&g_ep=EgoyMDI2MDkxNi4wIJJjKgBIAVAD&rclk=1
7063;SPPG LOLU SIGI BIROMARU;SPPG LOLU SIGI BIROMARU, Jl. Lasoso, Lolu, Sigi Biromaru, Sigi Regency, Central Sulawesi 94231;Sulawesi Tengah;Sigi;Palolo;T4 nama file;https://www.google.com/maps/place/SPPG+LOLU+SIGI+BIROMARU/data=!4m7!3m6!1s0x2d8bf1001e084c9d:0x17d8671f3211b8c!8m2!3d-0.9603136!4d119.9165617!16s%2Fg%2F11ms5df4_s!19sChIJnUwIHgDxiy0RjBsh83GGfQE?authuser=0&hl=id&g_ep=EgoyMDI2MDkxNi4wIJJjKgBIAVAD&rclk=1
7064;MBG KALEKE;MBG KALEKE, Rarampadende, Kec. Dolo Bar., Kabupaten Sigi, Sulawesi Tengah 94362;Sulawesi Tengah;Sigi;Dolo Barat;T3 alamat fuzzy;https://www.google.com/maps/place/MBG+KALEKE/data=!4m7!3m6!1s0x2d8bf50069307593:0xadab06bba3d75f5!8m2!3d-1.0499187!4d119.8706489!16s%2Fg%2F11y0rgwz_7!19sChIJk3UwaQD1iy0R9XU9umuw2go?authuser=0&hl=id&g_ep=EgoyMDI2MDkxNi4wIJJjKgBIAVAD&rclk=1
7068;KEC. WALEA KEPULAUAN;Kabupaten Tojo Una-Una, Sulawesi Tengah;Sulawesi Tengah;Tojo Una Una;Walea Kepulauan;T4 nama file;https://www.google.com/maps/place/Kec.+Walea+Kepulauan/data=!4m7!3m6!1s0x2d87bb7215180e25:0xaa230538b3a05de9!8m2!3d-0.330267!4d122.0947725!16s%2Fg%2F12269c9z!19sChIJJQ4YFXK7hy0R6V2gszgFI6o?authuser=0&hl=id&g_ep=EgoyMDI2MDkxNi4wIJJjKgBIAVAD&rclk=1
7075;KEC. UNA-UNA;Kabupaten Tojo Una-Una, Sulawesi Tengah;Sulawesi Tengah;Tojo Una Una;Una Una;T4 nama file;https://www.google.com/maps/place/Kec.+Una-Una/data=!4m7!3m6!1s0x2d87da488996bb77:0x702f3bb12de39cd7!8m2!3d-0.4110644!4d121.8635815!16s%2Fg%2F122y5sz9!19sChIJd7uWiUjahy0R15zjLbE7L3A?authuser=0&hl=id&g_ep=EgoyMDI2MDkxNi4wIJJjKgBIAVAD&rclk=1
7076;KEC. TOGEAN;Kabupaten Tojo Una-Una, Sulawesi Tengah;Sulawesi Tengah;Tojo Una Una;Togean;T4 nama file;https://www.google.com/maps/place/Kec.+Togean/data=!4m7!3m6!1s0x2d87c7d8a4ef3c87:0xf030bfcad7659c0!8m2!3d-0.392597!4d121.9666348!16s%2Fg%2F120xv38n!19sChIJhzzvpNjHhy0RwFl2rfwLAw8?authuser=0&hl=id&g_ep=EgoyMDI2MDkxNi4wIJJjKgBIAVAD&rclk=1
7077;SPPG TANAMBI;SPPG Tanambi, Nggawia, Kec. Tojo Bar., Kabupaten Tojo Una-Una, Sulawesi Tengah 94681;Sulawesi Tengah;Tojo Una Una;Tojo Barat;T3 alamat fuzzy;https://www.google.com/maps/place/SPPG+Tanambi/@-1.4417506,121.0122892,17z/data=!3m1!4b1!4m6!3m5!1s0x2d8f050005a35743:0xced066014fdbe162!8m2!3d-1.4417506!4d121.0122892!16s%2Fg%2F11zdypsjvp?hl=id&entry=ttu&g_ep=EgoyMDI2MDkxNi4wIKXMDSoASAFQAw%3D%3D
7078;WALEA BESAR;Kabupaten Tojo Una-Una, Sulawesi Tengah;Sulawesi Tengah;Tojo Una Una;Walea Besar;T4 nama file;https://www.google.com/maps/place/Walea+Besar/data=!4m7!3m6!1s0x2d87a0e1eaebb9db:0xf030bfcad7659f0!8m2!3d-0.2611041!4d122.3220894!16s%2Fg%2F120yrdt0!19sChIJ27nr6uGghy0R8Fl2rfwLAw8?authuser=0&hl=id&g_ep=EgoyMDI2MDkxNi4wIJJjKgBIAVAD&rclk=1
7083;KEC. DAMPAL UTARA;Kabupaten Toli-Toli, Sulawesi Tengah;Sulawesi Tengah;Toli Toli;Dampal Utara;T4 nama file;https://www.google.com/maps/place/Kec.+Dampal+Utara/data=!4m7!3m6!1s0x3276afb9a58719ed:0xcc926ad1440f0612!8m2!3d0.960674!4d120.2638639!16s%2Fg%2F121rjxqv!19sChIJ7RmHpbmvdjIREgYPRNFqksw?authuser=0&hl=id&g_ep=EgoyMDI2MDkxNi4wIJJjKgBIAVAD&rclk=1
7089;SPPG BOMBANA POLEANG BARAT RAKADUA;SPPG BOMBANA POLEANG BARAT RAKADUA, Jl. Poros, Rakadua, Kec. Poleang Bar., Kabupaten Bombana, Sulawesi Tenggara 93772;Sulawesi Tenggara;Bombana;Poleang Barat;T3 alamat fuzzy;https://www.google.com/maps/place/SPPG+BOMBANA+POLEANG+BARAT+RAKADUA/data=!4m7!3m6!1s0x2dbd31000f0506f1:0x6f2a0dffc7295c85!8m2!3d-4.6950689!4d121.5240984!16s%2Fg%2F11zb7rxhtp!19sChIJ8QYFDwAxvS0RhVwpx_8NKm8?authuser=0&hl=id&g_ep=EgoyMDI2MDkxNi4wIJJjKgBIAVAD&rclk=1
7091;SPPG BOMBANA MATA OLEO TAJUNCU;SPPG Bombana Mata Oleo Tajuncu, Tajuncu, Mata Oleo, Kabupaten Bombana, Sulawesi Tenggara 93771;Sulawesi Tenggara;Bombana;Tontonunu;T4 nama file;https://www.google.com/maps/place/SPPG+Bombana+Mata+Oleo+Tajuncu/data=!4m7!3m6!1s0x2da2e10064c3ad41:0x296648e27e8f8f7d!8m2!3d-4.8630499!4d122.0127895!16s%2Fg%2F11ynwj581p!19sChIJQa3DZADhoi0RfY-PfuJIZik?authuser=0&hl=id&g_ep=EgoyMDI2MDkxNi4wIJJjKgBIAVAD&rclk=1
7097;SPPG BOMBANA POLEANG TIMUR BAMBAEA;Jln Pendidikan No.20, Bambaea, Kec. Poleang Tim., Kabupaten Bombana, Sulawesi Tenggara 93773;Sulawesi Tenggara;Bombana;Poleang Timur;T3 alamat fuzzy;https://www.google.com/maps/place/SPPG+BOMBANA+POLEANG+TIMUR+BAMBAEA/data=!4m7!3m6!1s0x2da2d70019fc266f:0xd96a926537425511!8m2!3d-4.827654!4d121.8017044!16s%2Fg%2F11z73wz041!19sChIJbyb8GQDXoi0REVVCN2WSatk?authuser=0&hl=id&g_ep=EgoyMDI2MDkxNi4wIJJjKgBIAVAD&rclk=1
7104;SPPG BOMBANA POLEANG SELATAN LA EA;SPPG BOMBANA POLEANG SELATAN LA EA, Ranokomea, La Ea, Kec. Poleang Sel., kendari, Sulawesi Tenggara 93772;Sulawesi Tenggara;Bombana;Poleang Timur;T4 nama file;https://www.google.com/maps/place/SPPG+BOMBANA+POLEANG+SELATAN+LA+EA/data=!4m7!3m6!1s0x2da2d7006938b9e1:0x826edfdba0073130!8m2!3d-4.8152682!4d121.7236451!16s%2Fg%2F11zb9yc3ty!19sChIJ4bk4aQDXoi0RMDEHoNvfboI?authuser=0&hl=id&g_ep=EgoyMDI2MDkxNi4wIJJjKgBIAVAD&rclk=1
