nama_sppg,provinsi_sppg,kecamatan_sppg,kabupaten_kota_sppg,alamat_sppg,prov_match,kec_match,kab_match,latitude,longitude,link,,
SPPG ACEH BARAT MEUREUBO LANGUNG,Aceh,Meureubo,Aceh Barat,"JL. Nasional Meulaboh No.1105, Tapak Tuan, Langung, Meureubo, West Aceh Regency, Aceh 23615",TRUE,TRUE,FALSE,4.138487,96.163921,"https://www.google.com/maps/place/SPPG+ACEH+BARAT+MEUREUBO+LANGUNG/@4.1384868,96.163921,17z/data=!3m1!4b1!4m6!3m5!1s0x303ec56b0fd2e22d:0xee00bf48fee0c659!8m2!3d4.1384868!4d96.163921!16s%2Fg%2F11mlbbmp42?hl=id&entry=ttu&g_ep=EgoyMDI2MDkxNi4wIKXMDSoASAFQAw%3D%3D",,
SPPG KUTELINTANG YAYASAN TUNAS BANGSA AGARA,Aceh,Blangkejeren,Blangkajeren,"Jalan lintas Blangkejeren-Takengon, Kuta Lintang, Kec. Blangkejeren, Blangkajeren, Aceh 24653",TRUE,TRUE,FALSE,4.002625,97.342031,https://www.google.com/maps/place/Sppg+Kutelintang+Yayasan+Tunas+Bangsa+Agara/data=!4m7!3m6!1s0x3039974eae4f5453:0xcb17920fed437030!8m2!3d4.0026249!4d97.3420306!16s%2Fg%2F11z1t6ldqy!19sChIJU1RPrk6XOTARMHBD7Q-SF8s?authuser=0&hl=id&g_ep=EgoyMDI2MDkxNi4wIJJjKgBIAVAD&rclk=1,,
SPPG CAHAYA PEMBANGUNAN NUSANTARA,Aceh,Banda Raya,Kota Banda Aceh,"G8F6+CR2 SPPG Cahaya Pembangunan Nusantara, Jl. Wedana, Lampuot, Banda Raya, Banda Aceh City, Aceh 23238",TRUE,TRUE,FALSE,5.52351,95.312014,https://www.google.com/maps/place/SPPG+Cahaya+Pembangunan+Nusantara/data=!4m7!3m6!1s0x3040390da60e4191:0x804b9b4f932000ec!8m2!3d5.5235096!4d95.3120145!16s%2Fg%2F11z590f8rv!19sChIJkUEOpg05QDAR7AAgk0-bS4A?authuser=0&hl=id&g_ep=EgoyMDI2MDkxNi4wIJJjKgBIAVAD&rclk=1,,
SPPG BANDA ACEH KUTA ALAM MULIA 2,Aceh,Kuta Alam,Kota Banda Aceh,"Jl. Teungku Di Blang No.Kel, Mulia, Kuta Alam, Banda Aceh City, Aceh 23123",TRUE,TRUE,FALSE,5.566977,95.327228,https://www.google.com/maps/place/SPPG+Banda+Aceh+Kuta+Alam+Mulia+2/data=!4m7!3m6!1s0x304037052d3faa85:0xbaec80c0339f008e!8m2!3d5.5669772!4d95.3272282!16s%2Fg%2F11zb9k2l3v!19sChIJhao_LQU3QDARjgCfM8CA7Lo?authuser=0&hl=id&g_ep=EgoyMDI2MDkxNi4wIJJjKgBIAVAD&rclk=1,,
SPPG BAITURRAHMAN SUKARAMAI,Aceh,Baiturrahman,Kota Banda Aceh,"Sukaramai, Baiturrahman, Banda Aceh City, Aceh 23116",TRUE,TRUE,FALSE,5.545811,95.312943,https://www.google.com/maps/place/SPPG+Baiturrahman+Sukaramai/data=!4m7!3m6!1s0x30403700100950dd:0xc36a3f33c729daca!8m2!3d5.5458109!4d95.312943!16s%2Fg%2F11zcgrf3hx!19sChIJ3VAJEAA3QDARytopxzM_asM?authuser=0&hl=id&g_ep=EgoyMDI2MDkxNi4wIJJjKgBIAVAD&rclk=1,,
SPPG CEURIH,Aceh,Ulee Kareng,Kota Banda Aceh,"H924+FWQ SPPG CEURIH, Jl. Lamgapang, Ceurih, Ulee Kareng, Banda Aceh City, Aceh 24411",TRUE,TRUE,FALSE,5.551208,95.357347,https://www.google.com/maps/place/SPPG+CEURIH/data=!4m7!3m6!1s0x304037007ce862af:0x5bb9262ead14bf25!8m2!3d5.551208!4d95.357347!16s%2Fg%2F11z145b43j!19sChIJr2LofAA3QDARJb8UrS4muVs?authuser=0&hl=id&g_ep=EgoyMDI2MDkxNi4wIJJjKgBIAVAD&rclk=1,,
SPPG KRUENG SEUNONG,Aceh,Kuta Makmur,Aceh Utara,"Jl. Elak No.KM. 8, Krueng Seunong, Kuta Makmur, North Aceh Regency, Aceh 24355",TRUE,TRUE,FALSE,5.144591,97.085014,https://www.google.com/maps/place/SPPG+Krueng+Seunong/data=!4m7!3m6!1s0x3047791d25d935a7:0x3867380461e6da7e!8m2!3d5.1445911!4d97.0850144!16s%2Fg%2F11mygckrwz!19sChIJpzXZJR15RzARftrmYQQ4Zzg?authuser=0&hl=id&g_ep=EgoyMDI2MDkyMi4wIJJjKgBIAVAD&rclk=1,,
SPPG GUMPANG JAYA 02 BABUSSALAM (YMKJ),Aceh,Babussalam,Aceh Tenggara,"Jl. Terminal Terpadu Gang Keluarga, Gumpang Jaya, Babussalam, Southeast Aceh, Aceh 24664",TRUE,TRUE,FALSE,3.46578,97.822773,https://www.google.com/maps/place/SPPG+GUMPANG+JAYA+02+BABUSSALAM+%28YMKJ%29/data=!4m7!3m6!1s0x3030a1733785ec41:0x9d6c07785fbc7896!8m2!3d3.4657795!4d97.822773!16s%2Fg%2F11nplywb69!19sChIJQeyFN3OhMDARlni8X3gHbJ0?authuser=0&hl=id&g_ep=EgoyMDI2MDkyMi4wIJJjKgBIAVAD&rclk=1,,
SPPG KAMPUNG BARU,Aceh,Badar,Aceh Tenggara,"GQFP+RH5 SPPG Kampung Baru, Kampung Baru, Badar, Southeast Aceh, Aceh 24651",TRUE,TRUE,FALSE,3.524516,97.786499,https://www.google.com/maps/place/SPPG+KAMPUNG+BARU/data=!4m7!3m6!1s0x2d95bb0030a3da95:0x9a32e9b920e84feb!8m2!3d-4.016685!4d119.632153!16s%2Fg%2F11y0ygt4nd!19sChIJldqjMAC7lS0R60_oILnpMpo?authuser=0&hl=id&g_ep=EgoyMDI2MDkxNi4wIJJjKgBIAVAD&rclk=1,,
SPPG SINGGAH MATA 02,Aceh,Lhoksukon,Aceh Utara,"4964+4WM SPPG Singgah Mata 02, Singgah Mata, Kec. Lhoksukon, Sampaoyniet, Aceh 24396",TRUE,TRUE,FALSE,5.110405,97.357268,https://www.google.com/maps/place/SPPG+Singgah+Mata+02/data=!4m7!3m6!1s0x30478d0053482b9d:0x14c7567a87ddf3a7!8m2!3d5.1104055!4d97.3572683!16s%2Fg%2F11zd401vqp!19sChIJnStIUwCNRzARp_Pdh3pWxxQ?authuser=0&hl=id&g_ep=EgoyMDI2MDkyMi4wIJJjKgBIAVAD&rclk=1,,
SPPG MNS RANTO,Aceh,Lhoksukon,Aceh Utara,"3857+3F6 SPPG MNS RANTO, MNS, Jl. Medan - Banda Aceh, Ranto, Lhoksukon, North Aceh Regency, Aceh 24386",TRUE,TRUE,FALSE,5.057669,97.313653,https://www.google.com/maps/place/SPPG+MNS+RANTO/data=!4m7!3m6!1s0x304789002db0d5b7:0xe4f8c91f1f6759bc!8m2!3d5.0576695!4d97.3136534!16s%2Fg%2F11mzqbddy3!19sChIJt9WwLQCJRzARvFlnHx_J-OQ?authuser=0&hl=id&g_ep=EgoyMDI2MDkyMi4wIJJjKgBIAVAD&rclk=1,,
SPPG BIREUEN GANDAPURA LAPANG TIMU,Aceh,Gandapura,Bireuen,"Jl. Medan - Banda Aceh, Lapang Tim., Kecamatan Gandapura, Geurugok, Aceh",TRUE,TRUE,FALSE,5.235389,96.897805,https://www.google.com/maps/place/SPPG+BIREUEN+GANDAPURA+LAPANG+TIMU/data=!4m7!3m6!1s0x30476f007fb45cf3:0x354bcb6c3f4f5c39!8m2!3d5.2353888!4d96.897805!16s%2Fg%2F11z0kpsm03!19sChIJ81y0fwBvRzAROVxPP2zLSzU?authuser=0&hl=id&g_ep=EgoyMDI2MDkyMi4wIJJjKgBIAVAD&rclk=1,,
SPPG ULEE JALAN,Aceh,Banda Sakti,Kota Lhokseumawe,"54XJ+P4X SPPG Ulee Jalan, Jl. Teuku Muda Lamkuta, Banda Masen, Banda Sakti, Lhokseumawe City, Aceh",TRUE,TRUE,FALSE,5.199364,97.130359,https://www.google.com/maps/place/SPPG+Ulee+Jalan/data=!4m7!3m6!1s0x30479d0029fb13d3:0x987ee77f557de87d!8m2!3d5.1993636!4d97.1303594!16s%2Fg%2F11z73w8x5b!19sChIJ0xP7KQCdRzARfeh9VX_nfpg?authuser=0&hl=id&g_ep=EgoyMDI2MDkyMi4wIJJjKgBIAVAD&rclk=1,,
SPPG KAMPUNG JAWA KOTA LHOKSEUMAWE,Aceh,Banda Sakti,Kota Lhokseumawe,"Gg. Satria No.36 A, Kampung Jawa Baru, Banda Sakti, Lhokseumawe City, Aceh",TRUE,TRUE,FALSE,5.186312,97.143918,https://www.google.com/maps/place/SPPG+KAMPUNG+JAWA+KOTA+LHOKSEUMAWE/data=!4m7!3m6!1s0x304783002b0b5ac1:0x911582b13da52557!8m2!3d5.1863124!4d97.1439182!16s%2Fg%2F11yppmhxp_!19sChIJwVoLKwCDRzARVyWlPbGCFZE?authuser=0&hl=id&g_ep=EgoyMDI2MDkyMi4wIJJjKgBIAVAD&rclk=1,,
SPPG AIR KUNING JEMBRANA BALI,Bali,Jembrana,Jembrana,"Jembrana, Bali",FALSE,FALSE,FALSE,-8.313178,114.682858,https://www.google.com/maps/place/SPPG+AIR+KUNING+JEMBRANA+BALI/data=!4m7!3m6!1s0x856c4a174b66e9bf:0x9e809ba1a1a8b82d!8m2!3d-8.3131784!4d114.6828585!16s%2Fg%2F11ytv9mh22!19sChIJv-lmSxdKbIURLbiooaGbgJ4?authuser=0&hl=id&g_ep=EgoyMDI2MDkyMi4wIJJjKgBIAVAD&rclk=1,,
SPPG KLATAK KALIPURO BANYUWANGI,Jawa Timur,Kalipuro,Banyuwangi,"Jl. Lagoon, Lingkungan Sukowidi, Klatak, Kalipuro, Banyuwangi Regency, East Java 68421",FALSE,TRUE,TRUE,-8.185411,114.3814,https://www.google.com/maps/place/SPPG+Klatak+Kalipuro+Banyuwangi/data=!4m7!3m6!1s0x2dd145250e5e6799:0x8323dcce7ede977c!8m2!3d-8.1854111!4d114.3814004!16s%2Fg%2F11z2bt0k30!19sChIJmWdeDiVF0S0RfJfefs7cI4M?authuser=0&hl=id&g_ep=EgoyMDI2MDkyMi4wIJJjKgBIAVAD&rclk=1,,
SPPG KARANGASEM SELATAN,Jawa Tengah,Batang,Batang,"Gg. Gurame No.23, Dk Pejintenan, South Karangasem, Batang, Batang Regency, Central Java 51216",FALSE,TRUE,TRUE,-6.898961,109.739579,https://www.google.com/maps/place/SPPG+Karangasem+Selatan/data=!4m7!3m6!1s0x2e70250053416f55:0xdd947622945057bc!8m2!3d-6.8989607!4d109.7395794!16s%2Fg%2F11xt6f1tv4!19sChIJVW9BUwAlcC4RvFdQlCJ2lN0?authuser=0&hl=id&g_ep=EgoyMDI2MDkyMi4wIJJjKgBIAVAD&rclk=1,,
SPPG RENON DENPASAR,Bali,Denpasar Selatan,Kota Denpasar,"Jl. Tukad Citarum Gg. O No.3, Panjer, Denpasar Selatan, Denpasar City, Bali 80225",TRUE,TRUE,FALSE,-8.687555,115.233685,https://www.google.com/maps/place/SPPG+RENON+DENPASAR/data=!4m7!3m6!1s0x2dd241003d3a9ca3:0xe8c398081fbee157!8m2!3d-8.6875554!4d115.2336853!16s%2Fg%2F11m_93vrvz!19sChIJo5w6PQBB0i0RV-G-HwiYw-g?authuser=0&hl=id&g_ep=EgoyMDI2MDkyMi4wIJJjKgBIAVAD&rclk=1,,
SPPG PEMECUTAN KAJA III,Bali,Denpasar Utara,Kota Denpasar,"95HW+92W SPPG PEMECUTAN KAJA III, Ubung Kaja, Denpasar Utara, Denpasar City, Bali 80116",TRUE,TRUE,FALSE,-8.621516,115.195135,https://www.google.com/maps/place/SPPG+PEMECUTAN+KAJA+III/data=!4m7!3m6!1s0x2dd23f003c87f10f:0xe43c7af2b57b087e!8m2!3d-8.6215162!4d115.1951349!16s%2Fg%2F11yy63w61z!19sChIJD_GHPAA_0i0Rfgh7tfJ6POQ?authuser=0&hl=id&g_ep=EgoyMDI2MDkyMi4wIJJjKgBIAVAD&rclk=1,,
SPPG PENATIH,Bali,Denpasar,Kota Denpasar,"Jl. Trengguli IB No.36, Penatih, East Denpasar, Denpasar City, Bali 80237",TRUE,TRUE,FALSE,-8.630152,115.236356,https://www.google.com/maps/place/SPPG+PENATIH/data=!4m7!3m6!1s0x2dd23f003954c2ab:0x5c2439421bb41f46!8m2!3d-8.6301521!4d115.2363561!16s%2Fg%2F11ypn2bwd6!19sChIJq8JUOQA_0i0RRh-0G0I5JFw?authuser=0&hl=id&g_ep=EgoyMDI2MDkyMi4wIJJjKgBIAVAD&rclk=1,,
SPPG,Bengkulu,Selebar,Kota Bengkulu,"58FF+P7P sppg, Jl. Padat Karya 6B, Sumur Dewa, Selebar, Bengkulu City, Bengkulu 38211",TRUE,TRUE,FALSE,-3.825599,102.323197,https://www.google.com/maps/place/SPPG/data=!4m7!3m6!1s0x3270b100266ac6b9:0xb4250265cce512a6!8m2!3d1.1088901!4d121.4095329!16s%2Fg%2F11xvhpf_k0!19sChIJucZqJgCxcDIRphLlzGUCJbQ?authuser=0&hl=id&g_ep=EgoyMDI2MDkxNi4wIJJjKgBIAVAD&rclk=1,,
DAPUR SPPG POLDA BENGKULU,Bengkulu,Kampung Melayu,Kota Bengkulu,"48H9+3VM Dapur SPPG Polda Bengkulu, Kandang Mas, Kampung Melayu, Bengkulu City, Bengkulu 38215",TRUE,TRUE,FALSE,-3.872322,102.31979,https://www.google.com/maps/place/Dapur+SPPG+Polda+Bengkulu/data=!4m7!3m6!1s0x2e36bb00448e2be5:0xd51259491a6d2668!8m2!3d-3.8723216!4d102.3197898!16s%2Fg%2F11y01vk4q6!19sChIJ5SuORAC7Ni4RaCZtGklZEtU?authuser=0&hl=id&g_ep=EgoyMDI2MDkyMy4wIJJjKgBIAVAD&rclk=1,,
SPPG DUSUN RAJA LAIS,Bengkulu,Lais,Bengkulu Utara,"Jl. Istana Ratu Desa, Dusun Raja, Lais, North Bengkulu Regency, Bengkulu 38653",TRUE,TRUE,FALSE,-3.531529,102.039104,https://www.google.com/maps/place/SPPG+DUSUN+RAJA+LAIS/data=!4m7!3m6!1s0x2e33fd8aedf884f7:0xb4de7e1c3ce29386!8m2!3d-3.5315289!4d102.0391041!16s%2Fg%2F11z89t4l31!19sChIJ94T47Yr9My4RhpPiPBx-3rQ?authuser=0&hl=id&g_ep=EgoyMDI2MDkyMi4wIJJjKgBIAVAD&rclk=1,,
SPPG SINGARAN PATI PADANG NANGKA,Bengkulu,Singaran Pati,Kota Bengkulu,"58Q5+GF3 SPPG Singaran Pati Padang Nangka, Jl. Garuda 2, Padang Nangka, Singaran Pati, Bengkulu City, Bengkulu 38224",TRUE,TRUE,FALSE,-3.81123,102.30866,https://www.google.com/maps/place/SPPG+Singaran+Pati+Padang+Nangka/data=!4m7!3m6!1s0x2e36b10038721c3f:0x566f1e2651f618ad!8m2!3d-3.8112299!4d102.3086604!16s%2Fg%2F11zbk6z7ww!19sChIJPxxyOACxNi4RrRj2USYeb1Y?authuser=0&hl=id&g_ep=EgoyMDI2MDkyMi4wIJJjKgBIAVAD&rclk=1,,
"SPPG ANGGUT ATAS, RATU SAMBAN 4",Bengkulu,Ratu Samban,Kota Bengkulu,"Jl. Tembok Baru No.3, Anggut Atas, Ratu Samban, Bengkulu City, Bengkulu 38222",TRUE,TRUE,FALSE,-3.799235,102.256759,"https://www.google.com/maps/place/SPPG+ANGGUT+ATAS,+RATU+SAMBAN+4/data=!4m7!3m6!1s0x2e36b100573aed75:0x60d5af1e16d50a1b!8m2!3d-3.7992351!4d102.2567591!16s%2Fg%2F11ywn7k8w4!19sChIJde06VwCxNi4RGwrVFh6v1WA?authuser=0&hl=id&g_ep=EgoyMDI2MDkyMi4wIJJjKgBIAVAD&rclk=1",,
SPPG SURABAYA SUNGA SERUT,Bengkulu,Sungai Serut,Kota Bengkulu,"684G+C6V SPPG SURABAYA SUNGA SERUT, W Trans - Sumatra Hwy Air Sebakul - Pagar Dewa No.11, RW.4, Surabaya, Sungai Serut, Bengkulu City, Bengkulu 38119",TRUE,TRUE,FALSE,-3.793901,102.325528,https://www.google.com/maps/place/SPPG+SURABAYA+SUNGA+SERUT/data=!4m7!3m6!1s0x2e36b1007ea255a7:0xb418b86ed8af4795!8m2!3d-3.7939008!4d102.3255282!16s%2Fg%2F11zj20x_d6!19sChIJp1WifgCxNi4RlUev2G64GLQ?authuser=0&hl=id&g_ep=EgoyMDI2MDkyMi4wIJJjKgBIAVAD&rclk=1,,
SPPG BULIIDE,Bengkulu,Talo,Seluma,"G2WM+65F SPPG BULIIDE, Jl. Kancil, Buliide, Kec. Kota Bar., Kota Gorontalo, Gorontalo 96136",FALSE,TRUE,FALSE,0.545423,123.032885,https://www.google.com/maps/place/SPPG+BULIIDE/data=!4m7!3m6!1s0x32792b0003473a8b:0xbc4855920edc4432!8m2!3d0.544998!4d123.0327634!16s%2Fg%2F11ypl_qk85!19sChIJizpHAwAreTIRMkTcDpJVSLw?authuser=0&hl=id&g_ep=EgoyMDI2MDkyMi4wIJJjKgBIAVAD&rclk=1,,
SPPG THEHOK JAMBI SELATAN 006,Jambi,Jambi Sel.,Kota Jambi,"Jl. Ternate No.45, The Hok, Kec. Jambi Sel., The, Jambi 36138",TRUE,TRUE,FALSE,-1.623586,103.62353,https://www.google.com/maps/place/SPPG+THEHOK+JAMBI+SELATAN+006/data=!4m7!3m6!1s0x2e2589004a9360db:0xae6052ff59e58b0b!8m2!3d-1.6235859!4d103.6235299!16s%2Fg%2F11z1ny5jpw!19sChIJ22CTSgCJJS4RC4vlWf9SYK4?authuser=0&hl=id&g_ep=EgoyMDI2MDkxNi4wIJJjKgBIAVAD&rclk=1,,
SPPG BULURAN KENALI,Jambi,Telanaipura,Kota Jambi,"CH47+Q7J SPPG BULURAN KENALI, Buluran Kenali, Telanaipura, Jambi City, Jambi 36361",TRUE,TRUE,FALSE,-1.593038,103.56314,https://www.google.com/maps/place/SPPG+BULURAN+KENALI/data=!4m7!3m6!1s0x2e25890074c93ed9:0xec05357a1bca80f5!8m2!3d-1.593038!4d103.5631397!16s%2Fg%2F11xyh6y321!19sChIJ2T7JdACJJS4R9YDKG3o1Bew?authuser=0&hl=id&g_ep=EgoyMDI2MDkxNi4wIJJjKgBIAVAD&rclk=1,,
SPPG YAYASAN REZEKI NUSANTARA PERSADA KENALI BESAR,Jambi,Alam Barajo,Kota Jambi,"Jl. Penerangan No.3, RT.36, Kenali Besar, Kec. Alam Barajo, Jambi City, Jambi 36125",TRUE,TRUE,FALSE,-1.638135,103.546948,https://www.google.com/maps/place/SPPG+Yayasan+Rezeki+Nusantara+Persada+Kenali+Besar/data=!4m7!3m6!1s0x2e2587003bfd3b47:0x52d894b7aae37f79!8m2!3d-1.6381354!4d103.5469479!16s%2Fg%2F11xz7n666f!19sChIJRzv9OwCHJS4ReX_jqreU2FI?authuser=0&hl=id&g_ep=EgoyMDI2MDkxNi4wIJJjKgBIAVAD&rclk=1,,
SPPG TELANAIPURA POLRESTA JAMBI,Jambi,Telanaipura,Kota Jambi,"9HWH+R49 SPPG TELANAIPURA POLRESTA JAMBI, Jl. Mayjen Sutoyo No.5, Telanaipura, Jambi City, Jambi 36361",TRUE,TRUE,FALSE,-1.60269,103.577816,https://www.google.com/maps/place/SPPG+TELANAIPURA+POLRESTA+JAMBI/data=!4m7!3m6!1s0x2e2589004912bab7:0x8326f1742fe6f4ac!8m2!3d-1.6026901!4d103.5778165!16s%2Fg%2F11zkrrmpys!19sChIJt7oSSQCJJS4RrPTmL3TxJoM?authuser=0&hl=id&g_ep=EgoyMDI2MDkxNi4wIJJjKgBIAVAD&rclk=1,,
SPPG BENGKAYANG BENGKAYANG SEBALO II,Kalimantan Barat,Bengkayang,Bengkayang,"Jl. Pacung No.120, Bani Amas, Bengkayang, Bengkayang Regency, West Kalimantan 79211",FALSE,TRUE,TRUE,0.846897,109.502682,https://www.google.com/maps/place/SPPG+BENGKAYANG+BENGKAYANG+SEBALO+II/data=!4m7!3m6!1s0x31e335000dd46953:0x62e6eb43dc7e7ba1!8m2!3d0.8468971!4d109.5026824!16s%2Fg%2F11zkh0vm_1!19sChIJU2nUDQA14zERoXt-3EPr5mI?authuser=0&hl=id&g_ep=EgoyMDI2MDkxNi4wIJJjKgBIAVAD&rclk=1,,
"SPPG DHARMA BHAKTI, KECAMATAN TERIAK",Kalimantan Barat,Bengkayang,Bengkayang,"RG57+24F SPPG Dharma Bhakti, Kecamatan Teriak, Jl. Basuki Rachmat, Malo Jelayan, Teriak, Bengkayang Regency, West Kalimantan 79214",FALSE,TRUE,TRUE,0.807569,109.512794,https://www.google.com/maps/place/Suti+Semarang/data=!4m7!3m6!1s0x31fcb9f981be5a27:0xd436aed79d25b186!8m2!3d0.8806345!4d109.8370893!16s%2Fg%2F11h3m9hqvs!19sChIJJ1q-gfm5_DERhrElndeuNtQ?authuser=0&hl=id&g_ep=EgoyMDI2MDkxNi4wIJJjKgBIAVAD&rclk=1,,
SPPG KENDAWANGAN KIRI 3,Kalimantan Barat,Kendawangan,Ketapang,"F6F8+P9W SPPG KENDAWANGAN KIRI 3, Jl. Pangeran Adi, Kendawangan Kiri, Kendawangan, Ketapang Regency, West Kalimantan 78862",FALSE,TRUE,TRUE,-2.525627,110.215957,https://www.google.com/maps/place/SPPG+KENDAWANGAN+KIRI+3/data=!4m7!3m6!1s0x2e0f9b8e2634353f:0xb920da84c049c686!8m2!3d-2.5256274!4d110.2159574!16s%2Fg%2F11ymnbfxwc!19sChIJPzU0Jo6bDy4RhsZJwITaILk?authuser=0&hl=id&g_ep=EgoyMDI2MDkxNi4wIJJjKgBIAVAD&rclk=1,,
SPPG KETAPANG DELTA PAWAN PAYA KUMANG 3,Kalimantan Barat,Delta Pawan,Ketapang,"5XHC+748 SPPG KETAPANG DELTA PAWAN PAYA KUMANG 3, Gg. H. Punidin, Payah Kumang, Delta Pawan, Ketapang Regency, West Kalimantan 78811",FALSE,TRUE,TRUE,-1.821759,109.970333,https://www.google.com/maps/place/SPPG+KETAPANG+DELTA+PAWAN+PAYA+KUMANG+3/data=!4m7!3m6!1s0x2e051900513c0325:0x82fa0b5752af470e!8m2!3d-1.8217588!4d109.9703326!16s%2Fg%2F11njjc6s90!19sChIJJQM8UQAZBS4RDkevUlcL-oI?authuser=0&hl=id&g_ep=EgoyMDI2MDkxNi4wIJJjKgBIAVAD&rclk=1,,
SPPG PARITTOKAYA2,Kalimantan Barat,Pontianak Kota,Kota Pontianak,"Gg. Purnama Indah I Gg. Dinasti No.17, Parit Tokaya, South Pontianak, Pontianak, West Kalimantan 78121",FALSE,FALSE,FALSE,-0.060396,109.326483,https://www.google.com/maps/place/SPPG+PARITTOKAYA2/data=!4m7!3m6!1s0x2e1d591dcd170fc9:0xcf8086618f20ab9d!8m2!3d-0.0603956!4d109.3264826!16s%2Fg%2F11yl3x8wpm!19sChIJyQ8XzR1ZHS4Rnasgj2GGgM8?authuser=0&hl=id&g_ep=EgoyMDI2MDkxNi4wIJJjKgBIAVAD&rclk=1,,
SPPG DALAM BUGIS 2,Kalimantan Barat,Pontianak Timur,Kota Pontianak,"X984+MQ5 SPPG Dalam Bugis 2, Jl. Paralel Tol, Dalam Bugis, Pontianak Timur, Pontianak, West Kalimantan 78243",FALSE,TRUE,FALSE,-0.033362,109.356999,https://www.google.com/maps/place/SPPG+Dalam+Bugis+2/data=!4m7!3m6!1s0x2e1d59001e6566ff:0x41896b43078dcd7b!8m2!3d-0.0333616!4d109.3569992!16s%2Fg%2F11zkbftx2_!19sChIJ_2ZlHgBZHS4Re82NB0NriUE?authuser=0&hl=id&g_ep=EgoyMDI2MDkxNi4wIJJjKgBIAVAD&rclk=1,,
SPPG PONTIANAK TIMUR SAIGON 3,Kalimantan Barat,Pontianak Timur,Kota Pontianak,"Jl. Tani No.B.48 Ruko No. B.46, Saigon, Pontianak Timur, Pontianak, West Kalimantan 78242",FALSE,TRUE,FALSE,-0.037075,109.369706,https://www.google.com/maps/place/SPPG+PONTIANAK+TIMUR+SAIGON+3/data=!4m7!3m6!1s0x2e1d5900352147a7:0x20eb460190ad6bef!8m2!3d-0.0370755!4d109.3697064!16s%2Fg%2F11z78ds7rz!19sChIJp0chNQBZHS4R72utkAFG6yA?authuser=0&hl=id&g_ep=EgoyMDI2MDkxNi4wIJJjKgBIAVAD&rclk=1,,
SPPG PONTIANAK TENGGARA BANGKA BELITUNG DARAT 1,Kalimantan Barat,Pontianak Tenggara,Belitung,"W86R+5PW SPPG Pontianak Tenggara Bangka Belitung Darat 1, Gg. Sejahtera Abadi, Bangka Belitung Darat, Pontianak Tenggara, Pontianak, West Kalimantan 78116",FALSE,TRUE,TRUE,-0.089501,109.341817,https://www.google.com/maps/place/SPPG+Pontianak+Tenggara+Bangka+Belitung+Darat+1/data=!4m7!3m6!1s0x2e1d5b0046ddebef:0x12e2ed4d07c8e18b!8m2!3d-0.0895007!4d109.3418174!16s%2Fg%2F11z77g3_tb!19sChIJ7-vdRgBbHS4Ri-HIB03t4hI?authuser=0&hl=id&g_ep=EgoyMDI2MDkxNi4wIJJjKgBIAVAD&rclk=1,,
SPPG LANDAK JELIMPO JELIMPO,Kalimantan Barat,Jelimpo,Landak,"837Q+XCP SPPG Landak Jelimpo Jelimpo, Jl. Raya, Dusun Pinyit, Jelimpo, Landak Regency, West Kalimantan 79357",FALSE,TRUE,TRUE,0.314967,110.088568,https://www.google.com/maps/place/SPPG+Landak+Jelimpo+Jelimpo/data=!4m7!3m6!1s0x31fd130005c27f77:0xf712ad2b8cd1d32f!8m2!3d0.3149667!4d110.0885683!16s%2Fg%2F11z588xtt2!19sChIJd3_CBQAT_TERL9PRjCutEvc?authuser=0&hl=id&g_ep=EgoyMDI2MDkxNi4wIJJjKgBIAVAD&rclk=1,,
SPPG LANDAK NGABANG HILIR KANTOR V,Kalimantan Barat,Ngabang,Landak,"Amboyo Inti, Ngabang, Landak Regency, West Kalimantan 79357",FALSE,TRUE,TRUE,0.368655,109.918074,https://www.google.com/maps/place/SPPG+Landak+Ngabang+Hilir+Kantor+V/data=!4m7!3m6!1s0x31fd3d0d7f4a885d:0x8f56fa6104819a52!8m2!3d0.3686553!4d109.9180738!16s%2Fg%2F11zdcz0rk2!19sChIJXYhKfw09_TERUpqBBGH6Vo8?authuser=0&hl=id&g_ep=EgoyMDI2MDkxNi4wIJJjKgBIAVAD&rclk=1,,
SPPG DARIT - MENYUKE,Kalimantan Barat,Bengkayang,Bengkayang,"Jl. Bengkayang - Ngabang, Darit, Menyuke, Landak Regency, West Kalimantan 78364",FALSE,TRUE,TRUE,0.585701,109.629371,https://www.google.com/maps/place/SPPG+DARIT+-+MENYUKE/data=!4m7!3m6!1s0x31fcd5007cbeff1d:0xe017be9b5047b8d8!8m2!3d0.5857009!4d109.6293714!16s%2Fg%2F11xz162rx9!19sChIJHf--fADV_DER2LhHUJu-F-A?authuser=0&hl=id&g_ep=EgoyMDI2MDkxNi4wIJJjKgBIAVAD&rclk=1,,
SPPG PAAL #007 CAHAYA BUNDA,Kalimantan Barat,Nanga Pinoh,Melawi,"MP4W+VMP SPPG PAAL #007 CAHAYA BUNDA, Paal, Nanga Pinoh, Melawi Regency, West Kalimantan 79672",FALSE,TRUE,TRUE,-0.342675,111.746671,https://www.google.com/maps/place/SPPG+PAAL+%23007+CAHAYA+BUNDA/data=!4m7!3m6!1s0x2e01b7007e1b6c57:0xfbe70abd637ed024!8m2!3d-0.3426754!4d111.7466715!16s%2Fg%2F11nh_qhxp2!19sChIJV2wbfgC3AS4RJNB-Y70K5_s?authuser=0&hl=id&g_ep=EgoyMDI2MDkxNi4wIJJjKgBIAVAD&rclk=1,,
SPPG SUNGAI BUNDUNG LAUT,Kalimantan Barat,Sungai Kunyit,Mempawah,"GWH8+473 SPPG Sungai Bundung Laut, Jl. Raya Sungai Kunyit Jl. Ahmad Yani, Sungai Bundung Laut, Kunyit River, Mempawah Regency, West Kalimantan 78371",FALSE,TRUE,TRUE,0.527786,108.915638,https://www.google.com/maps/place/SPPG+Sungai+Bundung+Laut/data=!4m7!3m6!1s0x31e2fd000a3461b1:0x46c4410af4aaa335!8m2!3d0.5277856!4d108.9156384!16s%2Fg%2F11zb7rf1kg!19sChIJsWE0CgD94jERNaOq9ApBxEY?authuser=0&hl=id&g_ep=EgoyMDI2MDkxNi4wIJJjKgBIAVAD&rclk=1,,
SPPG MEMPAWAH ANJONGAN ANJUNGAN MELANCAR 2,Kalimantan Barat,Anjongan,Mempawah,"85X4+387 SPPG MEMPAWAH ANJONGAN ANJUNGAN MELANCAR 2, Anjungan Melancar, Anjongan, Mempawah Regency, West Kalimantan 78353",FALSE,TRUE,TRUE,0.347508,109.155898,https://www.google.com/maps/place/SPPG+MEMPAWAH+ANJONGAN+ANJUNGAN+MELANCAR+2/data=!4m7!3m6!1s0x31e2eb000d80f623:0x14025f51f67c44e9!8m2!3d0.3475082!4d109.1558982!16s%2Fg%2F11zb8r0y5s!19sChIJI_aADQDr4jER6UR89lFfAhQ?authuser=0&hl=id&g_ep=EgoyMDI2MDkxNi4wIJJjKgBIAVAD&rclk=1,,
SPPG SAMBAS PEMANGKAT PEMANGKAT KOTA 2,Kalimantan Barat,Pemangkat,Sambas,"Jl. A. K. Kasim, Pemangkat Kota, Pemangkat, Sambas Regency, West Kalimantan 79453",FALSE,TRUE,TRUE,1.173818,108.979886,https://www.google.com/maps/place/SPPG+SAMBAS+PEMANGKAT+PEMANGKAT+KOTA+2/data=!4m7!3m6!1s0x31e48300785197ed:0x2259285b952651bd!8m2!3d1.1738177!4d108.9798856!16s%2Fg%2F11zb8n9z0c!19sChIJ7ZdReACD5DERvVEmlVsoWSI?authuser=0&hl=id&g_ep=EgoyMDI2MDkxNi4wIJJjKgBIAVAD&rclk=1,,
SPPG SAMBAS TEBAS BEKUT,Kalimantan Barat,Sambas,Sambas,"65X9+5C4 SPPG Sambas Tebas Bekut, Jl. Raya Bekut, Sempalai, Tebas, Sambas Regency, West Kalimantan 79461",FALSE,TRUE,TRUE,1.247886,109.168583,https://www.google.com/maps/place/SPPG+Sambas+Tebas+Bekut/data=!4m7!3m6!1s0x31e49900403c11b3:0x7d8283d6d491710a!8m2!3d1.2478856!4d109.1685827!16s%2Fg%2F11z78g_g4z!19sChIJsxE8QACZ5DERCnGR1NaDgn0?authuser=0&hl=id&g_ep=EgoyMDI2MDkxNi4wIJJjKgBIAVAD&rclk=1,,
SPPG SAMBAS TELUK KERAMAT SEKURA 2,Kalimantan Barat,Teluk Keramat,Sambas,"F6F7+HG5 SPPG SAMBAS TELUK KERAMAT SEKURA 2, Jl. Kalimantan, Dusun Mensungai, Sekura, Teluk Keramat, Sambas Regency, West Kalimantan 79465",FALSE,TRUE,TRUE,1.473895,109.213861,https://www.google.com/maps/place/SPPG+SAMBAS+TELUK+KERAMAT+SEKURA+2/data=!4m7!3m6!1s0x31e4c1007ff39c2b:0xa320e726a066791!8m2!3d1.4738947!4d109.2138615!16s%2Fg%2F11ntksxjbw!19sChIJK5zzfwDB5DERkWcGanIOMgo?authuser=0&hl=id&g_ep=EgoyMDI2MDkxNi4wIJJjKgBIAVAD&rclk=1,,
SPPG SAMBAS TELUK KERAMAT SUNGAI SERABEK,Kalimantan Barat,Teluk Keramat,Sambas,"F6HG+628 SPPG SAMBAS TELUK KERAMAT SUNGAI SERABEK, Jl. Jembatan Besi, Serabek River, Teluk Keramat, Sambas Regency, West Kalimantan 79465",FALSE,TRUE,TRUE,1.478049,109.225067,https://www.google.com/maps/place/SPPG+SAMBAS+TELUK+KERAMAT+SUNGAI+SERABEK/data=!4m7!3m6!1s0x31e4c10073448d93:0xefaca9646761e70f!8m2!3d1.478049!4d109.225067!16s%2Fg%2F11z77skwpd!19sChIJk41EcwDB5DERD-dhZ2SprO8?authuser=0&hl=id&g_ep=EgoyMDI2MDkxNi4wIJJjKgBIAVAD&rclk=1,,
SPPG SAMBAS TEBAS TEBAS SUNGAI,Kalimantan Barat,Sambas,Sambas,"6563+4R2 SPPG SAMBAS TEBAS TEBAS SUNGAI, Jl. H. Said, Tebas Sungai, Tebas, Sambas Regency, West Kalimantan 79461",FALSE,TRUE,TRUE,1.210343,109.154715,https://www.google.com/maps/place/SPPG+SAMBAS+TEBAS+TEBAS+SUNGAI/data=!4m7!3m6!1s0x31e49f0006e4722b:0x20651d3e1f3f6845!8m2!3d1.2103429!4d109.1547151!16s%2Fg%2F11njtwh034!19sChIJK3LkBgCf5DERRWg_Hz4dZSA?authuser=0&hl=id&g_ep=EgoyMDI2MDkxNi4wIJJjKgBIAVAD&rclk=1,,
SPPG SAMBAS SEMPARUK SEMPARUK 2,Kalimantan Barat,Semparuk,Sambas,"53CQ+GW9 SPPG SAMBAS SEMPARUK SEMPARUK 2, Jl. Tunas Muda, Semparuk, Sambas Regency, West Kalimantan 79461",FALSE,TRUE,TRUE,1.171078,109.089791,https://www.google.com/maps/place/SPPG+SAMBAS+SEMPARUK+SEMPARUK+2/data=!4m7!3m6!1s0x31e49d003904222f:0xaf4a16df12a4e2cc!8m2!3d1.1710781!4d109.0897909!16s%2Fg%2F11npx35m3j!19sChIJLyIEOQCd5DERzOKkEt8WSq8?authuser=0&hl=id&g_ep=EgoyMDI2MDkxNi4wIJJjKgBIAVAD&rclk=1,,
SPPG DAPUR AYU,Kalimantan Barat,Sintang,Sintang,"P4MM+84 SPPG Dapur Ayu, Sekubang, Sepauk, Sintang Regency, West Kalimantan 78662",FALSE,TRUE,TRUE,-0.267062,111.132687,https://www.google.com/maps/place/SPPG+Dapur+Ayu/data=!4m7!3m6!1s0x2e01f50074254b99:0x775e7cc4e5f1d836!8m2!3d-0.2670625!4d111.1326875!16s%2Fg%2F11nqqd2txb!19sChIJmUsldAD1AS4RNtjx5cR8Xnc?authuser=0&hl=id&g_ep=EgoyMDI2MDkxNi4wIJJjKgBIAVAD&rclk=1,,
SPPG RANSI DAKAN,Kalimantan Barat,Sungai Tebelian,Sintang,"Jalan Sintang - Nanga Pinoh No.Km. 21, Ransi Dakan, Sungai Tebelian, Sintang Regency, West Kalimantan 78655",FALSE,TRUE,TRUE,-0.050089,111.494883,https://www.google.com/maps/place/SMP+NEGERI+3+KETUNGAU+TENGAH/data=!4m7!3m6!1s0x31febdbeff4aade7:0xb8990579f6a8cef8!8m2!3d0.8699696!4d111.3930383!16s%2Fg%2F11fmlwjpkw!19sChIJ561K_769_jER-M6o9nkFmbg?authuser=0&hl=id&g_ep=EgoyMDI2MDkxNi4wIJJjKgBIAVAD&rclk=1,,
SPPG BATUMANDI,Kalimantan Selatan,Batu Mandi,Balangan,"Jl. Sutera Ali Adul No.44, Mampari, Batu Mandi, Balangan Regency, South Kalimantan 71663",FALSE,TRUE,TRUE,-2.380822,115.424668,https://www.google.com/maps/place/SPPG+Batumandi/data=!4m7!3m6!1s0x2de545004c42a255:0xbd5a10777626d836!8m2!3d-2.3808218!4d115.4246685!16s%2Fg%2F11xvcf05xy!19sChIJVaJCTABF5S0RNtgmdncQWr0?authuser=0&hl=id&g_ep=EgoyMDI2MDkxNi4wIJJjKgBIAVAD&rclk=1,,
SPPG POLRES BANJAR 3,Kalimantan Selatan,Astambul,Banjar,"JWP7+356 SPPG POLRES BANJAR 3, Jl. A. Yani, Pingaran Ilir, Astambul, Banjar Regency, South Kalimantan 70671",FALSE,TRUE,TRUE,-3.364972,114.912944,https://www.google.com/maps/place/SPPG+POLRES+BANJAR+3/data=!4m7!3m6!1s0x2de5d5007b6022a9:0x98e319492205518d!8m2!3d-3.3649722!4d114.9129444!16s%2Fg%2F11zh9hf225!19sChIJqSJgewDV5S0RjVEFIkkZ45g?authuser=0&hl=id&g_ep=EgoyMDI2MDkxNi4wIJJjKgBIAVAD&rclk=1,,
SPPG SUNGAI SIPAI,Kalimantan Selatan,Martapura,Banjar,"Jl. Perjuangan Gg. Irigasi No.1, Sungai Sipai, Martapura, Banjar Regency, South Kalimantan 70714",FALSE,TRUE,TRUE,-3.424767,114.832063,https://www.google.com/maps/place/SPPG+Sungai+Sipai/data=!4m7!3m6!1s0x2de68100026b2e51:0x556d5a27fa5602f2!8m2!3d-3.4247671!4d114.8320626!16s%2Fg%2F11mkbf9845!19sChIJUS5rAgCB5i0R8gJW-idabVU?authuser=0&hl=id&g_ep=EgoyMDI2MDkxNi4wIJJjKgBIAVAD&rclk=1,,
SPPG MENTAOS YAYASAN GENERASI ROBBANI BANJARBARU,Kalimantan Selatan,Banjarbaru Utara,Banjar,"HR9P+JWX SPPG MENTAOS YAYASAN GENERASI ROBBANI BANJARBARU, North Loktabat, Banjarbaru Utara, Banjarbaru City, South Kalimantan 70714",FALSE,TRUE,TRUE,-3.430876,114.83736,https://www.google.com/maps/place/SPPG+MENTAOS+YAYASAN+GENERASI+ROBBANI+BANJARBARU/data=!4m7!3m6!1s0x2de681002c3500c9:0x80f7735ded150aa0!8m2!3d-3.4308765!4d114.8373602!16s%2Fg%2F11zb9f0lhy!19sChIJyQA1LACB5i0RoAoV7V1z94A?authuser=0&hl=id&g_ep=EgoyMDI2MDkxNi4wIJJjKgBIAVAD&rclk=1,,
SPPG BANJAR KARANG INTAN MANDIANGIN TIMUR,Kalimantan Selatan,Cempaka,Banjar,"GW4Q+P5M SPPG BANJAR KARANG INTAN MANDIANGIN TIMUR, Cempaka, Banjarbaru City, South Kalimantan 70661",FALSE,TRUE,TRUE,-3.492818,114.937918,https://www.google.com/maps/place/SPPG+BANJAR+KARANG+INTAN+MANDIANGIN+TIMUR/data=!4m7!3m6!1s0x2de67d0014f3b349:0x347e8f6073152549!8m2!3d-3.4928177!4d114.9379181!16s%2Fg%2F11zh1vffnk!19sChIJSbPzFAB95i0RSSUVc2CPfjQ?authuser=0&hl=id&g_ep=EgoyMDI2MDkxNi4wIJJjKgBIAVAD&rclk=1,,
SPPG BANJAR GAMBUT GAMBUT 3,Kalimantan Selatan,Gambut,Banjar,"Gg. Ampera No.15, Malintang Baru, Gambut, Banjar Regency, South Kalimantan 70652",FALSE,TRUE,TRUE,-3.411607,114.672031,https://www.google.com/maps/place/SPPG+BANJAR+GAMBUT+GAMBUT+3/data=!4m7!3m6!1s0x2de69d007769f1fd:0xfd659bc49815e55a!8m2!3d-3.4116075!4d114.6720307!16s%2Fg%2F11njhr21q5!19sChIJ_fFpdwCd5i0RWuUVmMSbZf0?authuser=0&hl=id&g_ep=EgoyMDI2MDkxNi4wIJJjKgBIAVAD&rclk=1,,
SPPG PEMURUS DALAM 2,Kalimantan Selatan,Banjarmasin Selatan,Banjar,"Jl. Banjar Indah VI No.22, Pemurus Dalam, Banjarmasin Selatan, Banjarmasin City, South Kalimantan 70248",FALSE,TRUE,TRUE,-3.346131,114.617776,https://www.google.com/maps/place/SPPG+PEMURUS+DALAM+2/data=!4m7!3m6!1s0xa8fdc6f6f878ec99:0x2e2c9540ff589eae!8m2!3d-3.3461307!4d114.6177759!16s%2Fg%2F11ywps16n9!19sChIJmex4-PbG_agRrp5Y_0CVLC4?authuser=0&hl=id&g_ep=EgoyMDI2MDkxNi4wIJJjKgBIAVAD&rclk=1,,
SPPG GUNTUNG MANGGIS 3 GALAKSI,Kalimantan Selatan,Landasan Ulin,Kota Banjarbaru,"Jl. Galaksi, Guntungmanggis, Landasan Ulin, Banjarbaru City, South Kalimantan 70721",FALSE,TRUE,TRUE,-3.458455,114.789192,https://www.google.com/maps/place/SPPG+GUNTUNG+MANGGIS+3+GALAKSI/data=!4m7!3m6!1s0x5a062f9e96ee299:0x2308c194763c2fe8!8m2!3d-3.4584547!4d114.7891917!16s%2Fg%2F11ywptgp07!19sChIJmeJu6flioAUR6C88dpTBCCM?authuser=0&hl=id&g_ep=EgoyMDI2MDkxNi4wIJJjKgBIAVAD&rclk=1,,
SPPG BARITO UTARA TEWEH TENGAH LANJAS 2,Kalimantan Tengah,Teweh Tengah,Barito Utara,"3V2Q+5JM SPPG BARITO UTARA TEWEH TENGAH LANJAS 2, Jl. Panti Ajar V Blk. E, Lanjas, Central Teweh, North Barito Regency, Central Kalimantan 73814",FALSE,TRUE,TRUE,-0.94955,114.889047,https://www.google.com/maps/place/SPPG+BARITO+UTARA+TEWEH+TENGAH+LANJAS+2/data=!4m7!3m6!1s0x2df977005a513eaf:0xdb5c8b69981abd94!8m2!3d-0.9495499!4d114.8890468!16s%2Fg%2F11z73vyhbs!19sChIJrz5RWgB3-S0RlL0amGmLXNs?authuser=0&hl=id&g_ep=EgoyMDI2MDkxNi4wIJJjKgBIAVAD&rclk=1,,
SPPG KAPUAS KAPUAS TIMUR ANJIR SERAPAT TIMUR,Kalimantan Selatan,Anjir Pasar,Barito Kuala,"VFGJ+F57 SPPG KAPUAS KAPUAS TIMUR ANJIR SERAPAT TIMUR, Jl. Trans - Kalimantan, Anjir Pasar Lama, Anjir Pasar, Barito Kuala Regency, South Kalimantan 70565",FALSE,TRUE,TRUE,-3.124212,114.480797,https://www.google.com/maps/place/SPPG+KAPUAS+KAPUAS+TIMUR+ANJIR+SERAPAT+TIMUR/data=!4m7!3m6!1s0x2de4150000dc5ac1:0x1bebf89de442cbd1!8m2!3d-3.1242119!4d114.4807969!16s%2Fg%2F11z74wmb0w!19sChIJwVrcAAAV5C0R0ctC5J346xs?authuser=0&hl=id&g_ep=EgoyMDI2MDkxNi4wIJJjKgBIAVAD&rclk=1,,
SPPG WASAH TENGAH,Kalimantan Selatabn,Simpur,Hulu Sungai Selatan,"56W9+8X SPPG Wasah Tengah, Wasah Tengah, Simpur, South Hulu Sungai Regency, South Kalimantan 71261",FALSE,TRUE,TRUE,-2.804232,115.219993,"https://www.google.com/maps/place/SPPG+Wasah+Tengah/@-2.8042316,115.219993,17z/data=!3m1!4b1!4m6!3m5!1s0x2de5a1001d40bac9:0x569eb7984ed2c72e!8m2!3d-2.8042316!4d115.219993!16s%2Fg%2F11z6mzs771?hl=id&entry=ttu&g_ep=EgoyMDI2MDkxNi4wIKXMDSoASAFQAw%3D%3D",,
SPPG MARINGGIT,Kalimantan Selatan,Batang Alai Utara,Hulu Sungai Tengah,"FCP5+246 SPPG Maringgit, Maringgit, Batang Alai Utara, Central Hulu Sungai Regency, South Kalimantan 71391",FALSE,TRUE,TRUE,-2.514972,115.40775,https://www.google.com/maps/place/SPPG+Maringgit/data=!4m7!3m6!1s0x2de569f0d30d1063:0x62dbbb8f46fabd64!8m2!3d-2.514972!4d115.40775!16s%2Fg%2F11md1phqv9!19sChIJYxAN0_Bp5S0RZL36Ro-722I?authuser=0&hl=id&g_ep=EgoyMDI2MDkxNi4wIJJjKgBIAVAD&rclk=1,,
SPPG BATANG BATANG KARANGASEM UTARA,Jawa Tengah,Batang,Batang,"4P4P+6CW SPPG BATANG BATANG KARANGASEM UTARA, Jl. RE Martadinata, Panjangkaran Kidul, North Karangasem, Batang, Batang Regency, Central Java 51216",FALSE,TRUE,TRUE,-6.894417,109.736139,https://www.google.com/maps/place/SPPG+BATANG+BATANG+KARANGASEM+UTARA/data=!4m7!3m6!1s0x2e702500194d9b01:0xa4940505eb724bbd!8m2!3d-6.8944166!4d109.7361388!16s%2Fg%2F11x_ys7r5t!19sChIJAZtNGQAlcC4RvUty6wUFlKQ?authuser=0&hl=id&g_ep=EgoyMDI2MDkxNi4wIJJjKgBIAVAD&rclk=1,,
SPPG KAMBAT UTARA,Kalimantan Selatan,Pandawan,Hulu Sungai Tengah,"F89V+P7G SPPG KAMBAT UTARA, Kambat Utara, Pandawan, Central Hulu Sungai Regency, South Kalimantan 71352",FALSE,TRUE,TRUE,-2.530795,115.343237,https://www.google.com/maps/place/SPPG+KAMBAT+UTARA/data=!4m7!3m6!1s0x2de56b003aa9e9c5:0xf3a724acd0b14d9c!8m2!3d-2.530795!4d115.3432368!16s%2Fg%2F11y0rjdjhs!19sChIJxempOgBr5S0RnE2x0Kwkp_M?authuser=0&hl=id&g_ep=EgoyMDI2MDkxNi4wIJJjKgBIAVAD&rclk=1,,
SPPG KANDANG HALANG,Kalimantan Selatan,Amuntai Tengah,Hulu Sungai Utara,"Jl. Brigjen H. Hasan Baseri, Kandang Halang, Amuntai Tengah, North Hulu Sungai Regency, South Kalimantan 71419",FALSE,TRUE,TRUE,-2.44814,115.236418,https://www.google.com/maps/place/SPPG+KANDANG+HALANG/data=!4m7!3m6!1s0x2de53f70cf23a023:0x2589b1228aa167cd!8m2!3d-2.44814!4d115.2364175!16s%2Fg%2F11z0gg2qsq!19sChIJI6Ajz3A_5S0RzWehiiKxiSU?authuser=0&hl=id&g_ep=EgoyMDI2MDkxNi4wIJJjKgBIAVAD&rclk=1,,
SPPG KOTA RAJA,Kalimantan Selatan,Amuntai Selatan,Hulu Sungai Utara,"H6CV+G53 SPPG KOTA RAJA, Jl. Lambung Mangkurat, Kota Raja, Amuntai Selatan, North Hulu Sungai Regency, South Kalimantan 71419",FALSE,TRUE,TRUE,-2.428672,115.24294,https://www.google.com/maps/place/SPPG+KOTA+RAJA/data=!4m7!3m6!1s0x2de539f2f2ae0b8d:0x33b159f5c71b3c5!8m2!3d-2.4286715!4d115.2429397!16s%2Fg%2F11zbfs41sz!19sChIJjQuu8vI55S0RxbNxXJ8VOwM?authuser=0&hl=id&g_ep=EgoyMDI2MDkxNi4wIJJjKgBIAVAD&rclk=1,,
SPPG 2 SUNGAI BESAR BANJAR BARU,Kalimantan Selatan,Banjarbaru Selatan,Kota Banjarbaru,"Jl. Gn. Permai Barat II No.194, Loktabat Selatan, Banjarbaru Selatan, Banjarbaru City, South Kalimantan 70732",FALSE,TRUE,TRUE,-3.464333,114.843704,https://www.google.com/maps/place/SPPG+2+SUNGAI+BESAR+BANJAR+BARU/data=!4m7!3m6!1s0x2de6810040a0fed9:0x39bfec85f3daab56!8m2!3d-3.4643327!4d114.8437038!16s%2Fg%2F11ymkj0cwm!19sChIJ2f6gQACB5i0RVqva84Xsvzk?authuser=0&hl=id&g_ep=EgoyMDI2MDkxNi4wIJJjKgBIAVAD&rclk=1,,
SPPG GUNTUNG PAYUNG,Kalimantan Selatan,Landasan Ulin,Kota Banjarbaru,"HR44+FWP SPPG GUNTUNG PAYUNG, Jl. Latek, Guntung Payung, Landasan Ulin, Banjarbaru City, South Kalimantan 70721",FALSE,TRUE,TRUE,-3.443775,114.807317,https://www.google.com/maps/place/SPPG+GUNTUNG+PAYUNG/data=!4m7!3m6!1s0x2de683003ab6b5b7:0xb9d96f04a041535c!8m2!3d-3.4437751!4d114.8073171!16s%2Fg%2F11zb9brp6r!19sChIJt7W2OgCD5i0RXFNBoARv2bk?authuser=0&hl=id&g_ep=EgoyMDI2MDkxNi4wIJJjKgBIAVAD&rclk=1,,
SPPG 1 LANDASAN ULIN TENGAH BANJAR BARU,Kalimantan Selatan,Liang Anggang,Kota Banjarbaru,"GQV5+66G SPPG 1 LANDASAN ULIN TENGAH BANJAR BARU, Jl. Sidomulyo Raya Tiga, Landasan Ulin Tengah, Liang Anggang, Banjarbaru City, South Kalimantan 70724",FALSE,TRUE,TRUE,-3.456929,114.758088,https://www.google.com/maps/place/SPPG+1+LANDASAN+ULIN+TENGAH+BANJAR+BARU/data=!4m7!3m6!1s0x2de683002a997325:0x9cb551a820817855!8m2!3d-3.4569423!4d114.7581868!16s%2Fg%2F11mlv7fj7_!19sChIJJXOZKgCD5i0RVXiBIKhRtZw?authuser=0&hl=id&g_ep=EgoyMDI2MDkxNi4wIJJjKgBIAVAD&rclk=1,,
SPPG 1 LANDASAN ULIN TENGAH BANJAR BARU,Kalimantan Selatan,Landasan Ulin,Kota Banjarbaru,"GQV5+67F SPPG 1 LANDASAN ULIN TENGAH BANJAR BARU, Jl. Trikora Jl. Sidomulyo Raya Tiga, Landasan Ulin Tengah, Liang Anggang, Banjarbaru City, South Kalimantan 70724",FALSE,TRUE,TRUE,-3.456942,114.758187,https://www.google.com/maps/place/SPPG+1+LANDASAN+ULIN+TENGAH+BANJAR+BARU/data=!4m7!3m6!1s0x2de683002a997325:0x9cb551a820817855!8m2!3d-3.4569423!4d114.7581868!16s%2Fg%2F11mlv7fj7_!19sChIJJXOZKgCD5i0RVXiBIKhRtZw?authuser=0&hl=id&g_ep=EgoyMDI2MDkxNi4wIJJjKgBIAVAD&rclk=1,,
SPPG 1 LANDASAN ULIN TENGAH,Kalimantan Selatan,Landasan Ulin,Kota Banjarbaru,"GQV5+679 SPPG 1 LANDASAN ULIN TENGAH, Landasan Ulin Tengah, Liang Anggang, Banjarbaru City, South Kalimantan 70724",FALSE,TRUE,TRUE,-3.456937,114.758191,https://www.google.com/maps/place/SPPG+1+LANDASAN+ULIN+TENGAH/data=!4m7!3m6!1s0x2de683005c3b6dab:0x4df751197e824f!8m2!3d-3.4569369!4d114.7581906!16s%2Fg%2F11yprbl8dl!19sChIJq207XACD5i0RT4J-GVH3TQA?authuser=0&hl=id&g_ep=EgoyMDI2MDkxNi4wIJJjKgBIAVAD&rclk=1,,
SPPG LANDASAN ULIN TIMUR 003,Kalimantan Selatan,Landasan Ulin,Kota Banjarbaru,"HP3V+VQW SPPG LANDASAN ULIN TIMUR 003, Landasan Ulin Tengah, Liang Anggang, Banjarbaru City, South Kalimantan 70724",FALSE,TRUE,TRUE,-3.445718,114.744345,https://www.google.com/maps/place/SPPG+LANDASAN+ULIN+TIMUR+003/data=!4m7!3m6!1s0x2de6830038ac53e7:0x2ae41a4b30d5b485!8m2!3d-3.4457184!4d114.7443454!16s%2Fg%2F11nqdf2xr0!19sChIJ51OsOACD5i0RhbTVMEsa5Co?authuser=0&hl=id&g_ep=EgoyMDI2MDkxNi4wIJJjKgBIAVAD&rclk=1,,
SPPG RE MARTADINATA,Kalimantan Selatan,Banjarmasin Barat,Kota Banjarmasin,"Jl. RE Martadinata No.888, Telawang, Banjarmasin Barat, Banjarmasin City, South Kalimantan 70118",FALSE,TRUE,TRUE,-3.329346,114.584989,https://www.google.com/maps/place/SPPG+RE+MARTADINATA/data=!4m7!3m6!1s0x2de42361bb3fdb45:0xedeaa9e46f5b029!8m2!3d-3.3293458!4d114.5849894!16s%2Fg%2F11ms6y50fc!19sChIJRds_u2Ej5C0RKbD1Rp6q3g4?authuser=0&hl=id&g_ep=EgoyMDI2MDkxNi4wIJJjKgBIAVAD&rclk=1,,
SPPG BELITUNG SELATAN 1,Kalimantan Selatan,Banjarmasin Barat,Kota Banjarmasin,"Jl. Belitung Laut No.25, RT.1/RW.1, Belitung Selatan, Banjarmasin Barat, Banjarmasin City, South Kalimantan 70113",FALSE,TRUE,TRUE,-3.310061,114.587986,https://www.google.com/maps/place/SPPG+BELITUNG+SELATAN+1/data=!4m7!3m6!1s0x2de42300703054b1:0x4f840145f869f616!8m2!3d-3.3100611!4d114.5879864!16s%2Fg%2F11njhlln6d!19sChIJsVQwcAAj5C0RFvZp-EUBhE8?authuser=0&hl=id&g_ep=EgoyMDI2MDkxNi4wIJJjKgBIAVAD&rclk=1,,
SPPG SEBERANG MESJID,Kalimantan Selatan,Banjarmasin Tengah,Kota Banjarmasin,"Jl. Kapten Piere Tendean No.36 A-B, Seberang Mesjid, Banjarmasin Tengah, Banjarmasin City, South Kalimantan 70123",FALSE,TRUE,TRUE,-3.31324,114.59399,https://www.google.com/maps/place/SPPG+Seberang+Mesjid/data=!4m7!3m6!1s0x2de42300071fd795:0x216248152bd2604e!8m2!3d-3.3132399!4d114.5939902!16s%2Fg%2F11zb8hzpt3!19sChIJldcfBwAj5C0RTmDSKxVIYiE?authuser=0&hl=id&g_ep=EgoyMDI2MDkxNi4wIJJjKgBIAVAD&rclk=1,,
SPPG KOTABARU KELUMPANG HILIR SERONGGA,Kalimantan Selatan,Kelumpang Hilir,Kotabaru,"RT.026/RW.003, Tegal Rejo, Kelumpang Hilir, Kotabaru Regency, South Kalimantan 72211",FALSE,TRUE,TRUE,-3.187543,115.981998,https://www.google.com/maps/place/SPPG+Kotabaru+Kelumpang+Hilir+Serongga/data=!4m7!3m6!1s0x2def47005a694cb7:0xc326ed31fc63126c!8m2!3d-3.1875432!4d115.9819978!16s%2Fg%2F11xvfgn4vr!19sChIJt0xpWgBH7y0RbBJj_DHtJsM?authuser=0&hl=id&g_ep=EgoyMDI2MDkxNi4wIJJjKgBIAVAD&rclk=1,,
SPPG PEMBATAAN,Kalimantan Selatan,Murung Pudak,Tabalong,"Jl. Tanjung Raya No.52, Pembataan, Murung Pudak, Tabalong Regency, South Kalimantan 71571",FALSE,TRUE,TRUE,-2.172942,115.400667,https://www.google.com/maps/place/SPPG+PEMBATAAN/data=!4m7!3m6!1s0x2dfab30045cd588f:0x39416bf75d5cb919!8m2!3d-2.1729419!4d115.4006672!16s%2Fg%2F11xw6t33pd!19sChIJj1jNRQCz-i0RGblcXfdrQTk?authuser=0&hl=id&g_ep=EgoyMDI2MDkxNi4wIJJjKgBIAVAD&rclk=1,,
SPPG GUNUNGSARI,Jawa Barat,Sukanagara,Cianjur,"V4V2+MM6 SPPG Gunungsari, Kp. Panyebrangan, RT.002/RW.001, Gunungsari, Sukanagara, Cianjur Regency, West Java 43264",FALSE,TRUE,TRUE,-7.105844,107.101645,https://www.google.com/maps/place/SPPG+Gunungsari/data=!4m7!3m6!1s0x2e685d0040a4d8f3:0x12e1c7efb32a7028!8m2!3d-7.1058436!4d107.1016447!16s%2Fg%2F11zb7rm976!19sChIJ89ikQABdaC4RKHAqs-_H4RI?authuser=0&hl=id&g_ep=EgoyMDI2MDkxNi4wIJJjKgBIAVAD&rclk=1,,
SATUAN PELAYANAN PEMENUHAN GIZI KALIMANTAN SELATAN-98,Kalimantan Selatan,Candi Laras Selatan,Tapin,"71162, Baringin, Candi Laras Selatan, Tapin Regency, South Kalimantan 71162",FALSE,TRUE,TRUE,-2.893405,114.937199,https://www.google.com/maps/place/Satuan+Pelayanan+Pemenuhan+Gizi+Kalimantan+Selatan-98/data=!4m7!3m6!1s0x2de5ad0066ab666b:0x4042810d8d80cdd9!8m2!3d-2.893405!4d114.9371986!16s%2Fg%2F11ymkhvm_d!19sChIJa2arZgCt5S0R2c2AjQ2BQkA?authuser=0&hl=id&g_ep=EgoyMDI2MDkxNi4wIJJjKgBIAVAD&rclk=1,,
SPPG BARINGIN A,Kalimantan Selatan,Margasari,Tapin,"Pasar baru, Margasari - Ma. Muning, RT.01/RW.01, Baringin, Kec. Candi Laras Sel., Rantau, Kalimantan Selatan 71162",TRUE,TRUE,FALSE,-2.88237,114.936941,https://www.google.com/maps/place/SPPG+BARINGIN+A/data=!4m7!3m6!1s0x2de5ad006fdcb353:0xf9fc603649579156!8m2!3d-2.8823696!4d114.936941!16s%2Fg%2F11njj568w6!19sChIJU7PcbwCt5S0RVpFXSTZg_Pk?authuser=0&hl=id&g_ep=EgoyMDI2MDkxNi4wIJJjKgBIAVAD&rclk=1,,
SPPG 5 HILIR SPER DUSUN SELATAN,Kalimantan Tengah,Dusun Selatan,Barito Selatan,"7RGJ+24X SPPG 5 HILIR SPER DUSUN SELATAN, Hilir Sper, South Dusun, South Barito Regency, Central Kalimantan 73751",FALSE,TRUE,FALSE,-1.724897,114.830349,https://www.google.com/maps/place/SPPG+5+HILIR+SPER+DUSUN+SELATAN/data=!4m7!3m6!1s0x2dfb0100507b311b:0x3ef5ffd6e33a9267!8m2!3d-1.724897!4d114.8303487!16s%2Fg%2F11mkf65dwx!19sChIJGzF7UAAB-y0RZ5I649b_9T4?authuser=0&hl=id&g_ep=EgoyMDI2MDkxNi4wIJJjKgBIAVAD&rclk=1,,
SPPG BARITO UTARA TEWEH TENGAH LANJAS,Kalimantan Tengah,Taman,Barito Utara,"Taman Rekreasi Remaja, Jl. Pesona 2, Lanjas, Central Teweh, North Barito Regency, Central Kalimantan 73814",FALSE,TRUE,FALSE,-0.94252,114.891543,https://www.google.com/maps/place/SPPG+BARITO+UTARA+TEWEH+TENGAH+LANJAS/data=!4m7!3m6!1s0x2df9770025605785:0x1e3f39e17446984c!8m2!3d-0.9425196!4d114.8915431!16s%2Fg%2F11yvc_m2b8!19sChIJhVdgJQB3-S0RTJhGdOE5Px4?authuser=0&hl=id&g_ep=EgoyMDI2MDkxNi4wIJJjKgBIAVAD&rclk=1,,
SPPG BARITO UTARA TEWEH TENGAH MELAYU,Kalimantan Tengah,Teweh Tengah,Barito Utara,"2WW3+3G6 SPPG BARITO UTARA TEWEH TENGAH MELAYU, Melayu, Central Teweh, North Barito Regency, Central Kalimantan 73814",FALSE,TRUE,TRUE,-0.954808,114.903786,https://www.google.com/maps/place/SPPG+BARITO+UTARA+TEWEH+TENGAH+MELAYU/data=!4m7!3m6!1s0x2df977004736dbdd:0x9b77250e2aa02bab!8m2!3d-0.9548082!4d114.9037865!16s%2Fg%2F11y_zh1nbs!19sChIJ3ds2RwB3-S0RqyugKg4ld5s?authuser=0&hl=id&g_ep=EgoyMDI2MDkxNi4wIJJjKgBIAVAD&rclk=1,,
SPPG BARITO UTARA TEWEH TENGAH MELAYU 2,Kalimantan Tengah,Teweh Tengah,Barito Utara,"3W64+97G SPPG BARITO UTARA TEWEH TENGAH MELAYU 2, Jalan Lintas Kalimantan, Palangka, Central Teweh, Palangka Raya City, Central Kalimantan 73814",FALSE,TRUE,TRUE,-0.939073,114.905694,https://www.google.com/maps/place/SPPG+BARITO+UTARA+TEWEH+TENGAH+MELAYU+2/data=!4m7!3m6!1s0x2df99d003d9164f3:0x4ef49d0926a9cc23!8m2!3d-0.9390734!4d114.9056937!16s%2Fg%2F11z73vkgf1!19sChIJ82SRPQCd-S0RI8ypJgmd9E4?authuser=0&hl=id&g_ep=EgoyMDI2MDkxNi4wIJJjKgBIAVAD&rclk=1,,
SPPG BARITO UTARA TEWEH TENGAH LANJAS 3,Kalimantan Tengah,Taman,Barito Utara,"Jl. Taman Remaja, Lanjas, Central Teweh, North Barito Regency, Central Kalimantan 73814",FALSE,TRUE,FALSE,-0.943421,114.893352,https://www.google.com/maps/place/SPPG+BARITO+UTARA+TEWEH+TENGAH+LANJAS+3/data=!4m7!3m6!1s0x2df977004668a2b5:0x6b7ebe59f7e28e49!8m2!3d-0.9434213!4d114.893352!16s%2Fg%2F11zb4c66hf!19sChIJtaJoRgB3-S0RSY7i91m-fms?authuser=0&hl=id&g_ep=EgoyMDI2MDkxNi4wIJJjKgBIAVAD&rclk=1,,
SPPG KOTA PALANGKA RAYA SABANGAU KALAMPANGAN 2,Jawa Timur,Palang,Tuban,"Jl. Trans Kalimantan, Kalampangan, Sebangau, Palangka Raya City, Central Kalimantan 74874",FALSE,TRUE,FALSE,-2.280931,114.012702,https://www.google.com/maps/place/SPPG+Kota+Palangka+Raya+Sabangau+Kalampangan+2/data=!4m7!3m6!1s0x2de353b0e95fe223:0xdaef141a69fdac7b!8m2!3d-2.2809315!4d114.0127024!16s%2Fg%2F11zf0lhv46!19sChIJI-Jf6bBT4y0Re6z9aRoU79o?authuser=0&hl=id&g_ep=EgoyMDI2MDkxNi4wIJJjKgBIAVAD&rclk=1,,
SPPG 1 KECAMATAN ARUT SELATAN,Jawa Timur,Arut Selatan,Kotawaringin Barat,"Jl. Malijo, Madurejo, South Arut, West Kotawaringin Regency, Central Kalimantan 74181",FALSE,TRUE,FALSE,-2.706459,111.648044,https://www.google.com/maps/place/SPPG+1+KECAMATAN+ARUT+SELATAN/data=!4m7!3m6!1s0x2e0893002c095bf7:0x1ea3234e49505567!8m2!3d-2.7064586!4d111.6480438!16s%2Fg%2F11zk2fgnhx!19sChIJ91sJLACTCC4RZ1VQSU4jox4?authuser=0&hl=id&g_ep=EgoyMDI2MDkxNi4wIJJjKgBIAVAD&rclk=1,,
SPPG MUHAMMADIYAH MENDAWAI,Kalimantan Tengah,Arut Selatan,Kotawaringin Barat,"Jl. Jenderal Sudirman, Sidorejo, South Arut, West Kotawaringin Regency, Central Kalimantan 74112",FALSE,TRUE,TRUE,-2.701608,111.613467,https://www.google.com/maps/place/SPPG+Muhammadiyah+Mendawai/data=!4m7!3m6!1s0x22ac593da9e40583:0x581805b432a5b836!8m2!3d-2.7016085!4d111.6134669!16s%2Fg%2F11njdytdsz!19sChIJgwXkqT1ZrCIRNrilMrQFGFg?authuser=0&hl=id&g_ep=EgoyMDI2MDkxNi4wIJJjKgBIAVAD&rclk=1,,
SPPG SUNGAI KAPITAN,Kalimantan Tengah,Kumai,Kotawaringin Barat,"Jl. Padat Karya No.1, kapitan, Kumai, West Kotawaringin Regency, Central Kalimantan 74181",FALSE,TRUE,FALSE,-2.748192,111.699768,"https://www.google.com/maps/place/Kantor+Kecamatan+Telaga+Antang/@-1.7882552,112.5897232,17z/data=!3m1!4b1!4m6!3m5!1s0x2e0787117f4eb5d9:0x18e581cbceb49321!8m2!3d-1.7882552!4d112.5897232!16s%2Fg%2F11cs4yb60b?hl=id&entry=ttu&g_ep=EgoyMDI2MDkxNi4wIKXMDSoASAFQAw%3D%3D",,
SPPG YAYASAN KEMALA BHAYANGKARI CABANG KOTIM,,,Kotawaringin Timur,,FALSE,FALSE,FALSE,-2.476633,112.764053,https://www.google.com/maps/place/SPPG+YAYASAN+KEMALA+BHAYANGKARI+CABANG+KOTIM/data=!4m7!3m6!1s0x27c45ff53bb28a67:0xf515dbfc4e536280!8m2!3d-2.4766335!4d112.7640526!16s%2Fg%2F11xnpk1hby!19sChIJZ4qyO_VfxCcRgGJTTvzbFfU?authuser=0&hl=id&g_ep=EgoyMDI2MDkxNi4wIJJjKgBIAVAD&rclk=1,,
SPPG SUNGAI LUNUK,Kalimantan Tengah,Tanah Siang,Murung Raya,"9GFQ+VMW SPPG Sungai Lunuk, Jl. Kolonel Untung Surapati, Lunuk River, Tanah Siang, Murung Raya Regency, Central Kalimantan 73911",FALSE,TRUE,TRUE,-0.625733,114.539709,https://www.google.com/maps/place/SPPG+Sungai+Lunuk/data=!4m7!3m6!1s0x2df919007adf8a25:0xb53807e3c2ecbe41!8m2!3d-0.6257328!4d114.539709!16s%2Fg%2F11zf1f592h!19sChIJJYrfegAZ-S0RQb7swuMHOLU?authuser=0&hl=id&g_ep=EgoyMDI2MDkxNi4wIJJjKgBIAVAD&rclk=1,,
LOKASI SPPG,Kalimantan Tengah,Kahayan Kuala,Pulang Pisau,"Q34W+Q8J Lokasi SPPG, Jl. Hidayatullah, Tanjung Perawan, Kahayan Kuala, Pulang Pisau Regency, Central Kalimantan 74872",FALSE,TRUE,TRUE,-3.24333,114.0955,https://www.google.com/maps/place/Lokasi+Sppg/data=!4m7!3m6!1s0x2cff930076d79003:0x1588f0d247f9dc8a!8m2!3d-9.0966542!4d124.6945805!16s%2Fg%2F11mrqtwj_q!19sChIJA5DXdgCT_ywRitz5R9LwiBU?authuser=0&hl=id&g_ep=EgoyMDI2MDkxNi4wIJJjKgBIAVAD&rclk=1,,
SPPG SUKAMARA NATAI SEDAWAK,Kalimantan Tengah,Sukamara,Sukamara,"7529+M78 SPPG SUKAMARA NATAI SEDAWAK, Natai Sedawak, Sukamara, Sukamara Regency, Central Kalimantan 74171",FALSE,TRUE,TRUE,-2.748502,111.169577,https://www.google.com/maps/place/SPPG+SUKAMARA+NATAI+SEDAWAK/data=!4m7!3m6!1s0x2e08d3003ea8594b:0x4adfabedfdfa8cc3!8m2!3d-2.748502!4d111.169577!16s%2Fg%2F11zb4d9twd!19sChIJS1moPgDTCC4Rw4z6_e2r30o?authuser=0&hl=id&g_ep=EgoyMDI2MDkxNi4wIJJjKgBIAVAD&rclk=1,,
SPPG SALAKARIA,Jawa Barat,Sukadana,Kayong Utara,"PCH9+XXR SPPG SALAKARIA, Dusun Girang, RT.07/RW.03, Salakaria, Kec. Sukadana, Prov, Jawa Barat 46272",TRUE,TRUE,FALSE,-7.270006,108.419886,https://www.google.com/maps/place/SPPG+SALAKARIA/data=!4m7!3m6!1s0x2e6f5d0036d0c963:0x189d0bffeb73ffa9!8m2!3d-7.2700057!4d108.419886!16s%2Fg%2F11n44nsk16!19sChIJY8nQNgBdby4Rqf9z6_8LnRg?authuser=0&hl=id&g_ep=EgoyMDI2MDkxNi4wIJJjKgBIAVAD&rclk=1,,
SPPG BALIKPAPAN TENGAH GUNUNGSARI ILIR,Kalimantan Timur,Balikpapan Tengah,Kota Balikpapan,"Jl. Milono No.42, RT.43, Gunungsari Ilir, Balikpapan Tengah, Balikpapan City, East Kalimantan 76112",TRUE,TRUE,FALSE,-1.271061,116.835673,https://www.google.com/maps/place/SPPG+Balikpapan+Tengah+Gunungsari+Ilir/data=!4m7!3m6!1s0x2df1470035b4c399:0x4a1648dbf774b1c8!8m2!3d-1.2710611!4d116.8356729!16s%2Fg%2F11zxgd046r!19sChIJmcO0NQBH8S0RyLF099tIFko?authuser=0&hl=id&g_ep=EgoyMDI2MDkxNi4wIJJjKgBIAVAD&rclk=1,,
SPPG KAMPUNG TIMUR #009,Kalimantan Timur,Balikpapan Utara,Kota Balikpapan,"l Jl. Indrakila, Gunung Samarinda, Balikpapan Utara, Balikpapan City, East Kalimantan 76114",TRUE,TRUE,FALSE,-1.235981,116.855918,https://www.google.com/maps/place/SPPG+Kampung+timur+%23009/data=!4m7!3m6!1s0x2df147d52312e003:0x3ffafc96266395dc!8m2!3d-1.2359812!4d116.8559183!16s%2Fg%2F11njmjc5rl!19sChIJA-ASI9VH8S0R3JVjJpb8-j8?authuser=0&hl=id&g_ep=EgoyMDI2MDkxNi4wIJJjKgBIAVAD&rclk=1,,
SPPG BALIKPAPAN SELATAN 1,Kalimantan Timur,Balikpapan Selatan,Kota Balikpapan,"Regency, Jalan De Valley No.D2, Sepinggan, Balikpapan Selatan, Balikpapan City, East Kalimantan 76116",TRUE,TRUE,FALSE,-1.228312,116.89776,https://www.google.com/maps/place/SPPG+BALIKPAPAN+SELATAN+1/data=!4m7!3m6!1s0x2df14500345fedf9:0x26cbd9858ab3d0b7!8m2!3d-1.2283116!4d116.8977598!16s%2Fg%2F11njjk9bmw!19sChIJ-e1fNABF8S0Rt9CzioXZyyY?authuser=0&hl=id&g_ep=EgoyMDI2MDkxNi4wIJJjKgBIAVAD&rclk=1,,
SPPG BALSEL SEPINGGAN 3,Kalimantan Timur,Balikpapan Selatan,Kota Balikpapan,"Jl. Mulawarman Gg. Hj. Napping, Sepinggan, Balikpapan Selatan, Balikpapan City, East Kalimantan 76115",TRUE,TRUE,FALSE,-1.255623,116.927098,https://www.google.com/maps/place/SPPG+BALSEL+SEPINGGAN+3/data=!4m7!3m6!1s0x2df14518bcb06837:0x75d06e3f67c9ff75!8m2!3d-1.2556231!4d116.9270983!16s%2Fg%2F11njjcb216!19sChIJN2iwvBhF8S0Rdf_JZz9u0HU?authuser=0&hl=id&g_ep=EgoyMDI2MDkxNi4wIJJjKgBIAVAD&rclk=1,,
SPPG POLDA KALTIM,Kalimantan Timur,Balikpapan Selatan,Kota Balikpapan,"PVF7+PC8 SPPG POLDA KALTIM, Gunung Bahagia, Balikpapan Selatan, Balikpapan City, East Kalimantan 76114",TRUE,TRUE,FALSE,-1.275719,116.863563,https://www.google.com/maps/place/SPPG+POLDA+KALTIM/data=!4m7!3m6!1s0x2df1470010b8e4ff:0x448c3b7c19201e13!8m2!3d-1.2757192!4d116.8635631!16s%2Fg%2F11m69txhvy!19sChIJ_-S4EABH8S0REx4gGXw7jEQ?authuser=0&hl=id&g_ep=EgoyMDI2MDkxNi4wIJJjKgBIAVAD&rclk=1,,
SPPG KOTA BALIKPAPAN BALIKPAPAN TENGAH KARANG REJO,Kalimantan Timur,Balikpapan Tengah,Kota Balikpapan,"Jl. P. Antasari 2, Balikpapan Tengah, Kota Balikpapan",FALSE,FALSE,FALSE,-1.174603,116.841748,https://www.google.com/maps/place/SPPG+KOTA+BALIKPAPAN+BALIKPAPAN+TENGAH+KARANG+REJO/data=!4m7!3m6!1s0x4043f830d896275:0xce163e94eacf8e73!8m2!3d-1.174603!4d116.841748!16s%2Fg%2F11zgl1pq13!19sChIJdWKJDYM_BAQRc47P6pQ-Fs4?authuser=0&hl=id&g_ep=EgoyMDI2MDkxNi4wIJJjKgBIAVAD&rclk=1,,
SPPG BARU ULU,Kalimantan Timur,Balikpapan Barat,Kota Balikpapan,"Jl. Wolter Monginsidi No.17, Baru Ulu, Balikpapan Barat, Balikpapan City, East Kalimantan 76132",TRUE,TRUE,FALSE,-1.220742,116.812902,https://www.google.com/maps/place/SPPG+BARU+ULU/data=!4m7!3m6!1s0x2df147003eb127ab:0x61d5b9f0d141abbf!8m2!3d-1.2207416!4d116.8129022!16s%2Fg%2F11z4xd8qs2!19sChIJqyexPgBH8S0Rv6tB0fC51WE?authuser=0&hl=id&g_ep=EgoyMDI2MDkxNi4wIJJjKgBIAVAD&rclk=1,,
SPPG LOKTUAN 002,Kalimantan Timur,Bontang Utara,Kota Bontang,"Jl. Kapal Feri No.12, Lok Tuan, Bontang Utara, Bontang City, East Kalimantan 75321",FALSE,TRUE,FALSE,0.166518,117.482597,https://www.google.com/maps/place/SPPG+Loktuan+002/data=!4m7!3m6!1s0x320a13001c0aa211:0x910bebfa60cc8538!8m2!3d0.1665183!4d117.4825973!16s%2Fg%2F11z2_gnw74!19sChIJEaIKHAATCjIROIXMYPrrC5E?authuser=0&hl=id&g_ep=EgoyMDI2MDkxNi4wIJJjKgBIAVAD&rclk=1,,
SPPG GUNUNG ELAI 2,Kalimantan Timur,Bontang Utara,Kota Bontang,"Jl. Mataram No.129, Gunung Elai, Bontang Utara, Bontang City, East Kalimantan 75325",FALSE,TRUE,FALSE,0.136855,117.466033,https://www.google.com/maps/place/SPPG+Gunung+Elai+2/data=!4m7!3m6!1s0x320a13003135c3db:0xf03ef74437e0aa9f!8m2!3d0.1368548!4d117.466033!16s%2Fg%2F11z749fz_6!19sChIJ28M1MQATCjIRn6rgN0T3PvA?authuser=0&hl=id&g_ep=EgoyMDI2MDkxNi4wIJJjKgBIAVAD&rclk=1,,
SPPG SUNGAI PINANG DALAM 4,Kalimantan Selatan,Sungai Pinang,Banjar,"Jl. Pipit No.415, Bandara, Sungai Pinang, Samarinda City, East Kalimantan 75117",FALSE,TRUE,FALSE,-0.481635,117.15616,https://www.google.com/maps/place/SPPG+Sungai+Pinang+Dalam+4/data=!4m7!3m6!1s0x2df67f003876249d:0x8014cfa19218da95!8m2!3d-0.4816346!4d117.1561603!16s%2Fg%2F11z79bzhcm!19sChIJnSR2OAB_9i0RldoYkqHPFIA?authuser=0&hl=id&g_ep=EgoyMDI2MDkxNi4wIJJjKgBIAVAD&rclk=1,,
SPPG KOTA SAMARINDA SAMBUTAN SAMBUTAN,Kalimantan Timur,Sambutan,Kota Samarinda,"F5WH+9CC SPPG Kota Samarinda Sambutan Sambutan, Jl. Sultan Sulaiman, Sambutan, Samarinda City, East Kalimantan 75251",FALSE,TRUE,TRUE,-0.504058,117.178525,https://www.google.com/maps/place/SPPG+Kota+Samarinda+Sambutan+Sambutan/data=!4m7!3m6!1s0x2df5d500406e82f9:0x77d6a82323ba8bdf!8m2!3d-0.5040577!4d117.1785252!16s%2Fg%2F11ypp2_js3!19sChIJ-YJuQADV9S0R34u6IyOo1nc?authuser=0&hl=id&g_ep=EgoyMDI2MDkxNi4wIJJjKgBIAVAD&rclk=1,,
SPPG SUNGAI PINANG MUGIREJO 2,Kalimantan Selatan,Sungai Pinang,Banjar,"G5MP+PXM SPPG Sungai Pinang Mugirejo 2, Jl. Bugis, Mugirejo, Sungai Pinang, Samarinda City, East Kalimantan 75243",FALSE,TRUE,FALSE,-0.465629,117.187421,https://www.google.com/maps/place/SPPG+Sungai+Pinang+Mugirejo+2/data=!4m7!3m6!1s0x2df5d7004326d4bb:0x12b529ea0b60408!8m2!3d-0.4656294!4d117.1874211!16s%2Fg%2F11zb93fvfj!19sChIJu9QmQwDX9S0RCAS2oJ5SKwE?authuser=0&hl=id&g_ep=EgoyMDI2MDkxNi4wIJJjKgBIAVAD&rclk=1,,
SPPG SAMARINDA SEBERANG MESJID,Kalimantan Timur,Samarinda Seberang,Kota Samarinda,"Gg. Mandala No.4, RT.8, Mesjid, Samarinda Seberang, Samarinda City, East Kalimantan 75251",FALSE,TRUE,FALSE,-0.517289,117.148506,https://www.google.com/maps/place/SPPG+SAMARINDA+SEBERANG+MESJID/data=!4m7!3m6!1s0x2df67f007dace50d:0x465a9c2057cc37bc!8m2!3d-0.5172889!4d117.148506!16s%2Fg%2F11zb4cjf07!19sChIJDeWsfQB_9i0RvDfMVyCcWkY?authuser=0&hl=id&g_ep=EgoyMDI2MDkxNi4wIJJjKgBIAVAD&rclk=1,,
SPPG KUBAR1,Kalimantan Timur,Bongan,Kutai Barat,"852G+VW SPPG Kubar1, Resak, Bongan, West Kutai Regency, East Kalimantan 75773",FALSE,TRUE,FALSE,-0.697841,116.177345,https://www.google.com/maps/place/Kec.+Nyuatan/data=!4m7!3m6!1s0x2df83d0249c12bf1:0x6b5c54106562814d!8m2!3d-0.3386631!4d115.3785719!16s%2Fg%2F121f8x3j!19sChIJ8SvBSQI9-C0RTYFiZRBUXGs?authuser=0&hl=id&g_ep=EgoyMDI2MDkxNi4wIJJjKgBIAVAD&rclk=1,,
SPPG KUTAI KARTANEGARA TENGGARONG LOA IPUH,Kalimantan Timur,Tenggarong,Kutai Kartanegara,"HXFF+JP3 SPPG KUTAI KARTANEGARA TENGGARONG LOA IPUH, Jl. Mangkuraja, Loa Ipuh, Tenggarong, Kutai Kartanegara Regency, East Kalimantan 75513",FALSE,TRUE,TRUE,-0.425979,116.974306,https://www.google.com/maps/place/SPPG+KUTAI+KARTANEGARA+TENGGARONG+LOA+IPUH/data=!4m7!3m6!1s0x2df665002d340281:0xdb2a2b011764ddc2!8m2!3d-0.4259791!4d116.9743065!16s%2Fg%2F11z7bhn0c8!19sChIJgQI0LQBl9i0Rwt1kFwErKts?authuser=0&hl=id&g_ep=EgoyMDI2MDkxNi4wIJJjKgBIAVAD&rclk=1,,
SPPG KUTAI KARTANEGARA TENGGARONG SEBERANG BANGUN REJO (FCTYPECO),Kalimantan Timur,Tenggarong Seberang,Kutai Kartanegara,"Jl. Benggeris, Bangun Rejo, Tenggarong Seberang, Kutai Kartanegara Regency, East Kalimantan 75517",FALSE,TRUE,TRUE,-0.357862,117.104698,https://www.google.com/maps/place/SPPG+KUTAI+KARTANEGARA+TENGGARONG+SEBERANG+BANGUN+REJO+%28FCTYPECO%29/data=!4m7!3m6!1s0x2df677004da4f44d:0xcd8bff6408b8f444!8m2!3d-0.3578625!4d117.1046981!16s%2Fg%2F11ypjk40j0!19sChIJTfSkTQB39i0RRPS4CGT_i80?authuser=0&hl=id&g_ep=EgoyMDI2MDkxNi4wIJJjKgBIAVAD&rclk=1,,
SPPG SANGATTA UTARA 4 (SPPG SEPAKAT),Kalimantan Timur,Sangatta Utara,Kutai Timur,"GG4P+9V6 SPPG SANGATTA UTARA 4 (SPPG SEPAKAT), Gg. Al-Amin 2, North Sangatta, Sangatta Utara, East Kutai Regency, East Kalimantan 75683",FALSE,TRUE,FALSE,0.505921,117.537137,https://www.google.com/maps/place/SPPG+SANGATTA+UTARA+4+%28SPPG+SEPAKAT%29/data=!4m7!3m6!1s0x320a3500601f7ed3:0x2d06136ac5065b8a!8m2!3d0.5059208!4d117.5371366!16s%2Fg%2F11njhkssx1!19sChIJ034fYAA1CjIRilsGxWoTBi0?authuser=0&hl=id&g_ep=EgoyMDI2MDkxNi4wIJJjKgBIAVAD&rclk=1,,
SPPG MUARA WAHAU WANASARI,,,,,FALSE,FALSE,FALSE,-2.44565,117.8888,https://www.google.com/maps/place/SPPG+MUARA+WAHAU+WANASARI/data=!4m7!3m6!1s0x320eb3002520865b:0x401e21d418738a87!8m2!3d1.0933841!4d116.8970735!16s%2Fg%2F11zbcyqvbl!19sChIJW4YgJQCzDjIRh4pzGNQhHkA?authuser=0&hl=id&g_ep=EgoyMDI2MDkxNi4wIJJjKgBIAVAD&rclk=1,,
SPPG MUARA WAHAU WANASARI,Kalimantan Timur,Muara Wahau,Kutai Timur,"Jalan Aneka Sp1 Muara Wahau, Marga Mulia, Kombeng, East Kutai Regency, East Kalimantan 75655",FALSE,TRUE,FALSE,1.093384,116.897073,https://www.google.com/maps/place/SPPG+MUARA+WAHAU+WANASARI/data=!4m7!3m6!1s0x320eb3002520865b:0x401e21d418738a87!8m2!3d1.0933841!4d116.8970735!16s%2Fg%2F11zbcyqvbl!19sChIJW4YgJQCzDjIRh4pzGNQhHkA?authuser=0&hl=id&g_ep=EgoyMDI2MDkxNi4wIJJjKgBIAVAD&rclk=1,,
SPPG PAMUSIAN 6 TARAKAN TENGAH,Kalimantan Utara,Tarakan Tengah,Kota Tarakan,"Jl. Pattimura No.36, RT.017/RW.000, Pamusian, Tarakan Tengah, Tarakan City, North Kalimantan 77131",FALSE,TRUE,FALSE,3.305875,117.603299,https://www.google.com/maps/place/SPPG+Pamusian+6+Tarakan+Tengah/data=!4m7!3m6!1s0x32138b0034a7d7c1:0x59dae04c3800a37c!8m2!3d3.3058753!4d117.6032988!16s%2Fg%2F11njhd_wx8!19sChIJwdenNACLEzIRfKMAOEzg2lk?authuser=0&hl=id&g_ep=EgoyMDI2MDkxNi4wIJJjKgBIAVAD&rclk=1,,
SPPG LKSA PUTRI MELATI TARAKAN,Kalimantan Utara,Tarakan Tengah,Kota Tarakan,"jl. kh. ahmad dahlan, Sebengkok, Tarakan Tengah, Tarakan City, North Kalimantan 77114",FALSE,TRUE,FALSE,3.300125,117.597141,https://www.google.com/maps/place/SPPG+LKSA+PUTRI+MELATI+TARAKAN/data=!4m7!3m6!1s0x32138b0d12bb4145:0x91d6184ee1432f3b!8m2!3d3.300125!4d117.5971414!16s%2Fg%2F11ywc857_f!19sChIJRUG7Eg2LEzIROy9D4U4Y1pE?authuser=0&hl=id&g_ep=EgoyMDI2MDkxNi4wIJJjKgBIAVAD&rclk=1,,
SPPG 3T TANJUNG NANGA MALSEHU MALINAU,Kalimantan Utara,Malinau Utara,Malinau,"Tj. Nanga, Malinau Sel. Hulu, Kabupaten Malinau, Kalimantan Utara 77554",TRUE,FALSE,TRUE,2.958368,116.277707,https://www.google.com/maps/place/SPPG+3T+TANJUNG+NANGA+MALSEHU+MALINAU/data=!4m7!3m6!1s0x3210e51f2c7c68df:0x6e843e129b41dcf0!8m2!3d2.9583684!4d116.2777073!16s%2Fg%2F11zb758l_0!19sChIJ32h8LB_lEDIR8NxBmxI-hG4?authuser=0&hl=id&g_ep=EgoyMDI2MDkxNi4wIJJjKgBIAVAD&rclk=1,,
SPPG NUNUKAN SEBATIK TENGAH,Kalimantan Utara,Sebatik Tengah,Nunukan,"Jl. Lkr. Pulau Sebatik, Aji Kuning, Sebatik Tengah, Nunukan Regency, North Kalimantan 77483",FALSE,TRUE,TRUE,4.162264,117.815554,https://www.google.com/maps/place/SPPG+Nunukan+Sebatik+Tengah/data=!4m7!3m6!1s0x3215a3003de9fab1:0x7a850ff087374ab3!8m2!3d4.1622644!4d117.8155537!16s%2Fg%2F11ymp46xrg!19sChIJsfrpPQCjFTIRs0o3h_APhXo?authuser=0&hl=id&g_ep=EgoyMDI2MDkxNi4wIJJjKgBIAVAD&rclk=1,,
"SPPG NUNUKAN NUNUKAN NUNUKAN TIMUR, YAYASAN PERSYARIKATAN MUHAMMADIYAH",Kalimantan Utara,Nunukan,Nunukan,"4MM7+9WQ SPPG Nunukan Nunukan Nunukan Timur, Yayasan Persyarikatan Muhammadiyah, East Nunukan, Nunukan, Nunukan Regency, North Kalimantan 77482",FALSE,TRUE,TRUE,4.133566,117.664697,"https://www.google.com/maps/place/SPPG+Nunukan+Nunukan+Nunukan+Timur,+Yayasan+Persyarikatan+Muhammadiyah/data=!4m7!3m6!1s0x3215bd0058ebbe2f:0x3f2713bf41fd579a!8m2!3d4.1335665!4d117.6646967!16s%2Fg%2F11zb829f4m!19sChIJL77rWAC9FTIRmlf9Qb8TJz8?authuser=0&hl=id&g_ep=EgoyMDI2MDkxNi4wIJJjKgBIAVAD&rclk=1",,
SPPG PUPUT PARITTIGA,Kepulauan Bangka Belitung,Parittiga,Belitung,"8GF7+P9G SPPG PUPUT PARITTIGA, dekat kec 33363, Puput, Parittiga, West Bangka Regency, Bangka Belitung Islands 33362",FALSE,TRUE,TRUE,-1.675683,105.513439,https://www.google.com/maps/place/SPPG+PUPUT+PARITTIGA/data=!4m7!3m6!1s0x2e23a500411660af:0xe9d8011ac07d41e3!8m2!3d-1.6756827!4d105.5134387!16s%2Fg%2F11ytkz1dtc!19sChIJr2AWQQClIy4R40F9wBoB2Ok?authuser=0&hl=id&g_ep=EgoyMDI2MDkxNi4wIJJjKgBIAVAD&rclk=1,,
SPPG PENYAMPAK TEMPILANG,Kepulauan Bangka Belitung,Tempilang,Bangka Barat,"Barat, RT./RW/RW.006/000, Penyampak, Kec. Tempilang, Kabupaten Bangka Barat, Kepulauan Bangka Belitung 33365",FALSE,FALSE,FALSE,-1.990641112,105.6456597,"https://www.google.com/maps/place/SPPG+Penyampak+Tempilang/@-2.0005914,105.6490929,13z/data=!4m10!1m2!2m1!1sSPPG+PENYAMPAK!3m6!1s0x2e2319d637c50b4f:0x9780f803c9e64b44!8m2!3d-1.9958921!4d105.6458689!15sCg5TUFBHIFBFTllBTVBBS5IBDHNvdXBfa2l0Y2hlbuABAA!16s%2Fg%2F11zcglgbcb?authuser=0&hl=id&entry=ttu&g_ep=EgoyMDI2MDkyMy4wIKXMDSoASAFQAw%3D%3D",,
SPPG KELAPA BANGKA BARAT #1,Kepulauan Bangka Belitung,Kelapa,Belitung,"Jl. Binaria Desa, RT.015/RW.005, Kelapa, West Bangka Regency, Bangka Belitung Islands 33364",FALSE,TRUE,TRUE,-1.87641,105.671769,https://www.google.com/maps/place/SPPG+KELAPA+BANGKA+BARAT+%231/data=!4m7!3m6!1s0x2e2305000aa0395b:0xf5430d603c345b0e!8m2!3d-1.8764098!4d105.6717691!16s%2Fg%2F11njljsyjg!19sChIJWzmgCgAFIy4RDls0PGANQ_U?authuser=0&hl=id&g_ep=EgoyMDI2MDkxNi4wIJJjKgBIAVAD&rclk=1,,
SPPG KAMBOJA PANGKALLALANG,Kepulauan Bangka Belitung,Tanjung Pandan,Belitung,"7J5V+F53 SPPG KAMBOJA PANGKALLALANG, Jl. Kamboja II, Pangkal Lalang, Tanjung Pandan, Belitung Regency, Bangka Belitung Islands 33411",FALSE,TRUE,TRUE,-2.741367,107.642936,https://www.google.com/maps/place/SPPG+KAMBOJA+PANGKALLALANG/data=!4m7!3m6!1s0x2e17170073f52453:0x40fb2ee98a0cea23!8m2!3d-2.7413666!4d107.6429357!16s%2Fg%2F11ywd7439n!19sChIJUyT1cwAXFy4RI-oMiuku-0A?authuser=0&hl=id&g_ep=EgoyMDI2MDkxNi4wIJJjKgBIAVAD&rclk=1,,
SPPG MUARA PAWAN SUNGAI AWAN KIRI,Kalimantan Barat,Muara Pawan,Ketapang,"6XWV+WC8, Jl. Poros Sukadana - Ketapang, Sungai Awan Kiri, Kec. Muara Pawan, Kabupaten Ketapang, Kalimantan Barat 78813",FALSE,FALSE,FALSE,-1.745926,110.115422,https://www.google.com/maps/place/SPPG+MUARA+PAWAN+SUNGAI+AWAN+KIRI/data=!4m7!3m6!1s0x2b2bc91350cff921:0x94e4b7c3cf1f659e!8m2!3d-1.745926!4d110.1154225!16s%2Fg%2F11yb95yn3y!19sChIJIfnPUBPJKysRnmUfz8O35JQ?authuser=0&hl=id&g_ep=EgoyMDI2MDkxNi4wIJJjKgBIAVAD&rclk=1,,
SPPG REZEKILA KARIMUN,Kepulauan Riau,Karimun,Karimun,"Karimun, Kepulauan Riau",FALSE,FALSE,FALSE,0.82109,103.631867,https://www.google.com/maps/place/SPPG+Rezekila+Karimun/data=!4m7!3m6!1s0x8336d83f97f5e247:0x96658f1d6dfbef0e!8m2!3d0.82109!4d103.631867!16s%2Fg%2F11xd9q990z!19sChIJR-L1lz_YNoMRDu_7bR2PZZY?authuser=0&hl=id&g_ep=EgoyMDI2MDkxNi4wIJJjKgBIAVAD&rclk=1,,
DAPUR SPPG TANJUNG PIAYU 1,Riau,Tanjung,Tabalong,"23G9+6C3 Dapur SPPG Tanjung Piayu 1, Jl. Kav. Pancur, Kabil, Nongsa, Batam City, Riau Islands 29433",TRUE,TRUE,FALSE,1.025502,104.068554,https://www.google.com/maps/place/Dapur+SPPG+Tanjung+Piayu+1/data=!4m7!3m6!1s0x31d991000d832b35:0xb83c178c7d6d3731!8m2!3d1.0255016!4d104.0685539!16s%2Fg%2F11n3mz5250!19sChIJNSuDDQCR2TERMTdtfYwXPLg?authuser=0&hl=id&g_ep=EgoyMDI2MDkxNi4wIJJjKgBIAVAD&rclk=1,,
SPPG BATU BESAR NONGSA 3,Riau,Nongsa,Kota Batam,"548F+PJW SPPG Batu Besar Nongsa 3, Batu Besar, Nongsa, Batam City, Riau Islands 29466",TRUE,TRUE,FALSE,1.166873,104.124072,https://www.google.com/maps/place/SPPG+Batu+Besar+Nongsa+3/data=!4m7!3m6!1s0x31d9870052631b21:0x7af9aacc8bcddff3!8m2!3d1.1668727!4d104.1240721!16s%2Fg%2F11yz07ztnz!19sChIJIRtjUgCH2TER89_Ni8yq-Xo?authuser=0&hl=id&g_ep=EgoyMDI2MDkxNi4wIJJjKgBIAVAD&rclk=1,,
SPPG BATU BESAR NONGSA 1,Riau,Nongsa,Kota Batam,"44VV+M99 SPPG Batu Besar Nongsa 1, Batu Besar, Nongsa, Batam City, Riau Islands 29466",TRUE,TRUE,FALSE,1.143617,104.144273,https://www.google.com/maps/place/SPPG+Batu+Besar+Nongsa+1/data=!4m7!3m6!1s0x31d9870040548303:0x406230e54c18c194!8m2!3d1.1436173!4d104.1442728!16s%2Fg%2F11yqkr3pps!19sChIJA4NUQACH2TERlMEYTOUwYkA?authuser=0&hl=id&g_ep=EgoyMDI2MDkxNi4wIJJjKgBIAVAD&rclk=1,,
SPPG KOTA BATAM BATU AJI KIBING,Riau,Batu Aji,Kota Batam,"Ruko Citra Fortuna, 1, RW.5, Kibing, Batu Aji, Batam City, Riau Islands 29424",TRUE,TRUE,FALSE,1.04252,103.989789,https://www.google.com/maps/place/SPPG+KOTA+BATAM+BATU+AJI+KIBING/data=!4m7!3m6!1s0x31d98d003711d0ff:0x6045be1d663835ea!8m2!3d1.0425198!4d103.989789!16s%2Fg%2F11ypmvk7q4!19sChIJ_9ARNwCN2TER6jU4Zh2-RWA?authuser=0&hl=id&g_ep=EgoyMDI2MDkxNi4wIJJjKgBIAVAD&rclk=1,,
SPPG KOTA BATAM BATU AJI BULIANG 1,Riau,Batu Aji,Kota Batam,"Perumahan, Jl. Citra Pendawa Asri Jl. Blk. F1 No.17, Buliang, Batu Aji, Batam City, Riau Islands 29425",TRUE,TRUE,FALSE,1.045901,103.973977,https://www.google.com/maps/place/SPPG+Kota+Batam+Batu+Aji+Buliang+1/data=!4m7!3m6!1s0x31d98d004ca3fcfd:0x5f5b0106e6a82f3e!8m2!3d1.0459008!4d103.9739773!16s%2Fg%2F11njhdlqtm!19sChIJ_fyjTACN2TERPi-o5gYBW18?authuser=0&hl=id&g_ep=EgoyMDI2MDkxNi4wIJJjKgBIAVAD&rclk=1,,
SPPG BENGKONG SADAI 4,Riau,Bengkong,Kota Batam,"42QM+7GX SPPG Bengkong Sadai 4, Sadai, Bengkong, Batam City, Riau Islands 29444",TRUE,TRUE,FALSE,1.138227,104.033865,https://www.google.com/maps/place/SPPG+Bengkong+Sadai+4/data=!4m7!3m6!1s0x31d9890067e374fd:0x20d375d284cd8933!8m2!3d1.1382265!4d104.0338651!16s%2Fg%2F11z5w34zhw!19sChIJ_XTjZwCJ2TERM4nNhNJ10yA?authuser=0&hl=id&g_ep=EgoyMDI2MDkxNi4wIJJjKgBIAVAD&rclk=1,,
SPPG BENGKONG LAUT 1,Riau,Bengkong,Kota Batam,"526R+884 SPPG BENGKONG LAUT 1, Tanjung Buntung, Bengkong, Batam City, Riau Islands",TRUE,TRUE,FALSE,1.160423,104.041136,https://www.google.com/maps/place/SPPG+BENGKONG+LAUT+1/data=!4m7!3m6!1s0x31d9890003c333a5:0x7ae54c929d107c1e!8m2!3d1.160423!4d104.041136!16s%2Fg%2F11z7n2ncjf!19sChIJpTPDAwCJ2TERHnwQnZJM5Xo?authuser=0&hl=id&g_ep=EgoyMDI2MDkxNi4wIJJjKgBIAVAD&rclk=1,,
SPPG TANJUNG AYUN SAKTI 1,Riau,Bukit Bestari,Kota Tanjung Pinang,"WF26+F8V SPPG TANJUNG AYUN SAKTI 1, Jl. Lembah Purnama, Tanjung Ayun Sakti, Bukit Bestari, Tanjung Pinang City, Riau Islands 29113",TRUE,TRUE,FALSE,0.901293,104.460858,https://www.google.com/maps/place/SPPG+TANJUNG+AYUN+SAKTI+1/data=!4m7!3m6!1s0x31d9730059cff7a9:0xb098074a2b2513bf!8m2!3d0.9012928!4d104.4608582!16s%2Fg%2F11z72v2vc9!19sChIJqffPWQBz2TERvxMlK0oHmLA?authuser=0&hl=id&g_ep=EgoyMDI2MDkxNi4wIJJjKgBIAVAD&rclk=1,,
SPPG KALIBALAU KENCANA 02,Lampung,Kedamaian,Kota Bandar Lampung,"Jl. P. Antasari No.18, Kalibalau Kencana, Kedamaian, Bandar Lampung City, Lampung 35121",TRUE,TRUE,FALSE,-5.398203,105.28877,https://www.google.com/maps/place/SPPG+Kalibalau+Kencana+02/data=!4m7!3m6!1s0x2a093a842cdd780f:0x62d77696bd59be33!8m2!3d-5.3982028!4d105.2887705!16s%2Fg%2F11ynxz10gg!19sChIJD3jdLIQ6CSoRM75ZvZZ212I?authuser=0&hl=id&g_ep=EgoyMDI2MDkxNi4wIJJjKgBIAVAD&rclk=1,,
SPPG D.I. PANJAITAN GOTONG ROYONG,Lampung,Tanjung,Tabalong,"Jl. Mayjend. D.I. Panjaitan No.25, Gotong Royong, Tanjungkarung Pusat, Bandar Lampung City, Lampung 35214",TRUE,TRUE,FALSE,-5.422887,105.257995,https://www.google.com/maps/place/SPPG+D.I.+Panjaitan+Gotong+Royong/data=!4m7!3m6!1s0x2e40db0026d085f9:0x1ed34d1edccff3b4!8m2!3d-5.4228866!4d105.2579949!16s%2Fg%2F11mldkcrn1!19sChIJ-YXQJgDbQC4RtPPP3B5N0x4?authuser=0&hl=id&g_ep=EgoyMDI2MDkxNi4wIJJjKgBIAVAD&rclk=1,,
SPPG KOTA BANDAR LAMPUNG TANJUNGKARANG BARAT SEGALAMIDER 4 YAYASAN AL MOCHTAR SANY FIRDAUS,Lampung,Tanjungkarang Barat,Kota Bandar Lampung,"Segala Mider, Tanjungkarang Barat, Bandar Lampung City, Lampung 35118",TRUE,TRUE,FALSE,-5.397793,105.242559,https://www.google.com/maps/place/SPPG+Kota+Bandar+Lampung+Tanjungkarang+Barat+Segalamider+4+Yayasan+Al+Mochtar+Sany+Firdaus/data=!4m7!3m6!1s0x2e40dbd687ab1f37:0x65e00ac33fe375ec!8m2!3d-5.3977933!4d105.2425594!16s%2Fg%2F11njn6q259!19sChIJNx-rh9bbQC4R7HXjP8MK4GU?authuser=0&hl=id&g_ep=EgoyMDI2MDkxNi4wIJJjKgBIAVAD&rclk=1,,
SPPG SEGALA MIDER 05,Lampung,Tanjungkarang Barat,Kota Bandar Lampung,"Jalan Sultan Badaruddin Gg. Cempaka No.11, RT.002/RW.003, Segala Mider, Tanjungkarang Barat, Bandar Lampung City, Lampung 35152",TRUE,TRUE,FALSE,-5.402655,105.239157,https://www.google.com/maps/place/SPPG+SEGALA+MIDER+05/data=!4m7!3m6!1s0x2e40dbca444bd4cf:0xba486ebbbd3c8784!8m2!3d-5.4026547!4d105.2391566!16s%2Fg%2F11xzpl2xbv!19sChIJz9RLRMrbQC4RhIc8vbtuSLo?authuser=0&hl=id&g_ep=EgoyMDI2MDkxNi4wIJJjKgBIAVAD&rclk=1,,
SPPG SEPANG JAYA 2,Lampung,Kedaton,Kota Bandar Lampung,"Jl. Kayu Manis No.1c, Sepang Jaya, Kedaton, Bandar Lampung City, Lampung 35132",TRUE,TRUE,FALSE,-5.373573,105.267413,https://www.google.com/maps/place/SPPG+SEPANG+JAYA+2/data=!4m7!3m6!1s0x2e40db005b2286c5:0x98966706a7512497!8m2!3d-5.3735729!4d105.2674127!16s%2Fg%2F11n9w1_f50!19sChIJxYYiWwDbQC4RlyRRpwZnlpg?authuser=0&hl=id&g_ep=EgoyMDI2MDkxNi4wIJJjKgBIAVAD&rclk=1,,
"SPPG RAJABASA, RAJABASA",Lampung,Rajabasa,Kota Bandar Lampung,"J6JM+WMR SPPG RAJABASA, RAJABASA, Jl. ZA. Pagar Alam, Rajabasa, Bandar Lampung City, Lampung 35141",TRUE,TRUE,FALSE,-5.367646,105.234133,"https://www.google.com/maps/place/SPPG+RAJABASA,+RAJABASA/data=!4m7!3m6!1s0x2e40db007b18880d:0x6a42c1bde68495d1!8m2!3d-5.3676463!4d105.2341331!16s%2Fg%2F11zbdjm5rm!19sChIJDYgYewDbQC4R0ZWE5r3BQmo?authuser=0&hl=id&g_ep=EgoyMDI2MDkxNi4wIJJjKgBIAVAD&rclk=1",,
SPPG KEDAMAIAN 2,Lampung,Kedamaian,Kota Bandar Lampung,"Jl. P. Kelagian Gg. Rambutan No.2, Kedamaian, Bandar Lampung City, Lampung 35122",TRUE,TRUE,FALSE,-5.410091,105.276909,https://www.google.com/maps/place/SPPG+Kedamaian+2/data=!4m7!3m6!1s0x2e471f0004c7b125:0xbae3af92c8319293!8m2!3d-5.485564!4d104.6426937!16s%2Fg%2F11z77gjct8!19sChIJJbHHBAAfRy4Rk5IxyJKv47o?authuser=0&hl=id&g_ep=EgoyMDI2MDkxNi4wIJJjKgBIAVAD&rclk=1,,
SPPG SUMBER REJO 03,Lampung,Kemiling,Kota Bandar Lampung,"Jl. Raden Imba Kusuma Ratu No.100, Beringin Raya, Kemiling, Bandar Lampung City, Lampung 35215",TRUE,TRUE,FALSE,-5.403702,105.211762,https://www.google.com/maps/place/Sppg+Sumber+Rejo+03/data=!4m7!3m6!1s0x2e40d10060c51945:0xf6fb64fd341acb7d!8m2!3d-5.4037018!4d105.2117616!16s%2Fg%2F11yx_6kjkw!19sChIJRRnFYADRQC4RfcsaNP1k-_Y?authuser=0&hl=id&g_ep=EgoyMDI2MDkxNi4wIJJjKgBIAVAD&rclk=1,,
SPPG KEDAMAIAN,Lampung,Kedamaian,Kota Bandar Lampung,"Jl. P. Antasari No.87/93, Tanjung Baru, Kedamaian, Bandar Lampung City, Lampung 35126",TRUE,TRUE,FALSE,-5.406879,105.27555,https://www.google.com/maps/place/SPPG+Kedamaian/data=!4m7!3m6!1s0x2e40dbfd9b15b05b:0x2ad9426010d2d515!8m2!3d-5.4068787!4d105.2755504!16s%2Fg%2F11ydm54gkv!19sChIJW7AVm_3bQC4RFdXSEGBC2So?authuser=0&hl=id&g_ep=EgoyMDI2MDkxNi4wIJJjKgBIAVAD&rclk=1,,
SPPG TUAH GIZI TANJUNG SENANG,Lampung,Tanjung Senang,Kota Bandar Lampung,"J7WG+7F8 SPPG TUAH GIZI TANJUNG SENANG, Jl. M.Yunus, Fajar Baru, Tanjung Senang, Bandar Lampung City, Lampung 35141",TRUE,TRUE,FALSE,-5.354326,105.276216,https://www.google.com/maps/place/SPPG+TUAH+GIZI+TANJUNG+SENANG/data=!4m7!3m6!1s0x2e40c500461f3fe5:0xcc116453b78ac044!8m2!3d-5.3543262!4d105.276216!16s%2Fg%2F11zjf8r8_2!19sChIJ5T8fRgDFQC4RRMCKt1NkEcw?authuser=0&hl=id&g_ep=EgoyMDI2MDkxNi4wIJJjKgBIAVAD&rclk=1,,
SPPG TEJO AGUNG METRO TIMUR,Lampung,Metro Timur,Kota Metro,"V88F+83W SPPG Tejo Agung Metro Timur, Jl. Cemara, Tejoagung, Metro Timur, Metro City, Lampung 34124",TRUE,TRUE,FALSE,-5.134133,105.322714,https://www.google.com/maps/place/SPPG+Tejo+Agung+Metro+Timur/data=!4m7!3m6!1s0x2e40bf003a0cfda5:0x95401cd40e1c8139!8m2!3d-5.1341326!4d105.3227144!16s%2Fg%2F11z7csj9vm!19sChIJpf0MOgC_QC4ROYEcDtQcQJU?authuser=0&hl=id&g_ep=EgoyMDI2MDkxNi4wIJJjKgBIAVAD&rclk=1,,
SPPG MARGODADI 1,Lampung,Metro Selatan,Kota Metro,"Margodadi, Metro Selatan, Metro City, Lampung 34122",TRUE,TRUE,FALSE,-5.151568,105.302397,https://www.google.com/maps/place/SPPG+Margodadi+1/data=!4m7!3m6!1s0x2e40b90061fe5ae7:0x9912dbf764054ab2!8m2!3d-5.1515679!4d105.3023966!16s%2Fg%2F11yhncy3g_!19sChIJ51r-YQC5QC4RskoFZPfbEpk?authuser=0&hl=id&g_ep=EgoyMDI2MDkxNi4wIJJjKgBIAVAD&rclk=1,,
SPPG MARGOREJO,Lampung,Metro Barat,Kota Metro,"V75W+QP8 SPPG MARGOREJO, Jl. Soekarno Hatta, Mulyojati, Metro Barat, Metro City, Lampung 34121",TRUE,TRUE,FALSE,-5.1406,105.296832,https://www.google.com/maps/place/SPPG+MARGOREJO/data=!4m7!3m6!1s0x2e40b9002596692d:0xf40a107fd5a4f908!8m2!3d-5.1405998!4d105.2968325!16s%2Fg%2F11xgln42lh!19sChIJLWmWJQC5QC4RCPmk1X8QCvQ?authuser=0&hl=id&g_ep=EgoyMDI2MDkxNi4wIJJjKgBIAVAD&rclk=1,,
SPPG GANJAR ASRI 2,Lampung,Metro Barat,Kota Metro,"V7GV+W3P SPPG GANJAR ASRI 2, Ganjarasri, Metro Barat, Metro City, Lampung 34121",TRUE,TRUE,FALSE,-5.122668,105.292702,https://www.google.com/maps/place/SPPG+GANJAR+ASRI+2/data=!4m7!3m6!1s0x2e40bb001cf91195:0xf01ca8ddb5888f0!8m2!3d-5.1226683!4d105.2927025!16s%2Fg%2F11n9xzcb0n!19sChIJlRH5HAC7QC4R8IhY243KAQ8?authuser=0&hl=id&g_ep=EgoyMDI2MDkxNi4wIJJjKgBIAVAD&rclk=1,,
SPPG IRINGMULYO 2,Jawa Timur,Kota,Kota Kediri,"Jl. Satelit 1 No.8, Iringmulyo, Kec. Metro Tim., Kota Metro, Lampung 34124",FALSE,TRUE,FALSE,-5.120283,105.317333,https://www.google.com/maps/place/SPPG+Iringmulyo+2/data=!4m7!3m6!1s0x2e40bd0073f1de87:0x7854f118e7b568fc!8m2!3d-5.1203204!4d105.3174!16s%2Fg%2F11yyw8sc4p!19sChIJh97xcwC9QC4R_Gi15xjxVHg?authuser=0&hl=id&g_ep=EgoyMDI2MDkxNi4wIJJjKgBIAVAD&rclk=1,,
SPPG NATAR NATAR KEC.NATAR LAMSEL,Lampung,Natar,Lampung Selatan,"Jl. Raya Natar No.247, Natar, South Lampung Regency, Lampung 35362",TRUE,TRUE,FALSE,-5.326283,105.201887,https://www.google.com/maps/place/SPPG+NATAR+NATAR+Kec.Natar+LamSel/data=!4m7!3m6!1s0x2e40cf00195cf035:0x109d13772d9dc70!8m2!3d-5.3262831!4d105.2018874!16s%2Fg%2F11x0r76zv7!19sChIJNfBcGQDPQC4RcNzZcjfRCQE?authuser=0&hl=id&g_ep=EgoyMDI2MDkxNi4wIJJjKgBIAVAD&rclk=1,,
SPPG RADIN INTEN MERAK BATIN,Lampung,Natar,Lampung Selatan,"M5RV+3J7 SPPG RADIN INTEN MERAK BATIN, Jl. Lintas Sumatera, Merak Batin, Natar, South Lampung Regency, Lampung 35362",TRUE,TRUE,FALSE,-5.309842,105.194047,https://www.google.com/maps/place/SPPG+RADIN+INTEN+MERAK+BATIN/data=!4m7!3m6!1s0x2e40cf002eb09329:0x6f1640f4b3136394!8m2!3d-5.3098422!4d105.1940475!16s%2Fg%2F11yq8cvyq_!19sChIJKZOwLgDPQC4RlGMTs_RAFm8?authuser=0&hl=id&g_ep=EgoyMDI2MDkxNi4wIJJjKgBIAVAD&rclk=1,,
SPPG MERAK BATIN,Lampung,Natar,Lampung Selatan,"M6R3+7X4 SPPG Merak Batin, Jl. Sitara, Merak Batin, Natar, South Lampung Regency, Lampung 35362",TRUE,TRUE,FALSE,-5.309327,105.204781,https://www.google.com/maps/place/SPPG+Merak+Batin/data=!4m7!3m6!1s0x2e40cf003ad91911:0x84e759818cd1f418!8m2!3d-5.3093265!4d105.2047807!16s%2Fg%2F11y0nxsk_8!19sChIJERnZOgDPQC4RGPTRjIFZ54Q?authuser=0&hl=id&g_ep=EgoyMDI2MDkxNi4wIJJjKgBIAVAD&rclk=1,,
SPPG REJOMULYO,Lampung,Palas,Lampung Selatan,"Rejo Mulyo, Palas, South Lampung Regency, Lampung 35594",TRUE,TRUE,FALSE,-5.625192,105.669648,https://www.google.com/maps/place/SPPG+Rejomulyo/data=!4m7!3m6!1s0x2e410577b9cce861:0xb3f9a3c5d2429e96!8m2!3d-5.6251919!4d105.6696478!16s%2Fg%2F11ykx2p5hy!19sChIJYejMuXcFQS4Rlp5C0sWj-bM?authuser=0&hl=id&g_ep=EgoyMDI2MDkxNi4wIJJjKgBIAVAD&rclk=1,,
SPPG JATI AGUNG KARANG SARI 3,Lampung,Jati Agung,Lampung Selatan,"M78H+8JM SPPG JATI AGUNG KARANG SARI 3, Jl. R.A. Basyid, Karang Sari, Jati Agung, South Lampung Regency, Lampung 35143",TRUE,TRUE,FALSE,-5.334146,105.279072,https://www.google.com/maps/place/SPPG+JATI+AGUNG+KARANG+SARI+3/data=!4m7!3m6!1s0x2e40c500798d7581:0x220278652643771!8m2!3d-5.3341464!4d105.2790719!16s%2Fg%2F11zd909wyj!19sChIJgXWNeQDFQC4RcTdkUoYnIAI?authuser=0&hl=id&g_ep=EgoyMDI2MDkxNi4wIJJjKgBIAVAD&rclk=1,,
SPPG MERBAU MATARAM MEKAR JAYA,Lampung,Merbau Mataram,Lampung Selatan,"G92Q+QRC SPPG MERBAU MATARAM MEKAR JAYA, Mekar Jaya, Merbau Mataram, South Lampung Regency, Lampung 35357",TRUE,TRUE,FALSE,-5.498055,105.38952,https://www.google.com/maps/place/SPPG+MERBAU+MATARAM+MEKAR+JAYA/data=!4m7!3m6!1s0x2e40df0015086725:0x3099b51cae79b575!8m2!3d-5.4980554!4d105.3895203!16s%2Fg%2F11xzfl06qh!19sChIJJWcIFQDfQC4RdbV5rhy1mTA?authuser=0&hl=id&g_ep=EgoyMDI2MDkxNi4wIJJjKgBIAVAD&rclk=1,,
SPPG BAKAUHENI LAMPUNG SELATAN,Lampung,Bakauheni,Lampung Selatan,"Bakauheni, South Lampung Regency, Lampung 35592",TRUE,TRUE,FALSE,-5.867473,105.740985,https://www.google.com/maps/place/SPPG+Bakauheni+Lampung+Selatan/data=!4m7!3m6!1s0x2e4175afd8ef6b29:0x9b64425dabfb3e4b!8m2!3d-5.8674729!4d105.7409852!16s%2Fg%2F11xrzhv9j4!19sChIJKWvv2K91QS4RSz77q11CZJs?authuser=0&hl=id&g_ep=EgoyMDI2MDkxNi4wIJJjKgBIAVAD&rclk=1,,
SPPG KALIWUNGU 2,Lampung,Kaliwungu,Kendal,"QXM6+7WQ SPPG KALIWUNGU 2, Jl. Jend. Sudirman, Kali Wungu, Kalirejo, Central Lampung Regency, Lampung 34174",TRUE,TRUE,FALSE,-5.216934,104.962362,https://www.google.com/maps/place/SPPG+KALIWUNGU+2/data=!4m7!3m6!1s0x2e473500154255a7:0x1f19be533d2d66d!8m2!3d-5.2169339!4d104.9623617!16s%2Fg%2F11njwp_mqx!19sChIJp1VCFQA1Ry4RbdbSM-Wb8QE?authuser=0&hl=id&g_ep=EgoyMDI2MDkxNi4wIJJjKgBIAVAD&rclk=1,,
SPPG LANGGENG JAYA 5,Lampung,Kalirejo,Lampung Tengah,"Sri Dadi, Kalirejo, Central Lampung Regency, Lampung 34174",TRUE,TRUE,FALSE,-5.191864,104.96225,https://www.google.com/maps/place/SPPG+LANGGENG+JAYA+5/data=!4m7!3m6!1s0x2e474be9213e8e2f:0x7f7a296f07646369!8m2!3d-5.1918644!4d104.9622498!16s%2Fg%2F11yvw3mkw0!19sChIJL44-IelLRy4RaWNkB28pen8?authuser=0&hl=id&g_ep=EgoyMDI2MDkxNi4wIJJjKgBIAVAD&rclk=1,,
SPPG RAMAN AJI 2,Lampung,Raman Utara,Lampung Timur,"RT.01, Raman Aji, Raman Utara, East Lampung Regency, Lampung 34371",TRUE,TRUE,FALSE,-4.998641,105.433483,https://www.google.com/maps/place/SPPG+Raman+Aji+2/data=!4m7!3m6!1s0x2e40998a9a685c47:0x76fcfbcac0b884de!8m2!3d-4.9986411!4d105.4334831!16s%2Fg%2F11ytnx4jpr!19sChIJR1xomoqZQC4R3oS4wMr7_HY?authuser=0&hl=id&g_ep=EgoyMDI2MDkxNi4wIJJjKgBIAVAD&rclk=1,,
SPPG RESTU BARU RUMBIA,Lampung,Rumbia,Lampung Tengah,"6GVW+89G SPPG RESTU BARU RUMBIA, Rukti Basuki, Rumbia, Central Lampung Regency, Lampung 34157",TRUE,TRUE,FALSE,-4.75664,105.545977,https://www.google.com/maps/place/SPPG+RESTU+BARU+RUMBIA/data=!4m7!3m6!1s0x2e3f65001f109229:0xa33b046add79cb89!8m2!3d-4.7566404!4d105.5459772!16s%2Fg%2F11zd52ypsl!19sChIJKZIQHwBlPy4Rict53WoEO6M?authuser=0&hl=id&g_ep=EgoyMDI2MDkxNi4wIJJjKgBIAVAD&rclk=1,,
SPPG FAJAR MATARAM,Lampung,Seputih Mataram,Lampung Tengah,"5857+CJR SPPG FAJAR MATARAM, Jl. Pendidikan, Qurnia Mataram, Seputih Mataram, Central Lampung Regency, Lampung 34164",TRUE,TRUE,FALSE,-4.841376,105.314009,https://www.google.com/maps/place/SPPG+FAJAR+MATARAM/data=!4m7!3m6!1s0x2e3f5f00717d698b:0xd4f4ea806ae9abcd!8m2!3d-4.8413762!4d105.314009!16s%2Fg%2F11yx_q31tq!19sChIJi2l9cQBfPy4RzavpaoDq9NQ?authuser=0&hl=id&g_ep=EgoyMDI2MDkxNi4wIJJjKgBIAVAD&rclk=1,,
SPPG KESUMADADI BEKRI,Lampung,Bekri,Lampung Tengah,"W47R+W75 SPPG Kesumadadi Bekri, Kesumadadi, Bekri, Central Lampung Regency, Lampung 34162",TRUE,TRUE,FALSE,-5.085069,105.141176,https://www.google.com/maps/place/SPPG+Kesumadadi+Bekri/data=!4m7!3m6!1s0x2e40b10025d1ab55:0x61e49d5b4c38934f!8m2!3d-5.0850689!4d105.1411762!16s%2Fg%2F11ynttj0f_!19sChIJVavRJQCxQC4RT5M4TFud5GE?authuser=0&hl=id&g_ep=EgoyMDI2MDkxNi4wIJJjKgBIAVAD&rclk=1,,
SPPG GORAS JAYA BEKRI (GAGAL BEROPERASI),Lampung,Bekri,Lampung Tengah,"W46P+53C SPPG GORAS JAYA BEKRI (Gagal Beroperasi), Goras Jaya, Bekri, Central Lampung Regency, Lampung 34162",TRUE,TRUE,FALSE,-5.08879,105.134708,https://www.google.com/maps/place/SPPG+GORAS+JAYA+BEKRI+%28Gagal+Beroperasi%29/data=!4m7!3m6!1s0x2e40b10023e30db3:0xcbe203285cd9c56!8m2!3d-5.0887905!4d105.1347077!16s%2Fg%2F11mlt82qpz!19sChIJsw3jIwCxQC4RVpzNhTIgvgw?authuser=0&hl=id&g_ep=EgoyMDI2MDkxNi4wIJJjKgBIAVAD&rclk=1,,
SPPG WATES 01 BUMI RATU NUBAN,Lampung,Bumi Ratu Nuban,Lampung Tengah,"V5VM+J8M SPPG Wates 01 Bumi Ratu Nuban, Jl. Bumi Sholawat, Wates, Bumi Ratu Nuban, Central Lampung Regency, Lampung 34161",TRUE,TRUE,FALSE,-5.105878,105.183346,https://www.google.com/maps/place/SPPG+Wates+01+Bumi+Ratu+Nuban/data=!4m7!3m6!1s0x2e40b100464f420b:0xd0ea535c712a1d63!8m2!3d-5.1058781!4d105.1833465!16s%2Fg%2F11zbb_qwfr!19sChIJC0JPRgCxQC4RYx0qcVxT6tA?authuser=0&hl=id&g_ep=EgoyMDI2MDkxNi4wIJJjKgBIAVAD&rclk=1,,
SPPG SENDANG REJO,Lampung,Sendang Agung,Lampung Tengah,"QVJX+RQ7 SPPG SENDANG REJO, Sendang Rejo, Sendang Agung, Central Lampung Regency, Lampung 34174",TRUE,TRUE,FALSE,-5.217961,104.899424,https://www.google.com/maps/place/SPPG+SENDANG+REJO/data=!4m7!3m6!1s0x2e473700315558df:0x74db1c40496ace16!8m2!3d-5.2179608!4d104.8994243!16s%2Fg%2F11nph_kc6k!19sChIJ31hVMQA3Ry4RFs5qSUAc23Q?authuser=0&hl=id&g_ep=EgoyMDI2MDkxNi4wIJJjKgBIAVAD&rclk=1,,
SPPG SENDANG ASIH,Lampung,Sendang Agung,Lampung Tengah,"RVM9+P46 SPPG Sendang Asih, Sendang Asih, Sendang Agung, Central Lampung Regency, Lampung 34174",TRUE,TRUE,FALSE,-5.165713,104.867777,https://www.google.com/maps/place/SPPG+Sendang+Asih/data=!4m7!3m6!1s0x2e47490047b92a39:0x390c86ee138112d2!8m2!3d-5.1657134!4d104.8677768!16s%2Fg%2F11zd8z7_nz!19sChIJOSq5RwBJRy4R0hKBE-6GDDk?authuser=0&hl=id&g_ep=EgoyMDI2MDkxNi4wIJJjKgBIAVAD&rclk=1,,
SPPG TANJUNG HARAPAN MARGA TIGA,Lampung,Tanjung Harapan,Paser,"RGV6+G8C SPPG Tanjung Harapan Marga Tiga, Sumber Gede, Marga Tiga, East Lampung Regency, Lampung 34386",TRUE,TRUE,FALSE,-5.15639,105.510564,https://www.google.com/maps/place/SPPG+Tanjung+Harapan+Marga+Tiga/data=!4m7!3m6!1s0x2e4093007d8fba3d:0x2baad7bfc182a5ff!8m2!3d-5.1563897!4d105.5105643!16s%2Fg%2F11nhf126xf!19sChIJPbqPfQCTQC4R_6WCwb_Xqis?authuser=0&hl=id&g_ep=EgoyMDI2MDkxNi4wIJJjKgBIAVAD&rclk=1,,
SPPG IRWAN,Lampung,Labuhan Ratu,Kota Bandar Lampung,"WM58+HRG sppg irwan, Raja Basa Lama, Kec. Labuhan Ratu, Kabupaten Lampung Timur, Lampung 34375",TRUE,TRUE,FALSE,-5.091576,105.666738,https://www.google.com/maps/place/sppg+irwan/data=!4m7!3m6!1s0x2e408f00116c3199:0x2e47aed933ba1521!8m2!3d-5.0910625!4d105.6670781!16s%2Fg%2F11z6mzwyb0!19sChIJmTFsEQCPQC4RIRW6M9muRy4?authuser=0&hl=id&g_ep=EgoyMDI2MDkxNi4wIJJjKgBIAVAD&rclk=1,,
SPPG LABUHAN RATU PASIR SAKTI,Lampung,Labuhan Ratu,Kota Bandar Lampung,"Labuhan Ratu, East Lampung Regency, Lampung 34375",TRUE,TRUE,FALSE,-5.115912,105.677313,https://www.google.com/maps/place/SPPG+Labuhan+Ratu+Pasir+Sakti/data=!4m7!3m6!1s0x2e408da5aa497ffb:0xeb48a4fa899de152!8m2!3d-5.1159118!4d105.6773128!16s%2Fg%2F11yzqh0r82!19sChIJ-39JqqWNQC4RUuGdifqkSOs?authuser=0&hl=id&g_ep=EgoyMDI2MDkxNi4wIJJjKgBIAVAD&rclk=1,,
SPPG MIFTAHUL HUDA BRAJA LUHUR,Lampung,Arjosari,Pacitan,"QQX9+Q8F SPPG MIFTAHUL HUDA BRAJA LUHUR, Braja Harjosari, Braja Slebah, East Lampung Regency, Lampung 34196",TRUE,TRUE,FALSE,-5.200611,105.768333,https://www.google.com/maps/place/SPPG+MIFTAHUL+HUDA+BRAJA+LUHUR/data=!4m7!3m6!1s0x2e40f5004f208a03:0xb72d90b758d54a01!8m2!3d-5.2006109!4d105.7683328!16s%2Fg%2F11njmd2q3c!19sChIJA4ogTwD1QC4RAUrVWLeQLbc?authuser=0&hl=id&g_ep=EgoyMDI2MDkxNi4wIJJjKgBIAVAD&rclk=1,,
SPPG MEKAR MUKTI,Lampung,Sekampung,Lampung Timur,"Mekar Mukti, Sekampung, East Lampung Regency, Lampung 34382",TRUE,TRUE,FALSE,-5.207999,105.429522,https://www.google.com/maps/place/SPPG+Mekar+Mukti/data=!4m7!3m6!1s0x89e2c85c9d6c8009:0x7ebd7032ebf1582f!8m2!3d-5.207999!4d105.4295225!16s%2Fg%2F11yxh6fyzp!19sChIJCYBsnVzI4okRL1jx6zJwvX4?authuser=0&hl=id&g_ep=EgoyMDI2MDkxNi4wIJJjKgBIAVAD&rclk=1,,
SPPG REJOSARI DAPUR NUWO LADO,Lampung,Kotabumi,Lampung Utara,"5W93+G7X SPPG REJOSARI DAPUR NUWO LADO, Jl. Lebung Curup, Rejosari, Kotabumi, North Lampung Regency, Lampung 34514",TRUE,TRUE,FALSE,-4.831602,104.903153,https://www.google.com/maps/place/SPPG+REJOSARI+DAPUR+NUWO+LADO/data=!4m7!3m6!1s0x2e38a9004373d587:0x6de435802d07a0c5!8m2!3d-4.8316016!4d104.9031533!16s%2Fg%2F11ypr48d0x!19sChIJh9VzQwCpOC4RxaAHLYA15G0?authuser=0&hl=id&g_ep=EgoyMDI2MDkxNi4wIJJjKgBIAVAD&rclk=1,,
SPPG KOTABUMI SELATAN KELAPA TUJUH,Lampung,Kotabumi Selatan,Lampung Utara,"5W37+HPQ SPPG KOTABUMI SELATAN KELAPA TUJUH, Kelapa Tujuh, Kotabumi Selatan, North Lampung Regency, Lampung 34514",TRUE,TRUE,FALSE,-4.846035,104.91435,https://www.google.com/maps/place/SPPG+KOTABUMI+SELATAN+KELAPA+TUJUH/data=!4m7!3m6!1s0x2e38a9002d61c135:0x4d7894742eec0d28!8m2!3d-4.8460349!4d104.9143498!16s%2Fg%2F11z73x7nm0!19sChIJNcFhLQCpOC4RKA3sLnSUeE0?authuser=0&hl=id&g_ep=EgoyMDI2MDkxNi4wIJJjKgBIAVAD&rclk=1,,
DAPUR SPPG MEDASARI,,,,,FALSE,FALSE,FALSE,-4.244193,105.713509,https://www.google.com/maps/place/Dapur+SPPG+Medasari/data=!4m7!3m6!1s0x2b6f48c99bef250b:0x9194ae4fc358856d!8m2!3d-4.244193!4d105.713509!16s%2Fg%2F11yjx2yb9k!19sChIJCyXvm8lIbysRbYVYw0-ulJE?authuser=0&hl=id&g_ep=EgoyMDI2MDkxNi4wIJJjKgBIAVAD&rclk=1,,
SPPG,Lampung,,Tanggamus,"HQMF+FQJ SPPG, Ciherang, Gn. Alip, Kabupaten Tanggamus, Lampung 35379",TRUE,FALSE,TRUE,-5.416279,104.774396,https://www.google.com/maps/place/SPPG/data=!4m7!3m6!1s0x3270b100266ac6b9:0xb4250265cce512a6!8m2!3d1.1088901!4d121.4095329!16s%2Fg%2F11xvhpf_k0!19sChIJucZqJgCxcDIRphLlzGUCJbQ?authuser=0&hl=id&g_ep=EgoyMDI2MDkxNi4wIJJjKgBIAVAD&rclk=1,,
SPPG BANJAR NEGERI GUNUNG ALIP,,,,,FALSE,FALSE,FALSE,-5.414398,104.755534,https://www.google.com/maps/place/SPPG+BANJAR+NEGERI+GUNUNG+ALIP/data=!4m7!3m6!1s0x4f4bbf284458d52f:0xf126d5b9ca788e55!8m2!3d-5.405372!4d104.7739485!16s%2Fg%2F11ntkpqv3p!19sChIJL9VYRCi_S08RVY54yrnVJvE?authuser=0&hl=id&g_ep=EgoyMDI2MDkxNi4wIJJjKgBIAVAD&rclk=1,,
DAPUR MBG SPPG KARYAWANGI - PARONGPONG,,,,,FALSE,FALSE,FALSE,-6.80344,107.58096,https://www.google.com/maps/place/Dapur+MBG+SPPG+Karyawangi+-+Parongpong/data=!4m7!3m6!1s0xd95b931e0112847:0x4efb9ea8850e8e78!8m2!3d-6.8048084!4d107.5829196!16s%2Fg%2F11xt2_qtgn!19sChIJRygR4DG5lQ0ReI4Ohaie-04?authuser=0&hl=id&g_ep=EgoyMDI2MDkxNi4wIJJjKgBIAVAD&rclk=1,,
SPPG DAPUR SEHAT JANGGALA-CIDOLOG,Jawa Barat,Cidolog,Ciamis,"JC59+FC3 SPPG Dapur Sehat Janggala-Cidolog, Dusun Jl. Sukalilah, RT.02/RW.01, Janggala, Cidolog, Ciamis Regency, West Java 46352",FALSE,TRUE,TRUE,-7.391668,108.418532,https://www.google.com/maps/place/SPPG+Dapur+Sehat+Janggala-Cidolog/data=!4m7!3m6!1s0x2e65f5005e1e2365:0x167f10a7ad694a08!8m2!3d-7.3916678!4d108.4185318!16s%2Fg%2F11z54jpw91!19sChIJZSMeXgD1ZS4RCEppracQfxY?authuser=0&hl=id&g_ep=EgoyMDI2MDkxNi4wIJJjKgBIAVAD&rclk=1,,
SPPG (SATUAN PELAYANAN PEMENUHAN GIZI) YAYASAN PELITA IBU BANGSA,Maluku,Maluk,Sumbawa Barat,"28H6+972 SPPG (Satuan Pelayanan Pemenuhan Gizi) Yayasan Pelita Ibu Bangsa, Jl. Ir. Soekarno, Olilit, South Tanimbar, Tanimbar Islands, Maluku",TRUE,TRUE,FALSE,-7.971604,131.31033,https://www.google.com/maps/place/SPPG+%28Satuan+Pelayanan+Pemenuhan+Gizi%29+Yayasan+Pelita+Ibu+Bangsa/data=!4m7!3m6!1s0x2d2755003ff942d1:0x22f673ff93c3893!8m2!3d-7.9716038!4d131.3103304!16s%2Fg%2F11zdjlvsq0!19sChIJ0UL5PwBVJy0Rkzg8-T9nLwI?authuser=0&hl=id&g_ep=EgoyMDI2MDkxNi4wIJJjKgBIAVAD&rclk=1,,
"SATUAN PELAYANAN PEMENUHAN GIZI (SPPG) MOA, MBD",,,,,FALSE,FALSE,FALSE,-8.190143,127.961072,"https://www.google.com/maps/place/Pulau+Dawera/@-7.7207765,130.006908,14z/data=!3m1!4b1!4m6!3m5!1s0x2d20284ca00b303d:0x818dcb3207fcd882!8m2!3d-7.7240985!4d130.0068953!16s%2Fg%2F12z655_6m?hl=id&entry=ttu&g_ep=EgoyMDI2MDkxNi4wIKXMDSoASAFQAw%3D%3D",,
SPPG SQUAD MAHINA MANDIRI,Maluku,Salahutu,Maluku Tengah,"F8R9+6GW SPPG SQUAD MAHINA MANDIRI, Liang, Salahutu, Central Maluku Regency, Maluku",TRUE,TRUE,FALSE,-3.509375,128.318841,https://www.google.com/maps/place/SPPG+SQUAD+MAHINA+MANDIRI/data=!4m7!3m6!1s0x2d6c8b00475297dd:0xece59b0258e7b926!8m2!3d-3.5093755!4d128.3188408!16s%2Fg%2F11yf2f55rb!19sChIJ3ZdSRwCLbC0RJrnnWAKb5ew?authuser=0&hl=id&g_ep=EgoyMDI2MDkxNi4wIJJjKgBIAVAD&rclk=1,,
SPPG ALLANG,Maluku,Leihitu Barat,Maluku Tengah,"62M6+FHJ SPPG ALLANG, Allang, Leihitu Barat, Central Maluku Regency, Maluku",TRUE,TRUE,FALSE,-3.766211,128.011188,https://www.google.com/maps/place/SPPG+ALLANG/data=!4m7!3m6!1s0x2d6cdf00475866b1:0x105fb530018cf108!8m2!3d-3.766211!4d128.0111882!16s%2Fg%2F11zcn94ccb!19sChIJsWZYRwDfbC0RCPGMATC1XxA?authuser=0&hl=id&g_ep=EgoyMDI2MDkxNi4wIJJjKgBIAVAD&rclk=1,,
SPPG DAPUR SEHAT JIKOTAMO OBI,,,,,FALSE,FALSE,FALSE,-1.43271,127.666861,https://www.google.com/maps/place/SPPG+DAPUR+SEHAT+JIKOTAMO+OBI/data=!4m7!3m6!1s0xa22baa5b51ea1735:0xdf1b3952f2a16a0f!8m2!3d-1.43271!4d127.6668615!16s%2Fg%2F11ycnrpjjn!19sChIJNRfqUVuqK6IRD2qh8lI5G98?authuser=0&hl=id&g_ep=EgoyMDI2MDkxNi4wIJJjKgBIAVAD&rclk=1,,
SPPG YAYASAN DARUL MUJADID,Maluku,Weda Selatan,Halmahera Tengah,"6WM6+PJR Sppg Yayasan Darul Mujadid, Sosowomo, Weda Selatan, Central Halmahera Regency, North Maluku",TRUE,TRUE,FALSE,0.234368,127.911513,"https://www.google.com/maps/place/Pulau+Gebe/@-0.081789,129.4273515,11z/data=!3m1!4b1!4m6!3m5!1s0x2d602ef3a465a275:0xba7b6f89abd5d56b!8m2!3d-0.1225875!4d129.49679!16s%2Fm%2F011q96d6?hl=id&entry=ttu&g_ep=EgoyMDI2MDkxNi4wIKXMDSoASAFQAw%3D%3D",,
SPPG RAWAMANGUN (DAPUR BAROKAH),,,,,FALSE,FALSE,FALSE,1.207145,128.297701,https://www.google.com/maps/place/SPPG+RAWAMANGUN+%28DAPUR+BAROKAH%29/data=!4m7!3m6!1s0x329b910072971653:0xa5528f4610f41bb!8m2!3d1.0970699!4d128.1890391!16s%2Fg%2F11yz9bvf3m!19sChIJUxaXcgCRmzIRu0EPYfQoVQo?authuser=0&hl=id&g_ep=EgoyMDI2MDkxNi4wIJJjKgBIAVAD&rclk=1,,
SPPG BANGUL HALTIM,Maluku,Maba Tengah,Halmahera Timur,"XF98+82C SPPG BANGUL HALTIM, Bangul, Maba Tengah, East Halmahera Regency, North Maluku",TRUE,TRUE,FALSE,0.968321,128.465024,https://www.google.com/maps/place/SPPG+BANGUL+HALTIM/data=!4m7!3m6!1s0x329bf7002e6f0725:0xbac1fa66a0e7d672!8m2!3d0.9683215!4d128.465024!16s%2Fg%2F11zdcdv3yw!19sChIJJQdvLgD3mzIRctbnoGb6wbo?authuser=0&hl=id&g_ep=EgoyMDI2MDkxNi4wIJJjKgBIAVAD&rclk=1,,
SPPG BANGUL MABA TENGAH HALMAHERA TIMUR,Maluku,Maba Tengah,Halmahera Timur,"Jl. Alternatif, Bangul, Maba Tengah, East Halmahera Regency, North Maluku",TRUE,TRUE,FALSE,0.968317,128.465138,"https://www.google.com/maps/place/PT.+Nusa+Halmahera+Minerals/@1.1451341,127.7036773,17z/data=!3m1!4b1!4m6!3m5!1s0x329b6be0b4495c33:0x785cde34edeb8314!8m2!3d1.1451341!4d127.7036773!16s%2Fg%2F1pp2vbcpd?hl=id&entry=ttu&g_ep=EgoyMDI2MDkxNi4wIKXMDSoASAFQAw%3D%3D",,
SPPG LOMBOK UTARA TANJUNG SAMA GUNA,Kalimantan Selatan,Tanjung,Lombok Utara,"J5QC+9WW SPPG Lombok Utara Tanjung Sama Guna, Jenggala, Tanjung, North Lombok Regency, West Nusa Tenggara 83352",FALSE,TRUE,TRUE,-8.361678,116.172335,"https://www.google.com/maps/place/SPPG+Lombok+Utara+Tanjung+Sama+Guna/@-8.3616782,116.1723347,17z/data=!3m1!4b1!4m6!3m5!1s0x2dcddb0008f72d7d:0x2657b06d089fc477!8m2!3d-8.3616782!4d116.1723347!16s%2Fg%2F11zf62vkt2?hl=id&entry=ttu&g_ep=EgoyMDI2MDkxNi4wIKXMDSoASAFQAw%3D%3D",,
SPPG JATI PERUMNAS,Maluku,Selat,Karangasem,"Q9GC+4H7 SPPG Jati Perumnas, Jl. Matoa 3, Jati Perumnas, Ternate Selatan, Ternate City, North Maluku",TRUE,TRUE,FALSE,0.77528,127.371419,https://www.google.com/maps/place/SPPG+Jati+Perumnas/data=!4m7!3m6!1s0x329cb5004d4ab161:0x921ac87c558fe86c!8m2!3d0.7752795!4d127.3714188!16s%2Fg%2F11nb3c6gfz!19sChIJYbFKTQC1nDIRbOiPVXzIGpI?authuser=0&hl=id&g_ep=EgoyMDI2MDkxNi4wIJJjKgBIAVAD&rclk=1,,
SPPG DESA KOLORAY,Maluku,Morotai Selatan,Pulau Morotai,"3636+FPJ SPPG Desa Koloray, Kolorai, Morotai Selatan, Morotai Island Regency, North Maluku",TRUE,TRUE,FALSE,2.053887,128.211246,"https://www.google.com/maps/place/Pulau+Bau/@2.350289,128.1565185,13z/data=!3m1!4b1!4m6!3m5!1s0x3290e4cfdbc57cff:0xa42834964329e6d8!8m2!3d2.3499489!4d128.1582923!16s%2Fg%2F11b_00r0n4?hl=id&entry=ttu&g_ep=EgoyMDI2MDkxNi4wIKXMDSoASAFQAw%3D%3D",,
SPPG BIMA BOLO TIMU,Nusa Tenggara Barat,Bolo,Bima,"FJVJ+8W9 SPPG BIMA BOLO TIMU, Timu, Kec. Bolo, Kabupaten Bima, Nusa Tenggara Bar. 84161",FALSE,TRUE,TRUE,-8.506717,118.632366,https://www.google.com/maps/place/SPPG+BIMA+BOLO+TIMU/data=!4m7!3m6!1s0x2dca77006512c84d:0x5aabee2f05943583!8m2!3d-8.5067168!4d118.6323659!16s%2Fg%2F11n4s96s3c!19sChIJTcgSZQB3yi0RgzWUBS_uq1o?authuser=0&hl=id&g_ep=EgoyMDI2MDkxNi4wIJJjKgBIAVAD&rclk=1,,
SPPG KANANGA 2,Nusa Tenggara Barat,Bolo,Bima,"FJXF+F5C SPPG Kananga 2, Jl. Rade, Kananga, Kec. Bolo, Kabupaten Bima, Nusa Tenggara Bar. 84161",FALSE,TRUE,TRUE,-8.501306,118.622899,https://www.google.com/maps/place/SPPG+Kananga+2/data=!4m7!3m6!1s0x2dca7700255f01bf:0x958abb5d8ffaee51!8m2!3d-8.5013058!4d118.6228995!16s%2Fg%2F11nhknwxxf!19sChIJvwFfJQB3yi0RUe76j127ipU?authuser=0&hl=id&g_ep=EgoyMDI2MDkxNi4wIJJjKgBIAVAD&rclk=1,,
SPPG BIMA BOLO RADA,Nusa Tenggara Barat,Donggo,Bima,"GJ4X+GJ2 SPPG BIMA BOLO RADA, Jl. Lintas Donggo, Rada, Kec. Bolo, Kabupaten Bima, Nusa Tenggara Bar. 84162",FALSE,TRUE,TRUE,-8.493693,118.649165,https://www.google.com/maps/place/SPPG+BIMA+BOLO+RADA/data=!4m7!3m6!1s0x2dca77000eba9445:0x639cb7e09e587a55!8m2!3d-8.493693!4d118.6491653!16s%2Fg%2F11z77gbcyp!19sChIJRZS6DgB3yi0RVXpYnuC3nGM?authuser=0&hl=id&g_ep=EgoyMDI2MDkxNi4wIJJjKgBIAVAD&rclk=1,,
SPPG BIMA PALIBELO PANDA,Nusa Tenggara Barat,Palibelo,Bima,"FMJX+5V4 SPPG BIMA PALIBELO PANDA, Panda, Kec. Palibelo, Kabupaten Bima, Nusa Tenggara Bar.",FALSE,TRUE,TRUE,-8.519622,118.699711,https://www.google.com/maps/place/SPPG+BIMA+PALIBELO+PANDA/data=!4m7!3m6!1s0x2db58900694116e1:0xbdda1f1bea1e2e4b!8m2!3d-8.519622!4d118.6997114!16s%2Fg%2F11zff1srjr!19sChIJ4RZBaQCJtS0RSy4e6hsf2r0?authuser=0&hl=id&g_ep=EgoyMDI2MDkxNi4wIJJjKgBIAVAD&rclk=1,,
SPPG BOLO MADAPANGGA,Nusa Tenggara Barat,Madapangga,Bima,"FHQQ+7HW SPPG Bolo Madapangga, Bolo, Kec. Mada Pangga, Kabupaten Bima, Nusa Tenggara Bar. 84161",FALSE,TRUE,TRUE,-8.511735,118.588882,https://www.google.com/maps/place/SPPG+Bolo+Madapangga/data=!4m7!3m6!1s0x2dca77000e5f4fcf:0x236d8b4400f34cb9!8m2!3d-8.5117351!4d118.5888821!16s%2Fg%2F11xs8ls4bn!19sChIJz09fDgB3yi0RuUzzAESLbSM?authuser=0&hl=id&g_ep=EgoyMDI2MDkxNi4wIJJjKgBIAVAD&rclk=1,,
SPPG BIMA LANGGUDU RUPE,Nusa Tenggara Barat,Langgudu,Bima,"8R3X+9C9 SPPG Bima Langgudu Rupe, Rupe, Kec. Langgudu, Kabupaten Bima, Nusa Tenggara Bar. 84181",FALSE,TRUE,TRUE,-8.696583,118.848595,https://www.google.com/maps/place/SPPG+Bima+Langgudu+Rupe/data=!4m7!3m6!1s0x2db579004b0d77c9:0xce8a812b37f6c19b!8m2!3d-8.6965834!4d118.8485951!16s%2Fg%2F11z9bw2x87!19sChIJyXcNSwB5tS0Rm8H2NyuBis4?authuser=0&hl=id&g_ep=EgoyMDI2MDkxNi4wIJJjKgBIAVAD&rclk=1,,
SPPG BIMA BOLO RASABOU,Nusa Tenggara Barat,Sumbawa,Sumbawa,"Jl.Sumbawa-Bima, Rasabou, Kec. Bolo, Kabupaten Bima, Nusa Tenggara Bar. 84161",FALSE,TRUE,TRUE,-8.505999,118.613472,https://www.google.com/maps/place/SPPG+Bima+Bolo+Rasabou/data=!4m7!3m6!1s0x2dca77002d7dcfa5:0x6f35d3d5fe134af4!8m2!3d-8.5059989!4d118.613472!16s%2Fg%2F11yx5pz3lm!19sChIJpc99LQB3yi0R9EoT_tXTNW8?authuser=0&hl=id&g_ep=EgoyMDI2MDkxNi4wIJJjKgBIAVAD&rclk=1,,
SPPG BIMA BOLO TAMBE 2,Nusa Tenggara Barat,Sumbawa,Sumbawa,"FHQX+V7W SPPG BIMA BOLO TAMBE 2, Jl. Lintas Sumbawa - Bima, Tambe, Kec. Bolo, Kabupaten Bima, Nusa Tenggara Bar. 84161",FALSE,TRUE,TRUE,-8.510248,118.598148,https://www.google.com/maps/place/SPPG+BIMA+BOLO+TAMBE+2/data=!4m7!3m6!1s0x2dca77001331804b:0x94c02b3bfd1e75b5!8m2!3d-8.5102483!4d118.598148!16s%2Fg%2F11zd94d2h3!19sChIJS4AxEwB3yi0RtXUe_TsrwJQ?authuser=0&hl=id&g_ep=EgoyMDI2MDkxNi4wIJJjKgBIAVAD&rclk=1,,
SPPG SANGGAR OI SARO,Nusa Tenggara Barat,Sanggar,Bima,"M68J+6PF SPPG SANGGAR OI SARO, Piong, Kec. Sanggar, Kabupaten Bima, Nusa Tenggara Bar. 84191",FALSE,TRUE,TRUE,-8.334445,118.231842,"https://www.google.com/maps/place/SPPG+SANGGAR+OI+SARO/@-8.3344451,118.2318423,17z/data=!3m1!4b1!4m6!3m5!1s0x2dca3d00531d050b:0x8d0c9e569dc8da56!8m2!3d-8.3344451!4d118.2318423!16s%2Fg%2F11z77fzcmy?hl=id&entry=ttu&g_ep=EgoyMDI2MDkxNi4wIKXMDSoASAFQAw%3D%3D",,
SPPG SONDOSIA II,Nusa Tenggara Barat,Sumbawa,Sumbawa,"FJFX+2P5 SPPG SONDOSIA II, Jl. Lintas Sumbawa - Bima, Sondosia, Bolo, Bima Regency, West Nusa Tenggara 84161",FALSE,TRUE,TRUE,-8.527499,118.649348,https://www.google.com/maps/place/SPPG+SONDOSIA+II/data=!4m7!3m6!1s0x2dca77004cf00701:0x781cd42df206439b!8m2!3d-8.5274994!4d118.6493481!16s%2Fg%2F11nqrrzr22!19sChIJAQfwTAB3yi0Rm0MG8i3UHHg?authuser=0&hl=id&g_ep=EgoyMDI2MDkxNi4wIJJjKgBIAVAD&rclk=1,,
SPPG UMA LENGGE,Nusa Tenggara Barat,Sape,Bima,"FV32+WJM SPPG Uma Lengge, Jl. Lintas Bima-Sape, RT.017/RW.006, Dusun Ronamasa, Kambilo, Kec. Wawo, Kabupaten Bima, Nusa Tenggara Bar. 84181",FALSE,TRUE,TRUE,-8.545171,118.851555,https://www.google.com/maps/place/SPPG+Uma+Lengge/data=!4m7!3m6!1s0x2db585007d1994eb:0xbd99ac3b014d49ed!8m2!3d-8.5451713!4d118.8515551!16s%2Fg%2F11yqbcw7d1!19sChIJ65QZfQCFtS0R7UlNATusmb0?authuser=0&hl=id&g_ep=EgoyMDI2MDkxNi4wIJJjKgBIAVAD&rclk=1,,
SPPG BIMA WOHA PENAPALI 2,Nusa Tenggara Barat,Parado,Bima,"CMRG+367 SPPG BIMA WOHA PENAPALI 2, Jl. Lintas Woha-Parado, Penapali, Kec. Woha, Kabupaten Bima, Nusa Tenggara Bar. 84171",FALSE,TRUE,TRUE,-8.559839,118.675542,https://www.google.com/maps/place/SPPG+BIMA+WOHA+PENAPALI+2/data=!4m7!3m6!1s0x2db5870002646375:0x663cd2ed6de1a67e!8m2!3d-8.5598393!4d118.6755422!16s%2Fg%2F11zdrs_n0j!19sChIJdWNkAgCHtS0Rfqbhbe3SPGY?authuser=0&hl=id&g_ep=EgoyMDI2MDkxNi4wIJJjKgBIAVAD&rclk=1,,
SPPG LALA SHABYRA,Nusa Tenggara Barat,Bolo,Bima,"FMJ4+G4R SPPG LALA SHABYRA, Sondosia, Kec. Bolo, Kabupaten Bima, Nusa Tenggara Bar. 84161",FALSE,TRUE,TRUE,-8.51864,118.65527,https://www.google.com/maps/place/SPPG+LALA+SHABYRA/data=!4m7!3m6!1s0x2dca77000be0fa89:0x1fde7b4e4da5c55c!8m2!3d-8.5186397!4d118.6552697!16s%2Fg%2F11xzdwdk31!19sChIJifrgCwB3yi0RXMWlTU573h8?authuser=0&hl=id&g_ep=EgoyMDI2MDkxNi4wIJJjKgBIAVAD&rclk=1,,
SPPG BIMA WOHA RABAKODO,Nusa Tenggara Barat,Woha,Bima,"CM9W+CWP SPPG BIMA WOHA RABAKODO, Tente, Kec. Woha, Kabupaten Bima, Nusa Tenggara Bar. 84171",FALSE,TRUE,TRUE,-8.581401,118.697328,https://www.google.com/maps/place/SPPG+BIMA+WOHA+RABAKODO/data=!4m7!3m6!1s0x2db587004b7e2d1d:0x2ed3653c43428603!8m2!3d-8.5814009!4d118.697328!16s%2Fg%2F11yn1tghqn!19sChIJHS1-SwCHtS0RA4ZCQzxl0y4?authuser=0&hl=id&g_ep=EgoyMDI2MDkxNi4wIJJjKgBIAVAD&rclk=1,,
DAPUR SPPG ALIFAH MONTA,Nusa Tenggara Barat,Parado,Bima,"8MXV+Q55 Dapur SPPG Alifah Monta, Jl. Lintas Tente - Parado, Tangga, Kec. Monta, Kabupaten Bima, Nusa Tenggara Bar. 84172",FALSE,TRUE,TRUE,-8.650616,118.692996,https://www.google.com/maps/place/Dapur+SPPG+Alifah+Monta/data=!4m7!3m6!1s0x2db5810005a4f629:0x2e29e15cf8a1a30c!8m2!3d-8.6506164!4d118.6929963!16s%2Fg%2F11yqpnd84h!19sChIJKfakBQCBtS0RDKOh-FzhKS4?authuser=0&hl=id&g_ep=EgoyMDI2MDkxNi4wIJJjKgBIAVAD&rclk=1,,
SPPG AISYA SAKURU,Nusa Tenggara Barat,Parado,Bima,"9M5V+V76 SPPG Aisya Sakuru, Jl. Lintas Tente - Parado, Sekuru, Monta, Bima Regency, West Nusa Tenggara 84173",FALSE,TRUE,TRUE,-8.640057,118.693087,https://www.google.com/maps/place/SPPG+Aisya+Sakuru/data=!4m7!3m6!1s0x2db581002687e81d:0x7bb94f9d32bc310e!8m2!3d-8.6400575!4d118.6930875!16s%2Fg%2F11nj9x3mcf!19sChIJHeiHJgCBtS0RDjG8Mp1PuXs?authuser=0&hl=id&g_ep=EgoyMDI2MDkxNi4wIJJjKgBIAVAD&rclk=1,,
SPPG HISWAN NARU,Nusa Tenggara Barat,Woha,Bima,"9MXV+WMJ SPPG HISWAN NARU, Naru, Kec. Woha, Kabupaten Bima, Nusa Tenggara Bar. 84171",FALSE,TRUE,TRUE,-8.60012,118.694082,https://www.google.com/maps/place/SPPG+HISWAN+NARU/data=!4m7!3m6!1s0x2db58700304aef13:0x329c40915435f685!8m2!3d-8.60012!4d118.6940817!16s%2Fg%2F11zkt_6zk_!19sChIJE-9KMACHtS0RhfY1VJFAnDI?authuser=0&hl=id&g_ep=EgoyMDI2MDkxNi4wIJJjKgBIAVAD&rclk=1,,
SPPG 3T PUSU LANGGUDU BIMA,Nusa Tenggara Barat,Langgudu,Bima,"5RJ5+H3W SPPG 3T PUSU LANGGUDU BIMA, Wadu Ruka, Langgudu, Bima Regency, West Nusa Tenggara",FALSE,TRUE,TRUE,-8.818515,118.807699,https://www.google.com/maps/place/SPPG+3T+PUSU+LANGGUDU+BIMA/data=!4m7!3m6!1s0x2db57b000f787391:0x96e9a3b9b1bac8a2!8m2!3d-8.8185146!4d118.8076991!16s%2Fg%2F11z0_p1qz8!19sChIJkXN4DwB7tS0Rosi6sbmj6ZY?authuser=0&hl=id&g_ep=EgoyMDI2MDkxNi4wIJJjKgBIAVAD&rclk=1,,
SPPG BIMA PARADO KUTA,Nusa Tenggara Barat,Parado,Bima,"6HM3+QJ2 SPPG BIMA PARADO KUTA, Kuta, Kec. Parado, Kabupaten Bima, Nusa Tenggara Bar. 84172",FALSE,TRUE,TRUE,-8.765527,118.554022,https://www.google.com/maps/place/SPPG+BIMA+PARADO+KUTA/data=!4m7!3m6!1s0x2dca870008dab371:0x321f0004ff6b5abb!8m2!3d-8.7655271!4d118.554022!16s%2Fg%2F11zd8bt6y3!19sChIJcbPaCACHyi0Ru1pr_wQAHzI?authuser=0&hl=id&g_ep=EgoyMDI2MDkxNi4wIJJjKgBIAVAD&rclk=1,,
SPPG BIMA SAPE PARANGINA 2,Jawa Timur,Parang,Bima,"CXMF+86G SPPG Bima Sape parangina 2, Jl. Lintas Bima-Sape, Parangina, Kec. Sape, Kabupaten Bima, Nusa Tenggara Bar. 84182",FALSE,TRUE,TRUE,-8.566676,118.973077,https://www.google.com/maps/place/SPPG+Bima+Sape+parangina+2/data=!4m7!3m6!1s0x2db599001ad7576b:0x2ac4872bc5cc9dd6!8m2!3d-8.5666759!4d118.9730766!16s%2Fg%2F11zgzcgt_l!19sChIJa1fXGgCZtS0R1p3MxSuHxCo?authuser=0&hl=id&g_ep=EgoyMDI2MDkxNi4wIJJjKgBIAVAD&rclk=1,,
SPPG KOTA BIMA RASANAE TIMUR OIMBO,Nusa Tenggara Barat,Rasanae Timur,Kota Bima,"GQ7F+W4Q SPPG Kota Bima Rasanae Timur Oimbo, Jl. Lintas Bima-Sape, Kumbe, Kec. Rasanae Tim., Kab. Bima, Nusa Tenggara Bar. 84115",FALSE,TRUE,TRUE,-8.485518,118.774213,https://www.google.com/maps/place/SPPG+Kota+Bima+Rasanae+Timur+Oimbo/data=!4m7!3m6!1s0x2db58f0052b966a1:0x2344798dd81528c1!8m2!3d-8.4855176!4d118.7742134!16s%2Fg%2F11yqbdjycj!19sChIJoWa5UgCPtS0RwSgV2I15RCM?authuser=0&hl=id&g_ep=EgoyMDI2MDkxNi4wIJJjKgBIAVAD&rclk=1,,
SPPG,Nusa Tenggara Barat,Lambitu,Bima,"CQ7J+953 SPPG, Kuta, Kec. Lambitu, Kabupaten Bima, Nusa Tenggara Bar. 84173",FALSE,TRUE,TRUE,-8.586478,118.781012,https://www.google.com/maps/place/SPPG/data=!4m7!3m6!1s0x3270b100266ac6b9:0xb4250265cce512a6!8m2!3d1.1088901!4d121.4095329!16s%2Fg%2F11xvhpf_k0!19sChIJucZqJgCxcDIRphLlzGUCJbQ?authuser=0&hl=id&g_ep=EgoyMDI2MDkxNi4wIJJjKgBIAVAD&rclk=1,,
DAPUR SPPG SOROMANDI LEWI NTANA 1,Nusa Tenggara Barat,Soromandi,Bima,"HM2J+VQP Dapur SPPG SOROMANDI LEWI NTANA 1, Jl. Lintas, Bajo, Kec. Soromandi, Kabupaten Bima, Nusa Tenggara Bar. 84162",FALSE,TRUE,TRUE,-8.447776,118.681968,https://www.google.com/maps/place/Dapur+SPPG+SOROMANDI+LEWI+NTANA+1/data=!4m7!3m6!1s0x2db58b005b3c2cf7:0xdf587b3818fdd0c3!8m2!3d-8.447776!4d118.6819679!16s%2Fg%2F11zd09n0vy!19sChIJ9yw8WwCLtS0Rw9D9GDh7WN8?authuser=0&hl=id&g_ep=EgoyMDI2MDkxNi4wIJJjKgBIAVAD&rclk=1,,
SPPG BIMA BELO LIDO,Nusa Tenggara Barat,Belo,Bima,"9PCJ+6HX SPPG BIMA BELO LIDO, Lido, Kec. Belo, Kabupaten Bima, Nusa Tenggara Bar. 84173",FALSE,TRUE,TRUE,-8.629378,118.731497,https://www.google.com/maps/place/SPPG+BIMA+BELO+LIDO/data=!4m7!3m6!1s0x2db581001592dd8b:0x768e9d710dec114f!8m2!3d-8.629378!4d118.7314973!16s%2Fg%2F11nr8qsc88!19sChIJi92SFQCBtS0RTxHsDXGdjnY?authuser=0&hl=id&g_ep=EgoyMDI2MDkxNi4wIJJjKgBIAVAD&rclk=1,,
DAPUR SPPG BIMA LAJU LANGGUDU,Nusa Tenggara Barat,Langgudu,Bima,"7PWP+4R Dapur Sppg Bima Laju Langgudu, Laju, Kec. Langgudu, Kabupaten Bima, Nusa Tenggara Bar. 84181",FALSE,TRUE,TRUE,-8.704708,118.73707,https://www.google.com/maps/place/Dapur+Sppg+Bima+Laju+Langgudu/data=!4m7!3m6!1s0x2db57f0034153619:0x1360825bcaf9d9d5!8m2!3d-8.7047078!4d118.7370701!16s%2Fg%2F11yy58r17c!19sChIJGTYVNAB_tS0R1dn5yluCYBM?authuser=0&hl=id&g_ep=EgoyMDI2MDkxNi4wIJJjKgBIAVAD&rclk=1,,
SPPG BIMA SOROMANDI SAI,Nusa Tenggara Barat,Soromandi,Bima,"MMW2+P49 SPPG BIMA SOROMANDI SAI, Jl. Lintas Sai - Sampungu, Sai, Kec. Soromandi, Kabupaten Bima, Nusa Tenggara Bar. 84162",FALSE,TRUE,TRUE,-8.303223,118.650363,https://www.google.com/maps/place/SPPG+BIMA+SOROMANDI+SAI/data=!4m7!3m6!1s0x2dca090073617b51:0xba3d1e396cbce9a5!8m2!3d-8.3032229!4d118.6503627!16s%2Fg%2F11zh89kkds!19sChIJUXthcwAJyi0Rpem8bDkePbo?authuser=0&hl=id&g_ep=EgoyMDI2MDkxNi4wIJJjKgBIAVAD&rclk=1,,
SPPG BIMA SAPE KOWO,Nusa Tenggara Barat,Sape,Bima,"F293+6R Sppg Bima sape kowo, Kowo, Kec. Sape, Kabupaten Bima, Nusa Tenggara Bar. 84182",FALSE,TRUE,TRUE,-8.531996,119.004506,https://www.google.com/maps/place/Sppg+Bima+sape+kowo/data=!4m7!3m6!1s0x2db5990047011c79:0x731794af675e2c03!8m2!3d-8.5319964!4d119.0045061!16s%2Fg%2F11nr8qq2f8!19sChIJeRwBRwCZtS0RAyxeZ6-UF3M?authuser=0&hl=id&g_ep=EgoyMDI2MDkxNi4wIJJjKgBIAVAD&rclk=1,,
SPPG WERA TAWALI 1,Nusa Tenggara Barat,Wera,Bima,"MW5F+FW3 SPPG WERA TAWALI 1, Jl. Lintas Tawali, Tawali, Kec. Wera, Kabupaten Bima, Nusa Tenggara Bar. 84152",FALSE,TRUE,TRUE,-8.340449,118.925477,https://www.google.com/maps/place/SPPG+WERA+TAWALI+1/data=!4m7!3m6!1s0x2db5ed007b43a3f1:0xb48487ccbd368426!8m2!3d-8.3404072!4d118.9254915!16s%2Fg%2F11z588ztjd!19sChIJ8aNDewDttS0RJoQ2vcyHhLQ?authuser=0&hl=id&g_ep=EgoyMDI2MDkxNi4wIJJjKgBIAVAD&rclk=1,,
SPPG BIMA WERA OI TUI,Nusa Tenggara Barat,Wera,Bima,"MX9H+4GG SPPG BIMA WERA OI TUI, Oitui, Kec. Wera, Kabupaten Bima, Nusa Tenggara Bar. 84152",FALSE,TRUE,TRUE,-8.33218,118.978815,https://www.google.com/maps/place/SPPG+BIMA+WERA+OI+TUI/data=!4m7!3m6!1s0x2db5eb006bac6583:0xe1ea420cc8c1ea2e!8m2!3d-8.3321799!4d118.9788155!16s%2Fg%2F11y_yzztz0!19sChIJg2WsawDrtS0RLurByAxC6uE?authuser=0&hl=id&g_ep=EgoyMDI2MDkxNi4wIJJjKgBIAVAD&rclk=1,,
SPPG WERA TAWALI 1,Nusa Tenggara Barat,Wera,Bima,"MW5F+GXC SPPG WERA TAWALI 1, Tawali, Kec. Wera, Kabupaten Bima, Nusa Tenggara Bar. 84152",FALSE,TRUE,TRUE,-8.340437,118.925497,https://www.google.com/maps/place/SPPG+WERA+TAWALI+1/data=!4m7!3m6!1s0x2db5ed007b43a3f1:0xb48487ccbd368426!8m2!3d-8.3404072!4d118.9254915!16s%2Fg%2F11z588ztjd!19sChIJ8aNDewDttS0RJoQ2vcyHhLQ?authuser=0&hl=id&g_ep=EgoyMDI2MDkxNi4wIJJjKgBIAVAD&rclk=1,,
SPPG BIMA WERA TAWALI 3,Nusa Tenggara Barat,Wera,Bima,"MW5F+MMX SPPG Bima Wera Tawali 3, Tawali, Kec. Wera, Kabupaten Bima, Nusa Tenggara Bar. 84152",FALSE,TRUE,TRUE,-8.340763,118.924234,https://www.google.com/maps/place/SPPG+Bima+Wera+Tawali+3/data=!4m7!3m6!1s0x2db5ed0071a39aa3:0xb497771c5a9442a0!8m2!3d-8.3407625!4d118.9242344!16s%2Fg%2F11z9f4jvbx!19sChIJo5qjcQDttS0RoEKUWhx3l7Q?authuser=0&hl=id&g_ep=EgoyMDI2MDkxNi4wIJJjKgBIAVAD&rclk=1,,
SPPG KARYA SAHABAT NANGA WERA,Nusa Tenggara Barat,Wera,Bima,"MVHR+QC3 SPPG KARYA SAHABAT NANGA WERA, Jl. Wera, Wora, Wera, Bima Regency, West Nusa Tenggara 84152",FALSE,TRUE,TRUE,-8.320298,118.890743,https://www.google.com/maps/place/SPPG+KARYA+SAHABAT+NANGA+WERA/data=!4m7!3m6!1s0x2db5ed0032710fc3:0x25c5b2525dde465f!8m2!3d-8.3202982!4d118.8907435!16s%2Fg%2F11njr563l4!19sChIJww9xMgDttS0RX0beXVKyxSU?authuser=0&hl=id&g_ep=EgoyMDI2MDkxNi4wIJJjKgBIAVAD&rclk=1,,
SPPG WERA TAWALI 1,Nusa Tenggara Barat,Wera,Bima,"MW5F+GXC SPPG WERA TAWALI 1, Tawali, Kec. Wera, Kabupaten Bima, Nusa Tenggara Bar. 84152",FALSE,TRUE,TRUE,-8.340437,118.925497,https://www.google.com/maps/place/SPPG+WERA+TAWALI+1/data=!4m7!3m6!1s0x2db5ed007b43a3f1:0xb48487ccbd368426!8m2!3d-8.3404072!4d118.9254915!16s%2Fg%2F11z588ztjd!19sChIJ8aNDewDttS0RJoQ2vcyHhLQ?authuser=0&hl=id&g_ep=EgoyMDI2MDkxNi4wIJJjKgBIAVAD&rclk=1,,
SPPG LA REENA,Nusa Tenggara Barat,Wera,Bima,"MW57+R73 SPPG LA REENA, Unnamed Road, Tawali, Kec. Wera, Kabupaten Bima, Nusa Tenggara Bar. 84152",FALSE,TRUE,TRUE,-8.34049,118.913116,https://www.google.com/maps/place/SPPG+LA+REENA/data=!4m7!3m6!1s0x2db5ed005d55f5f7:0x3a369cdaf9c6ba4a!8m2!3d-8.3404904!4d118.9131156!16s%2Fg%2F11ytrsy7rm!19sChIJ9_VVXQDttS0RSrrG-dqcNjo?authuser=0&hl=id&g_ep=EgoyMDI2MDkxNi4wIJJjKgBIAVAD&rclk=1,,
SPPG BIMA WERA NANGA WERA,Nusa Tenggara Barat,Wera,Bima,"MVPQ+698 SPPG Bima Wera Nanga Wera, Nanga Wera, Kec. Wera, Kabupaten Bima, Nusa Tenggara Bar. 84153",FALSE,TRUE,TRUE,-8.314451,118.888464,https://www.google.com/maps/place/SPPG+Bima+Wera+Nanga+Wera/data=!4m7!3m6!1s0x2db5ed002f063ab3:0x3b926452756af1e5!8m2!3d-8.3144511!4d118.8884638!16s%2Fg%2F11zw_86q67!19sChIJszoGLwDttS0R5fFqdVJkkjs?authuser=0&hl=id&g_ep=EgoyMDI2MDkxNi4wIJJjKgBIAVAD&rclk=1,,
SPPG TONGGONDOA PALIBELO,Nusa Tenggara Barat,Palibelo,Bima,"FP48+QGH SPPG TONGGONDOA PALIBELO, Tonggondoa, Kec. Palibelo, Kabupaten Bima, Nusa Tenggara Bar. 84173",FALSE,TRUE,TRUE,-8.543069,118.71636,https://www.google.com/maps/place/SPPG+TONGGONDOA+PALIBELO/data=!4m7!3m6!1s0x2db589006e8d308d:0xe841e0f28d2bc0e4!8m2!3d-8.5430685!4d118.7163603!16s%2Fg%2F11njsjrl8h!19sChIJjTCNbgCJtS0R5MArjfLgQeg?authuser=0&hl=id&g_ep=EgoyMDI2MDkxNi4wIJJjKgBIAVAD&rclk=1,,
SPPG BIMA PALIBELO TEKE,Nusa Tenggara Barat,Palibelo,Bima,"FPCP+3WF SPPG BIMA PALIBELO TEKE, Teke, Kec. Palibelo, Kabupaten Bima, Nusa Tenggara Bar. 84119",FALSE,TRUE,TRUE,-8.529814,118.737292,https://www.google.com/maps/place/SPPG+BIMA+PALIBELO+TEKE/data=!4m7!3m6!1s0x2db589002912049d:0x71348059dcde5b57!8m2!3d-8.5298139!4d118.7372922!16s%2Fg%2F11zx3bfv1g!19sChIJnQQSKQCJtS0RV1ve3FmANHE?authuser=0&hl=id&g_ep=EgoyMDI2MDkxNi4wIJJjKgBIAVAD&rclk=1,,
SPPG BIMA WAWO MARIA,Nusa Tenggara Barat,Sape,Bima,"FRGV+HJM SPPG BIMA WAWO MARIA, Jl. Lintas Bima-Sape, Maria Utara, Kec. Wawo, Kabupaten Bima, Nusa Tenggara Bar. 84119",FALSE,TRUE,TRUE,-8.523547,118.844058,https://www.google.com/maps/place/SPPG+BIMA+WAWO+MARIA/data=!4m7!3m6!1s0x2db58f001d378831:0x3f89a09458b64d42!8m2!3d-8.5235467!4d118.844058!16s%2Fg%2F11z6pvyk78!19sChIJMYg3HQCPtS0RQk22WJSgiT8?authuser=0&hl=id&g_ep=EgoyMDI2MDkxNi4wIJJjKgBIAVAD&rclk=1,,
SPPG HARUMI,Nusa Tenggara Barat,Wawo,Bima,"FRGV+HJJ SPPG Harumi, Maria, Kec. Wawo, Kabupaten Bima, Nusa Tenggara Bar. 84119",FALSE,TRUE,TRUE,-8.523546,118.844024,https://www.google.com/maps/place/SPPG+Harumi/data=!4m7!3m6!1s0x2db58f0028acfc23:0x5641cb76811e1eea!8m2!3d-8.5235464!4d118.8440245!16s%2Fg%2F11yg7qbyd_!19sChIJI_ysKACPtS0R6h4egXbLQVY?authuser=0&hl=id&g_ep=EgoyMDI2MDkxNi4wIJJjKgBIAVAD&rclk=1,,
LOKASI SPPG TALAPITI,Nusa Tenggara Barat,Ambalawi,Bima,"JR7C+Q3 LOKASI SPPG TALAPITI, Talapiti, Kec. Ambalawi, Kabupaten Bima, Nusa Tenggara Bar. 84153",FALSE,TRUE,TRUE,-8.385682,118.820806,https://www.google.com/maps/place/LOKASI+SPPG+TALAPITI/data=!4m7!3m6!1s0x2db58d002e597545:0xa2483be51024dcee!8m2!3d-8.3856818!4d118.8208061!16s%2Fg%2F11yqk4yn2x!19sChIJRXVZLgCNtS0R7twkEOU7SKI?authuser=0&hl=id&g_ep=EgoyMDI2MDkxNi4wIJJjKgBIAVAD&rclk=1,,
MBG-SPPG KOTA BIMA PARUGA 2 (GRAND DAPUR GROUP),,Rasanae Bar.,Bima,"Jl. Soekarno Hatta No.10, Paruga, Kec. Rasanae Bar., Kab. Bima, Nusa Tenggara Bar. 84117",FALSE,TRUE,TRUE,-8.45528,118.727807,https://www.google.com/maps/place/MBG-SPPG+KOTA+BIMA+PARUGA+2+%28Grand+Dapur+Group%29/data=!4m7!3m6!1s0x2db58b0071149fb3:0xbba063f677824348!8m2!3d-8.4552796!4d118.7278072!16s%2Fg%2F11yx790s7f!19sChIJs58UcQCLtS0RSEOCd_ZjoLs?authuser=0&hl=id&g_ep=EgoyMDI2MDkxNi4wIJJjKgBIAVAD&rclk=1,,
CALON SPPG KECAMATAN MPUNDA KOTA BIMA,Nusa Tenggara Barat,Mpunda,Bima,"Sadia 1, RT.01/RW.01, Sadia, Kec. Mpunda, Kab. Bima, Nusa Tenggara Bar. 84116",FALSE,TRUE,TRUE,-8.463509,118.742035,https://www.google.com/maps/place/Calon+SPPG+Kecamatan+Mpunda+Kota+Bima/data=!4m7!3m6!1s0x2db58b005d39ff7b:0x8736e2c7eec6de36!8m2!3d-8.4635087!4d118.7420351!16s%2Fg%2F11x7q0ymhf!19sChIJe_85XQCLtS0RNt7G7sfiNoc?authuser=0&hl=id&g_ep=EgoyMDI2MDkxNi4wIJJjKgBIAVAD&rclk=1,,
SPPG KOTA BIMA MPUNDA SANTI,Aceh,Permata,Bima,"Jl. Permata Raya, RT.05/RW.03, Santi, Kec. Mpunda, Kab. Bima, Nusa Tenggara Bar. 84119",FALSE,TRUE,TRUE,-8.455485,118.743998,https://www.google.com/maps/place/SPPG+Kota+Bima+Mpunda+Santi/data=!4m7!3m6!1s0x6960eab7345c2cfd:0x5d30610922542815!8m2!3d-8.462889!4d118.7447156!16s%2Fg%2F11zg01y8gg!19sChIJ_SxcNLfqYGkRFShUIglhMF0?authuser=0&hl=id&g_ep=EgoyMDI2MDkxNi4wIJJjKgBIAVAD&rclk=1,,
SPPG SARAE,,Rasanae Bar.,Bima,"HP4J+8C2 SPPG SARAE, Jl. Mawar Utara, RT.018/RW.006, Gilipanda, Sarae, Kec. Rasanae Bar., Kab. Bima, Nusa Tenggara Bar. 84118",FALSE,TRUE,TRUE,-8.444249,118.731014,https://www.google.com/maps/place/SPPG+SARAE/data=!4m7!3m6!1s0x2db58b007eab75dd:0x36ca265b693e77b3!8m2!3d-8.4442494!4d118.731014!16s%2Fg%2F11zgz8_bcl!19sChIJ3XWrfgCLtS0Rs3c-aVsmyjY?authuser=0&hl=id&g_ep=EgoyMDI2MDkxNi4wIJJjKgBIAVAD&rclk=1,,
SPPG KOTA BIMA MPUNDA MONGGONAO 2,Nusa Tenggara Barat,Mpunda,Bima,"Jl. Sukun No.6, Monggonao, Mpunda, Bima Regency, West Nusa Tenggara 84116",FALSE,TRUE,TRUE,-8.458125,118.740705,https://www.google.com/maps/place/SPPG+Kota+Bima+Mpunda+Monggonao+2/data=!4m7!3m6!1s0x2db58b0025493b09:0x5e5ab20e1bfbdd94!8m2!3d-8.458125!4d118.7407053!16s%2Fg%2F11npt129lg!19sChIJCTtJJQCLtS0RlN37Gw6yWl4?authuser=0&hl=id&g_ep=EgoyMDI2MDkxNi4wIJJjKgBIAVAD&rclk=1,,
SPPG KOTA BIMA MPUNDA PENATOI 2,Nusa Tenggara Barat,Mpunda,Kota Bima,"GPRX+8W5 SPPG Kota Bima Mpunda Penatoi 2, Jl. Gajah Mada, Penatoi, Kec. Mpunda, Kab. Bima, Nusa Tenggara Bar. 84111",FALSE,TRUE,TRUE,-8.459241,118.749871,https://www.google.com/maps/place/SPPG+Kota+Bima+Mpunda+Penatoi+2/data=!4m7!3m6!1s0x2db58b0066bc22f9:0x975af51c6257c622!8m2!3d-8.4592412!4d118.7498707!16s%2Fg%2F11z8k0mryj!19sChIJ-SK8ZgCLtS0RIsZXYhz1Wpc?authuser=0&hl=id&g_ep=EgoyMDI2MDkxNi4wIJJjKgBIAVAD&rclk=1,,
SPPG KOTA BIMA MPUNDA PENATOI,Nusa Tenggara Barat,Mpunda,Kota Bima,"GPRX+9PF SPPG Kota Bima Mpunda Penatoi, Penatoi, Kec. Mpunda, Kab. Bima, Nusa Tenggara Bar. 84116",FALSE,TRUE,TRUE,-8.459053,118.7493,https://www.google.com/maps/place/SPPG+Kota+Bima+Mpunda+Penatoi/data=!4m7!3m6!1s0x2db58b004d6311ad:0xe9565e9a0aa1cf45!8m2!3d-8.4590533!4d118.7492999!16s%2Fg%2F11nr8qtwwt!19sChIJrRFjTQCLtS0RRc-hCppeVuk?authuser=0&hl=id&g_ep=EgoyMDI2MDkxNi4wIJJjKgBIAVAD&rclk=1,,
SPPG KOTA BIMA ASAKOTA KOLO,Nusa Tenggara Barat,Asakota,Kota Bima,"HPW6+JP9 SPPG Kota Bima Asakota Kolo, Kolo, Kec. Asakota, Kab. Bima, Nusa Tenggara Bar.",FALSE,TRUE,TRUE,-8.40216,118.711386,https://www.google.com/maps/place/SPPG+Kota+Bima+Asakota+Kolo/data=!4m7!3m6!1s0x2db58b002a1eb9ab:0x95a7e56951721dd6!8m2!3d-8.4021604!4d118.7113864!16s%2Fg%2F11zgzb79mx!19sChIJq7keKgCLtS0R1h1yUWnlp5U?authuser=0&hl=id&g_ep=EgoyMDI2MDkxNi4wIJJjKgBIAVAD&rclk=1,,
SPPG UD. FIRMAN JAYA,Nusa Tenggara Barat,Ambalawi,Bima,"TENGGE II, RT.009/RW.003, Tolowata, Kec. Ambalawi, Kabupaten Bima, Nusa Tenggara Bar. 84153",FALSE,TRUE,TRUE,-8.352494,118.783233,https://www.google.com/maps/place/SPPG+UD.+FIRMAN+JAYA/data=!4m7!3m6!1s0x2db5f3da799ba18d:0x25670e5165e70c22!8m2!3d-8.3524936!4d118.7832331!16s%2Fg%2F11yjm6rcd1!19sChIJjaGbedrztS0RIgznZVEOZyU?authuser=0&hl=id&g_ep=EgoyMDI2MDkxNi4wIJJjKgBIAVAD&rclk=1,,
SPPG MAWU,Nusa Tenggara Barat,Ambalawi,Bima,"MRCM+9H5 SPPG MAWU, Mawu, Kec. Ambalawi, Kabupaten Bima, Nusa Tenggara Bar. 84153",FALSE,TRUE,TRUE,-8.329123,118.83399,https://www.google.com/maps/place/SPPG+MAWU/data=!4m7!3m6!1s0x2db5f30007ebde37:0x70a1ff483d290dfa!8m2!3d-8.3291226!4d118.8339903!16s%2Fg%2F11ms0zs1wc!19sChIJN97rBwDztS0R-g0pPUj_oXA?authuser=0&hl=id&g_ep=EgoyMDI2MDkxNi4wIJJjKgBIAVAD&rclk=1,,
SPPG KOTA BIMA RABA RABADOMPU BARAT 2,Nusa Tenggara Barat,Dompu,Dompu,"GQH7+9XH SPPG Kota Bima Raba Rabadompu Barat 2, Jl. Gajah Mada, RT.01/RW.01, Rabadompu Bar., Kec. Raba, Kab. Bima, Nusa Tenggara Bar. 84115",FALSE,TRUE,TRUE,-8.471571,118.764998,https://www.google.com/maps/place/SPPG+Kota+Bima+Raba+Rabadompu+Barat+2/data=!4m7!3m6!1s0x2db589005360766d:0x2df72a9cdb1c7897!8m2!3d-8.4715714!4d118.7649979!16s%2Fg%2F11mrp2hbn3!19sChIJbXZgUwCJtS0Rl3gc25wq9y0?authuser=0&hl=id&g_ep=EgoyMDI2MDkxNi4wIJJjKgBIAVAD&rclk=1,,
SPPG MPURI MADAPANGGA,Papua Barat Daya,Mpur,Bima,"Desa mpuri, Jalan lintas woro, dena, Kec. Mada Pangga, Kabupaten Bima, Nusa Tenggara Bar. 84111",FALSE,TRUE,TRUE,-8.548493,118.550798,https://www.google.com/maps/place/SPPG+Mpuri+Madapangga/data=!4m7!3m6!1s0x2dca71f8052ece8f:0xe10688031b0ff240!8m2!3d-8.5484935!4d118.5507984!16s%2Fg%2F11xzff2059!19sChIJj84uBfhxyi0RQPIPGwOIBuE?authuser=0&hl=id&g_ep=EgoyMDI2MDkxNi4wIJJjKgBIAVAD&rclk=1,,
SPPG BIMA TAMBORA LABUAN KANANGA,Nusa Tenggara Barat,Tambora,Bima,"VQCJ+V64 SPPG BIMA TAMBORA LABUAN KANANGA, Labuhan Kananga, Kec. Tambora, Kabupaten Bima, Nusa Tenggara Bar. 84191",FALSE,TRUE,TRUE,-8.127857,117.780583,https://www.google.com/maps/place/SPPG+BIMA+TAMBORA+LABUAN+KANANGA/data=!4m7!3m6!1s0x2dc97d0024619d17:0x6f5d450447f79ba4!8m2!3d-8.1278565!4d117.7805829!16s%2Fg%2F11zd101848!19sChIJF51hJAB9yS0RpJv3RwRFXW8?authuser=0&hl=id&g_ep=EgoyMDI2MDkxNi4wIJJjKgBIAVAD&rclk=1,,
SPPG BIMA LAMBU LANTA,Nusa Tenggara Barat,Lambu,Bima,"9XMX+V3C SPPG BIMA LAMBU LANTA, Lanta Bar., Lambu, Kabupaten Bima, Nusa Tenggara Bar. 84182",FALSE,TRUE,TRUE,-8.61531,118.997628,https://www.google.com/maps/place/SPPG+BIMA+LAMBU+LANTA/data=!4m7!3m6!1s0x2db59f0048831bdf:0x75c0d05a25e3ddbc!8m2!3d-8.6153103!4d118.9976278!16s%2Fg%2F11zh66yryr!19sChIJ3xuDSACftS0RvN3jJVrQwHU?authuser=0&hl=id&g_ep=EgoyMDI2MDkxNi4wIJJjKgBIAVAD&rclk=1,,
SPPG BIMA LAMBU NGGELU 2,Nusa Tenggara Barat,Lambu,Bima,"73PQ+GH SPPG BIMA LAMBU NGGELU 2, Nggelu, Lambu, Kabupaten Bima, Nusa Tenggara Bar. 84182",FALSE,TRUE,TRUE,-8.713686,119.088794,https://www.google.com/maps/place/SPPG+BIMA+LAMBU+NGGELU+2/data=!4m7!3m6!1s0x2db50b007fa8a495:0x1c5925a1c5bdda20!8m2!3d-8.7136865!4d119.0887944!16s%2Fg%2F11zdz4f95r!19sChIJlaSofwALtS0RINq9xaElWRw?authuser=0&hl=id&g_ep=EgoyMDI2MDkxNi4wIJJjKgBIAVAD&rclk=1,,
SPPG BIMA LAMBU SIMPASAI,Nusa Tenggara Barat,Lambu,Bima,"9XXM+7M8 SPPG BIMA LAMBU SIMPASAI, Simpasai, Lambu, Kabupaten Bima, Nusa Tenggara Bar. 84182",FALSE,TRUE,TRUE,-8.601838,118.984203,https://www.google.com/maps/place/SPPG+BIMA+LAMBU+SIMPASAI/data=!4m7!3m6!1s0x2db5990019eb5e9d:0x24389cd42e788168!8m2!3d-8.6018375!4d118.9842031!16s%2Fg%2F11zx3bj6xq!19sChIJnV7rGQCZtS0RaIF4LtScOCQ?authuser=0&hl=id&g_ep=EgoyMDI2MDkxNi4wIJJjKgBIAVAD&rclk=1,,
SPPG BIMA LAMBU LAMBU 2,Nusa Tenggara Barat,Lambu,Bima,"83WF+RWJ SPPG BIMA LAMBU LAMBU 2, Jl. Lintas Sumi-Lambu, Lambu, Kabupaten Bima, Nusa Tenggara Bar. 84182",FALSE,TRUE,TRUE,-8.652901,119.07478,https://www.google.com/maps/place/SPPG+BIMA+LAMBU+LAMBU+2/data=!4m7!3m6!1s0x2db5a10064d8882b:0x34977df7b23a6002!8m2!3d-8.6529013!4d119.07478!16s%2Fg%2F11zf5lxgqq!19sChIJK4jYZAChtS0RAmA6svd9lzQ?authuser=0&hl=id&g_ep=EgoyMDI2MDkxNi4wIJJjKgBIAVAD&rclk=1,,
SPPG DOMPU MANGGELEWA DOROMELO,Nusa Tenggara Barat,Manggalewa,Dompu,"F8M3+HW2 SPPG DOMPU MANGGELEWA DOROMELO, Doromelo, Kec. Manggalewa, Kabupaten Dompu, Nusa Tenggara Bar. 84253",FALSE,TRUE,TRUE,-8.516148,118.304725,"https://www.google.com/maps/place/SPPG+DOMPU+MANGGELEWA+DOROMELO/@-8.5161479,118.3047251,17z/data=!3m1!4b1!4m6!3m5!1s0x2dca690079f180d9:0xf3b90597785d341f!8m2!3d-8.5161479!4d118.3047251!16s%2Fg%2F11yz0t8p4x?hl=id&entry=ttu&g_ep=EgoyMDI2MDkxNi4wIKXMDSoASAFQAw%3D%3D",,
DAPUR SPPG MBG SAYAP SEHAT,Nusa Tenggara Barat,Dompu,Dompu,"Gg. So-Nowa jalan raya No.50, Nowa, Kec. Woja, Kabupaten Dompu, Nusa Tenggara Bar. 84251",FALSE,TRUE,TRUE,-8.546799,118.407858,https://www.google.com/maps/place/Dapur+SPPG+MBG+sayap+sehat/data=!4m7!3m6!1s0x2dca6f007d667135:0x7d5b3e9d0a986988!8m2!3d-8.546799!4d118.407858!16s%2Fg%2F11zknh809b!19sChIJNXFmfQBvyi0RiGmYCp0-W30?authuser=0&hl=id&g_ep=EgoyMDI2MDkxNi4wIJJjKgBIAVAD&rclk=1,,
SPPG DOMPU DOMPU DORA TANGGA,Nusa Tenggara Barat,Dompu,Dompu,"FFCC+GCR SPPG DOMPU DOMPU DORA TANGGA, Jl. Syech Moh., Dorotangga, Dompu, Dompu Regency, West Nusa Tenggara 84212",FALSE,TRUE,TRUE,-8.528532,118.471258,https://www.google.com/maps/place/SPPG+DOMPU+DOMPU+DORA+TANGGA/data=!4m7!3m6!1s0x2dca6f004090004f:0x6daa00adb8c15c9e!8m2!3d-8.528532!4d118.4712579!16s%2Fg%2F11nr1svyv1!19sChIJTwCQQABvyi0RnlzBuK0Aqm0?authuser=0&hl=id&g_ep=EgoyMDI2MDkxNi4wIJJjKgBIAVAD&rclk=1,,
SPPG YAYASAN DHIAUL FIKRI KARIJAWA DOMPU,Nusa Tenggara Barat,Dompu,Dompu,"FF72+JH4 SPPG Yayasan Dhiaul Fikri Karijawa Dompu, Jl. Baru Karijawa, Karijawa, Kec. Dompu, Kabupaten Dompu, Nusa Tenggara Bar. 84216",FALSE,TRUE,TRUE,-8.535999,118.451439,https://www.google.com/maps/place/SPPG+Yayasan+Dhiaul+Fikri+Karijawa+Dompu/data=!4m7!3m6!1s0x2dca6f000f23e3df:0x8ce47ba29fe5fdfa!8m2!3d-8.5359987!4d118.4514386!16s%2Fg%2F11ylptz1_f!19sChIJ3-MjDwBvyi0R-v3ln6J75Iw?authuser=0&hl=id&g_ep=EgoyMDI2MDkxNi4wIJJjKgBIAVAD&rclk=1,,
SPPG DOMPU DOREBARA,Nusa Tenggara Barat,Dompu,Dompu,"Jl. Lintas Mbawi, Dorebara, Kec. Dompu, Kabupaten Dompu, Nusa Tenggara Bar. 84251",FALSE,TRUE,TRUE,-8.57283,118.453246,https://www.google.com/maps/place/SPPG+DOMPU+DOREBARA/data=!4m7!3m6!1s0x2dca65b73ec87fc9:0x89ae57c0e23f6e7b!8m2!3d-8.57283!4d118.4532462!16s%2Fg%2F11z5d42x_2!19sChIJyX_IPrdlyi0Re24_4sBXrok?authuser=0&hl=id&g_ep=EgoyMDI2MDkxNi4wIJJjKgBIAVAD&rclk=1,,
SPPG LEPADI,Nusa Tenggara Barat,Dompu,Dompu,"CFMM+6GP SPPG LEPADI, Jl. Lintas Lakey, Lepadi, Kec. Pajo, Kabupaten Dompu, Nusa Tenggara Bar. 84214",FALSE,TRUE,TRUE,-8.566923,118.483827,https://www.google.com/maps/place/SPPG+LEPADI/data=!4m7!3m6!1s0x2dca650074369631:0x9cf9584997fbe8b4!8m2!3d-8.5669232!4d118.4838275!16s%2Fg%2F11z8gn9mc2!19sChIJMZY2dABlyi0RtOj7l0lY-Zw?authuser=0&hl=id&g_ep=EgoyMDI2MDkxNi4wIJJjKgBIAVAD&rclk=1,,
SATUAN PELAYANAN PEMENUHAN GIZI (SPPG),Nusa Tenggara Barat,Dompu,Dompu,"FC48+2FR Satuan Pelayanan Pemenuhan Gizi (SPPG), Matua, Kec. Woja, Kabupaten Dompu, Nusa Tenggara Bar. 84251",FALSE,TRUE,TRUE,-8.544896,118.416131,https://www.google.com/maps/place/Satuan+Pelayanan+Pemenuhan+Gizi+%28SPPG%29/data=!4m7!3m6!1s0x31d513003b2e6471:0x81787e594ec7efb6!8m2!3d0.3457665!4d101.1294786!16s%2Fg%2F11xz5jjyx5!19sChIJcWQuOwAT1TERtu_HTll-eIE?authuser=0&hl=id&g_ep=EgoyMDI2MDkxNi4wIJJjKgBIAVAD&rclk=1,,
SPPG DOMPU DOMPU SORI SAKOLO,Nusa Tenggara Barat,Dompu,Dompu,"FF62+PCC SPPG Dompu Dompu Sori sakolo, Jalan Baru, Karijawa, Kec. Dompu, Kabupaten Dompu, Nusa Tenggara Bar. 84216",FALSE,TRUE,TRUE,-8.538184,118.451027,https://www.google.com/maps/place/SPPG+Dompu+Dompu+Sori+sakolo/data=!4m7!3m6!1s0x2dca6f004e0b3dfb:0x909d642641e98c1a!8m2!3d-8.538184!4d118.4510275!16s%2Fg%2F11zh290ry5!19sChIJ-z0LTgBvyi0RGozpQSZknZA?authuser=0&hl=id&g_ep=EgoyMDI2MDkxNi4wIJJjKgBIAVAD&rclk=1,,
SPPG DOMPU WOJA MATUA 2,Nusa Tenggara Barat,Dompu,Dompu,"FC9H+89C SPPG DOMPU WOJA MATUA 2, Matua, Kec. Woja, Kabupaten Dompu, Nusa Tenggara Bar. 84219",FALSE,TRUE,TRUE,-8.531145,118.428679,https://www.google.com/maps/place/SPPG+DOMPU+WOJA+MATUA+2/data=!4m7!3m6!1s0x2dca6f003aacad13:0x4090b5df26ecf8bb!8m2!3d-8.531145!4d118.428679!16s%2Fg%2F11z8wmlyqd!19sChIJE62sOgBvyi0Ru_jsJt-1kEA?authuser=0&hl=id&g_ep=EgoyMDI2MDkxNi4wIJJjKgBIAVAD&rclk=1,,
SPPG BINTANG 77 PAJO,Pajo,Dompu,Bintan,"9FXQ+RMR SPPG BINTANG 77 PAJO, Jl. Lintas Lakey, Ranggo, Kec. Pajo, Kabupaten Dompu, Nusa Tenggara Bar. 84272",FALSE,TRUE,TRUE,-8.601173,118.489443,https://www.google.com/maps/place/SPPG+BINTANG+77+PAJO/data=!4m7!3m6!1s0x2dca7b0060f2fbeb:0xe8540ee2f322f738!8m2!3d-8.6011729!4d118.4894432!16s%2Fg%2F11n4xj8lq4!19sChIJ6_vyYAB7yi0ROPci8-IOVOg?authuser=0&hl=id&g_ep=EgoyMDI2MDkxNi4wIJJjKgBIAVAD&rclk=1,,
SPPG DOMPU WOJA BARA 2,Nusa Tenggara Barat,Dompu,Dompu,"C9XM+JW9 SPPG Dompu Woja Bara 2, Dusun Fo,o mpongi, Bara, Kec. Woja, Kabupaten Dompu, Nusa Tenggara Bar. 84251",FALSE,TRUE,TRUE,-8.550971,118.384866,https://www.google.com/maps/place/SPPG+Dompu+Woja+Bara+2/data=!4m7!3m6!1s0x2dca69003c6b016d:0xe48423db7bc10a28!8m2!3d-8.5509705!4d118.3848658!16s%2Fg%2F11zchnqkqn!19sChIJbQFrPABpyi0RKArBe9sjhOQ?authuser=0&hl=id&g_ep=EgoyMDI2MDkxNi4wIJJjKgBIAVAD&rclk=1,,
SPPG DOMPU MANGGEASI DOMPU,Nusa Tenggara Barat,Sumbawa,Sumbawa,"FFHG+CGH SPPG DOMPU MANGGEASI DOMPU, Jl. Lintas Sumbawa - Bima, Mangge Asi, Kec. Dompu, Kabupaten Dompu, Nusa Tenggara Bar. 84214",FALSE,TRUE,TRUE,-8.52131,118.476436,https://www.google.com/maps/place/SPPG+DOMPU+MANGGEASI+DOMPU/data=!4m7!3m6!1s0x2dca6f003f9a916d:0x7f4c626786cb9525!8m2!3d-8.5213098!4d118.4764356!16s%2Fg%2F11yvj9yg51!19sChIJbZGaPwBvyi0RJZXLhmdiTH8?authuser=0&hl=id&g_ep=EgoyMDI2MDkxNi4wIJJjKgBIAVAD&rclk=1,,
DAPUR SPPG MUMBU,Nusa Tenggara Barat,Dompu,Dompu,"C92J+573 DAPUR SPPG MUMBU, Mumbu, Kec. Woja, Kabupaten Dompu, Nusa Tenggara Bar. 84251",FALSE,TRUE,TRUE,-8.599615,118.380668,https://www.google.com/maps/place/DAPUR+SPPG+MUMBU/data=!4m7!3m6!1s0x2dca67003df62e1b:0x41e7e298455c9bc1!8m2!3d-8.5996149!4d118.3806675!16s%2Fg%2F11ywd8rxvk!19sChIJGy72PQBnyi0RwZtcRZji50E?authuser=0&hl=id&g_ep=EgoyMDI2MDkxNi4wIJJjKgBIAVAD&rclk=1,,
SPPG 3T DOMPU WOJA RIWO 2,Nusa Tenggara Barat,Dompu,Dompu,"9975+C3H SPPG 3T Dompu Woja Riwo 2, Riwo, Kec. Woja, Kabupaten Dompu, Nusa Tenggara Bar. 84251",FALSE,TRUE,TRUE,-8.636583,118.357039,https://www.google.com/maps/place/SPPG+3T+Dompu+Woja+Riwo+2/data=!4m7!3m6!1s0x2dca67001e3b8447:0x3a10c4756ec52363!8m2!3d-8.636583!4d118.3570386!16s%2Fg%2F11npj161cg!19sChIJR4Q7HgBnyi0RYyPFbnXEEDo?authuser=0&hl=id&g_ep=EgoyMDI2MDkxNi4wIJJjKgBIAVAD&rclk=1,,
SPPG DOMPU WOJA KANDAI II,Nusa Tenggara Barat,Dompu,Dompu,"Jl Ompu Beko, Kandai Dua, Kec. Woja, Kabupaten Dompu, Nusa Tenggara Bar. 84219",FALSE,TRUE,TRUE,-8.525542,118.437378,https://www.google.com/maps/place/SPPG+DOMPU+WOJA+KANDAI+II/data=!4m7!3m6!1s0x2dca6f6981063a99:0x89b048f809a11d71!8m2!3d-8.5255419!4d118.4373782!16s%2Fg%2F11z1v4lqj9!19sChIJmToGgWlvyi0RcR2hCfhIsIk?authuser=0&hl=id&g_ep=EgoyMDI2MDkxNi4wIJJjKgBIAVAD&rclk=1,,
"SPPG TAA, KEMPO",Nusa Tenggara Barat,Dompu,Dompu,"F785+V87 SPPG TAA, KEMPO, Taa, Kec. Kempo, Kabupaten Dompu, Nusa Tenggara Bar. 84261",FALSE,TRUE,TRUE,-8.532838,118.258287,"https://www.google.com/maps/place/SPPG+TA%27A,+KEMPO/data=!4m7!3m6!1s0x2dca43005cb07021:0xd07b57c73ecf696e!8m2!3d-8.532838!4d118.2582868!16s%2Fg%2F11yhbw60fw!19sChIJIXCwXABDyi0RbmnPPsdXe9A?authuser=0&hl=id&g_ep=EgoyMDI2MDkxNi4wIJJjKgBIAVAD&rclk=1",,
SPPG DOMPU PEKAT KADINDI 2,Nusa Tenggara Barat,Dompu,Dompu,"RQ83+3PQ SPPG DOMPU PEKAT KADINDI 2, Jl. Datuk Anggrat, Kadindi, Kec. Pekat, Kabupaten Dompu, Nusa Tenggara Bar. 84261",FALSE,TRUE,TRUE,-8.184787,117.754356,https://www.google.com/maps/place/SPPG+DOMPU+PEKAT+KADINDI+2/data=!4m7!3m6!1s0x2dcbd700541cb45b:0xe60db7891350f11a!8m2!3d-8.184787!4d117.7543556!16s%2Fg%2F11zh6q3mds!19sChIJW7QcVADXyy0RGvFQE4m3DeY?authuser=0&hl=id&g_ep=EgoyMDI2MDkxNi4wIJJjKgBIAVAD&rclk=1,,
SPPG DOMPU PEKAT PEKAT,Nusa Tenggara Barat,Dompu,Dompu,"QP9G+H4C SPPG DOMPU PEKAT PEKAT, Latonda 1 Barat, Calabai, Kec. Pekat, Kabupaten Dompu, Nusa Tenggara Bar. 84261",FALSE,TRUE,TRUE,-8.231074,117.725256,https://www.google.com/maps/place/SPPG+DOMPU+PEKAT+PEKAT/data=!4m7!3m6!1s0x2dcbdb004c72f1b7:0xe49f0572dcc20ef3!8m2!3d-8.231074!4d117.7252563!16s%2Fg%2F11z0yy207b!19sChIJt_FyTADbyy0R8w7C3HIFn-Q?authuser=0&hl=id&g_ep=EgoyMDI2MDkxNi4wIJJjKgBIAVAD&rclk=1,,
SPPG DOMPU HUU RASABOU 2,Nusa Tenggara Barat,Dompu,Dompu,"7C8H+4FR SPPG Dompu Huu Rasabou 2, Persiapan Jala, Huu, Dompu Regency, West Nusa Tenggara 84271",FALSE,TRUE,TRUE,-8.734636,118.428652,https://www.google.com/maps/place/Kec.+Kilo/data=!4m7!3m6!1s0x2dca146ed40a5035:0x5e977b9404419007!8m2!3d-8.3098905!4d118.3947476!16s%2Fg%2F1215ck5n!19sChIJNVAK1G4Uyi0RB5BBBJR7l14?authuser=0&hl=id&g_ep=EgoyMDI2MDkxNi4wIJJjKgBIAVAD&rclk=1,,
SPPG KOTA BIMA MPUNDA SANTI,Nusa Tenggara Barat,Mpunda,Bima,"Jl. Permata Raya, RT.05/RW.03, Santi, Kec. Mpunda, Kab. Bima, Nusa Tenggara Bar. 84119",FALSE,FALSE,FALSE,-8.455485,118.743998,https://www.google.com/maps/place/SPPG+Kota+Bima+Mpunda+Santi/data=!4m7!3m6!1s0x6960eab7345c2cfd:0x5d30610922542815!8m2!3d-8.462889!4d118.7447156!16s%2Fg%2F11zg01y8gg!19sChIJ_SxcNLfqYGkRFShUIglhMF0?authuser=0&hl=id&g_ep=EgoyMDI2MDkxNi4wIJJjKgBIAVAD&rclk=1,,
SPPG KOTA BIMA MPUNDA MANDE,Nusa Tenggara Barat,Mpunda,Kota Bima,"Jl. Tendean 3, Kelurahan Mande, Kecamatan Mpunda, Kota Bima,",FALSE,FALSE,FALSE,-2.44565,117.8888,https://www.google.com/maps/place/SPPG+KOTA+BIMA+MPUNDA+MANDE/data=!4m7!3m6!1s0xfe66db519a76501:0x18029d5c4ab5d4e8!8m2!3d-2.44565!4d117.8888!16s%2Fg%2F11yy8n9vhb!19sChIJAWWnGbVt5g8R6NS1SlydAhg?authuser=0&hl=id&g_ep=EgoyMDI2MDkxNi4wIJJjKgBIAVAD&rclk=1,,
SPPG KOTA BIMA RABA RABADOMPU BARAT,Nusa Tenggara Barat,Raba,Bima,"GQ97+HQ9 SPPG Kota Bima Raba Rabadompu Barat, Rabadompu Bar., Kec. Raba, Kab. Bima, Nusa Tenggara Bar. 84115",FALSE,TRUE,TRUE,-8.481095,118.764498,https://www.google.com/maps/place/SPPG+Kota+Bima+Raba+Rabadompu+Barat/data=!4m7!3m6!1s0x2db58900645f5ae5:0x303f48e969251b98!8m2!3d-8.4810951!4d118.7644977!16s%2Fg%2F11y01pkbcq!19sChIJ5VpfZACJtS0RmBslaelIPzA?authuser=0&hl=id&g_ep=EgoyMDI2MDkxNi4wIJJjKgBIAVAD&rclk=1,,
SPPG PARUGA,Nusa Tenggara Barat,Rasanae Bar.,Bima,"GPVH+VGV SPPG PARUGA, Jl. Soekarno Hatta, Paruga, Kec. Rasanae Bar., Kab. Bima, Nusa Tenggara Bar. 84118",FALSE,TRUE,TRUE,-8.455229,118.728757,https://www.google.com/maps/place/SPPG+PARUGA/data=!4m7!3m6!1s0x2db58b00213adf83:0x98b1a8d5e0d24f27!8m2!3d-8.4552287!4d118.7287568!16s%2Fg%2F11y0dw8g2k!19sChIJg986IQCLtS0RJ0_S4NWosZg?authuser=0&hl=id&g_ep=EgoyMDI2MDkxNi4wIJJjKgBIAVAD&rclk=1,,
SPPG KOTA MATARAM - AMPENAN TENGAH,Nusa Tenggara Barat,Ampenan,Kota Mataram,"Jl. Semangka No.45-30, Central Ampenan, Ampenan, Mataram City, West Nusa Tenggara 83511",FALSE,TRUE,FALSE,-8.573298,116.080936,https://www.google.com/maps/place/SPPG+Kota+Mataram+-+Ampenan+Tengah/data=!4m7!3m6!1s0x2dcdc100652368b3:0x1cd7755261ce9d6b!8m2!3d-8.5732977!4d116.0809359!16s%2Fg%2F11y_ptswrf!19sChIJs2gjZQDBzS0Ra53OYVJ11xw?authuser=0&hl=id&g_ep=EgoyMDI2MDkxNi4wIJJjKgBIAVAD&rclk=1,,
SPPG KOTA MATARAM MATARAM PAGUTAN 4,Nusa Tenggara Barat,Mataram,Kota Mataram,"94H7+J2P SPPG Kota Mataram Mataram Pagutan 4, Pagutan Bar., Kec. Mataram, Kota Mataram, Nusa Tenggara Bar. 83361",FALSE,TRUE,TRUE,-8.620923,116.112563,https://www.google.com/maps/place/SPPG+Kota+Mataram+Mataram+Pagutan+4/data=!4m7!3m6!1s0x2dcdbf000068aa7f:0x53aee053fc2c2a10!8m2!3d-8.6209235!4d116.1125634!16s%2Fg%2F11npf48fkf!19sChIJf6poAAC_zS0RECos_FPgrlM?authuser=0&hl=id&g_ep=EgoyMDI2MDkxNi4wIJJjKgBIAVAD&rclk=1,,
SPPG KOTA MATARAM SEKARBELA JEMPONG BARU YAYASAN BANU MAHSUN,Nusa Tenggara Barat,Sekarbela,Kota Mataram,"93JJ+47X SPPG KOTA MATARAM SEKARBELA JEMPONG BARU YAYASAN BANU MAHSUN, Jempong Baru, Kec. Sekarbela, Kota Mataram, Nusa Tenggara Bar. 83361",FALSE,TRUE,TRUE,-8.619636,116.08075,https://www.google.com/maps/place/SPPG+KOTA+MATARAM+SEKARBELA+JEMPONG+BARU+YAYASAN+BANU+MAHSUN/data=!4m7!3m6!1s0x2dcdbf006d951da5:0x64868de2745d2664!8m2!3d-8.6196358!4d116.0807499!16s%2Fg%2F11njhq3xm2!19sChIJpR2VbQC_zS0RZCZddOKNhmQ?authuser=0&hl=id&g_ep=EgoyMDI2MDkxNi4wIJJjKgBIAVAD&rclk=1,,
SPPG KOTA MATARAM SELAPARANG MONJOK 1,Nusa Tenggara Barat,Selaparang,Kota Mataram,"C4FF+26C SPPG Kota Mataram Selaparang Monjok 1, Jl. Ade Irma Suryani, Monjok, Kec. Selaparang, Kota Mataram, Nusa Tenggara Bar. 83122",FALSE,TRUE,TRUE,-8.577434,116.123029,https://www.google.com/maps/place/SPPG+Kota+Mataram+Selaparang+Monjok+1/data=!4m7!3m6!1s0x2dcdc10075f11271:0x41b34e817ad4595a!8m2!3d-8.5774338!4d116.1230294!16s%2Fg%2F11ml_sr8ct!19sChIJcRLxdQDBzS0RWlnUeoFOs0E?authuser=0&hl=id&g_ep=EgoyMDI2MDkxNi4wIJJjKgBIAVAD&rclk=1,,
SPPG KOTA MATARAM SELAPARANG MATARAM BARAT 2,Nusa Tenggara Barat,Selaparang,Kota Mataram,"Barat Jalur Tk.Iqro, Jl. Udayana Jl. Gili Gede, Mataram Barat, Kec. Selaparang, Kota Mataram, Nusa Tenggara Bar. 83123",FALSE,TRUE,TRUE,-8.569263,116.103509,https://www.google.com/maps/place/SPPG+KOTA+MATARAM+SELAPARANG+MATARAM+BARAT+2/data=!4m7!3m6!1s0x2dcdc10013cb0ad1:0x8f733aed433a4bdf!8m2!3d-8.5692629!4d116.1035087!16s%2Fg%2F11zc422372!19sChIJ0QrLEwDBzS0R30s6Q-06c48?authuser=0&hl=id&g_ep=EgoyMDI2MDkxNi4wIJJjKgBIAVAD&rclk=1,,
SPPG KOTA MATARAM SELAPARANG REMBIGA 3,Nusa Tenggara Barat,Selaparang,Kota Mataram,"Rembiga, Selaparang, Mataram City, West Nusa Tenggara 83124",FALSE,TRUE,FALSE,-8.563729,116.116072,https://www.google.com/maps/place/SPPG+Kota+Mataram+Selaparang+Rembiga+3/data=!4m7!3m6!1s0x2dcdc10010259ae9:0x4f64445714520760!8m2!3d-8.5637288!4d116.1160724!16s%2Fg%2F11zbckzg8t!19sChIJ6ZolEADBzS0RYAdSFFdEZE8?authuser=0&hl=id&g_ep=EgoyMDI2MDkxNi4wIJJjKgBIAVAD&rclk=1,,
SPPG KOTA MATARAM MATARAM PEJANGGIK 2,Nusa Tenggara Barat,Selaparang,Kota Mataram,"Jl. Transmigrasi No.71, Monjok Tim., Kec. Selaparang, Kota Mataram, Nusa Tenggara Bar. 83239",FALSE,TRUE,TRUE,-8.579721,116.121815,https://www.google.com/maps/place/SPPG+Kota+Mataram+Mataram+Pejanggik+2/data=!4m7!3m6!1s0x2dcdc10029ce28fb:0x4a5377864e788ffe!8m2!3d-8.5797213!4d116.121815!16s%2Fg%2F11z79t0w7r!19sChIJ-yjOKQDBzS0R_o94ToZ3U0o?authuser=0&hl=id&g_ep=EgoyMDI2MDkxNi4wIJJjKgBIAVAD&rclk=1,,
SPPG KOTA MATARAM AMPENAN TAMAN SARI,Kepulauan Bangka Belitung,Taman Sari,Kota Mataram,"Jl. Panji Tilar Negara No.36, Taman Sari, Kec. Ampenan, Kota Mataram, Nusa Tenggara Bar. 83114",FALSE,TRUE,TRUE,-8.587725,116.085257,https://www.google.com/maps/place/SPPG+Kota+Mataram+Ampenan+Taman+Sari/data=!4m7!3m6!1s0x2dcdc166f3988bcd:0x1362712f56c80072!8m2!3d-8.5877246!4d116.0852575!16s%2Fg%2F11y0sg486r!19sChIJzYuY82bBzS0RcgDIVi9xYhM?authuser=0&hl=id&g_ep=EgoyMDI2MDkxNi4wIJJjKgBIAVAD&rclk=1,,
SPPG MATARAM BARAT 3,Nusa Tenggara Barat,Selaparang,Kota Mataram,"Jl. Pariwisata No.16, Mataram Bar., Kec. Selaparang, Kota Mataram, Nusa Tenggara Bar. 83122",FALSE,TRUE,TRUE,-8.58058,116.108835,https://www.google.com/maps/place/SPPG+MATARAM+BARAT+3/data=!4m7!3m6!1s0x2dcdc10073ef6a07:0x120da1ad0c31de50!8m2!3d-8.5805796!4d116.1088351!16s%2Fg%2F11zx3r4j_m!19sChIJB2rvcwDBzS0RUN4xDK2hDRI?authuser=0&hl=id&g_ep=EgoyMDI2MDkxNi4wIJJjKgBIAVAD&rclk=1,,
SPPG KOTA MATARAM SELAPARANG MONJOK TIMUR,Nusa Tenggara Barat,Selaparang,Kota Mataram,"Jl. Ade Irma Suryani No.28A, Monjok Tim., Kec. Selaparang, Kota Mataram, Nusa Tenggara Bar. 83112",FALSE,TRUE,TRUE,-8.577896,116.120858,https://www.google.com/maps/place/SPPG+Kota+Mataram+Selaparang+Monjok+Timur/data=!4m7!3m6!1s0x2dcdc100102802a9:0x8bdb8cae4f0424cd!8m2!3d-8.5778955!4d116.1208585!16s%2Fg%2F11npcbnqv9!19sChIJqQIoEADBzS0RzSQET66M24s?authuser=0&hl=id&g_ep=EgoyMDI2MDkxNi4wIJJjKgBIAVAD&rclk=1,,
SPPG KEKALIK JAYA 3,Nusa Tenggara Barat,Sekarbela,Kota Mataram,"Jl. Swasembada No.40b, Kekalik Jaya, Kec. Sekarbela, Kota Mataram, Nusa Tenggara Bar. 83115",FALSE,TRUE,TRUE,-8.593259,116.088954,https://www.google.com/maps/place/SPPG+KEKALIK+JAYA+3/data=!4m7!3m6!1s0x2dcdbf0058f08555:0xb24e968d5f9cd4a8!8m2!3d-8.5932591!4d116.088954!16s%2Fg%2F11npd8myt1!19sChIJVYXwWAC_zS0RqNScX42WTrI?authuser=0&hl=id&g_ep=EgoyMDI2MDkxNi4wIJJjKgBIAVAD&rclk=1,,
SPPG KOTA MATARAM SELAPARANG MONJOK 2,Nusa Tenggara Barat,Selaparang,Kota Mataram,"Jl. R.A. Kartini No.23, Monjok, Kec. Selaparang, Kota Mataram, Nusa Tenggara Bar. 83122",FALSE,TRUE,TRUE,-8.577685,116.115004,https://www.google.com/maps/place/SPPG+KOTA+MATARAM+SELAPARANG+MONJOK+2/data=!4m7!3m6!1s0x2dcdc10011e2aaa5:0xfedf1bedcaf45715!8m2!3d-8.577685!4d116.1150039!16s%2Fg%2F11myxj7dqm!19sChIJpariEQDBzS0RFVf0yu0b3_4?authuser=0&hl=id&g_ep=EgoyMDI2MDkxNi4wIJJjKgBIAVAD&rclk=1,,
SPPG KOTA MATARAM SELAPARANG REMBIGA,Nusa Tenggara Barat,Selaparang,Kota Mataram,"C4Q4+PWQ SPPG KOTA MATARAM SELAPARANG REMBIGA, Rembiga, Selaparang, Mataram City, West Nusa Tenggara 83124",FALSE,TRUE,TRUE,-8.560657,116.107363,https://www.google.com/maps/place/SPPG+KOTA+MATARAM+SELAPARANG+REMBIGA/data=!4m7!3m6!1s0x2dcdc1007a669c3b:0xc3304b2bd95e2592!8m2!3d-8.5606566!4d116.1073635!16s%2Fg%2F11zb9k51l5!19sChIJO5xmegDBzS0RkiVe2StLMMM?authuser=0&hl=id&g_ep=EgoyMDI2MDkxNi4wIJJjKgBIAVAD&rclk=1,,
SPPG KOTA MATARAM CAKRANEGARA SELATAN 1,Nusa Tenggara Barat,Cakranegara,Kota Mataram,"Jl. Nagapasa No.5, Cakranegara Sel., Kec. Cakranegara, Kota Mataram, Nusa Tenggara Bar. 83233",FALSE,TRUE,TRUE,-8.594018,116.134656,https://www.google.com/maps/place/SPPG+KOTA+MATARAM+CAKRANEGARA+SELATAN+1/data=!4m7!3m6!1s0x2dcdbf0075988f3d:0x14b983141dc1981b!8m2!3d-8.5940182!4d116.1346557!16s%2Fg%2F11z89ll1l2!19sChIJPY-YdQC_zS0RG5jBHRSDuRQ?authuser=0&hl=id&g_ep=EgoyMDI2MDkxNi4wIJJjKgBIAVAD&rclk=1,,
SPPG TANJUNG KARANG PERMAI,Nusa Tenggara Barat,Sekarbela,Kota Mataram,"Jl. Arya Banjar Getas Jl. Abg Udang No.2, Kekalik Jaya, Kec. Sekarbela, Kota Mataram, Nusa Tenggara Bar. 83114",FALSE,TRUE,TRUE,-8.591812,116.078598,https://www.google.com/maps/place/SPPG+Tanjung+Karang+Permai/data=!4m7!3m6!1s0x2dcdbf0054bb4b35:0x129f25c58113656d!8m2!3d-8.5918125!4d116.0785979!16s%2Fg%2F11npjymnqm!19sChIJNUu7VAC_zS0RbWUTgcUlnxI?authuser=0&hl=id&g_ep=EgoyMDI2MDkxNi4wIJJjKgBIAVAD&rclk=1,,
SPPG KOTA MATARAM MATARAM PAGUTAN,Nusa Tenggara Barat,Mataram,Kota Mataram,"Jl. Banda Seraya No.14, Pagutan Barat, Mataram, Mataram City, West Nusa Tenggara 83117",FALSE,TRUE,FALSE,-8.61313,116.107796,https://www.google.com/maps/place/SPPG+KOTA+MATARAM+MATARAM+PAGUTAN/data=!4m7!3m6!1s0x2dcdbf0007bfbe6b:0xb037b77dbf32889f!8m2!3d-8.6131298!4d116.1077961!16s%2Fg%2F11zcfm1rpk!19sChIJa76_BwC_zS0Rn4gyv323N7A?authuser=0&hl=id&g_ep=EgoyMDI2MDkxNi4wIJJjKgBIAVAD&rclk=1,,
SPPG KOTA MATARAM KARANG BARU,Nusa Tenggara Barat,Selaparang,Kota Mataram,"C4H5+H7W SPPG KOTA MATARAM KARANG BARU, Jl. Dr. Soetomo, Karang Baru, Kec. Selaparang, Kota Mataram, Nusa Tenggara Bar. 83123",FALSE,TRUE,TRUE,-8.571008,116.108198,https://www.google.com/maps/place/SPPG+KOTA+MATARAM+KARANG+BARU/data=!4m7!3m6!1s0x2dcdc1001472eca1:0x95809a103c7bb4a4!8m2!3d-8.5710078!4d116.1081981!16s%2Fg%2F11zgtznqn6!19sChIJoexyFADBzS0RpLR7PBCagJU?authuser=0&hl=id&g_ep=EgoyMDI2MDkxNi4wIJJjKgBIAVAD&rclk=1,,
SPPG MATARAM TIMUR,Nusa Tenggara Barat,Mataram,Kota Mataram,"Jl. Amir Hamzah No.100, Mataram Tim., Kec. Mataram, Kota Mataram, Nusa Tenggara Bar. 83127",FALSE,TRUE,TRUE,-8.589791,116.113509,https://www.google.com/maps/place/SPPG+MATARAM+TIMUR/data=!4m7!3m6!1s0x2dcdbf0075767d0d:0xf2212dcae314fd3c!8m2!3d-8.5897912!4d116.1135092!16s%2Fg%2F11npcwps6y!19sChIJDX12dQC_zS0RPP0U48otIfI?authuser=0&hl=id&g_ep=EgoyMDI2MDkxNi4wIJJjKgBIAVAD&rclk=1,,
SPPG KOTA MATARAM AMPENAN PAJARAKAN KARYA 3,Jawa Timur,Pejarakan,Kota Mataram,"Jl. Lestari No.3d, Pejarakan Karya, Kec. Ampenan, Kota Mataram, Nusa Tenggara Bar. 83113",FALSE,TRUE,TRUE,-8.569569,116.096096,https://www.google.com/maps/place/SPPG+Kota+Mataram+Ampenan+Pajarakan+Karya+3/data=!4m7!3m6!1s0x2dcdc10064c3d507:0x7c78093bdabeb1a5!8m2!3d-8.569569!4d116.0960964!16s%2Fg%2F11zcfhrwxt!19sChIJB9XDZADBzS0RpbG-2jsJeHw?authuser=0&hl=id&g_ep=EgoyMDI2MDkxNi4wIJJjKgBIAVAD&rclk=1,,
SPPG CAKRANEGARA UTARA 2,Nusa Tenggara Barat,Cakranegara,Kota Mataram,"C49Q+RP4 SPPG CAKRANEGARA UTARA 2, Jl. Gora 1, Selagalas, Kec. Sandubaya, Kota Mataram, Nusa Tenggara Bar. 83237",FALSE,TRUE,TRUE,-8.580503,116.13932,https://www.google.com/maps/place/SPPG+Cakranegara+Utara+2/data=!4m7!3m6!1s0x2dcdc70033c73729:0x91d5ff2869b9f45e!8m2!3d-8.5805454!4d116.1389627!16s%2Fg%2F11z4qk8dtp!19sChIJKTfHMwDHzS0RXvS5aSj_1ZE?authuser=0&hl=id&g_ep=EgoyMDI2MDkxNi4wIJJjKgBIAVAD&rclk=1,,
SPPG CAKRANEGARA UTARA 3,Nusa Tenggara Barat,Cakranegara,Kota Mataram,"C4FP+264 Sppg Cakranegara Utara 3, Jl. Nangka, Cakranegara Utara, Kec. Cakranegara, Kota Mataram, Nusa Tenggara Bar. 83237",FALSE,TRUE,TRUE,-8.577325,116.134852,https://www.google.com/maps/place/Sppg+Cakranegara+Utara+3/data=!4m7!3m6!1s0x2dcdc70072b04cdf:0xae4a3cff2a1b518d!8m2!3d-8.577325!4d116.1348519!16s%2Fg%2F11zbcxbrx3!19sChIJ30ywcgDHzS0RjVEbKv88Sq4?authuser=0&hl=id&g_ep=EgoyMDI2MDkxNi4wIJJjKgBIAVAD&rclk=1,,
SPPG REMBIGA 4,Nusa Tenggara Barat,Selaparang,Kota Mataram,"Jl. Jend. Sudirman No.108, Gegutu, Rembiga, Selaparang, Mataram City, West Nusa Tenggara 83124",FALSE,TRUE,FALSE,-8.564959,116.12291,https://www.google.com/maps/place/SPPG+REMBIGA+4/data=!4m7!3m6!1s0x2dcdc1001308d395:0x914c55099499cc07!8m2!3d-8.5649586!4d116.1229097!16s%2Fg%2F11n415mh3r!19sChIJldMIEwDBzS0RB8yZlAlVTJE?authuser=0&hl=id&g_ep=EgoyMDI2MDkxNi4wIJJjKgBIAVAD&rclk=1,,
SPPG CAKRANEGARA UTARA 2,Nusa Tenggara Barat,Sandubaya,Kota Mataram,"Jl. Gora No.88, Selagalas, Kec. Sandubaya, Kota Mataram, Nusa Tenggara Bar. 83237",FALSE,TRUE,TRUE,-8.580545,116.138963,https://www.google.com/maps/place/SPPG+Cakranegara+Utara+2/data=!4m7!3m6!1s0x2dcdc70033c73729:0x91d5ff2869b9f45e!8m2!3d-8.5805454!4d116.1389627!16s%2Fg%2F11z4qk8dtp!19sChIJKTfHMwDHzS0RXvS5aSj_1ZE?authuser=0&hl=id&g_ep=EgoyMDI2MDkxNi4wIJJjKgBIAVAD&rclk=1,,
SPPG CAKRANEGARA SELATAN,Nusa Tenggara Barat,Cakranegara,Kota Mataram,"C43M+PRR SPPG CAKRANEGARA SELATAN, Jl. Tj. Ringgit, Cakranegara Sel., Kec. Cakranegara, Kota Mataram, Nusa Tenggara Bar. 83233",FALSE,TRUE,TRUE,-8.595709,116.134862,https://www.google.com/maps/place/SPPG+CAKRANEGARA+SELATAN/data=!4m7!3m6!1s0x2dcdbf0045416f55:0x7f15036df93db897!8m2!3d-8.5957091!4d116.1348623!16s%2Fg%2F11yxn9cv79!19sChIJVW9BRQC_zS0Rl7g9-W0DFX8?authuser=0&hl=id&g_ep=EgoyMDI2MDkxNi4wIJJjKgBIAVAD&rclk=1,,
SPPG CAKRANEGARA UTARA,Nusa Tenggara Barat,Cakranegara,Kota Mataram,"C49M+CM9 SPPG CAKRANEGARA UTARA, Cakranegara Utara, Kec. Cakranegara, Kota Mataram, Nusa Tenggara Bar. 83239",FALSE,TRUE,TRUE,-8.581468,116.13422,https://www.google.com/maps/place/SPPG+CAKRANEGARA+UTARA/data=!4m7!3m6!1s0x2dcdc1003d0e9517:0x7277dfb578d822fc!8m2!3d-8.5814684!4d116.1342205!16s%2Fg%2F11ywkgs73_!19sChIJF5UOPQDBzS0R_CLYeLXfd3I?authuser=0&hl=id&g_ep=EgoyMDI2MDkxNi4wIJJjKgBIAVAD&rclk=1,,
SPPG KOTA MATARAM CAKRANEGARA KARANG TALIWANG,Nusa Tenggara Barat,Cakranegara,Kota Mataram,"C4CH+P9P SPPG Kota Mataram Cakranegara Karang Taliwang, Jl. Ade Irma Suryani, Monjok, Cakranegara, Mataram City, West Nusa Tenggara 83239",FALSE,TRUE,TRUE,-8.578171,116.128467,https://www.google.com/maps/place/SPPG+Kota+Mataram+Cakranegara+Karang+Taliwang/data=!4m7!3m6!1s0x2dcdc1004643dd35:0xfe20138eb6278b1e!8m2!3d-8.5781712!4d116.1284671!16s%2Fg%2F11z83h3bl2!19sChIJNd1DRgDBzS0RHosnto4TIP4?authuser=0&hl=id&g_ep=EgoyMDI2MDkxNi4wIJJjKgBIAVAD&rclk=1,,
SPPG CAKRANEGARA (DAPUR BANGAU),Nusa Tenggara Barat,Cakranegara,Kota Mataram,"no 18 A, Jl. Bangau, Cakranegara Bar., Kec. Cakranegara, Kota Mataram, Nusa Tenggara Bar. 83239",FALSE,TRUE,TRUE,-8.585326,116.121243,https://www.google.com/maps/place/Sppg+cakranegara+%28dapur+bangau%29/data=!4m7!3m6!1s0x2dcdc1004a3d5277:0xc29d124b5c6b76f6!8m2!3d-8.585326!4d116.1212427!16s%2Fg%2F11mdhgd328!19sChIJd1I9SgDBzS0R9nZrXEsSncI?authuser=0&hl=id&g_ep=EgoyMDI2MDkxNi4wIJJjKgBIAVAD&rclk=1,,
SPPG KOTA MATARAM AMPENAN PAJARAKAN KARYA,Jawa Timur,Pejarakan,Kota Mataram,"Jl. Lestari Lingkungan Moncok Karya No.RT/5, Pejarakan Karya, Kec. Ampenan, Kota Mataram, Nusa Tenggara Bar. 83113",FALSE,TRUE,TRUE,-8.56988,116.094315,https://www.google.com/maps/place/SPPG+Kota+Mataram+Ampenan+Pajarakan+Karya/data=!4m7!3m6!1s0x2dcdc10001b87a5d:0x2fa9b07ab3ecbfb5!8m2!3d-8.56988!4d116.0943151!16s%2Fg%2F11zb7qj8ng!19sChIJXXq4AQDBzS0Rtb_ss3qwqS8?authuser=0&hl=id&g_ep=EgoyMDI2MDkxNi4wIJJjKgBIAVAD&rclk=1,,
SPPG KOTA MATARAM AMPENAN AMPENAN UTARA,Nusa Tenggara Barat,Mataram,Kota Mataram,"Jl. Saleh Sungkar No.88x, Ampenan Utara, Kec. Ampenan, Kota Mataram, Nusa Tenggara Bar. 83511",FALSE,TRUE,TRUE,-8.55801,116.075327,https://www.google.com/maps/place/SPPG+Kota+Mataram+Ampenan+Ampenan+Utara/data=!4m7!3m6!1s0x2dcdc10039f20a3b:0x3ce48fdf8f79e5c1!8m2!3d-8.5580102!4d116.0753273!16s%2Fg%2F11xzr3f8vh!19sChIJOwryOQDBzS0RweV5j9-P5Dw?authuser=0&hl=id&g_ep=EgoyMDI2MDkxNi4wIJJjKgBIAVAD&rclk=1,,
SPPG KOTA MATARAM AMPENAN AMPENAN UTARA 02,Nusa Tenggara Barat,Mataram,Kota Mataram,"Jl. Adi Sucipto No.75, Dayan Peken, Kec. Ampenan, Kota Mataram, Nusa Tenggara Bar. 83511",FALSE,TRUE,TRUE,-8.566213,116.088885,https://www.google.com/maps/place/SPPG+Kota+Mataram+Ampenan+Ampenan+Utara+02/data=!4m7!3m6!1s0x2dcdc10037b7953f:0xeec9f60558758b76!8m2!3d-8.5662135!4d116.0888855!16s%2Fg%2F11np_1_530!19sChIJP5W3NwDBzS0Rdot1WAX2ye4?authuser=0&hl=id&g_ep=EgoyMDI2MDkxNi4wIJJjKgBIAVAD&rclk=1,,
SPPG KOTA MATARAM SANDUBAYA BABAKAN,Nusa Tenggara Barat,Sandubaya,Kota Mataram,"94RM+MFX SPPG KOTA MATARAM SANDUBAYA BABAKAN, Jl. Jaya Lengkara, Babakan, Kec. Sandubaya, Kota Mataram, Nusa Tenggara Bar. 83232",FALSE,TRUE,TRUE,-8.608252,116.133747,https://www.google.com/maps/place/SPPG+KOTA+MATARAM+SANDUBAYA+BABAKAN/data=!4m7!3m6!1s0x2dcdbf0061f57329:0x6b904b16713945ad!8m2!3d-8.6082517!4d116.1337466!16s%2Fg%2F11yqlnq9cm!19sChIJKXP1YQC_zS0RrUU5cRZLkGs?authuser=0&hl=id&g_ep=EgoyMDI2MDkxNi4wIJJjKgBIAVAD&rclk=1,,
SPPG KOTA MATARAM SANDUBAYA BABAKAN 2,Nusa Tenggara Barat,Sandubaya,Kota Mataram,"pusat pergudangan, Jl. Lalu Mesir, Babakan, Kec. Sandubaya, Kota Mataram, Nusa Tenggara Bar. 83232",FALSE,TRUE,TRUE,-8.601446,116.137935,https://www.google.com/maps/place/SPPG+Kota+Mataram+Sandubaya+Babakan+2/data=!4m7!3m6!1s0x2dcdb90009d93c4d:0xdc9243e8e13b086c!8m2!3d-8.6014459!4d116.1379346!16s%2Fg%2F11npc1mn_x!19sChIJTTzZCQC5zS0RbAg74ehDktw?authuser=0&hl=id&g_ep=EgoyMDI2MDkxNi4wIJJjKgBIAVAD&rclk=1,,
SPPG KOTA MATARAM SANDUBAYA MANDALIKA 3,Nusa Tenggara Barat,Sandubaya,Kota Mataram,"Jl. Sandubaya Mandalika No.9 A, Mandalika, Kec. Sandubaya, Kota Mataram, Nusa Tenggara Bar. 83233",FALSE,TRUE,TRUE,-8.605421,116.150162,https://www.google.com/maps/place/SPPG+Kota+Mataram+Sandubaya+Mandalika+3/data=!4m7!3m6!1s0x2dcdb9003a88bf4b:0xd75bb4fb356d990d!8m2!3d-8.6054211!4d116.150162!16s%2Fg%2F11nvhzrygv!19sChIJS7-IOgC5zS0RDZltNfu0W9c?authuser=0&hl=id&g_ep=EgoyMDI2MDkxNi4wIJJjKgBIAVAD&rclk=1,,
SPPG SEKARBELA KARANG PULE,Nusa Tenggara Barat,Sekarbela,Kota Mataram,"93WP+48V SPPG SEKARBELA KARANG PULE, Tanjung Karang, Sekarbela, Mataram City, West Nusa Tenggara 83116",FALSE,TRUE,FALSE,-8.604638,116.085784,https://www.google.com/maps/place/SPPG+SEKARBELA+KARANG+PULE/data=!4m7!3m6!1s0x2dcdbf0008a3ef05:0x58844611661e4530!8m2!3d-8.6046378!4d116.0857845!16s%2Fg%2F11nqbd5djc!19sChIJBe-jCAC_zS0RMEUeZhFGhFg?authuser=0&hl=id&g_ep=EgoyMDI2MDkxNi4wIJJjKgBIAVAD&rclk=1,,
SPPG TANJUNG KARANG,Nusa Tenggara Barat,Sekarbela,Kota Mataram,"Jl. Lingkar Selatan No.97, Tj. Karang, Kec. Sekarbela, Kota Mataram, Nusa Tenggara Bar. 83115",FALSE,TRUE,TRUE,-8.602014,116.075099,https://www.google.com/maps/place/SPPG+TANJUNG+KARANG/data=!4m7!3m6!1s0x2dcdbf00053b7355:0x76ea8d84291ba5c0!8m2!3d-8.6020137!4d116.0750989!16s%2Fg%2F11zj4_fn3j!19sChIJVXM7BQC_zS0RwKUbKYSN6nY?authuser=0&hl=id&g_ep=EgoyMDI2MDkxNi4wIJJjKgBIAVAD&rclk=1,,
SPPG KEKALIK JAYA 4,Nusa Tenggara Barat,Sekarbela,Kota Mataram,"C36R+M6Q SPPG KEKALIK JAYA 4, Jl. Majapahit, Kekalik Jaya, Kec. Sekarbela, Kota Mataram, Nusa Tenggara Bar. 83114",FALSE,TRUE,TRUE,-8.588294,116.090603,https://www.google.com/maps/place/SPPG+KEKALIK+JAYA+4/data=!4m7!3m6!1s0x2dcdbf003e58e523:0x920cab9efb966d06!8m2!3d-8.5882938!4d116.0906027!16s%2Fg%2F11zgyjy1r1!19sChIJI-VYPgC_zS0RBm2W-56rDJI?authuser=0&hl=id&g_ep=EgoyMDI2MDkxNi4wIJJjKgBIAVAD&rclk=1,,
SPPG (SATUAN PELAYANAN PEMENUHAN GIZI) KEKALIK JAYA,Nusa Tenggara Barat,Sekarbela,Kota Mataram,"C36P+23P SPPG (Satuan Pelayanan Pemenuhan Gizi) Kekalik Jaya, Kekalik Jaya, Kec. Sekarbela, Kota Mataram, Nusa Tenggara Bar. 83115",FALSE,TRUE,TRUE,-8.589912,116.085207,https://www.google.com/maps/place/SPPG+%28Satuan+Pelayanan+Pemenuhan+Gizi%29+Kekalik+Jaya/data=!4m7!3m6!1s0x2dcdbf007ba15af5:0xed68b3896f9f2e43!8m2!3d-8.5899123!4d116.0852073!16s%2Fg%2F11xymk98rv!19sChIJ9VqhewC_zS0RQy6fb4mzaO0?authuser=0&hl=id&g_ep=EgoyMDI2MDkxNi4wIJJjKgBIAVAD&rclk=1,,
SPPG GOMONG,Nusa Tenggara Barat,Selaparang,Kota Mataram,"C492+H6W SPPG Gomong, Jl. Langko, Gomong, Kec. Selaparang, Kota Mataram, Nusa Tenggara Bar. 83125",FALSE,TRUE,TRUE,-8.581022,116.10057,https://www.google.com/maps/place/SPPG+Gomong/data=!4m7!3m6!1s0x2dcdc10055b674f1:0x6f18e16681389519!8m2!3d-8.5810216!4d116.1005697!16s%2Fg%2F11zh6nhvxm!19sChIJ8XS2VQDBzS0RGZU4gWbhGG8?authuser=0&hl=id&g_ep=EgoyMDI2MDkxNi4wIJJjKgBIAVAD&rclk=1,,
SPPG REMBIGA 2,Nusa Tenggara Barat,Selaparang,Kota Mataram,"C4P3+VJ9 SPPG Rembiga 2, Rembiga, Kec. Selaparang, Kota Mataram, Nusa Tenggara Bar. 83124",FALSE,TRUE,TRUE,-8.5621,116.104254,https://www.google.com/maps/place/SPPG+Rembiga+2/data=!4m7!3m6!1s0x2dcdc1003f942ead:0x88a76505ece9d46a!8m2!3d-8.5620997!4d116.1042542!16s%2Fg%2F11yvj20q0g!19sChIJrS6UPwDBzS0RatTp7AVlp4g?authuser=0&hl=id&g_ep=EgoyMDI2MDkxNi4wIJJjKgBIAVAD&rclk=1,,
SPPG KOTA MATARAM SELAPARANG MONJOK TIMUR 2,Nusa Tenggara Barat,Selaparang,Kota Mataram,"Jl. Pariwisata No.30, Monjok Tim., Kec. Selaparang, Kota Mataram, Nusa Tenggara Bar. 83122",FALSE,TRUE,TRUE,-8.58101,116.115169,https://www.google.com/maps/place/SPPG+KOTA+MATARAM+SELAPARANG+MONJOK+TIMUR+2/data=!4m7!3m6!1s0x2dcdc1004b337d13:0x392d08a40d3b650d!8m2!3d-8.5810105!4d116.1151691!16s%2Fg%2F11z83h3q7z!19sChIJE30zSwDBzS0RDWU7DaQILTk?authuser=0&hl=id&g_ep=EgoyMDI2MDkxNi4wIJJjKgBIAVAD&rclk=1,,
SPPG KOTA MATARAM SELAPARANG KARANG BARU 2,Aceh,Karang Baru,Kota Mataram,"Jl. Gili Trawangan 2 No.1, Karang Baru, Kec. Selaparang, Kota Mataram, Nusa Tenggara Bar. 83123",FALSE,TRUE,TRUE,-8.572258,116.104017,https://www.google.com/maps/place/SPPG+KOTA+MATARAM+SELAPARANG+KARANG+BARU+2/data=!4m7!3m6!1s0x2dcdc10067bcac87:0x52ee3aff31c06e3f!8m2!3d-8.5722576!4d116.1040172!16s%2Fg%2F11nqydnhkz!19sChIJh6y8ZwDBzS0RP27AMf867lI?authuser=0&hl=id&g_ep=EgoyMDI2MDkxNi4wIJJjKgBIAVAD&rclk=1,,
SPPG LOMBOK BARAT NARMADA SELAT2,Nusa Tenggara Barat,Narmada,Lombok Barat,"C6G9+H26 SPPG LOMBOK BARAT NARMADA SELAT2, Jl. Raya Suranadi - Sesaot, Selat, Kec. Narmada, Kabupaten Lombok Barat, Nusa Tenggara Bar. 83371",FALSE,TRUE,TRUE,-8.573598,116.217525,https://www.google.com/maps/place/SPPG+LOMBOK+BARAT+NARMADA+SELAT2/data=!4m7!3m6!1s0x2dcdc70078499363:0xdb39a7fce3efcafe!8m2!3d-8.5735983!4d116.2175249!16s%2Fg%2F11zbcksqt1!19sChIJY5NJeADHzS0R_srv4_ynOds?authuser=0&hl=id&g_ep=EgoyMDI2MDkxNi4wIJJjKgBIAVAD&rclk=1,,
SPPG LOMBOK BARAT NARMADA SELAT 4,Nusa Tenggara Barat,Narmada,Lombok Barat,"C6F5+HQ6 SPPG LOMBOK BARAT NARMADA SELAT 4, Jl. Soeharto, Selat, Kec. Narmada, Kabupaten Lombok Barat, Nusa Tenggara Bar. 83371",FALSE,TRUE,TRUE,-8.576079,116.209391,https://www.google.com/maps/place/SPPG+LOMBOK+BARAT+NARMADA+SELAT+4/data=!4m7!3m6!1s0x2dcdc70002a09c5f:0x65116362c7679732!8m2!3d-8.5760789!4d116.2093915!16s%2Fg%2F11zfqcz1zv!19sChIJX5ygAgDHzS0RMpdnx2JjEWU?authuser=0&hl=id&g_ep=EgoyMDI2MDkxNi4wIJJjKgBIAVAD&rclk=1,,
"SPPG SEMBUNG, NARMADA #005",Nusa Tenggara Barat,Narmada,Lombok Barat,"95G9+FH SPPG Sembung, Narmada #005, Badrain, Kec. Narmada, Kabupaten Lombok Barat, Nusa Tenggara Bar. 83362",FALSE,TRUE,TRUE,-8.623819,116.168842,"https://www.google.com/maps/place/SPPG+Sembung,+Narmada+%23005/data=!4m7!3m6!1s0x2dcdb900306f8149:0xff45dd0ecf6f86c5!8m2!3d-8.623819!4d116.1688425!16s%2Fg%2F11n56sjpjj!19sChIJSYFvMAC5zS0RxYZvzw7dRf8?authuser=0&hl=id&g_ep=EgoyMDI2MDkxNi4wIJJjKgBIAVAD&rclk=1",,
SPPG LOMBOK BARAT LINGSAR GONTORAN,Nusa Tenggara Barat,Lingsar,Lombok Barat,"C598+3MM SPPG LOMBOK BARAT LINGSAR GONTORAN, Lingsar, Kec. Lingsar, Kabupaten Lombok Barat, Nusa Tenggara Bar. 83371",FALSE,TRUE,TRUE,-8.582433,116.167044,https://www.google.com/maps/place/SPPG+LOMBOK+BARAT+LINGSAR+GONTORAN/data=!4m7!3m6!1s0x2dcdb900214141ab:0x2833ab59b8161a19!8m2!3d-8.5824332!4d116.1670436!16s%2Fg%2F11npc_cv6g!19sChIJq0FBIQC5zS0RGRoWuFmrMyg?authuser=0&hl=id&g_ep=EgoyMDI2MDkxNi4wIJJjKgBIAVAD&rclk=1,,
SPPG LOMBOK BARAT NARMADA KERU 2,Nusa Tenggara Barat,Narmada,Lombok Barat,"Jalan Golong Golf No.88, Keru, Kec. Narmada, Kabupaten Lombok Barat, Nusa Tenggara Bar. 83371",FALSE,TRUE,TRUE,-8.58696,116.244754,https://www.google.com/maps/place/SPPG+Lombok+Barat+Narmada+Keru+2/data=!4m7!3m6!1s0x2dcdb70003aa7101:0xd3728e767c2bb247!8m2!3d-8.5869604!4d116.2447544!16s%2Fg%2F11zbl21qpm!19sChIJAXGqAwC3zS0RR7IrfHaOctM?authuser=0&hl=id&g_ep=EgoyMDI2MDkxNi4wIJJjKgBIAVAD&rclk=1,,
SPPG LOMBOK BARAT NARMADA SEDAU,Nusa Tenggara Barat,Narmada,Lombok Barat,"C7J6+R6J SPPG Lombok Barat Narmada Sedau, Jl. Dahlia 2, Sedau, Narmada, West Lombok Regency, West Nusa Tenggara 83371",FALSE,TRUE,TRUE,-8.567918,116.260506,https://www.google.com/maps/place/SPPG+Lombok+Barat+Narmada+Sedau/data=!4m7!3m6!1s0x2dcdc9002e1f0b53:0x9d72e72ba1f27507!8m2!3d-8.5679175!4d116.2605063!16s%2Fg%2F11z7bf3vjy!19sChIJUwsfLgDJzS0RB3XyoSvncp0?authuser=0&hl=id&g_ep=EgoyMDI2MDkxNi4wIJJjKgBIAVAD&rclk=1,,
SPPG LOBAR NRMDA NYURLEMBANG,Nusa Tenggara Barat,Narmada,Lombok Barat,"Jl. Kirab Remaja No.II, Nyur Lembang, Kec. Narmada, Kabupaten Lombok Barat, Nusa Tenggara Bar. 83371",FALSE,TRUE,TRUE,-8.586837,116.197167,https://www.google.com/maps/place/SPPG+LOBAR+NRMDA+NYURLEMBANG/data=!4m7!3m6!1s0x2dcdb90017283d0d:0xd713ee5781ab1a1f!8m2!3d-8.5868371!4d116.1971667!16s%2Fg%2F11nvdr7vn0!19sChIJDT0oFwC5zS0RHxqrgVfuE9c?authuser=0&hl=id&g_ep=EgoyMDI2MDkxNi4wIJJjKgBIAVAD&rclk=1,,
SPPG LOMBOK BARAT NARMADA KERU,Nusa Tenggara Barat,Narmada,Lombok Barat,"Jalan Golong Golf No.88, Keru, Kec. Narmada, Kabupaten Lombok Barat, Nusa Tenggara Bar. 83371",FALSE,TRUE,TRUE,-8.579193,116.240829,https://www.google.com/maps/place/SPPG+Lombok+Barat+Narmada+Keru/data=!4m7!3m6!1s0x2dcdb70046679781:0xdb96baa241551277!8m2!3d-8.579193!4d116.240829!16s%2Fg%2F11zbllcz0k!19sChIJgZdnRgC3zS0RdxJVQaK6lts?authuser=0&hl=id&g_ep=EgoyMDI2MDkxNi4wIJJjKgBIAVAD&rclk=1,,
SPPG LOMBOK BARAT NARMADA SESAOT,Nusa Tenggara Barat,Narmada,Lombok Barat,"C6XW+PC2 SPPG LOMBOK BARAT NARMADA SESAOT, Sesaot, Kec. Narmada, Kabupaten Lombok Barat, Nusa Tenggara Bar. 83371",FALSE,TRUE,TRUE,-8.550746,116.24601,https://www.google.com/maps/place/SPPG+LOMBOK+BARAT+NARMADA+SESAOT/data=!4m7!3m6!1s0x2dcdc900152f5867:0x458d1b987294eba4!8m2!3d-8.5507457!4d116.2460102!16s%2Fg%2F11xzr9kzk6!19sChIJZ1gvFQDJzS0RpOuUcpgbjUU?authuser=0&hl=id&g_ep=EgoyMDI2MDkxNi4wIJJjKgBIAVAD&rclk=1,,
"SPPG LOMBOK BARAT, LINGSAR, BATU KUMBUNG 02",Nusa Tenggara Barat,Lingsar,Lombok Barat,"C5MX+3P2 SPPG Lombok Barat, Lingsar, Batu Kumbung 02, Jl. Karang Bayan, Batu Kumbung, Kec. Lingsar, Kabupaten Lombok Barat, Nusa Tenggara Bar. 83371",FALSE,TRUE,TRUE,-8.567348,116.199288,"https://www.google.com/maps/place/SPPG+Lombok+Barat,+Lingsar,+Batu+Kumbung+02/data=!4m7!3m6!1s0x2dcdc700183fa2a7:0xc8f0f68ffda53672!8m2!3d-8.5673484!4d116.1992877!16s%2Fg%2F11njkn9nrx!19sChIJp6I_GADHzS0Rcjal_Y_28Mg?authuser=0&hl=id&g_ep=EgoyMDI2MDkxNi4wIJJjKgBIAVAD&rclk=1",,
SPPG LOMBOK BARAT NARMADA GERIMAX INDAH 2,Nusa Tenggara Barat,Narmada,Lombok Barat,"C53F+V2J SPPG Lombok Barat Narmada Gerimax Indah 2, Jl. Ahmad Yani, Gerimax Indah, Kec. Narmada, Kabupaten Lombok Barat, Nusa Tenggara Bar. 83371",FALSE,TRUE,TRUE,-8.595394,116.17219,https://www.google.com/maps/place/SPPG+Lombok+Barat+Narmada+Gerimax+Indah+2/data=!4m7!3m6!1s0x2dcdb9004e161da3:0x22e573a47f24c911!8m2!3d-8.5953935!4d116.1721902!16s%2Fg%2F11n5385p6g!19sChIJox0WTgC5zS0REckkf6Rz5SI?authuser=0&hl=id&g_ep=EgoyMDI2MDkxNi4wIJJjKgBIAVAD&rclk=1,,
DAPUR SPPG SEMBUNG,Nusa Tenggara Barat,Narmada,Lombok Barat,"Yayasan nurul hidayah al falah Memontong, Sembung, Kec. Narmada, Kabupaten Lombok Barat, Nusa Tenggara Bar. 83371",FALSE,TRUE,TRUE,-8.607733,116.159877,https://www.google.com/maps/place/DAPUR+SPPG+SEMBUNG/data=!4m7!3m6!1s0x2dcdb90009434c0b:0x37c0ef45dbbaa56f!8m2!3d-8.6077333!4d116.1598771!16s%2Fg%2F11yqp_0ksx!19sChIJC0xDCQC5zS0Rb6W620XvwDc?authuser=0&hl=id&g_ep=EgoyMDI2MDkxNi4wIJJjKgBIAVAD&rclk=1,,
SPPG LOMBOK BARAT NARMADA SELAT 03,Nusa Tenggara Barat,Narmada,Lombok Barat,"C682+Q27 SPPG LOMBOK BARAT NARMADA SELAT 03, Selat, Kec. Narmada, Kabupaten Lombok Barat, Nusa Tenggara Bar. 83371",FALSE,TRUE,TRUE,-8.583093,116.200053,https://www.google.com/maps/place/SPPG+LOMBOK+BARAT+NARMADA+SELAT+03/data=!4m7!3m6!1s0x2dcdb90006157a7d:0x1df406edb89cdc0c!8m2!3d-8.5830934!4d116.2000527!16s%2Fg%2F11njl4vllq!19sChIJfXoVBgC5zS0RDNycuO0G9B0?authuser=0&hl=id&g_ep=EgoyMDI2MDkxNi4wIJJjKgBIAVAD&rclk=1,,
SPPG LOMBOK BARAT NARMADA BATU KUTA,Nusa Tenggara Barat,Narmada,Lombok Barat,"96V2+X9F SPPG LOMBOK BARAT NARMADA BATU KUTA, Batu Kuta, Kec. Narmada, Kabupaten Lombok Barat, Nusa Tenggara Bar. 83371",FALSE,TRUE,TRUE,-8.605054,116.20092,https://www.google.com/maps/place/SPPG+LOMBOK+BARAT+NARMADA+BATU+KUTA/data=!4m7!3m6!1s0x2dcdb9003f23d8cb:0x7c496fddeaa15f3!8m2!3d-8.6050545!4d116.2009196!16s%2Fg%2F11z4rz_mrd!19sChIJy9gjPwC5zS0R8xWq3v2WxAc?authuser=0&hl=id&g_ep=EgoyMDI2MDkxNi4wIJJjKgBIAVAD&rclk=1,,
SPPG LOMBOK BARAT NARMADA SELAT 01,Nusa Tenggara Barat,Narmada,Lombok Barat,"C683+5JM SPPG LOMBOK BARAT NARMADA SELAT 01, Selat, Kec. Narmada, Kabupaten Lombok Barat, Nusa Tenggara Bar. 83371",FALSE,TRUE,TRUE,-8.584735,116.203793,https://www.google.com/maps/place/SPPG+LOMBOK+BARAT+NARMADA+SELAT+01/data=!4m7!3m6!1s0x2dcdb9000898c489:0x6d007afa403f98a5!8m2!3d-8.5847346!4d116.2037927!16s%2Fg%2F11z83svvr5!19sChIJicSYCAC5zS0RpZg_QPp6AG0?authuser=0&hl=id&g_ep=EgoyMDI2MDkxNi4wIJJjKgBIAVAD&rclk=1,,
SPPG NARMADA GOLONG 1,Nusa Tenggara Barat,Narmada,Lombok Barat,"C67P+FC SPPG NARMADA GOLONG 1, Peresak, Kec. Narmada, Kabupaten Lombok Barat, Nusa Tenggara Bar. 83371",FALSE,TRUE,TRUE,-8.586283,116.236052,https://www.google.com/maps/place/SPPG+NARMADA+GOLONG+1/data=!4m7!3m6!1s0x2dcdb7001086b065:0x99a487f650a118ce!8m2!3d-8.5862826!4d116.2360517!16s%2Fg%2F11zc31bx6l!19sChIJZbCGEAC3zS0RzhihUPaHpJk?authuser=0&hl=id&g_ep=EgoyMDI2MDkxNi4wIJJjKgBIAVAD&rclk=1,,
SPPG LEBAH SEMPAGE,Nusa Tenggara Barat,Narmada,Lombok Barat,"Jl. Pesorongan Jukung, Lebah Sempage, Kec. Narmada, Kabupaten Lombok Barat, Nusa Tenggara Bar. 83371",FALSE,TRUE,TRUE,-8.542004,116.272219,https://www.google.com/maps/place/SPPG+LEBAH+SEMPAGE/data=!4m7!3m6!1s0x2dcdc90039a8c385:0x74929bc6f66168ae!8m2!3d-8.5420036!4d116.2722189!16s%2Fg%2F11nbh5dsny!19sChIJhcOoOQDJzS0Rrmhh9sabknQ?authuser=0&hl=id&g_ep=EgoyMDI2MDkxNi4wIJJjKgBIAVAD&rclk=1,,
SPPG LOMBOK BARAT LINGSAR SARIBAYE,Nusa Tenggara Barat,Lingsar,Lombok Barat,"C5HP+JWJ SPPG LOMBOK BARAT LINGSAR SARIBAYE, Jl. Lkr. Lingsar II, Batu Kumbung, Lingsar, West Lombok Regency, West Nusa Tenggara 83371",FALSE,TRUE,TRUE,-8.569495,116.186395,https://www.google.com/maps/place/SPPG+LOMBOK+BARAT+LINGSAR+SARIBAYE/data=!4m7!3m6!1s0x2dcdc700509aed97:0x8e517f699c42065e!8m2!3d-8.5694946!4d116.1863947!16s%2Fg%2F11mzsbg456!19sChIJl-2aUADHzS0RXgZCnGl_UY4?authuser=0&hl=id&g_ep=EgoyMDI2MDkxNi4wIJJjKgBIAVAD&rclk=1,,
SPPG LOMBOK BARAT LINGSAR DUMAN,Nusa Tenggara Barat,Lingsar,Lombok Barat,"Jl Mandiri, Duman, Kec. Lingsar, Kabupaten Lombok Barat, Nusa Tenggara Bar. 83371",FALSE,TRUE,TRUE,-8.559249,116.1511,https://www.google.com/maps/place/SPPG+LOMBOK+BARAT+LINGSAR+DUMAN/data=!4m7!3m6!1s0x2dcdc7ea9a7996d9:0x8a6d9e6802ce4252!8m2!3d-8.5592489!4d116.1511005!16s%2Fg%2F11zbbxh2lg!19sChIJ2ZZ5murHzS0RUkLOAmiebYo?authuser=0&hl=id&g_ep=EgoyMDI2MDkxNi4wIJJjKgBIAVAD&rclk=1,,
SPPG LOMBOK BARAT LINGSAR BATU KUMBANG,Nusa Tenggara Barat,Lingsar,Lombok Barat,"C5FR+35Q SPPG Lombok Barat Lingsar Batu Kumbang, Dusun Tragtag, Batu Kumbung, Kec. Lingsar, Kabupaten Lombok Barat, Nusa Tenggara Bar. 83371",FALSE,TRUE,TRUE,-8.577764,116.190828,https://www.google.com/maps/place/SPPG+Lombok+Barat+Lingsar+Batu+Kumbang/data=!4m7!3m6!1s0x2dcdc70053b0c723:0xcb0f00449ea05b72!8m2!3d-8.5777643!4d116.1908279!16s%2Fg%2F11z7clj5g1!19sChIJI8ewUwDHzS0RclugnkQAD8s?authuser=0&hl=id&g_ep=EgoyMDI2MDkxNi4wIJJjKgBIAVAD&rclk=1,,
SPPG LOMBOK BARAT GUNUNGSARI JATISELA 2,Nusa Tenggara Barat,Gunungsari,Lombok Barat,"C3XQ+HHR SPPG LOMBOK BARAT GUNUNGSARI JATISELA 2, Jl.K.H Ahmad Dahlan BTN Griya Praja Asri, Jati Sela, Kec. Gunungsari, Kabupaten Lombok Barat, Nusa Tenggara Bar. 83124",FALSE,TRUE,TRUE,-8.550395,116.091308,https://www.google.com/maps/place/SPPG+LOMBOK+BARAT+GUNUNGSARI+JATISELA+2/data=!4m7!3m6!1s0x2dcdc10017562ec3:0x23a7ab3deae00648!8m2!3d-8.5503949!4d116.0913076!16s%2Fg%2F11z8qy_2tb!19sChIJwy5WFwDBzS0RSAbg6j2rpyM?authuser=0&hl=id&g_ep=EgoyMDI2MDkxNi4wIJJjKgBIAVAD&rclk=1,,
SPPG GUNUNGSARI MEDAS,Kepulauan Bangka Belitung,Taman Sari,Lombok Barat,"F484+59G SPPG GUNUNGSARI MEDAS, Jl. Raya Tanjung, Taman Sari, Kec. Gunungsari, Kabupaten Lombok Barat, Nusa Tenggara Bar. 83351",FALSE,TRUE,TRUE,-8.534572,116.105955,https://www.google.com/maps/place/SPPG+GUNUNGSARI+MEDAS/data=!4m7!3m6!1s0x2dcdc1005d1591fd:0x5ba66f579b37267c!8m2!3d-8.5345717!4d116.1059551!16s%2Fg%2F11yp2d52x4!19sChIJ_ZEVXQDBzS0RfCY3m1dvpls?authuser=0&hl=id&g_ep=EgoyMDI2MDkxNi4wIJJjKgBIAVAD&rclk=1,,
SPPG GUNUNGSARI KEKAIT 2,Kalimantan Selatan,Tanjung,Lombok Barat,"Jl. Raya Tanjung No.KM.8, Kekait, Mataram, Kabupaten Lombok Barat, Nusa Tenggara Bar. 83351",FALSE,TRUE,TRUE,-8.530434,116.102417,https://www.google.com/maps/place/SPPG+GUNUNGSARI+KEKAIT+2/data=!4m7!3m6!1s0x2dcdc1004f5c89d3:0x48c879810654dd1d!8m2!3d-8.5304344!4d116.1024166!16s%2Fg%2F11z8rz4859!19sChIJ04lcTwDBzS0RHd1UBoF5yEg?authuser=0&hl=id&g_ep=EgoyMDI2MDkxNi4wIJJjKgBIAVAD&rclk=1,,
SPPG LOMBOK BARAT BATU LAYAR SENTELUK 2,Nusa Tenggara Barat,Batu Layar,Lombok Barat,"F399+HR6 SPPG LOMBOK BARAT BATU LAYAR SENTELUK 2, Senteluk, Kec. Batu Layar, Kabupaten Lombok Barat, Nusa Tenggara Bar.",FALSE,TRUE,TRUE,-8.531556,116.068667,https://www.google.com/maps/place/SPPG+LOMBOK+BARAT+BATU+LAYAR+SENTELUK+2/data=!4m7!3m6!1s0x2dcdc10045db3dbb:0xa32fd345dd1e32a3!8m2!3d-8.5315556!4d116.0686667!16s%2Fg%2F11npjyhzm5!19sChIJuz3bRQDBzS0RozIe3UXTL6M?authuser=0&hl=id&g_ep=EgoyMDI2MDkxNi4wIJJjKgBIAVAD&rclk=1,,
SPPG GUNUNGSARI KEKAIT,Nusa Tenggara Barat,Gunungsari,Lombok Barat,"F4J2+Q27 SPPG Gunungsari Kekait, Kekait, Kec. Gunungsari, Kabupaten Lombok Barat, Nusa Tenggara Bar. 83351",FALSE,TRUE,TRUE,-8.518087,116.100056,https://www.google.com/maps/place/SPPG+Gunungsari+Kekait/data=!4m7!3m6!1s0x2dcdc3006450a7f9:0xb74687eabb3a82e8!8m2!3d-8.5180873!4d116.1000562!16s%2Fg%2F11xw7xtl_x!19sChIJ-adQZADDzS0R6II6u-qHRrc?authuser=0&hl=id&g_ep=EgoyMDI2MDkxNi4wIJJjKgBIAVAD&rclk=1,,
SPPG LEMBAH SARI,Nusa Tenggara Barat,Batu Layar,Lombok Barat,"F3JX+QHC SPPG LEMBAH SARI, Jl. Sidemen, Lembah Sari, Kec. Batu Layar, Kabupaten Lombok Barat, Nusa Tenggara Bar. 83351",FALSE,TRUE,TRUE,-8.518066,116.098458,https://www.google.com/maps/place/sppg+lembah+sari/data=!4m7!3m6!1s0x31d5ad005fcdcda1:0x31c1bf2313db4989!8m2!3d0.5708517!4d101.4483023!16s%2Fg%2F11yswd9h4r!19sChIJoc3NXwCt1TERiUnbEyO_wTE?authuser=0&hl=id&g_ep=EgoyMDI2MDkxNi4wIJJjKgBIAVAD&rclk=1,,
SPPG GUNUNGSARI 03,Nusa Tenggara Barat,Gunungsari,Lombok Barat,"F443+WX4 SPPG Gunungsari 03, Jl. Pariwisata, Gn. Sari, Kec. Gunungsari, Kabupaten Lombok Barat, Nusa Tenggara Bar. 83351",FALSE,TRUE,TRUE,-8.542739,116.104986,https://www.google.com/maps/place/SPPG+Gunungsari+03/data=!4m7!3m6!1s0x2dcdc1002ac4c9ad:0x390fba0221b73bb!8m2!3d-8.542739!4d116.1049859!16s%2Fg%2F11nc8tjlzv!19sChIJrcnEKgDBzS0Ru3MbIqD7kAM?authuser=0&hl=id&g_ep=EgoyMDI2MDkxNi4wIJJjKgBIAVAD&rclk=1,,
SPPG GUNUNGSARI JATISELA 05,Nusa Tenggara Barat,Gunungsari,Lombok Barat,"C3XM+7W7 SPPG Gunungsari Jatisela 05, Jati Sela, Kec. Gunungsari, Kabupaten Lombok Barat, Nusa Tenggara Bar. 83511",FALSE,TRUE,TRUE,-8.551799,116.084813,https://www.google.com/maps/place/SPPG+Gunungsari+Jatisela+05/data=!4m7!3m6!1s0x2dcdc1003a040191:0x5f8659775b231699!8m2!3d-8.5517993!4d116.0848132!16s%2Fg%2F11zfvrmy3k!19sChIJkQEEOgDBzS0RmRYjW3dZhl8?authuser=0&hl=id&g_ep=EgoyMDI2MDkxNi4wIJJjKgBIAVAD&rclk=1,,
SPPG LOMBOK BARAT BATU LAYAR BATULAYAR 2,Nusa Tenggara Barat,Batu Layar,Lombok Barat,"F3CC+569 SPPG Lombok Barat Batu Layar Batulayar 2, Jl. Baruna Santi, Batu Layar, Kec. Batu Layar, Kabupaten Lombok Barat, Nusa Tenggara Bar. 83355",FALSE,TRUE,TRUE,-8.529577,116.070609,https://www.google.com/maps/place/SPPG+Lombok+Barat+Batu+Layar+Batulayar+2/data=!4m7!3m6!1s0x2dcdc1007e30ec91:0x1c5b2cf6ed421918!8m2!3d-8.5295766!4d116.0706087!16s%2Fg%2F11nc3tcb1s!19sChIJkewwfgDBzS0RGBlC7fYsWxw?authuser=0&hl=id&g_ep=EgoyMDI2MDkxNi4wIJJjKgBIAVAD&rclk=1,,
SPPG HASANAH PEREMPUNG,Kepulauan Bangka Belitung,Taman Sari,Kota Pangkal Pinang,"F427+Q5F SPPG Hasanah Perempung, Dsn Perempung Timur, Taman Sari, Gunungsari, West Lombok Regency, West Nusa Tenggara 83351",FALSE,TRUE,FALSE,-8.54806,116.112921,https://www.google.com/maps/place/SPPG+Hasanah+Perempung/data=!4m7!3m6!1s0x2dcdc10026fb2b2d:0xca6e5343deae47f3!8m2!3d-8.5480601!4d116.1129205!16s%2Fg%2F11zkrm3_kb!19sChIJLSv7JgDBzS0R80eu3kNTbso?authuser=0&hl=id&g_ep=EgoyMDI2MDkxNi4wIJJjKgBIAVAD&rclk=1,,
SPPG LOMBOK BARAT BATU LAYAR BATULAYAR,Nusa Tenggara Barat,Batu Layar,Lombok Barat,"Jl. Pesona, Lembah Sari, Kec. Batu Layar, Kabupaten Lombok Barat, Nusa Tenggara Bar. 83355",FALSE,TRUE,TRUE,-8.533788,116.092171,https://www.google.com/maps/place/SPPG+Lombok+Barat+Batu+Layar+Batulayar/data=!4m7!3m6!1s0x2dcdc100775cb9cb:0x23b472c0fce3aa5!8m2!3d-8.5337884!4d116.0921714!16s%2Fg%2F11zfrf8_6b!19sChIJy7lcdwDBzS0RpTrODyxHOwI?authuser=0&hl=id&g_ep=EgoyMDI2MDkxNi4wIJJjKgBIAVAD&rclk=1,,
SPPG MENITING BATU LAYAR,Nusa Tenggara Barat,Batu Layar,Lombok Barat,"F35G+GXG SPPG MENITING BATU LAYAR, Jl. Pariwisata, Senteluk, Kec. Batu Layar, Kabupaten Lombok Barat, Nusa Tenggara Bar. 83351",FALSE,TRUE,TRUE,-8.541275,116.077307,https://www.google.com/maps/place/SPPG+MENITING+BATU+LAYAR/data=!4m7!3m6!1s0x2dcdc100297295e7:0xe4ced99f6ba43ef3!8m2!3d-8.5412752!4d116.0773068!16s%2Fg%2F11n3pxm9kj!19sChIJ55VyKQDBzS0R8z6ka5_ZzuQ?authuser=0&hl=id&g_ep=EgoyMDI2MDkxNi4wIJJjKgBIAVAD&rclk=1,,
SPPG GUNUNGSARI RANJOK,Nusa Tenggara Barat,Gunungsari,Lombok Barat,"F439+22Q Sppg Gunungsari Ranjok, Dopang, Kec. Gunungsari, Kabupaten Lombok Barat, Nusa Tenggara Bar. 83351",FALSE,TRUE,TRUE,-8.547299,116.117579,https://www.google.com/maps/place/Sppg+Gunungsari+Ranjok/data=!4m7!3m6!1s0x2dcdc100236b93f3:0x5045accc9a124978!8m2!3d-8.5472995!4d116.1175786!16s%2Fg%2F11ntlrn6ms!19sChIJ85NrIwDBzS0ReEkSmsysRVA?authuser=0&hl=id&g_ep=EgoyMDI2MDkxNi4wIJJjKgBIAVAD&rclk=1,,
SPPG DOPANG GUNUNGSARI,Nusa Tenggara Barat,Gunungsari,Lombok Barat,"F448+3J5 SPPG DOPANG GUNUNGSARI, Jl. Batu Pelalang Ranjok, Dopang, Kec. Gunungsari, Kabupaten Lombok Barat, Nusa Tenggara Bar. 83351",FALSE,TRUE,TRUE,-8.544862,116.116598,https://www.google.com/maps/place/SPPG+DOPANG+GUNUNGSARI/data=!4m7!3m6!1s0x2dcdc1001cf3a1bf:0xf69c57f6bfb95409!8m2!3d-8.544862!4d116.1165985!16s%2Fg%2F11njhc44yt!19sChIJv6HzHADBzS0RCVS5v_ZXnPY?authuser=0&hl=id&g_ep=EgoyMDI2MDkxNi4wIJJjKgBIAVAD&rclk=1,,
SPPG LOMBOK BARAT GUNUNGSARI 02,Nusa Tenggara Barat,Gunungsari,Lombok Barat,"F432+V93 SPPG LOMBOK BARAT GUNUNGSARI 02, Jl. Tgh. Umar Abdul Aziz Kapek, Gn. Sari, Kec. Gunungsari, Kabupaten Lombok Barat, Nusa Tenggara Bar. 83351",FALSE,TRUE,TRUE,-8.545354,116.100937,https://www.google.com/maps/place/SPPG+LOMBOK+BARAT+GUNUNGSARI+02/data=!4m7!3m6!1s0x2dcdc10030a285b3:0x91e0fb5c618bfe3e!8m2!3d-8.5453536!4d116.1009374!16s%2Fg%2F11zbbxp1sd!19sChIJs4WiMADBzS0RPv6LYVz74JE?authuser=0&hl=id&g_ep=EgoyMDI2MDkxNi4wIJJjKgBIAVAD&rclk=1,,
SPPG GUNUNGSARI JATISELA 3,Nusa Tenggara Barat,Gunungsari,Belu,"F32M+C33 SPPG GUNUNGSARI JATISELA 3, Jl. Belukus 2, Jati Ireng, Jati Sela, Gunungsari, West Lombok Regency, West Nusa Tenggara 83351",FALSE,TRUE,TRUE,-8.54864,116.082485,https://www.google.com/maps/place/SPPG+GUNUNGSARI+JATISELA+3/data=!4m7!3m6!1s0x2dcdc1002fb60379:0x95c21cf0a4c88a0c!8m2!3d-8.5486399!4d116.0824849!16s%2Fg%2F11zcflrwcf!19sChIJeQO2LwDBzS0RDIrIpPAcwpU?authuser=0&hl=id&g_ep=EgoyMDI2MDkxNi4wIJJjKgBIAVAD&rclk=1,,
SPPG LOMBOK BARAT LEMBAR SEKOTONG TIMUR 2,Nusa Tenggara Barat,Sekotong,Lombok Barat,"63VP+R4J SPPG LOMBOK BARAT LEMBAR SEKOTONG TIMUR 2, Jl. Datu kedaro, jelateng sedenggang, Kec. Lembar, Kabupaten Lombok Barat, Nusa Tenggara Bar. 83364",FALSE,TRUE,TRUE,-8.755401,116.085266,https://www.google.com/maps/place/SPPG+LOMBOK+BARAT+LEMBAR+SEKOTONG+TIMUR+2/data=!4m7!3m6!1s0x2dcda3005f621a87:0xa038a322882ff747!8m2!3d-8.7554014!4d116.0852665!16s%2Fg%2F11zfp5qzq2!19sChIJhxpiXwCjzS0RR_cviCKjOKA?authuser=0&hl=id&g_ep=EgoyMDI2MDkxNi4wIJJjKgBIAVAD&rclk=1,,
SPPG SEKOTONG BARAT 008,Nusa Tenggara Barat,Sekotong,Lombok Barat,"Desa Pelangan, Jln. Raya Siung - Bangkobangko, Desa Pelangan, Kecamatan Sekotong, Pelangan, Gerung, Kabupaten Lombok Barat, Nusa Tenggara Bar. 83365",FALSE,TRUE,TRUE,-8.78211,115.927035,https://www.google.com/maps/place/SPPG+Sekotong+Barat+008/data=!4m7!3m6!1s0x2dcd9bc6465c34af:0x823c6f297f989459!8m2!3d-8.7821099!4d115.9270354!16s%2Fg%2F11z1w4fnxk!19sChIJrzRcRsabzS0RWZSYfylvPII?authuser=0&hl=id&g_ep=EgoyMDI2MDkxNi4wIJJjKgBIAVAD&rclk=1,,
SPPG LOMBOK BARAT SEKOTONG BUWUN MAS,Nusa Tenggara Barat,Sekotong,Lombok Barat,"5324+4X3 SPPG LOMBOK BARAT SEKOTONG BUWUN MAS, Jl. Raya Sepi, Buwun Mas, Kec. Sekotong, Kabupaten Lombok Barat, Nusa Tenggara Bar. 83365",FALSE,TRUE,TRUE,-8.849735,116.057429,https://www.google.com/maps/place/SPPG+LOMBOK+BARAT+SEKOTONG+BUWUN+MAS/data=!4m7!3m6!1s0x2dcda100321ad525:0xfc5aae22f62a86d5!8m2!3d-8.8497347!4d116.0574287!16s%2Fg%2F11n54ws2tz!19sChIJJdUaMgChzS0R1YYq9iKuWvw?authuser=0&hl=id&g_ep=EgoyMDI2MDkxNi4wIJJjKgBIAVAD&rclk=1,,
SPPG LOMBOK BARAT LEMBAR LEMBAR,Nusa Tenggara Barat,Sekotong,Lombok Barat,"Jl. Raya Sekotong - Lembar No.16, Sekotong Tim., Kec. Lembar, Kabupaten Lombok Barat, Nusa Tenggara Bar. 83364",FALSE,TRUE,TRUE,-8.756339,116.08239,https://www.google.com/maps/place/SPPG+Lombok+Barat+Lembar+Lembar/data=!4m7!3m6!1s0x2dcda3004150c421:0xaa9856a704f32ba4!8m2!3d-8.7563392!4d116.0823899!16s%2Fg%2F11z76wv7_9!19sChIJIcRQQQCjzS0RpCvzBKdWmKo?authuser=0&hl=id&g_ep=EgoyMDI2MDkxNi4wIJJjKgBIAVAD&rclk=1,,
SPPG KURIPAN 01 LOMBOK BARAT,Kalimantan Selatan,Kuripan,Lombok Barat,"85C6+FM9 SPPG Kuripan 01 Lombok Barat, Kuripan, Kec. Kuripan, Kabupaten Lombok Barat, Nusa Tenggara Bar. 83362",FALSE,TRUE,TRUE,-8.678039,116.162223,https://www.google.com/maps/place/SPPG+Kuripan+01+Lombok+Barat/data=!4m7!3m6!1s0x2dcdbb007f096437:0xf7ebb4f4b0701611!8m2!3d-8.6780389!4d116.1622231!16s%2Fg%2F11zb2b3kbj!19sChIJN2QJfwC7zS0RERZwsPS06_c?authuser=0&hl=id&g_ep=EgoyMDI2MDkxNi4wIJJjKgBIAVAD&rclk=1,,
SPPG LOMBOK BARAT LEMBAR LEMBAR SELATAN 1,Nusa Tenggara Barat,Lembar,Lombok Barat,"73VJ+F39 SPPG Lombok Barat Lembar Lembar Selatan 1, Jl. Yos Sudarso, Jemb. Kembar, Kec. Lembar, Kabupaten Lombok Barat, Nusa Tenggara Bar. 83364",FALSE,TRUE,TRUE,-8.706348,116.080249,https://www.google.com/maps/place/SPPG+Lombok+Barat+Lembar+Lembar+Selatan+1/data=!4m7!3m6!1s0x2dcdbd002753a1b3:0xf4676968382a2860!8m2!3d-8.7063476!4d116.0802491!16s%2Fg%2F11n3kmjrzc!19sChIJs6FTJwC9zS0RYCgqOGhpZ_Q?authuser=0&hl=id&g_ep=EgoyMDI2MDkxNi4wIJJjKgBIAVAD&rclk=1,,
SPPG LOMBOK BARAT LEMBAR JEMBATAN GANTUNG,Nusa Tenggara Barat,Mataram,Kota Mataram,"Jalan Raya, Banyu Urip, Kec. Lembar, Kota Mataram, Nusa Tenggara Bar. 83363",FALSE,TRUE,TRUE,-8.692502,116.11065,https://www.google.com/maps/place/SPPG+LOMBOK+BARAT+LEMBAR+JEMBATAN+GANTUNG/data=!4m7!3m6!1s0x2dcdbd007829e873:0x59d3738a098bd695!8m2!3d-8.6925025!4d116.1106496!16s%2Fg%2F11yyxjsdx1!19sChIJc-gpeAC9zS0RldaLCYpz01k?authuser=0&hl=id&g_ep=EgoyMDI2MDkxNi4wIJJjKgBIAVAD&rclk=1,,
SPPG LOMBOK BARAT LEMBAR LABUAN TERENG,Nusa Tenggara Barat,Lembar,Lombok Barat,"739P+HQR SPPG LOMBOK BARAT LEMBAR LABUAN TERENG, Jl. Dato Kedaro, Labuan Tereng, Kec. Lembar, Kabupaten Lombok Barat, Nusa Tenggara Bar. 83364",FALSE,TRUE,TRUE,-8.73119,116.087258,https://www.google.com/maps/place/SPPG+LOMBOK+BARAT+LEMBAR+LABUAN+TERENG/data=!4m7!3m6!1s0x2dcdbd0022318771:0xf45ed362c7b47601!8m2!3d-8.7311904!4d116.0872584!16s%2Fg%2F11z7p2__xy!19sChIJcYcxIgC9zS0RAXa0x2LTXvQ?authuser=0&hl=id&g_ep=EgoyMDI2MDkxNi4wIJJjKgBIAVAD&rclk=1,,
"SPPG SEKOTONG BARAT 3, YAYASAN ARRISALAH PAOK LOMBOK",Nusa Tenggara Barat,Sekotong,Lombok Barat,"62X5+96X SPPG SEKOTONG BARAT 3, YAYASAN ARRISALAH PAOK LOMBOK, Dusun Tawun, Sekotong Bar., Kec. Sekotong, Kabupaten Lombok Barat, Nusa Tenggara Bar. 83365",FALSE,TRUE,TRUE,-8.751504,116.008108,"https://www.google.com/maps/place/SPPG+SEKOTONG+BARAT+3,+YAYASAN+ARRISALAH+PAOK+LOMBOK/data=!4m7!3m6!1s0x2dcd9700416b8f39:0x4bddac6fc4c7cbdf!8m2!3d-8.7515042!4d116.0081078!16s%2Fg%2F11zbm9v4g6!19sChIJOY9rQQCXzS0R38vHxG-s3Us?authuser=0&hl=id&g_ep=EgoyMDI2MDkxNi4wIJJjKgBIAVAD&rclk=1",,
SPPG LOMBOK BARAT SEKOTONG TAMAN BARU 2,Kalimantan Timur,Batu Putih,Lombok Barat,"53X5+48Q SPPG Lombok Barat Sekotong Taman Baru 2, Jl. Raya Sepi, Batu Putih, Taman Baru, Kec. Sekotong, Kabupaten Lombok Barat, Nusa Tenggara Bar. 83365",FALSE,TRUE,TRUE,-8.802159,116.058359,https://www.google.com/maps/place/SPPG+Lombok+Barat+Sekotong+Taman+Baru+2/data=!4m7!3m6!1s0x2dcda30013fbf131:0x5a25c04a4efc5393!8m2!3d-8.8021586!4d116.058359!16s%2Fg%2F11z7bqwjn_!19sChIJMfH7EwCjzS0Rk1P8TkrAJVo?authuser=0&hl=id&g_ep=EgoyMDI2MDkxNi4wIJJjKgBIAVAD&rclk=1,,
SPPG LOMBOK BARAT LEMBAR SEKOTONG TIMUR,Nusa Tenggara Barat,Sekotong,Lombok Barat,"63VM+FFR SPPG Lombok Barat Lembar Sekotong Timur, Jl. Datu Kedaro Jelateng Sedenggang, Sekotong Tim., Kec. Lembar, Kabupaten Lombok Barat, Nusa Tenggara Bar. 83364",FALSE,TRUE,TRUE,-8.756256,116.083632,https://www.google.com/maps/place/SPPG+Lombok+Barat+Lembar+Sekotong+Timur/data=!4m7!3m6!1s0x2dcda3001bd621c3:0xbd1a4440813dd82e!8m2!3d-8.756256!4d116.0836324!16s%2Fg%2F11z8qz_qk8!19sChIJwyHWGwCjzS0RLtg9gUBEGr0?authuser=0&hl=id&g_ep=EgoyMDI2MDkxNi4wIJJjKgBIAVAD&rclk=1,,
"SPPG BATU PUTIH, SEKOTONG #002",Kalimantan Timur,Batu Putih,Lombok Barat,"6VW8+V44 SPPG BATU PUTIH, SEKOTONG #002, Jl. Raya Labuan Poh, Batu Putih, Kec. Sekotong, Kabupaten Lombok Barat, Nusa Tenggara Bar. 83365",FALSE,TRUE,TRUE,-8.752787,115.865466,"https://www.google.com/maps/place/SPPG+BATU+PUTIH,+SEKOTONG+%23002/data=!4m7!3m6!1s0x2dcd91005f5b3715:0x5c1074ba392cf414!8m2!3d-8.7527873!4d115.8654659!16s%2Fg%2F11z0_l509y!19sChIJFTdbXwCRzS0RFPQsObp0EFw?authuser=0&hl=id&g_ep=EgoyMDI2MDkxNi4wIJJjKgBIAVAD&rclk=1",,
SPPG LABUAPI BAGIKPOLAK,Nusa Tenggara Barat,Labuapi,Lombok Barat,"946G+PV6 SPPG LABUAPI BAGIKPOLAK, Bagik Polak, Kec. Labuapi, Kabupaten Lombok Barat, Nusa Tenggara Bar. 83362",FALSE,TRUE,TRUE,-8.638222,116.127154,https://www.google.com/maps/place/SPPG+LABUAPI+BAGIKPOLAK/data=!4m7!3m6!1s0x2dcdbf002094440f:0xcf1aae500fc9d0a4!8m2!3d-8.6382222!4d116.1271538!16s%2Fg%2F11ylskqbz_!19sChIJD0SUIAC_zS0RpNDJD1CuGs8?authuser=0&hl=id&g_ep=EgoyMDI2MDkxNi4wIJJjKgBIAVAD&rclk=1,,
SPPG LABUAPI 1,Nusa Tenggara Barat,Labuapi,Lombok Barat,"94FF+MG6 SPPG LABUAPI 1, Labu Api, Kec. Labuapi, Kabupaten Lombok Barat, Nusa Tenggara Bar. 83361",FALSE,TRUE,TRUE,-8.625842,116.123755,https://www.google.com/maps/place/Sppg+labuapi+1/data=!4m7!3m6!1s0x2dcdbf000a48643b:0xa86db30c510b21a8!8m2!3d-8.6289564!4d116.1257696!16s%2Fg%2F11z3_zdkx5!19sChIJO2RICgC_zS0RqCELUQyzbag?authuser=0&hl=id&g_ep=EgoyMDI2MDkxNi4wIJJjKgBIAVAD&rclk=1,,
"SPPG BAJUR 2 LABUAPI, LOMBOK BARAT",Nusa Tenggara Barat,Mataram,Kota Mataram,"jl. rengganis raya, bajur, kec labuapi, kabupaten lombok barat, Bajur, Kec. Labuapi, Kota Mataram, Nusa Tenggara Bar. 83361",FALSE,TRUE,TRUE,-8.619797,116.108562,"https://www.google.com/maps/place/SPPG+BAJUR+2+LABUAPI,+LOMBOK+BARAT/data=!4m7!3m6!1s0x2dcdbfb676de3e7d:0xddf6f2c283845c9d!8m2!3d-8.619797!4d116.1085618!16s%2Fg%2F11zbl_b_h1!19sChIJfT7edra_zS0RnVyEg8Ly9t0?authuser=0&hl=id&g_ep=EgoyMDI2MDkxNi4wIJJjKgBIAVAD&rclk=1",,
SPPG BAGIK POLAK 2,Nusa Tenggara Barat,Labuapi,Lombok Barat,"94FM+C3R SPPG Bagik Polak 2, Bagik Polak, Kec. Labuapi, Kabupaten Lombok Barat, Nusa Tenggara Bar. 83361",FALSE,TRUE,TRUE,-8.626344,116.132543,https://www.google.com/maps/place/SPPG+Bagik+Polak+2/data=!4m7!3m6!1s0x2dcdbf005f7759c5:0x2f8c4bbc754e840f!8m2!3d-8.626344!4d116.1325435!16s%2Fg%2F11zcf_y61y!19sChIJxVl3XwC_zS0RD4ROdbxLjC8?authuser=0&hl=id&g_ep=EgoyMDI2MDkxNi4wIJJjKgBIAVAD&rclk=1,,
SPPG LABUAPI II,Nusa Tenggara Barat,Labuapi,Lombok Barat,"94FF+MG2 SPPG LABUAPI II, Labu Api, Kec. Labuapi, Kabupaten Lombok Barat, Nusa Tenggara Bar. 83361",FALSE,TRUE,TRUE,-8.62587,116.123765,https://www.google.com/maps/place/SPPG+LABUAPI+II/data=!4m7!3m6!1s0x2dcdbf0042549cbb:0xb10bdebfcf3243fa!8m2!3d-8.6258779!4d116.1237703!16s%2Fg%2F11n9tt69gx!19sChIJu5xUQgC_zS0R-kMyz7_eC7E?authuser=0&hl=id&g_ep=EgoyMDI2MDkxNi4wIJJjKgBIAVAD&rclk=1,,
SPPG LABUAPI II,Nusa Tenggara Barat,Labuapi,Lombok Barat,"94FF+JGR SPPG LABUAPI II, Labu Api, Kec. Labuapi, Kabupaten Lombok Barat, Nusa Tenggara Bar. 83361",FALSE,TRUE,TRUE,-8.625878,116.12377,https://www.google.com/maps/place/SPPG+LABUAPI+II/data=!4m7!3m6!1s0x2dcdbf0042549cbb:0xb10bdebfcf3243fa!8m2!3d-8.6258779!4d116.1237703!16s%2Fg%2F11n9tt69gx!19sChIJu5xUQgC_zS0R-kMyz7_eC7E?authuser=0&hl=id&g_ep=EgoyMDI2MDkxNi4wIJJjKgBIAVAD&rclk=1,,
SPPG LABUAPI 1,Nusa Tenggara Barat,Labuapi,Lombok Barat,"94CG+F86 Sppg labuapi 1, Labu Api, Kec. Labuapi, Kabupaten Lombok Barat, Nusa Tenggara Bar. 83361",FALSE,TRUE,TRUE,-8.628956,116.12577,https://www.google.com/maps/place/Sppg+labuapi+1/data=!4m7!3m6!1s0x2dcdbf000a48643b:0xa86db30c510b21a8!8m2!3d-8.6289564!4d116.1257696!16s%2Fg%2F11z3_zdkx5!19sChIJO2RICgC_zS0RqCELUQyzbag?authuser=0&hl=id&g_ep=EgoyMDI2MDkxNi4wIJJjKgBIAVAD&rclk=1,,
SPPG LOMBOK BARAT LABUAPI BENGKEL 2,Nusa Tenggara Barat,Mataram,Kota Mataram,"94PX+RVC SPPG Lombok Barat Labuapi Bengkel 2, Jl. TGH. Faesal, Mandalika, Kec. Labuapi, Kota Mataram, Nusa Tenggara Bar. 83361",FALSE,TRUE,TRUE,-8.612942,116.149651,https://www.google.com/maps/place/SPPG+Lombok+Barat+Labuapi+Bengkel+2/data=!4m7!3m6!1s0x2dcdb9002aaf34dd:0x5d5b673164fca847!8m2!3d-8.6129418!4d116.1496514!16s%2Fg%2F11z7k6cx2n!19sChIJ3TSvKgC5zS0RR6j8ZDFnW10?authuser=0&hl=id&g_ep=EgoyMDI2MDkxNi4wIJJjKgBIAVAD&rclk=1,,
SPPG LOMBOK BARAT LABUAPI BENGKEL,Nusa Tenggara Barat,Labuapi,Lombok Barat,"Jl. Tgh. Ibrahim Al-Khalidy, Bengkel, Kec. Labuapi, Kabupaten Lombok Barat, Nusa Tenggara Bar. 83361",FALSE,TRUE,TRUE,-8.621582,116.150119,https://www.google.com/maps/place/SPPG+Lombok+Barat+Labuapi+Bengkel/data=!4m7!3m6!1s0x2dcdb976671e33ed:0x11ebfb6460ea434a!8m2!3d-8.621582!4d116.1501186!16s%2Fg%2F11xv9vqg8p!19sChIJ7TMeZ3a5zS0RSkPqYGT76xE?authuser=0&hl=id&g_ep=EgoyMDI2MDkxNi4wIJJjKgBIAVAD&rclk=1,,
SPPG KARANG BONGKOT,Nusa Tenggara Barat,Labuapi,Lombok Barat,"Jl. Gn. Pengsong, Telaga Waru, Kec. Labuapi, Kabupaten Lombok Barat, Nusa Tenggara Bar. 83361",FALSE,TRUE,TRUE,-8.63973,116.096936,https://www.google.com/maps/place/SPPG+KARANG+BONGKOT/data=!4m7!3m6!1s0x2dcdbf00493a5d59:0xe9745c9f78a7d15d!8m2!3d-8.6397304!4d116.0969361!16s%2Fg%2F11zh677xmc!19sChIJWV06SQC_zS0RXdGneJ9cdOk?authuser=0&hl=id&g_ep=EgoyMDI2MDkxNi4wIJJjKgBIAVAD&rclk=1,,
SPPG LOBAR GERUNG DASAN GERES 1,Nusa Tenggara Barat,Gerung,Lombok Barat,"84GQ+63W SPPG LOBAR GERUNG DASAN GERES 1, Dasan Geres, Kec. Gerung, Kabupaten Lombok Barat, Nusa Tenggara Bar. 83363",FALSE,TRUE,TRUE,-8.674095,116.137541,https://www.google.com/maps/place/SPPG+LOBAR+GERUNG+DASAN+GERES+1/data=!4m7!3m6!1s0x2dcdbb00042746f5:0xbd8e24934be581fc!8m2!3d-8.6740946!4d116.1375407!16s%2Fg%2F11ysb983cx!19sChIJ9UYnBAC7zS0R_IHlS5Mkjr0?authuser=0&hl=id&g_ep=EgoyMDI2MDkxNi4wIJJjKgBIAVAD&rclk=1,,
SPPG BAJUR,Nusa Tenggara Barat,Labuapi,Lombok Barat,"94F3+VCV SPPG BAJUR, Jl. Rengganis Raya, Bajur, Kec. Labuapi, Kabupaten Lombok Barat, Nusa Tenggara Bar. 83361",FALSE,TRUE,TRUE,-8.625271,116.103534,https://www.google.com/maps/place/SPPG+BAJUR/data=!4m7!3m6!1s0x2dcdbf0010408f6b:0x8a02f7a8833eb45d!8m2!3d-8.6252709!4d116.1035337!16s%2Fg%2F11xz5_fg29!19sChIJa49AEAC_zS0RXbQ-g6j3Aoo?authuser=0&hl=id&g_ep=EgoyMDI2MDkxNi4wIJJjKgBIAVAD&rclk=1,,
SPPG LOMBOK BARAT GERUNG GERUNG SELATAN,Nusa Tenggara Barat,Gerung,Lombok Barat,"846F+GQM SPPG Lombok Barat Gerung Gerung Selatan, Jl. Mandar, Gerung Sel., Kec. Gerung, Kabupaten Lombok Barat, Nusa Tenggara Bar. 83363",FALSE,TRUE,TRUE,-8.688674,116.124424,https://www.google.com/maps/place/SPPG+Lombok+Barat+Gerung+Gerung+Selatan/data=!4m7!3m6!1s0x2dcdbd003336c4e1:0xd72243aa4baf8946!8m2!3d-8.6886735!4d116.1244244!16s%2Fg%2F11z8n8yg9_!19sChIJ4cQ2MwC9zS0RRomvS6pDItc?authuser=0&hl=id&g_ep=EgoyMDI2MDkxNi4wIJJjKgBIAVAD&rclk=1,,
SPPG LOMBOK BARAT GERUNG BABUSSALAM 2,Nusa Tenggara Barat,Babussalam,Lombok Barat,"85J3+Q26 SPPG LOMBOK BARAT GERUNG BABUSSALAM 2, Jl. Soekarno- Hatta,Bermi Karang Dalam Timur, Babussalam, Kec. Gerung, Kabupaten Lombok Barat, Nusa Tenggara Bar. 83362",FALSE,TRUE,TRUE,-8.668081,116.152531,https://www.google.com/maps/place/SPPG+LOMBOK+BARAT+GERUNG+BABUSSALAM+2/data=!4m7!3m6!1s0x2dcdbb007c4d4665:0xfa7cca9c592ef43c!8m2!3d-8.6680811!4d116.1525306!16s%2Fg%2F11z8s6cxlx!19sChIJZUZNfAC7zS0RPPQuWZzKfPo?authuser=0&hl=id&g_ep=EgoyMDI2MDkxNi4wIJJjKgBIAVAD&rclk=1,,
SPPG TEMPOS GERUNG LOMBOK BARAT,Nusa Tenggara Barat,Gerung,Lombok Barat,"845W+F62 SPPG Tempos Gerung Lombok Barat, Tempos, Kec. Gerung, Kabupaten Lombok Barat, Nusa Tenggara Bar. 83363",FALSE,TRUE,TRUE,-8.692114,116.144549,https://www.google.com/maps/place/SPPG+Tempos+Gerung+Lombok+Barat/data=!4m7!3m6!1s0x2dcdbb005af86355:0xfd20953ecb468bf5!8m2!3d-8.6921142!4d116.1445491!16s%2Fg%2F11njtkc61f!19sChIJVWP4WgC7zS0R9YtGyz6VIP0?authuser=0&hl=id&g_ep=EgoyMDI2MDkxNi4wIJJjKgBIAVAD&rclk=1,,
SPPG LOMBOK BARAT KEDIRI KEDIRI,Nusa Tenggara Barat,Kediri,Lombok Barat,"9576+VMF SPPG LOMBOK BARAT KEDIRI KEDIRI, Jl. Tgh. Ibrahim Al-Khalidy, Kediri, Kec. Kediri, Kabupaten Lombok Barat, Nusa Tenggara Bar. 83362",FALSE,TRUE,TRUE,-8.635323,116.161685,https://www.google.com/maps/place/SPPG+LOMBOK+BARAT+KEDIRI+KEDIRI/data=!4m7!3m6!1s0x2dcdb900568dde0f:0xac6a86b27483c637!8m2!3d-8.6353234!4d116.1616846!16s%2Fg%2F11z8qz01sb!19sChIJD96NVgC5zS0RN8aDdLKGaqw?authuser=0&hl=id&g_ep=EgoyMDI2MDkxNi4wIJJjKgBIAVAD&rclk=1,,
SPPG LOMBOK BARAT KEDIRI MONTONG ARR,Nusa Tenggara Barat,Montong,Lombok Barat,"9596+4M6 SPPG Lombok Barat Kediri Montong Arr, Jl. Tgh. Mustafa Al-Khalidy, Montong Are, Kec. Kediri, Kabupaten Lombok Barat, Nusa Tenggara Bar. 83362",FALSE,TRUE,TRUE,-8.63221,116.161634,https://www.google.com/maps/place/SPPG+Lombok+Barat+Kediri+Montong+Arr/data=!4m7!3m6!1s0x2dcdb9003e622969:0x4204f158506435c4!8m2!3d-8.6322099!4d116.1616337!16s%2Fg%2F11njmlp17b!19sChIJaSliPgC5zS0RxDVkUFjxBEI?authuser=0&hl=id&g_ep=EgoyMDI2MDkxNi4wIJJjKgBIAVAD&rclk=1,,
SPPG LOMBOK BARAT KEDIRI LELEDE,Nusa Tenggara Barat,Kediri,Lombok Barat,"942F+J5G SPPG Lombok Barat Kediri Lelede, Jl. Wisata Banyumulek, Banyumulek, Kec. Kediri, Kabupaten Lombok Barat, Nusa Tenggara Bar. 83362",FALSE,TRUE,TRUE,-8.648711,116.123185,https://www.google.com/maps/place/SPPG+Lombok+Barat+Kediri+Lelede/data=!4m7!3m6!1s0x2dcdbf0054934caf:0x3ae17afc4bbae2c8!8m2!3d-8.6487112!4d116.1231853!16s%2Fg%2F11z892tzkp!19sChIJr0yTVAC_zS0RyOK6S_x64To?authuser=0&hl=id&g_ep=EgoyMDI2MDkxNi4wIJJjKgBIAVAD&rclk=1,,
SPPG LOMBOK BARAT KEDIRI DASAN BARU,Nusa Tenggara Barat,Kediri,Lombok Barat,"84V7+CR9 SPPG LOMBOK BARAT KEDIRI DASAN BARU, Dasan Baru, Kec. Kediri, Kabupaten Lombok Barat, Nusa Tenggara Bar. 83362",FALSE,TRUE,TRUE,-8.656464,116.114597,https://www.google.com/maps/place/SPPG+LOMBOK+BARAT+KEDIRI+DASAN+BARU/data=!4m7!3m6!1s0x2dcdbf0001d3f71b:0x4771dca4248ee276!8m2!3d-8.6564644!4d116.1145968!16s%2Fg%2F11zbcrlx_w!19sChIJG_fTAQC_zS0RduKOJKTccUc?authuser=0&hl=id&g_ep=EgoyMDI2MDkxNi4wIJJjKgBIAVAD&rclk=1,,
SPPG LOMBOK BARAT KEDIRI 2,Nusa Tenggara Barat,Kediri,Lombok Barat,"Jl. Tgh. Abdul Karim No.49, Gelogor, Kec. Kediri, Kabupaten Lombok Barat, Nusa Tenggara Bar. 83362",FALSE,TRUE,TRUE,-8.636122,116.145532,https://www.google.com/maps/place/SPPG+Lombok+Barat+Kediri+2/data=!4m7!3m6!1s0x2dcdb9001eefcf51:0x679dcebb344e721d!8m2!3d-8.6361219!4d116.1455318!16s%2Fg%2F11njlkv18c!19sChIJUc_vHgC5zS0RHXJONLvOnWc?authuser=0&hl=id&g_ep=EgoyMDI2MDkxNi4wIJJjKgBIAVAD&rclk=1,,
SPPG SETELUK,Nusa Tenggara Barat,Batu Layar,Lombok Barat,"F36F+999 SPPG SETELUK, Senteluk, Kec. Batu Layar, Kabupaten Lombok Barat, Nusa Tenggara Bar. 83355",FALSE,TRUE,TRUE,-8.539081,116.073611,https://www.google.com/maps/place/SPPG+SETELUK/data=!4m7!3m6!1s0x2dcdc100348a8251:0xc7226d30c8be943a!8m2!3d-8.5390814!4d116.0736114!16s%2Fg%2F11zfr833z6!19sChIJUYKKNADBzS0ROpS-yDBtIsc?authuser=0&hl=id&g_ep=EgoyMDI2MDkxNi4wIJJjKgBIAVAD&rclk=1,,
SPPG LOMBOK BARAT BATU LAYAR SANDIK,Nusa Tenggara Barat,Batu Layar,Lombok Barat,"Jl. Pariwisata No.313, Sandik, Kec. Batu Layar, Kabupaten Lombok Barat, Nusa Tenggara Bar. 83355",FALSE,TRUE,TRUE,-8.53941,116.087906,https://www.google.com/maps/place/SPPG+Lombok+Barat+Batu+Layar+Sandik/data=!4m7!3m6!1s0x2dcdc10078e087f1:0x210f48390cb2616!8m2!3d-8.5394101!4d116.0879056!16s%2Fg%2F11z7bn21z8!19sChIJ8YfgeADBzS0RFibLkIP0EAI?authuser=0&hl=id&g_ep=EgoyMDI2MDkxNi4wIJJjKgBIAVAD&rclk=1,,
SPPG LOMBOK BARAT KURIPAN KURIPAN 2,Nusa Tenggara Barat,Kuripan,Lombok Barat,"85H9+5G4 SPPG LOMBOK BARAT KURIPAN KURIPAN 2, Kuripan, Kec. Kuripan, Kabupaten Lombok Barat, Nusa Tenggara Bar. 83362",FALSE,TRUE,TRUE,-8.672094,116.169182,https://www.google.com/maps/place/SPPG+LOMBOK+BARAT+KURIPAN+KURIPAN+2/data=!4m7!3m6!1s0x2dcdbb0008bef1c3:0xc8b3b159a74e3c56!8m2!3d-8.6720942!4d116.1691821!16s%2Fg%2F11njn4vw5v!19sChIJw_G-CAC7zS0RVjxOp1mxs8g?authuser=0&hl=id&g_ep=EgoyMDI2MDkxNi4wIJJjKgBIAVAD&rclk=1,,
SPPG KURIPAN KURIPAN 3,Nusa Tenggara Barat,Kuripan,Lombok Barat,"85M6+6J4 SPPG KURIPAN KURIPAN 3, Kuripan, Kec. Kuripan, Kabupaten Lombok Barat, Nusa Tenggara Bar. 83362",FALSE,TRUE,TRUE,-8.667152,116.161738,https://www.google.com/maps/place/SPPG+KURIPAN+KURIPAN+3/data=!4m7!3m6!1s0x2dcdbb002b09d479:0x16a54ceaa24056!8m2!3d-8.667152!4d116.161738!16s%2Fg%2F11zh6r4rl3!19sChIJedQJKwC7zS0RVkCi6kylFgA?authuser=0&hl=id&g_ep=EgoyMDI2MDkxNi4wIJJjKgBIAVAD&rclk=1,,
SPPG LOMBOK BARAT KURIPAN UTARA 1,Nusa Tenggara Barat,Kuripan,Lombok Barat,"85RH+J3G SPPG LOMBOK BARAT KURIPAN UTARA 1, Jl. Pramuka, dusun Pedek anyar, Kuripan Utara, Kec. Kuripan, Kabupaten Lombok Barat, Nusa Tenggara Bar. 83362",FALSE,TRUE,TRUE,-8.658444,116.177691,https://www.google.com/maps/place/SPPG+LOMBOK+BARAT+KURIPAN+UTARA+1/data=!4m7!3m6!1s0x2dcdb9006354f839:0x6962da92ac5cd15!8m2!3d-8.6584443!4d116.1776914!16s%2Fg%2F11z8jdd171!19sChIJOfhUYwC5zS0RFc3FKqktlgY?authuser=0&hl=id&g_ep=EgoyMDI2MDkxNi4wIJJjKgBIAVAD&rclk=1,,
SPPG UD YAFI SALADIN KURIPAN,Nusa Tenggara Barat,Kuripan,Lombok Barat,"85G8+CHJ Sppg UD Yafi saladin kuripan, Dusun tongkek, Kuripan, Kec. Kuripan, Kabupaten Lombok Barat, Nusa Tenggara Bar. 83362",FALSE,TRUE,TRUE,-8.673915,116.166394,https://www.google.com/maps/place/Sppg+UD+Yafi+saladin+kuripan/data=!4m7!3m6!1s0x2dcdbb0055bea18b:0x6eb779c1cb24f915!8m2!3d-8.6739147!4d116.1663945!16s%2Fg%2F11md8r_y67!19sChIJi6G-VQC7zS0RFfkky8F5t24?authuser=0&hl=id&g_ep=EgoyMDI2MDkxNi4wIJJjKgBIAVAD&rclk=1,,
SPPG LOMBOK BARAT LINGSAR BATU KUMBUNG,Nusa Tenggara Barat,Narmada,Lombok Barat,"C5FX+5PR SPPG LOMBOK BARAT LINGSAR BATU KUMBUNG, Jl. Raya Lingsar Narmada, Batu Kumbung, Kec. Lingsar, Kabupaten Lombok Barat, Nusa Tenggara Bar. 83371",FALSE,TRUE,TRUE,-8.577005,116.199271,https://www.google.com/maps/place/SPPG+LOMBOK+BARAT+LINGSAR+BATU+KUMBUNG/data=!4m7!3m6!1s0x2dcdc70001113995:0xada08a837c6082fb!8m2!3d-8.5770048!4d116.199271!16s%2Fg%2F11np_bk144!19sChIJlTkRAQDHzS0R-4JgfIOKoK0?authuser=0&hl=id&g_ep=EgoyMDI2MDkxNi4wIJJjKgBIAVAD&rclk=1,,
SPPG LOMBOK BARAT LINGSAR SIGERONGA,Nusa Tenggara Barat,Lingsar,Lombok Barat,"C5M7+JM4 SPPG LOMBOK BARAT LINGSAR SIGERONGA, Jl. Karang Bayan gg. tilapia, Sigerongan, Kec. Lingsar, Kabupaten Lombok Barat, Nusa Tenggara Bar. 83237",FALSE,TRUE,TRUE,-8.565982,116.164193,https://www.google.com/maps/place/SPPG+LOMBOK+BARAT+LINGSAR+SIGERONGA/data=!4m7!3m6!1s0x2dcdc7005518b4c9:0xcc47fcd59cfaaf32!8m2!3d-8.5659819!4d116.1641927!16s%2Fg%2F11zb6_q388!19sChIJybQYVQDHzS0RMq_6nNX8R8w?authuser=0&hl=id&g_ep=EgoyMDI2MDkxNi4wIJJjKgBIAVAD&rclk=1,,
SPPG LOMBOK BARAT LINGSAR GEGERUNG,Nusa Tenggara Barat,Lingsar,Lombok Barat,"C4VQ+QQR SPPG Lombok Barat Lingsar Gegerung, Jl. Syekh Abdurrahman, Gegerung, Kec. Lingsar, Kabupaten Lombok Barat, Nusa Tenggara Bar. 83351",FALSE,TRUE,TRUE,-8.555642,116.139086,https://www.google.com/maps/place/SPPG+Lombok+Barat+Lingsar+Gegerung/data=!4m7!3m6!1s0x2dcdc70065ccfb0b:0x71bd38da249dfe9c!8m2!3d-8.555642!4d116.1390861!16s%2Fg%2F11zbcrkjgv!19sChIJC_vMZQDHzS0RnP6dJNo4vXE?authuser=0&hl=id&g_ep=EgoyMDI2MDkxNi4wIJJjKgBIAVAD&rclk=1,,
SPPG LOMBOK BARAT LINGSAR DUMAN 3,Nusa Tenggara Barat,Lingsar,Lombok Barat,"C4VX+7QM SPPG LOMBOK BARAT LINGSAR DUMAN 3, Jl. TGH. Musa Abdillah, Duman, Kec. Lingsar, Kabupaten Lombok Barat, Nusa Tenggara Bar. 83371",FALSE,TRUE,TRUE,-8.556784,116.149418,https://www.google.com/maps/place/SPPG+LOMBOK+BARAT+LINGSAR+DUMAN+3/data=!4m7!3m6!1s0x2dcdc7004982e11f:0x143eaf605fc712a8!8m2!3d-8.5567842!4d116.1494176!16s%2Fg%2F11z7dgh474!19sChIJH-GCSQDHzS0RqBLHX2CvPhQ?authuser=0&hl=id&g_ep=EgoyMDI2MDkxNi4wIJJjKgBIAVAD&rclk=1,,
SPPG SIGERONGAN,Nusa Tenggara Barat,Lingsar,Lombok Barat,"C5H4+XHW SPPG SIGERONGAN, Sigerongan, Kec. Lingsar, Kabupaten Lombok Barat, Nusa Tenggara Bar. 83237",FALSE,TRUE,TRUE,-8.570022,116.156459,https://www.google.com/maps/place/SPPG+SIGERONGAN/data=!4m7!3m6!1s0x2dcdc70068c6fc31:0xf8327ed4efbaa6ea!8m2!3d-8.5700216!4d116.1564589!16s%2Fg%2F11njgpv8bn!19sChIJMfzGaADHzS0R6qa679R-Mvg?authuser=0&hl=id&g_ep=EgoyMDI2MDkxNi4wIJJjKgBIAVAD&rclk=1,,
"SPPG LOMBOK BARAT LINGSAR, LINGSAR",Nusa Tenggara Barat,Lingsar,Lombok Barat,"C5HP+444 SPPG Lombok Barat Lingsar, Lingsar, Jl. Gora 2, Timur, Lingsar, Kec. Lingsar, Kabupaten Lombok Barat, Nusa Tenggara Bar. 83371",FALSE,TRUE,TRUE,-8.572248,116.185313,"https://www.google.com/maps/place/SPPG+Lombok+Barat+Lingsar,+Lingsar/data=!4m7!3m6!1s0x2dcdc7002fb25355:0x98ca0190f051ab13!8m2!3d-8.5722484!4d116.1853133!16s%2Fg%2F11zfp46lml!19sChIJVVOyLwDHzS0RE6tR8JABypg?authuser=0&hl=id&g_ep=EgoyMDI2MDkxNi4wIJJjKgBIAVAD&rclk=1",,
SPPG LOMBOK BARAT LEMBAR,Nusa Tenggara Barat,Lembar,Lombok Barat,"73HM+C44 SPPG Lombok Barat Lembar, Lembar, Kec. Lembar, Kabupaten Lombok Barat, Nusa Tenggara Bar. 83364",FALSE,TRUE,TRUE,-8.721509,116.082816,https://www.google.com/maps/place/SPPG+Lombok+Barat+Lembar/data=!4m7!3m6!1s0x2dcdbd004fadb135:0x4fc88da8c857f9f5!8m2!3d-8.7215091!4d116.0828165!16s%2Fg%2F11np_dnrwd!19sChIJNbGtTwC9zS0R9flXyKiNyE8?authuser=0&hl=id&g_ep=EgoyMDI2MDkxNi4wIJJjKgBIAVAD&rclk=1,,
SPPG LOMBOK BARAT LEMBAR LEMBAR SELATAN 3,Nusa Tenggara Barat,Lembar,Lombok Barat,"73HM+C44 SPPG Lombok Barat Lembar Lembar Selatan 3, Lembar, Kec. Lembar, Kabupaten Lombok Barat, Nusa Tenggara Bar. 83364",FALSE,TRUE,TRUE,-8.72151,116.082803,https://www.google.com/maps/place/SPPG+Lombok+Barat+Lembar+Lembar+Selatan+3/data=!4m7!3m6!1s0x2dcdbd00523e23f7:0x99b84d8ce1f2dbd1!8m2!3d-8.7215105!4d116.0828032!16s%2Fg%2F11zfqjsrc0!19sChIJ9yM-UgC9zS0R0dvy4YxNuJk?authuser=0&hl=id&g_ep=EgoyMDI2MDkxNi4wIJJjKgBIAVAD&rclk=1,,
SPPG LOMBOK BARAT LEMBAR LEMBAR SELATAN 2,Nusa Tenggara Barat,Lembar,Lombok Barat,"73FC+W9 SPPG LOMBOK BARAT LEMBAR LEMBAR SELATAN 2, Lembar, Kec. Lembar, Kabupaten Lombok Barat, Nusa Tenggara Bar. 83364",FALSE,TRUE,TRUE,-8.725276,116.070955,https://www.google.com/maps/place/SPPG+LOMBOK+BARAT+LEMBAR+LEMBAR+SELATAN+2/data=!4m7!3m6!1s0x2dcdbd00638fc5f3:0xdfdbfb9acc7ab578!8m2!3d-8.7252758!4d116.0709554!16s%2Fg%2F11npcjb01b!19sChIJ88WPYwC9zS0ReLV6zJr7298?authuser=0&hl=id&g_ep=EgoyMDI2MDkxNi4wIJJjKgBIAVAD&rclk=1,,
SPPG LEMBAR LEMBAR SELATAN 4,Nusa Tenggara Barat,Lembar,Lombok Barat,"73J8+WC8 SPPG LEMBAR LEMBAR SELATAN 4, Jalan Pantai Cemara, Lembar, Kec. Lembar, Kabupaten Lombok Barat, Nusa Tenggara Bar. 83364",FALSE,TRUE,TRUE,-8.717157,116.066374,https://www.google.com/maps/place/SPPG+LEMBAR+LEMBAR+SELATAN+4/data=!4m7!3m6!1s0x2dcdbd004cfe64ab:0x160703d9ee313150!8m2!3d-8.7171568!4d116.0663741!16s%2Fg%2F11n5374njs!19sChIJq2T-TAC9zS0RUDEx7tkDBxY?authuser=0&hl=id&g_ep=EgoyMDI2MDkxNi4wIJJjKgBIAVAD&rclk=1,,
SPPG PRAYA TIMUR GANTI,Nusa Tenggara Barat,Praya Timur,Lombok Tengah,"69GW+F92 SPPG PRAYA TIMUR GANTI, Ganti, Kec. Praya Tim., Kabupaten Lombok Tengah, Nusa Tenggara Bar. 83581",FALSE,TRUE,TRUE,-8.773061,116.397088,https://www.google.com/maps/place/SPPG+PRAYA+TIMUR+GANTI/data=!4m7!3m6!1s0x2dcdad003f228221:0x1d21454c9f0c991e!8m2!3d-8.773061!4d116.3970884!16s%2Fg%2F11nv0vm59g!19sChIJIYIiPwCtzS0RHpkMn0xFIR0?authuser=0&hl=id&g_ep=EgoyMDI2MDkxNi4wIJJjKgBIAVAD&rclk=1,,
SPPG SENGKERANG PRAYA TIMUR,Nusa Tenggara Barat,Praya Timur,Lombok Tengah,"69MH+GF5 SPPG SENGKERANG PRAYA TIMUR, Jl. Raya Sengkerang, Sengkerang, Kec. Praya Tim., Kabupaten Lombok Tengah, Nusa Tenggara Bar. 83581",FALSE,TRUE,TRUE,-8.766175,116.378683,https://www.google.com/maps/place/SPPG+SENGKERANG+PRAYA+TIMUR/data=!4m7!3m6!1s0x2dcdad0069025e7b:0xd4a275cbba288313!8m2!3d-8.7661753!4d116.3786828!16s%2Fg%2F11ypdksmr3!19sChIJe14CaQCtzS0RE4Moust1otQ?authuser=0&hl=id&g_ep=EgoyMDI2MDkxNi4wIJJjKgBIAVAD&rclk=1,,
SPPG JANGO,Nusa Tenggara Barat,Janapria,Lombok Tengah,"8C27+Q5, Rungkang Barat, Desa, Jango, Kec. Janapria, Kabupaten Lombok Tengah, Nusa Tenggara Bar. 83554",FALSE,TRUE,TRUE,-8.697952,116.412867,https://www.google.com/maps/place/SPPG+JANGO/data=!4m7!3m6!1s0x2dcdb300504405df:0x5bcd29313bdfe16f!8m2!3d-8.6979525!4d116.4128675!16s%2Fg%2F11z2m4ms17!19sChIJ3wVEUACzzS0Rb-HfOzEpzVs?authuser=0&hl=id&g_ep=EgoyMDI2MDkxNi4wIJJjKgBIAVAD&rclk=1,,
SPPG UNGGA,Nusa Tenggara Barat,Praya,Lombok Tengah,"76C2+G7C SPPG UNGGA, Jl. Raya Ungga - Darek, Darek, Kec. Praya Bar. Daya, Kabupaten Lombok Tengah, Nusa Tenggara Bar. 83571",FALSE,TRUE,TRUE,-8.728692,116.200652,https://www.google.com/maps/place/SPPG+UNGGA/data=!4m7!3m6!1s0x2dcdbb004fb0dd41:0x655dd07ad391a9ee!8m2!3d-8.7286918!4d116.2006525!16s%2Fg%2F11zd8bpj8h!19sChIJQd2wTwC7zS0R7qmR03rQXWU?authuser=0&hl=id&g_ep=EgoyMDI2MDkxNi4wIJJjKgBIAVAD&rclk=1,,
SPPG BERAIM,Nusa Tenggara Barat,Praya Tengah,Lombok Tengah,"78XQ+5J9 SPPG BERAIM, Jl. Raya, Dusun Petak, Beraim, Kec. Praya Tengah, Kabupaten Lombok Tengah, Nusa Tenggara Bar. 83582",FALSE,TRUE,TRUE,-8.702282,116.338884,https://www.google.com/maps/place/SPPG+BERAIM/data=!4m7!3m6!1s0x2dcdb30019d74ce1:0xdfd2fc0a2bafa8a5!8m2!3d-8.702282!4d116.338884!16s%2Fg%2F11msln529y!19sChIJ4UzXGQCzzS0RpaivKwr80t8?authuser=0&hl=id&g_ep=EgoyMDI2MDkxNi4wIJJjKgBIAVAD&rclk=1,,
SPPG LOMBOK TENGAH PUJUT KAWO,Nusa Tenggara Barat,Pujut,Lombok Tengah,"68H3+MM5 SPPG LOMBOK TENGAH PUJUT KAWO, Gilik, Kawo, Kec. Pujut, Kabupaten Lombok Tengah, Nusa Tenggara Bar. 83582",FALSE,TRUE,TRUE,-8.770863,116.304239,https://www.google.com/maps/place/SPPG+LOMBOK+TENGAH+PUJUT+KAWO/data=!4m7!3m6!1s0x2dcdaf00700f7cf3:0x5ae6c4cc9421faf9!8m2!3d-8.7708628!4d116.3042387!16s%2Fg%2F11mslplw9r!19sChIJ83wPcACvzS0R-fohlMzE5lo?authuser=0&hl=id&g_ep=EgoyMDI2MDkxNi4wIJJjKgBIAVAD&rclk=1,,
SPPG LEKOR JANAPRIA,Nusa Tenggara Barat,Janapria,Lombok Tengah,"Dusun Santong, Lekor, Kec. Janapria, Kabupaten Lombok Tengah, Nusa Tenggara Bar. 83554",FALSE,TRUE,TRUE,-8.741687,116.421813,https://www.google.com/maps/place/SPPG+Lekor+Janapria/data=!4m7!3m6!1s0x2dcc53000373a761:0xdbe481cc60f7a8ab!8m2!3d-8.7416875!4d116.4218125!16s%2Fg%2F11xdhpgklh!19sChIJYadzAwBTzC0Rq6j3YMyB5Ns?authuser=0&hl=id&g_ep=EgoyMDI2MDkxNi4wIJJjKgBIAVAD&rclk=1,,
SPPG JANGO MITRA YPIT DHIAUL FIKRI SUKARARA,Nusa Tenggara Barat,Janapria,Lombok Tengah,"8C27+Q5 SPPG Jango Mitra YPIT Dhiaul Fikri Sukarara, Saba, Kec. Janapria, Kabupaten Lombok Tengah, Nusa Tenggara Bar. 83554",FALSE,TRUE,TRUE,-8.69794,116.41289,https://www.google.com/maps/place/SPPG+Jango+Mitra+YPIT+Dhiaul+Fikri+Sukarara/data=!4m7!3m6!1s0x2dcdb300299dcce5:0xd41497acd22fa8d9!8m2!3d-8.6979402!4d116.41289!16s%2Fg%2F11yvyy_tp8!19sChIJ5cydKQCzzS0R2agv0qyXFNQ?authuser=0&hl=id&g_ep=EgoyMDI2MDkxNi4wIJJjKgBIAVAD&rclk=1,,
SPPG JONTLAK 2,Nusa Tenggara Barat,Praya Tengah,Lombok Tengah,"77RX+V8V SPPG JONTLAK 2, Jontlak, Kec. Praya Tengah, Kabupaten Lombok Tengah, Nusa Tenggara Bar. 83513",FALSE,TRUE,TRUE,-8.707787,116.298313,https://www.google.com/maps/place/SPPG+JONTLAK+2/data=!4m7!3m6!1s0x2dcdb100777ba229:0xa35c5b8693281213!8m2!3d-8.7077866!4d116.2983131!16s%2Fg%2F11zhdzhcl_!19sChIJKaJ7dwCxzS0RExIok4ZbXKM?authuser=0&hl=id&g_ep=EgoyMDI2MDkxNi4wIJJjKgBIAVAD&rclk=1,,
SPPG YAYASAN GAGAH CAKRAWALA LANGIT,Nusa Tenggara Barat,Janapria,Lombok Tengah,"796C+2GM SPPG Yayasan Gagah Cakrawala Langit, Jl. Raya Janapria, Loang Maka, Kec. Janapria, Kabupaten Lombok Tengah, Nusa Tenggara Bar. 83582",FALSE,TRUE,TRUE,-8.739902,116.371298,https://www.google.com/maps/place/SPPG+Yayasan+Gagah+Cakrawala+Langit/data=!4m7!3m6!1s0x2dcdad005723f08d:0x7d3cce391567a82e!8m2!3d-8.7399017!4d116.371298!16s%2Fg%2F11yhy5333h!19sChIJjfAjVwCtzS0RLqhnFTnOPH0?authuser=0&hl=id&g_ep=EgoyMDI2MDkxNi4wIJJjKgBIAVAD&rclk=1,,
SPPG LOMBOK TIMUR SIKUR DARMASARI,Nusa Tenggara Barat,Sikur,Lombok Timur,"8FV6+598 SPPG LOMBOK TIMUR SIKUR DARMASARI, Semaya, Kec. Sikur, Kabupaten Lombok Timur, Nusa Tenggara Bar. 83662",FALSE,TRUE,TRUE,-8.657072,116.460721,https://www.google.com/maps/place/SPPG+LOMBOK+TIMUR+SIKUR+DARMASARI/data=!4m7!3m6!1s0x2dcc4d000abbaaab:0xe6e7393307d70476!8m2!3d-8.6570719!4d116.4607215!16s%2Fg%2F11ys218s18!19sChIJq6q7CgBNzC0RdgTXBzM55-Y?authuser=0&hl=id&g_ep=EgoyMDI2MDkxNi4wIJJjKgBIAVAD&rclk=1,,
SPPG PEJANGGIK 2 LOMBOK TENGAH,Nusa Tenggara Barat,Praya Tengah,Lombok Tengah,"783M+342 SPPG Pejanggik 2 Lombok Tengah, Dusun Karang Kedaton, Pejanggik, Kec. Praya Tengah, Kabupaten Lombok Tengah, Nusa Tenggara Bar. 83582",FALSE,TRUE,TRUE,-8.747355,116.332751,https://www.google.com/maps/place/SPPG+Pejanggik+2+Lombok+Tengah/data=!4m7!3m6!1s0x2dcdad003ca9c9bf:0x296a3a40155e2c8e!8m2!3d-8.7473555!4d116.3327507!16s%2Fg%2F11z62__kfz!19sChIJv8mpPACtzS0RjixeFUA6aik?authuser=0&hl=id&g_ep=EgoyMDI2MDkxNi4wIJJjKgBIAVAD&rclk=1,,
SPPG MUJUR,Nusa Tenggara Barat,Praya,Lombok Tengah,"Mujur, Kec. Praya Tim., Kabupaten Lombok Tengah, Nusa Tenggara Bar. 83581",FALSE,TRUE,TRUE,-8.759139,116.358624,https://www.google.com/maps/place/SPPG+MUJUR/data=!4m7!3m6!1s0x2dcdad002c464ac3:0x87824cc30808fcd5!8m2!3d-8.7591395!4d116.3586242!16s%2Fg%2F11yx9hft2x!19sChIJw0pGLACtzS0R1fwICMNMgoc?authuser=0&hl=id&g_ep=EgoyMDI2MDkxNi4wIJJjKgBIAVAD&rclk=1,,
SPPG KAMPUNG BARU JANAPRIA,Nusa Tenggara Barat,Janapria,Lombok Tengah,"Jl. Raya Montong Gamang-Ganti, Kampung Baru, Janapria, Kec. Janapria, Kabupaten Lombok Tengah, Nusa Tenggara Bar. 83554",FALSE,TRUE,TRUE,-8.692557,116.398149,https://www.google.com/maps/place/SPPG+Kampung+Baru+Janapria/data=!4m7!3m6!1s0x2dcdb39e343c453b:0x9c88c6a7eb3c06fa!8m2!3d-8.6925573!4d116.3981493!16s%2Fg%2F11npq1gy7j!19sChIJO0U8NJ6zzS0R-gY866fGiJw?authuser=0&hl=id&g_ep=EgoyMDI2MDkxNi4wIJJjKgBIAVAD&rclk=1,,
SPPG LOMBOK TENGAH KOPANG MUNCAN,Nusa Tenggara Barat,Kopang,Lombok Tengah,"88WF+V34 SPPG Lombok Tengah Kopang Muncan, Dusun Lingkung, Muncan, Kec. Kopang, Kabupaten Lombok Tengah, Nusa Tenggara Bar. 83553",FALSE,TRUE,TRUE,-8.652863,116.322702,https://www.google.com/maps/place/SPPG+Lombok+Tengah+Kopang+Muncan/data=!4m7!3m6!1s0x2dcdb10054f806c5:0x309b1e2dc2c9401d!8m2!3d-8.6528634!4d116.3227017!16s%2Fg%2F11mslnj26d!19sChIJxQb4VACxzS0RHUDJwi0emzA?authuser=0&hl=id&g_ep=EgoyMDI2MDkxNi4wIJJjKgBIAVAD&rclk=1,,
SPPG LOANG MAKA,Nusa Tenggara Barat,Janapria,Lombok Tengah,"7CP3+FQW SPPG LOANG MAKA, Lingkok Waru, Loang Maka, Kec. Janapria, Kabupaten Lombok Tengah, Nusa Tenggara Bar. 83554",FALSE,TRUE,TRUE,-8.713772,116.404446,https://www.google.com/maps/place/SPPG+LOANG+MAKA/data=!4m7!3m6!1s0x2dcdb3002f35d7f9:0x7662169844a48fc6!8m2!3d-8.7137722!4d116.4044464!16s%2Fg%2F11mkv5_tjm!19sChIJ-dc1LwCzzS0Rxo-kRJgWYnY?authuser=0&hl=id&g_ep=EgoyMDI2MDkxNi4wIJJjKgBIAVAD&rclk=1,,
SPPG JANAPRIA 2,Nusa Tenggara Barat,Janapria,Lombok Tengah,"895X+8WH SPPG Janapria 2, Ngempon, Janapria, Kec. Janapria, Kabupaten Lombok Tengah, Nusa Tenggara Bar. 83554",FALSE,TRUE,TRUE,-8.69168,116.399852,https://www.google.com/maps/place/SPPG+Janapria+2/data=!4m7!3m6!1s0x2dcdb3007ad9dfef:0x4cfb46d16a448825!8m2!3d-8.6916796!4d116.3998519!16s%2Fg%2F11zb81fw39!19sChIJ79_ZegCzzS0RJYhEatFG-0w?authuser=0&hl=id&g_ep=EgoyMDI2MDkxNi4wIJJjKgBIAVAD&rclk=1,,
SPPG LOMBOK TENGAH KOPANG DARMAJI,Nusa Tenggara Barat,Kopang,Lombok Tengah,"Dusun Lanji, Darmaji, Kec. Kopang, Kabupaten Lombok Tengah, Nusa Tenggara Bar. 83582",FALSE,TRUE,TRUE,-8.67729,116.333249,https://www.google.com/maps/place/SPPG+Lombok+Tengah+Kopang+Darmaji/data=!4m7!3m6!1s0x2dcdad0057c25387:0x9953cf77596c59b0!8m2!3d-8.6772905!4d116.3332495!16s%2Fg%2F11ntb4j_nh!19sChIJh1PCVwCtzS0RsFlsWXfPU5k?authuser=0&hl=id&g_ep=EgoyMDI2MDkxNi4wIJJjKgBIAVAD&rclk=1,,
SPPG DUSUN BRORA,Nusa Tenggara Barat,Janapria,Lombok Tengah,"79QM+MQ5 SPPG DUSUN BRORA, Dusun, Brora, Kec. Janapria, Kabupaten Lombok Tengah, Nusa Tenggara Bar. 83554",FALSE,TRUE,TRUE,-8.710602,116.384332,https://www.google.com/maps/place/SPPG+DUSUN+BRORA/data=!4m7!3m6!1s0x2dcdb3002fac4805:0xa17bbe9812b7ff1c!8m2!3d-8.7106016!4d116.3843323!16s%2Fg%2F11nq1m4gv2!19sChIJBUisLwCzzS0RHP-3Epi-e6E?authuser=0&hl=id&g_ep=EgoyMDI2MDkxNi4wIJJjKgBIAVAD&rclk=1,,
SPPG BAKAN,Nusa Tenggara Barat,Janapria,Lombok Tengah,"887R+2M5 SPPG BAKAN, Lebui, Bakan, Kec. Janapria, Kabupaten Lombok Tengah, Nusa Tenggara Bar. 83582",FALSE,TRUE,TRUE,-8.687495,116.341731,https://www.google.com/maps/place/SPPG+BAKAN/data=!4m7!3m6!1s0x2dcdb3001697b1bf:0xe64f7e95c70fda78!8m2!3d-8.6874947!4d116.3417309!16s%2Fg%2F11xt9flk2l!19sChIJv7GXFgCzzS0ReNoPx5V-T-Y?authuser=0&hl=id&g_ep=EgoyMDI2MDkxNi4wIJJjKgBIAVAD&rclk=1,,
SPPG LOMBOK TENGAH JANAPRIA JANAPRIA 3,Nusa Tenggara Barat,Janapria,Lombok Tengah,"8C53+852 SPPG Lombok Tengah Janapria Janapria 3, Dusun lemokek, Janapria, Kec. Janapria, Kabupaten Lombok Tengah, Nusa Tenggara Bar. 83554",FALSE,TRUE,TRUE,-8.691741,116.402889,https://www.google.com/maps/place/SPPG+Lombok+Tengah+Janapria+Janapria+3/data=!4m7!3m6!1s0x2dcdb3003f70a257:0xd1a69fcdbf31114c!8m2!3d-8.6917413!4d116.402889!16s%2Fg%2F11ys0h1l0t!19sChIJV6JwPwCzzS0RTBExv82fptE?authuser=0&hl=id&g_ep=EgoyMDI2MDkxNi4wIJJjKgBIAVAD&rclk=1,,
LOKASI BARU SPPG,Nusa Tenggara Barat,Janapria,Lombok Tengah,"894X+FX6 Lokasi baru sppg, Janapria, Kec. Janapria, Kabupaten Lombok Tengah, Nusa Tenggara Bar. 83554",FALSE,TRUE,TRUE,-8.693903,116.40015,https://www.google.com/maps/place/Lokasi+baru+sppg/data=!4m7!3m6!1s0x2dcdb3004f01c479:0x301e619331bd43c3!8m2!3d-8.6939025!4d116.4001498!16s%2Fg%2F11y0t49mwj!19sChIJecQBTwCzzS0Rw0O9MZNhHjA?authuser=0&hl=id&g_ep=EgoyMDI2MDkxNi4wIJJjKgBIAVAD&rclk=1,,
SPPG BUKATET,Nusa Tenggara Barat,Praya,Lombok Tengah,"Jl. Pahlawan, Praya, Kec. Praya, Kabupaten Lombok Tengah, Nusa Tenggara Bar. 83511",FALSE,TRUE,TRUE,-8.698313,116.279775,https://www.google.com/maps/place/SPPG+BUKATET/data=!4m7!3m6!1s0x2dcdb1205d0848d7:0x2fc51642a5f7e1ff!8m2!3d-8.6983133!4d116.2797748!16s%2Fg%2F11ysg9zb6f!19sChIJ10gIXSCxzS0R_-H3pUIWxS8?authuser=0&hl=id&g_ep=EgoyMDI2MDkxNi4wIJJjKgBIAVAD&rclk=1,,
SPPG MARUS CATERING(BATUJAI),Kalimantan Timur,Tering,Lombok Tengah,"768G+3R6 SPPG MARUS CATERING(BATUJAI), Batujai, Kec. Praya Bar., Kabupaten Lombok Tengah, Nusa Tenggara Bar. 83572",FALSE,TRUE,TRUE,-8.734754,116.226565,https://www.google.com/maps/place/SPPG+MARUS+CATERING%28BATUJAI%29/data=!4m7!3m6!1s0x2dcdbb004f5db681:0x7af3d34308038084!8m2!3d-8.7347542!4d116.2265653!16s%2Fg%2F11mky_myyl!19sChIJgbZdTwC7zS0RhIADCEPT83o?authuser=0&hl=id&g_ep=EgoyMDI2MDkxNi4wIJJjKgBIAVAD&rclk=1,,
SPPG SUKADANA,Kalimantan Barat,Sukadana,Lombok Tengah,"48V6+Q33 SPPG SUKADANA, Sukadana, Kec. Pujut, Kabupaten Lombok Tengah, Nusa Tenggara Bar. 83573",FALSE,TRUE,TRUE,-8.855618,116.310183,https://www.google.com/maps/place/SPPG+SUKADANA/data=!4m7!3m6!1s0x2dcda90068b8de1d:0x7b2bd853a6de14b!8m2!3d-8.8556178!4d116.3101834!16s%2Fg%2F11zd8g9lk1!19sChIJHd64aACpzS0RS-FtOoW9sgc?authuser=0&hl=id&g_ep=EgoyMDI2MDkxNi4wIJJjKgBIAVAD&rclk=1,,
SPPG SENGKOL,Nusa Tenggara Barat,Pujut,Lombok Tengah,"57PR+2WQ SPPG SENGKOL, Sengkol, Kec. Pujut, Kabupaten Lombok Tengah, Nusa Tenggara Bar. 83573",FALSE,TRUE,TRUE,-8.814833,116.291667,https://www.google.com/maps/place/SPPG+SENGKOL/data=!4m7!3m6!1s0x2dcda9003d52dc09:0xeee480dd886c5696!8m2!3d-8.8148333!4d116.2916667!16s%2Fg%2F11yvkxzjjn!19sChIJCdxSPQCpzS0RllZsiN2A5O4?authuser=0&hl=id&g_ep=EgoyMDI2MDkxNi4wIJJjKgBIAVAD&rclk=1,,
SPPG LENENG 03 PRAYA LOMBOK TENGAH,Nusa Tenggara Barat,Praya,Lombok Tengah,"8738+GJC SPPG LENENG 03 PRAYA LOMBOK TENGAH, Leneng, Kec. Praya, Kabupaten Lombok Tengah, Nusa Tenggara Bar. 83514",FALSE,TRUE,TRUE,-8.696165,116.26655,https://www.google.com/maps/place/SPPG+LENENG+03+PRAYA+LOMBOK+TENGAH/data=!4m7!3m6!1s0x2dcdb1002b939bf3:0xb228d77427a3c2da!8m2!3d-8.6961648!4d116.26655!16s%2Fg%2F11nk8yl_lt!19sChIJ85uTKwCxzS0R2sKjJ3TXKLI?authuser=0&hl=id&g_ep=EgoyMDI2MDkxNi4wIJJjKgBIAVAD&rclk=1,,
SPPG LOMBOK TENGAH PUJUT PENGEMBUR 3,Nusa Tenggara Barat,Pujut,Lombok Tengah,"57H5+8XX SPPG LOMBOK TENGAH PUJUT PENGEMBUR 3, Jalan Raya Bunmas, Pengembur, Kec. Pujut, Kabupaten Lombok Tengah, Nusa Tenggara Bar. 83573",FALSE,TRUE,TRUE,-8.821634,116.259991,https://www.google.com/maps/place/SPPG+LOMBOK+TENGAH+PUJUT+PENGEMBUR+3/data=!4m7!3m6!1s0x2dcda9003c5d2e2b:0xa2b4a303ecc34d6c!8m2!3d-8.8216341!4d116.2599913!16s%2Fg%2F11zd9d0s4_!19sChIJKy5dPACpzS0RbE3D7AOjtKI?authuser=0&hl=id&g_ep=EgoyMDI2MDkxNi4wIJJjKgBIAVAD&rclk=1,,
SPPG NURUL WAHYI MUJUR,Nusa Tenggara Barat,Praya Timur,Lombok Tengah,"Jl. Raya Mujur-Marong, Mujur, Praya Timur, Central Lombok Regency, West Nusa Tenggara 83581",FALSE,TRUE,FALSE,-8.76456,116.349286,https://www.google.com/maps/place/Sppg+nurul+wahyi+mujur/data=!4m7!3m6!1s0x2dcdadef9e6b2bc3:0x18a7c7fc0051c67c!8m2!3d-8.7645601!4d116.3492862!16s%2Fg%2F11yy12q38n!19sChIJwytrnu-tzS0RfMZRAPzHpxg?authuser=0&hl=id&g_ep=EgoyMDI2MDkxNi4wIJJjKgBIAVAD&rclk=1,,
SPPG KUTA MANDALIKA,Nusa Tenggara Barat,Pujut,Lombok Tengah,"Jl. Raya Bay Pas No.Km.3, Rangkep I, Kuta, Kec. Pujut, Kabupaten Lombok Tengah, Nusa Tenggara Bar. 83573",FALSE,TRUE,TRUE,-8.892648,116.291628,https://www.google.com/maps/place/SPPG+KUTA+MANDALIKA/data=!4m7!3m6!1s0x2dcda9000ea3b455:0xd8b611a36f498d6f!8m2!3d-8.8926483!4d116.2916283!16s%2Fg%2F11ntl3b1j4!19sChIJVbSjDgCpzS0Rb41Jb6MRttg?authuser=0&hl=id&g_ep=EgoyMDI2MDkxNi4wIJJjKgBIAVAD&rclk=1,,
SPPG KUTA 02,Nusa Tenggara Barat,Pujut,Lombok Tengah,"47CH+Q77 SPPG KUTA 02, Jl. Pariwisata No.Mong 3, Kuta, Kec. Pujut, Kabupaten Lombok Tengah, Nusa Tenggara Bar. 83573",FALSE,TRUE,TRUE,-8.878601,116.277867,https://www.google.com/maps/place/SPPG+KUTA+02/data=!4m7!3m6!1s0x2dcda90013ced7db:0xe4f2894ecb2178e8!8m2!3d-8.8786009!4d116.2778669!16s%2Fg%2F11z7w7fdtz!19sChIJ29fOEwCpzS0R6Hghy06J8uQ?authuser=0&hl=id&g_ep=EgoyMDI2MDkxNi4wIJJjKgBIAVAD&rclk=1,,
DAPUR SPPG,Nusa Tenggara Barat,Pujut,Lombok Tengah,"679C+8QW Dapur SPPG, Tanak Awu, Kec. Pujut, Kabupaten Lombok Tengah, Nusa Tenggara Bar. 83573",FALSE,TRUE,TRUE,-8.781557,116.271852,https://www.google.com/maps/place/Dapur+SPPG/data=!4m7!3m6!1s0x2d93ed00493bdc59:0x84b3201fe386ba93!8m2!3d-3.091017!4d119.8536666!16s%2Fg%2F11x2qj48ts!19sChIJWdw7SQDtky0Rk7qG4x8gs4Q?authuser=0&hl=id&g_ep=EgoyMDI2MDkxNi4wIJJjKgBIAVAD&rclk=1,,
SPPG LOMBOK TENGAH PRAYA BARAT BATUJAI 1,Nusa Tenggara Barat,Praya Barat,Lombok Tengah,"767V+WX8 SPPG Lombok Tengah Praya Barat Batujai 1, Batujai, Kec. Praya Bar., Kabupaten Lombok Tengah, Nusa Tenggara Bar. 83572",FALSE,TRUE,TRUE,-8.735166,116.245006,https://www.google.com/maps/place/SPPG+Lombok+Tengah+Praya+Barat+Batujai+1/data=!4m7!3m6!1s0x2dcdb100161a8239:0xf7f46fce490519fb!8m2!3d-8.735166!4d116.2450057!16s%2Fg%2F11nr099nm5!19sChIJOYIaFgCxzS0R-xkFSc5v9Pc?authuser=0&hl=id&g_ep=EgoyMDI2MDkxNi4wIJJjKgBIAVAD&rclk=1,,
SPPG KUTA 03,Nusa Tenggara Barat,Pujut,Lombok Tengah,"47CH+Q77 SPPG KUTA 03, Jl. Pariwisata No.Mong 3, Kuta, Kec. Pujut, Kabupaten Lombok Tengah, Nusa Tenggara Bar. 83573",FALSE,TRUE,TRUE,-8.878488,116.27804,https://www.google.com/maps/place/SPPG+KUTA+03/data=!4m7!3m6!1s0x2dcda900543a4ba7:0xc0a7c5790b406db7!8m2!3d-8.8784885!4d116.2780396!16s%2Fg%2F11nw0y0rqb!19sChIJp0s6VACpzS0Rt21AC3nFp8A?authuser=0&hl=id&g_ep=EgoyMDI2MDkxNi4wIJJjKgBIAVAD&rclk=1,,
SPPG SENGKOL 2 KETANGAN,Nusa Tenggara Barat,Pujut,Lombok Tengah,"58P7+VXP SPPG SENGKOL 2 KETANGAN, Jl. sengkol, Bedus, Teruwai, Kec. Pujut, Kabupaten Lombok Tengah, Nusa Tenggara Bar. 83573",FALSE,TRUE,TRUE,-8.812797,116.314951,https://www.google.com/maps/place/SPPG+SENGKOL+2+KETANGAN/data=!4m7!3m6!1s0x2dcda900589b0255:0x1518d6fceef2c077!8m2!3d-8.8127971!4d116.3149511!16s%2Fg%2F11zh6nmk1r!19sChIJVQKbWACpzS0Rd8Dy7vzWGBU?authuser=0&hl=id&g_ep=EgoyMDI2MDkxNi4wIJJjKgBIAVAD&rclk=1,,
SPPG RENTENG,Nusa Tenggara Barat,Praya,Lombok Tengah,"8757+2WP SPPG RENTENG, Jl. Renteng, Renteng, Kec. Praya, Kabupaten Lombok Tengah, Nusa Tenggara Bar. 83522",FALSE,TRUE,TRUE,-8.691239,116.261172,https://www.google.com/maps/place/SPPG+RENTENG/data=!4m7!3m6!1s0x2dcdb1003ed714cb:0xce163d2105d0de32!8m2!3d-8.6912394!4d116.261172!16s%2Fg%2F11yr869lql!19sChIJyxTXPgCxzS0RMt7QBSE9Fs4?authuser=0&hl=id&g_ep=EgoyMDI2MDkxNi4wIJJjKgBIAVAD&rclk=1,,
SPPG PRAYA,Nusa Tenggara Barat,Praya,Lombok Tengah,"872G+F9R SPPG PRAYA, Jl. Arya Banjar Getas Rancak Taman Makam Pahlawan, Praya, Kec. Praya, Kabupaten Lombok Tengah, Nusa Tenggara Bar. 83511",FALSE,TRUE,TRUE,-8.698769,116.275897,https://www.google.com/maps/place/SPPG+PRAYA/data=!4m7!3m6!1s0x2dcdb10015114f31:0x6774751ba1bbbe0a!8m2!3d-8.6987695!4d116.2758975!16s%2Fg%2F11yzkbjzw8!19sChIJMU8RFQCxzS0RCr67oRt1dGc?authuser=0&hl=id&g_ep=EgoyMDI2MDkxNi4wIJJjKgBIAVAD&rclk=1,,
SPPG JONGGAT 007,Nusa Tenggara Barat,Jonggat,Lombok Tengah,"86PJ+WGW SPPG JONGGAT 007, Jelantik, Kec. Jonggat, Kabupaten Lombok Tengah, Nusa Tenggara Bar. 83561",FALSE,TRUE,TRUE,-8.662647,116.231337,https://www.google.com/maps/place/SPPG+JONGGAT+007/data=!4m7!3m6!1s0x2dcdb1002f361925:0x9ff52143ea5d8b4f!8m2!3d-8.662647!4d116.2313366!16s%2Fg%2F11nhz7hl5c!19sChIJJRk2LwCxzS0RT4td6kMh9Z8?authuser=0&hl=id&g_ep=EgoyMDI2MDkxNi4wIJJjKgBIAVAD&rclk=1,,
SPPG LOMBOK TENGAH PRAYA BARAT DAYA KABUL,Nusa Tenggara Barat,Praya Barat Daya,Lombok Tengah,"658H+JM8 SPPG LOMBOK TENGAH PRAYA BARAT DAYA KABUL, Kabul, Kec. Praya Bar. Daya, Kabupaten Lombok Tengah, Nusa Tenggara Bar. 83571",FALSE,TRUE,TRUE,-8.784127,116.178387,https://www.google.com/maps/place/SPPG+LOMBOK+TENGAH+PRAYA+BARAT+DAYA+KABUL/data=!4m7!3m6!1s0x2dcda500505260a1:0x420003f329878b6b!8m2!3d-8.7841271!4d116.1783871!16s%2Fg%2F11z1zq93nr!19sChIJoWBSUAClzS0Ra4uHKfMDAEI?authuser=0&hl=id&g_ep=EgoyMDI2MDkxNi4wIJJjKgBIAVAD&rclk=1,,
"DAPUR SPPG LAJUT 02,PRAYA TENGAH",Nusa Tenggara Barat,Praya Tengah,Lombok Tengah,"7854+5X6 Dapur SPPG Lajut 02,Praya Tengah, Jl. Raya Batunyala, Lajut, Kec. Praya Tengah, Kabupaten Lombok Tengah, Nusa Tenggara Bar. 83582",FALSE,TRUE,TRUE,-8.742883,116.307622,"https://www.google.com/maps/place/Dapur+SPPG+Lajut+02,Praya+Tengah/data=!4m7!3m6!1s0x2dcdaf003f8d6773:0xa2ce8e7755094de1!8m2!3d-8.7428831!4d116.307622!16s%2Fg%2F11ywrqs9r7!19sChIJc2eNPwCvzS0R4U0JVXeOzqI?authuser=0&hl=id&g_ep=EgoyMDI2MDkxNi4wIJJjKgBIAVAD&rclk=1",,
SPPG GERANTUNG 2 PRAYA TENGAH,Nusa Tenggara Barat,Praya Tengah,Lombok Tengah,"78H7+5X5 SPPG GERANTUNG 2 PRAYA TENGAH, Gerantung, Kec. Praya Tengah, Kabupaten Lombok Tengah, Nusa Tenggara Bar. 83523",FALSE,TRUE,TRUE,-8.722107,116.314977,https://www.google.com/maps/place/SPPG+GERANTUNG+2+PRAYA+TENGAH/data=!4m7!3m6!1s0x2dcdb100768cdd05:0xdbad0f1ee9c00962!8m2!3d-8.7221066!4d116.3149773!16s%2Fg%2F11z45h359t!19sChIJBd2MdgCxzS0RYgnA6R4Prds?authuser=0&hl=id&g_ep=EgoyMDI2MDkxNi4wIJJjKgBIAVAD&rclk=1,,
SPPG JEMPONG ELER DESA MERTAK TOMBOK,Nusa Tenggara Barat,Praya,Lombok Tengah,"87FQ+Q2C SPPG Jempong Eler Desa Mertak Tombok, Mertak Tombok, Kec. Praya, Kabupaten Lombok Tengah, Nusa Tenggara Bar. 83511",FALSE,TRUE,TRUE,-8.675562,116.28753,https://www.google.com/maps/place/SPPG+Jempong+Eler+Desa+Mertak+Tombok/data=!4m7!3m6!1s0x2dcdb1006ede8cd7:0xb586d8bb2a9bcbe8!8m2!3d-8.6755624!4d116.2875296!16s%2Fg%2F11njb_pqzh!19sChIJ14zebgCxzS0R6MubKrvYhrU?authuser=0&hl=id&g_ep=EgoyMDI2MDkxNi4wIJJjKgBIAVAD&rclk=1,,
SPPG ARUPAHALA LENDANG BAO,Nusa Tenggara Barat,Praya,Lombok Tengah,"54RX+FH7 SPPG ARUPAHALA LENDANG BAO, Batu Jangkih, Kec. Praya Bar. Daya, Kabupaten Lombok Tengah, Nusa Tenggara Bar. 83571",FALSE,TRUE,TRUE,-8.808842,116.148906,https://www.google.com/maps/place/SPPG+ARUPAHALA+LENDANG+BAO/data=!4m7!3m6!1s0x2dcda500424320d7:0x6cffefa4ea45997e!8m2!3d-8.8088425!4d116.1489063!16s%2Fg%2F11yy0c68cg!19sChIJ1yBDQgClzS0RfplF6qTv_2w?authuser=0&hl=id&g_ep=EgoyMDI2MDkxNi4wIJJjKgBIAVAD&rclk=1,,
SPPG LOMBOK TENGAH PRAYA AIKMUAL 2,Nusa Tenggara Barat,Praya,Lombok Tengah,"87MJ+P7W SPPG Lombok Tengah Praya Aikmual 2, Jln. Penaban-Jago, Aik Mual, Kec. Praya, Kabupaten Lombok Tengah, Nusa Tenggara Bar. 83511",FALSE,TRUE,TRUE,-8.665637,116.280703,https://www.google.com/maps/place/SPPG+Lombok+Tengah+Praya+Aikmual+2/data=!4m7!3m6!1s0x2dcdb10018ab520f:0x9071907ac9841cf6!8m2!3d-8.6656375!4d116.2807031!16s%2Fg%2F11z8h860mz!19sChIJD1KrGACxzS0R9hyEyXqQcZA?authuser=0&hl=id&g_ep=EgoyMDI2MDkxNi4wIJJjKgBIAVAD&rclk=1,,
SPPG PRINGGARATA 02,Nusa Tenggara Barat,Pringgarata,Lombok Tengah,"97J3+3FQ SPPG PRINGGARATA 02, Pringgarata, Kec. Pringgarata, Kabupaten Lombok Tengah, Nusa Tenggara Bar. 83562",FALSE,TRUE,TRUE,-8.619865,116.254093,https://www.google.com/maps/place/SPPG+PRINGGARATA+02/data=!4m7!3m6!1s0x2dcdb7001817a30d:0x1fee42daccf234d0!8m2!3d-8.619865!4d116.2540928!16s%2Fg%2F11nj1l8dsj!19sChIJDaMXGAC3zS0R0DTyzNpC7h8?authuser=0&hl=id&g_ep=EgoyMDI2MDkxNi4wIJJjKgBIAVAD&rclk=1,,
SPPG PRINGGARATA PEMEPEK 2,Nusa Tenggara Barat,Pringgarata,Lombok Tengah,"C753+826 SPPG PRINGGARATA PEMEPEK 2, Pemepek, Pringgarata, Central Lombok Regency, West Nusa Tenggara 83371",FALSE,TRUE,FALSE,-8.591705,116.252514,https://www.google.com/maps/place/SPPG+PRINGGARATA+PEMEPEK+2/data=!4m7!3m6!1s0x2dcdb7005d699c23:0x5e085e0111b517a0!8m2!3d-8.5917048!4d116.2525145!16s%2Fg%2F11zhfxpc3r!19sChIJI5xpXQC3zS0RoBe1EQFeCF4?authuser=0&hl=id&g_ep=EgoyMDI2MDkxNi4wIJJjKgBIAVAD&rclk=1,,
SPPG LOMBOK TENGAH PRINGGARATA II,Nusa Tenggara Barat,Pringgarata,Lombok Tengah,"C7JM+GC5 SPPG Lombok Tengah Pringgarata II, Pemepek, Pringgarata, Central Lombok Regency, West Nusa Tenggara 83371",FALSE,TRUE,TRUE,-8.568735,116.283612,https://www.google.com/maps/place/SPPG+Lombok+Tengah+Pringgarata+II/data=!4m7!3m6!1s0x2dcdc90072f210d3:0xaf52c99a7d060b81!8m2!3d-8.5687348!4d116.2836124!16s%2Fg%2F11zh9_dyjr!19sChIJ0xDycgDJzS0RgQsGfZrJUq8?authuser=0&hl=id&g_ep=EgoyMDI2MDkxNi4wIJJjKgBIAVAD&rclk=1,,
SPPG LOMBOK TENGAH PRINGGARATA BILEBANTE,Nusa Tenggara Barat,Pringgarata,Lombok Tengah,"95MX+934 SPPG LOMBOK TENGAH PRINGGARATA BILEBANTE, Jl. Raya Bilebante, Bilebante, Kec. Pringgarata, Kabupaten Lombok Tengah, Nusa Tenggara Bar. 83371",FALSE,TRUE,TRUE,-8.6166,116.197692,https://www.google.com/maps/place/SPPG+LOMBOK+TENGAH+PRINGGARATA+BILEBANTE/data=!4m7!3m6!1s0x2dcdb9004b734e79:0x48b3dfc2d956b037!8m2!3d-8.6166001!4d116.1976923!16s%2Fg%2F11zh6_18_t!19sChIJeU5zSwC5zS0RN7BW2cLfs0g?authuser=0&hl=id&g_ep=EgoyMDI2MDkxNi4wIJJjKgBIAVAD&rclk=1,,
SPPG BONJERUK,Nusa Tenggara Barat,Jonggat,Lombok Tengah,"9639+2XG SPPG BONJERUK, Bonjeruk, Jonggat, Central Lombok Regency, West Nusa Tenggara 83561",FALSE,TRUE,FALSE,-8.647502,116.219747,https://www.google.com/maps/place/SPPG+BONJERUK/data=!4m7!3m6!1s0x2dcdb9002783fe8b:0xf7dbf461bca81c9e!8m2!3d-8.6474711!4d116.219577!16s%2Fg%2F11nbp8qv2k!19sChIJi_6DJwC5zS0RnhyovGH02_c?authuser=0&hl=id&g_ep=EgoyMDI2MDkxNi4wIJJjKgBIAVAD&rclk=1,,
SPPG BGN,Nusa Tenggara Barat,Jonggat,Lombok Tengah,"86Q6+F7H SPPG BGN, Jl. Raden Puguh, Jelantik, Kec. Jonggat, Kabupaten Lombok Tengah, Nusa Tenggara Bar. 83561",FALSE,TRUE,TRUE,-8.661322,116.210719,https://www.google.com/maps/place/SPPG+BGN/data=!4m7!3m6!1s0x2dcdb90002ae01c5:0x25150e3282ee001a!8m2!3d-8.654002!4d116.2007883!16s%2Fg%2F11nhkpjr6s!19sChIJxQGuAgC5zS0RGgDugjIOFSU?authuser=0&hl=id&g_ep=EgoyMDI2MDkxNi4wIJJjKgBIAVAD&rclk=1,,
SPPG BAREJULAT,Nusa Tenggara Barat,Jonggat,Lombok Tengah,"86XX+FQH Sppg barejulat, Barejulat, Kec. Jonggat, Kabupaten Lombok Tengah, Nusa Tenggara Bar. 83561",FALSE,TRUE,TRUE,-8.651305,116.249483,https://www.google.com/maps/place/Sppg+barejulat/data=!4m7!3m6!1s0x2dcdb700726cfe9d:0x15d56c50baa9094e!8m2!3d-8.6513045!4d116.2494831!16s%2Fg%2F11z52fnlvw!19sChIJnf5scgC3zS0RTgmpulBs1RU?authuser=0&hl=id&g_ep=EgoyMDI2MDkxNi4wIJJjKgBIAVAD&rclk=1,,
SPPG TEDUH JONGGAT,Nusa Tenggara Barat,Jonggat,Lombok Tengah,"Puyung, Jonggat, Central Lombok Regency, West Nusa Tenggara 83561",FALSE,TRUE,FALSE,-8.689689,116.232226,https://www.google.com/maps/place/SPPG+Teduh+Jonggat/data=!4m7!3m6!1s0x2dcdb1000da5e479:0xf65a156b1990ba08!8m2!3d-8.6896888!4d116.2322263!16s%2Fg%2F11xp72gwsr!19sChIJeeSlDQCxzS0RCLqQGWsVWvY?authuser=0&hl=id&g_ep=EgoyMDI2MDkxNi4wIJJjKgBIAVAD&rclk=1,,
SPPG DAPUR PUYUNG 3 KEREMBENG (MBG),Nusa Tenggara Barat,Jonggat,Lombok Tengah,"866Q+2PP SPPG Dapur Puyung 3 Kerembeng (MBG), Puyung, Kec. Jonggat, Kabupaten Lombok Tengah, Nusa Tenggara Bar. 83561",FALSE,TRUE,TRUE,-8.689917,116.239321,https://www.google.com/maps/place/SPPG+Dapur+Puyung+3+Kerembeng+%28MBG%29/data=!4m7!3m6!1s0x2dcdb1002e2638a9:0xf47ef381ac1e596b!8m2!3d-8.6899169!4d116.2393209!16s%2Fg%2F11yqqyzkby!19sChIJqTgmLgCxzS0Ra1kerIHzfvQ?authuser=0&hl=id&g_ep=EgoyMDI2MDkxNi4wIJJjKgBIAVAD&rclk=1,,
SPPG BGN,Nusa Tenggara Barat,Jonggat,Lombok Tengah,"86W2+98V SPPG BGN, Jl. Raden Puguh, Ubung, Kec. Jonggat, Kabupaten Lombok Tengah, Nusa Tenggara Bar. 83362",FALSE,TRUE,TRUE,-8.654002,116.200788,https://www.google.com/maps/place/SPPG+BGN/data=!4m7!3m6!1s0x2dcdb90002ae01c5:0x25150e3282ee001a!8m2!3d-8.654002!4d116.2007883!16s%2Fg%2F11nhkpjr6s!19sChIJxQGuAgC5zS0RGgDugjIOFSU?authuser=0&hl=id&g_ep=EgoyMDI2MDkxNi4wIJJjKgBIAVAD&rclk=1,,
SPPG PERINA,Nusa Tenggara Barat,Jonggat,Lombok Tengah,"964M+6JP SPPG PERINA, Jl. Perina, Perina, Kec. Jonggat, Kabupaten Lombok Tengah, Nusa Tenggara Bar. 83561",FALSE,TRUE,TRUE,-8.644445,116.233944,https://www.google.com/maps/place/SPPG+PERINA/data=!4m7!3m6!1s0x2dcdb70056c49cd3:0x21dd53eaf2b2339a!8m2!3d-8.6444449!4d116.2339437!16s%2Fg%2F11ylmnj4nr!19sChIJ05zEVgC3zS0RmjOy8upT3SE?authuser=0&hl=id&g_ep=EgoyMDI2MDkxNi4wIJJjKgBIAVAD&rclk=1,,
SPPG JELANTIK,Nusa Tenggara Barat,Jonggat,Lombok Tengah,"86JC+F3J SPPG JELANTIK, Jelantik, Kec. Jonggat, Kabupaten Lombok Tengah, Nusa Tenggara Bar. 83561",FALSE,TRUE,TRUE,-8.668778,116.220146,https://www.google.com/maps/place/SPPG+JELANTIK/data=!4m7!3m6!1s0x2dcdbb00291595a9:0x396c618fc517929!8m2!3d-8.6687782!4d116.2201456!16s%2Fg%2F11zbyn1565!19sChIJqZUVKQC7zS0RKXlR_BjGlgM?authuser=0&hl=id&g_ep=EgoyMDI2MDkxNi4wIJJjKgBIAVAD&rclk=1,,
SPPG AL-HIDAYAH,Nusa Tenggara Barat,Jonggat,Lombok Tengah,"966R+W27 SPPG AL-HIDAYAH, Jl. Raya Beber, Pengenjek, Kec. Jonggat, Kabupaten Lombok Tengah, Nusa Tenggara Bar. 83561",FALSE,TRUE,TRUE,-8.637684,116.240039,https://www.google.com/maps/place/SPPG+AL-HIDAYAH/data=!4m7!3m6!1s0x2dcdb7004a5b09ff:0xa13ad85ca75f3f50!8m2!3d-8.637684!4d116.240039!16s%2Fg%2F11zkrmg7v7!19sChIJ_wlbSgC3zS0RUD9fp1zYOqE?authuser=0&hl=id&g_ep=EgoyMDI2MDkxNi4wIJJjKgBIAVAD&rclk=1,,
"SPPG PENGENJEK, JONGGAT 005",Nusa Tenggara Barat,Jonggat,Lombok Tengah,"967W+F57 Sppg pengenjek, jonggat 005, Jl. Raya Beber, Pengenjek, Kec. Jonggat, Kabupaten Lombok Tengah, Nusa Tenggara Bar. 83561",FALSE,TRUE,TRUE,-8.636349,116.245431,"https://www.google.com/maps/place/Sppg+pengenjek,+jonggat+005/data=!4m7!3m6!1s0x2dcdb7007c5fd00f:0x1cc6d655e5772538!8m2!3d-8.6363492!4d116.2454312!16s%2Fg%2F11yzb1b311!19sChIJD9BffAC3zS0ROCV35VXWxhw?authuser=0&hl=id&g_ep=EgoyMDI2MDkxNi4wIJJjKgBIAVAD&rclk=1",,
SPPG LOMBOK TENGAH JONGGAT PENGENJEK 03,Nusa Tenggara Barat,Jonggat,Lombok Tengah,"97F2+JPJ SPPG LOMBOK TENGAH JONGGAT PENGENJEK 03, Pengenjek, Kec. Jonggat, Kabupaten Lombok Tengah, Nusa Tenggara Bar. 83552",FALSE,TRUE,TRUE,-8.625918,116.251764,https://www.google.com/maps/place/SPPG+LOMBOK+TENGAH+JONGGAT+PENGENJEK+03/data=!4m7!3m6!1s0x2dcdb70016b61b57:0x8b964c27a2e5bacb!8m2!3d-8.6259178!4d116.2517643!16s%2Fg%2F11njm46s21!19sChIJVxu2FgC3zS0Ry7rloidMlos?authuser=0&hl=id&g_ep=EgoyMDI2MDkxNi4wIJJjKgBIAVAD&rclk=1,,
SPPG BONJERUK,Nusa Tenggara Barat,Jonggat,Lombok Tengah,"9639+2R8 SPPG BONJERUK, jln.Ubung, Bonjeruk, Jonggat, Central Lombok Regency, West Nusa Tenggara 83561",FALSE,TRUE,FALSE,-8.647471,116.219577,https://www.google.com/maps/place/SPPG+BONJERUK/data=!4m7!3m6!1s0x2dcdb9002783fe8b:0xf7dbf461bca81c9e!8m2!3d-8.6474711!4d116.219577!16s%2Fg%2F11nbp8qv2k!19sChIJi_6DJwC5zS0RnhyovGH02_c?authuser=0&hl=id&g_ep=EgoyMDI2MDkxNi4wIJJjKgBIAVAD&rclk=1,,
SPPG GUNSA 3 DESA LABULIA,Nusa Tenggara Barat,Jonggat,Lombok Tengah,"Jl. Bypass BIL No.Km. 16, Labulia, Kec. Jonggat, Kabupaten Lombok Tengah, Nusa Tenggara Bar. 83561",FALSE,TRUE,TRUE,-8.68108,116.178988,https://www.google.com/maps/place/SPPG+Gunsa+3+Desa+Labulia/data=!4m7!3m6!1s0x2dcdbb000a137dad:0xfd536023fccbb7a8!8m2!3d-8.6810802!4d116.178988!16s%2Fg%2F11msf711k3!19sChIJrX0TCgC7zS0RqLfL_CNgU_0?authuser=0&hl=id&g_ep=EgoyMDI2MDkxNi4wIJJjKgBIAVAD&rclk=1,,
SPPG TOJONG OJONG,Nusa Tenggara Barat,Batukliang,Lombok Tengah,"98X5+J46 Sppg tojong ojong, Tojong ojong bat, Selebung, Kec. Batukliang, Kabupaten Lombok Tengah, Nusa Tenggara Bar. 83352",FALSE,TRUE,TRUE,-8.60096,116.307759,https://www.google.com/maps/place/Sppg+tojong+ojong/data=!4m7!3m6!1s0x2dcdb7000432d9d7:0xaa8896b9cbb05f7c!8m2!3d-8.6009601!4d116.3077591!16s%2Fg%2F11yp33qhny!19sChIJ19kyBAC3zS0RfF-wy7mWiKo?authuser=0&hl=id&g_ep=EgoyMDI2MDkxNi4wIJJjKgBIAVAD&rclk=1,,
SPPG ARANA MANTANG 2,Nusa Tenggara Barat,Batukliang,Lombok Tengah,"98GH+WGW SPPG ARANA MANTANG 2, Mantang, Kec. Batukliang, Kabupaten Lombok Tengah, Nusa Tenggara Bar. 83552",FALSE,TRUE,TRUE,-8.622506,116.32871,https://www.google.com/maps/place/SPPG+ARANA+MANTANG+2/data=!4m7!3m6!1s0x2dcdb5000b1ba635:0x641171d8cc6db514!8m2!3d-8.622506!4d116.32871!16s%2Fg%2F11z8rnn8hz!19sChIJNaYbCwC1zS0RFLVtzNhxEWQ?authuser=0&hl=id&g_ep=EgoyMDI2MDkxNi4wIJJjKgBIAVAD&rclk=1,,
SPPG LOMBOK TENGAH BATUKLIANG AIK DAREK 3,Nusa Tenggara Barat,Batukliang,Lombok Tengah,"C852+782 SPPG LOMBOK TENGAH BATUKLIANG AIK DAREK 3, Jl. Raya Aik Bukak, Aik Dareq, Kec. Batukliang, Kabupaten Lombok Tengah, Nusa Tenggara Bar. 83552",FALSE,TRUE,TRUE,-8.591689,116.300767,https://www.google.com/maps/place/SPPG+LOMBOK+TENGAH+BATUKLIANG+AIK+DAREK+3/data=!4m7!3m6!1s0x2dcdb70047a3af23:0x607f2671d03e1f54!8m2!3d-8.5916895!4d116.300767!16s%2Fg%2F11z7sz_0lg!19sChIJI6-jRwC3zS0RVB8-0HEmf2A?authuser=0&hl=id&g_ep=EgoyMDI2MDkxNi4wIJJjKgBIAVAD&rclk=1,,
"SPPG TANAK BEAK, BATUKLIANG UTARA",Nusa Tenggara Barat,Batukliang Utara,Lombok Tengah,"C78R+FM5 SPPG TANAK BEAK, BATUKLIANG UTARA, Tanak Beaq, Kec. Batukliang Utara, Kabupaten Lombok Tengah, Nusa Tenggara Bar. 83552",FALSE,TRUE,TRUE,-8.583665,116.290868,"https://www.google.com/maps/place/SPPG+TANAK+BEAK,+BATUKLIANG+UTARA/data=!4m7!3m6!1s0x2dcdb7005168e6d9:0x144e1eeaa1450154!8m2!3d-8.5836648!4d116.2908679!16s%2Fg%2F11yzwc_x7g!19sChIJ2eZoUQC3zS0RVAFFoeoeThQ?authuser=0&hl=id&g_ep=EgoyMDI2MDkxNi4wIJJjKgBIAVAD&rclk=1",,
SPPG LOMBOK TENGAH BATUKLIANG MANTANG 2,Nusa Tenggara Barat,Batukliang,Lombok Tengah,"98GH+WGW SPPG LOMBOK TENGAH BATUKLIANG MANTANG 2, Mantang, Kec. Batukliang, Kabupaten Lombok Tengah, Nusa Tenggara Bar. 83552",FALSE,TRUE,TRUE,-8.622506,116.32871,https://www.google.com/maps/place/SPPG+LOMBOK+TENGAH+BATUKLIANG+MANTANG+2/data=!4m7!3m6!1s0x2dcdb5007fe65cfb:0x9064f70b42edde8!8m2!3d-8.6225064!4d116.3287102!16s%2Fg%2F11z8rmz13p!19sChIJ-1zmfwC1zS0R6N0utHBPBgk?authuser=0&hl=id&g_ep=EgoyMDI2MDkxNi4wIJJjKgBIAVAD&rclk=1,,
SPPG BATUKLIANG #002,Nusa Tenggara Barat,Batukliang,Lombok Tengah,"986M+VGM SPPG BATUKLIANG #002, Bujak, Kec. Batukliang, Kabupaten Lombok Tengah, Nusa Tenggara Bar. 83552",FALSE,TRUE,TRUE,-8.637784,116.3338,https://www.google.com/maps/place/SPPG+BATUKLIANG+%23002/data=!4m7!3m6!1s0x2dcdb5f7637a8aa5:0x494647d20db99bdd!8m2!3d-8.6415286!4d116.3452593!16s%2Fg%2F11ntb7_r9b!19sChIJpYp6Y_e1zS0R3Zu5DdJHRkk?authuser=0&hl=id&g_ep=EgoyMDI2MDkxNi4wIJJjKgBIAVAD&rclk=1,,
SPPG LOMBOK TENGAH BATUKLIANG UTARA AIK BUKAQ,Nusa Tenggara Barat,Batukliang Utara,Lombok Tengah,"C88X+639 SPPG Lombok Tengah Batukliang Utara Aik Bukaq, Jl. Pariwisata Aik Bukaq, Aik Bukaq, Kec. Batukliang Utara, Kabupaten Lombok Tengah, Nusa Tenggara Bar. 83552",FALSE,TRUE,TRUE,-8.584381,116.347956,https://www.google.com/maps/place/SPPG+Lombok+Tengah+Batukliang+Utara+Aik+Bukaq/data=!4m7!3m6!1s0x2dcdb5006845944b:0x3665a37424e6ae2c!8m2!3d-8.5843809!4d116.3479561!16s%2Fg%2F11z7k5jyc1!19sChIJS5RFaAC1zS0RLK7mJHSjZTY?authuser=0&hl=id&g_ep=EgoyMDI2MDkxNi4wIJJjKgBIAVAD&rclk=1,,
SPPG LOMBOK TENGAH BATUKLIANG UTARA AIK BERIK,Nusa Tenggara Barat,Batukliang Utara,Lombok Tengah,"C8WM+HC5 SPPG LOMBOK TENGAH BATUKLIANG UTARA AIK BERIK, Aik Berik, Kec. Batukliang Utara, Kabupaten Lombok Tengah, Nusa Tenggara Bar. 83552",FALSE,TRUE,TRUE,-8.553618,116.333618,https://www.google.com/maps/place/SPPG+LOMBOK+TENGAH+BATUKLIANG+UTARA+AIK+BERIK/data=!4m7!3m6!1s0x2dcdcb00107a900b:0x90c2193ee6f0ee8!8m2!3d-8.5536185!4d116.3336183!16s%2Fg%2F11z8nczvp0!19sChIJC5B6EADLzS0R6A5v7pMhDAk?authuser=0&hl=id&g_ep=EgoyMDI2MDkxNi4wIJJjKgBIAVAD&rclk=1,,
SPPG BATUKLIANG #002,Nusa Tenggara Barat,Batukliang,Lombok Tengah,"Colok, Bujak, Kec. Batukliang, Kabupaten Lombok Tengah, Nusa Tenggara Bar. 83552",FALSE,TRUE,TRUE,-8.641529,116.345259,https://www.google.com/maps/place/SPPG+BATUKLIANG+%23002/data=!4m7!3m6!1s0x2dcdb5f7637a8aa5:0x494647d20db99bdd!8m2!3d-8.6415286!4d116.3452593!16s%2Fg%2F11ntb7_r9b!19sChIJpYp6Y_e1zS0R3Zu5DdJHRkk?authuser=0&hl=id&g_ep=EgoyMDI2MDkxNi4wIJJjKgBIAVAD&rclk=1,,
SPPG LOMBOK TENGAH PRAYA GONJAK 2,Nusa Tenggara Barat,Praya,Lombok Tengah,"87FM+QCF SPPG Lombok Tengah Praya Gonjak 2, tenganan, Gonjak, Praya, Central Lombok Regency, West Nusa Tenggara 83511",FALSE,TRUE,TRUE,-8.675218,116.283261,https://www.google.com/maps/place/SPPG+Lombok+Tengah+Praya+Gonjak+2/data=!4m7!3m6!1s0x2dcdb1003eb9a733:0xd46b64015f30ae33!8m2!3d-8.675218!4d116.283261!16s%2Fg%2F11zfj8lhm2!19sChIJM6e5PgCxzS0RM64wXwFka9Q?authuser=0&hl=id&g_ep=EgoyMDI2MDkxNi4wIJJjKgBIAVAD&rclk=1,,
DAPUR MBG SPPG LAJUT PRAYA TENGAH,Nusa Tenggara Barat,Praya Tengah,Lombok Tengah,"7855+94V DAPUR MBG SPPG LAJUT PRAYA TENGAH, Jl. Raya Batunyala, Lajut, Kec. Praya Tengah, Kabupaten Lombok Tengah, Nusa Tenggara Bar. 83582",FALSE,TRUE,TRUE,-8.741523,116.307861,https://www.google.com/maps/place/DAPUR+MBG+SPPG+LAJUT+PRAYA+TENGAH/data=!4m7!3m6!1s0x2dcdaf0019e7fbbb:0xdb1201c57a70b559!8m2!3d-8.7415228!4d116.3078614!16s%2Fg%2F11xt5bv0kk!19sChIJu_vnGQCvzS0RWbVwesUBEts?authuser=0&hl=id&g_ep=EgoyMDI2MDkxNi4wIJJjKgBIAVAD&rclk=1,,
SPPG PANDAN INDAH,Sumatera Utara,Pandan,Lombok Tengah,"6677+Q6C Sppg Pandan Indah, Pandan Indah, Kec. Praya Bar. Daya, Kabupaten Lombok Tengah, Nusa Tenggara Bar. 83572",FALSE,TRUE,TRUE,-8.785574,116.213022,https://www.google.com/maps/place/Sppg+Pandan+Indah/data=!4m7!3m6!1s0x2dcda5000e691d03:0x5052dcbce8e7b0ed!8m2!3d-8.785574!4d116.2130216!16s%2Fg%2F11zwzpblxw!19sChIJAx1pDgClzS0R7bDn6LzcUlA?authuser=0&hl=id&g_ep=EgoyMDI2MDkxNi4wIJJjKgBIAVAD&rclk=1,,
SPPG PANDAN TINGGANG,Sumatera Utara,Pandan,Lombok Tengah,"5582+VP8 SPPG PANDAN TINGGANG, Jalan, Sepi, Batu Jangkih, Kec. Praya Bar. Daya, Kabupaten Lombok Tengah, Nusa Tenggara Bar. 83571",FALSE,TRUE,TRUE,-8.832838,116.151828,https://www.google.com/maps/place/SPPG+PANDAN+TINGGANG/data=!4m7!3m6!1s0x2dcda700039451dd:0x906ed3e89508fdd9!8m2!3d-8.8328375!4d116.1518281!16s%2Fg%2F11yy0jj5x7!19sChIJ3VGUAwCnzS0R2f0IlejTbpA?authuser=0&hl=id&g_ep=EgoyMDI2MDkxNi4wIJJjKgBIAVAD&rclk=1,,
SPPG LOMBOK TIMUR SELONG PANCOR 8,Nusa Tenggara Barat,Selong,Lombok Timur,"9G36+CMJ SPPG Lombok Timur Selong Pancor 8, Jl. Kepal, Pancor, Selong, East Lombok Regency, West Nusa Tenggara 83652",FALSE,TRUE,TRUE,-8.646413,116.511648,https://www.google.com/maps/place/SPPG+Lombok+Timur+Selong+Pancor+8/data=!4m7!3m6!1s0x2dcc4d004001e339:0x683f951d8520d8d!8m2!3d-8.6464125!4d116.5116481!16s%2Fg%2F11z77g3_8z!19sChIJOeMBQABNzC0RjQ1S2FH5gwY?authuser=0&hl=id&g_ep=EgoyMDI2MDkxNi4wIJJjKgBIAVAD&rclk=1,,
SPPG LOMBOK TIMUR SUWELA KETANGGA,Nusa Tenggara Barat,Selong,Lombok Timur,"FH7P+FGQ SPPG LOMBOK TIMUR SUWELA KETANGGA, Jl. Pariwisata Suela, Ketangga, Selong, Kabupaten Lombok Timur, Nusa Tenggara Bar. 83655",FALSE,TRUE,TRUE,-8.536966,116.586831,https://www.google.com/maps/place/SPPG+LOMBOK+TIMUR+SUWELA+KETANGGA/data=!4m7!3m6!1s0x2dcc37006c41a4ab:0xf8043de611abd521!8m2!3d-8.536966!4d116.586831!16s%2Fg%2F11ntksr_2k!19sChIJq6RBbAA3zC0RIdWrEeY9BPg?authuser=0&hl=id&g_ep=EgoyMDI2MDkxNi4wIJJjKgBIAVAD&rclk=1,,
SPPG LOMBOK TIMUR SAKRA TIMUR SURABAYA,Nusa Tenggara Barat,Sakra Timur,Lombok Timur,"Kg. Budi No.1, Surabaya, Sakra Timur, East Lombok Regency, West Nusa Tenggara 83671",FALSE,TRUE,FALSE,-8.722418,116.528753,https://www.google.com/maps/place/SPPG+LOMBOK+TIMUR+SAKRA+TIMUR+SURABAYA/data=!4m7!3m6!1s0x2dcc5100711bc2e5:0x20f2c65d564c13f1!8m2!3d-8.7224179!4d116.5287532!16s%2Fg%2F11njtmsdv7!19sChIJ5cIbcQBRzC0R8RNMVl3G8iA?authuser=0&hl=id&g_ep=EgoyMDI2MDkxNi4wIJJjKgBIAVAD&rclk=1,,
SPPG LOMBOK TIMUR WANASABA MAMBEN DAYA,Nusa Tenggara Barat,Wanasaba,Lombok Timur,"CHH6+C45 SPPG Lombok Timur Wanasaba Mamben Daya, Jl. Raya Labuhan Lombok No.8, Mamben Daya, Kec. Wanasaba, Kabupaten Lombok Timur, Nusa Tenggara Bar. 83653",FALSE,TRUE,TRUE,-8.570958,116.560352,https://www.google.com/maps/place/SPPG+Lombok+Timur+Wanasaba+Mamben+Daya/data=!4m7!3m6!1s0x2dcc490051540def:0xab14cef3134e6c51!8m2!3d-8.570958!4d116.560352!16s%2Fg%2F11nr8vrl3p!19sChIJ7w1UUQBJzC0RUWxOE_POFKs?authuser=0&hl=id&g_ep=EgoyMDI2MDkxNi4wIJJjKgBIAVAD&rclk=1,,
SPPG LOMBOK TIMUR SELONG SANDU BAYA 1,Nusa Tenggara Barat,Selong,Lombok Timur,"Jl. KH. Hasyim Asyari No.16, Pancor, Selong, East Lombok Regency, West Nusa Tenggara 83611",FALSE,TRUE,FALSE,-8.644934,116.534918,https://www.google.com/maps/place/SPPG+Lombok+Timur+Selong+Sandu+Baya+1/data=!4m7!3m6!1s0x2dcc4f005026bda7:0xc31873d8dcd8d415!8m2!3d-8.6449338!4d116.5349181!16s%2Fg%2F11zb8gx3kw!19sChIJp70mUABPzC0RFdTY3NhzGMM?authuser=0&hl=id&g_ep=EgoyMDI2MDkxNi4wIJJjKgBIAVAD&rclk=1,,
SPPG BAROKAH,Nusa Tenggara Barat,Sukamulia,Lombok Timur,"9F49+VRF SPPG Barokah, Padamara, Kec. Sukamulia, Kabupaten Lombok Timur, Nusa Tenggara Bar. 83662",FALSE,TRUE,TRUE,-8.6427,116.468454,https://www.google.com/maps/place/SPPG+Barokah/data=!4m7!3m6!1s0x2dcc4d007763bde7:0xedb3b59b79d888a3!8m2!3d-8.6426997!4d116.4684543!16s%2Fg%2F11x8khdq7s!19sChIJ571jdwBNzC0Ro4jYeZu1s-0?authuser=0&hl=id&g_ep=EgoyMDI2MDkxNi4wIJJjKgBIAVAD&rclk=1,,
SPPG LOMBOK TIMUR SAKRA RUMBUK TIMUR,Nusa Tenggara Barat,Sakra,Lombok Timur,"8GQ4+M2X SPPG LOMBOK TIMUR SAKRA RUMBUK TIMUR, Jl. Soekarno Hatta, Keselet, Kec. Sakra, Kabupaten Lombok Timur, Nusa Tenggara Bar. 83671",FALSE,TRUE,TRUE,-8.66104,116.504982,https://www.google.com/maps/place/SPPG+LOMBOK+TIMUR+SAKRA+RUMBUK+TIMUR/data=!4m7!3m6!1s0x2dcc4d0071cb2a05:0x890a9fc517fc566f!8m2!3d-8.66104!4d116.504982!16s%2Fg%2F11zkw82c_j!19sChIJBSrLcQBNzC0Rb1b8F8WfCok?authuser=0&hl=id&g_ep=EgoyMDI2MDkxNi4wIJJjKgBIAVAD&rclk=1,,
SPPG LOMBOK TIMUR SELONG PANCOR 4,Nusa Tenggara Barat,Mataram,Lombok Timur,"9G39+HH9JL. T.G.K.H Zainudin Abdul Masjid, Pancor, Mataram, Kabupaten Lombok Timur, Nusa Tenggara Bar. 83611",FALSE,TRUE,TRUE,-8.646088,116.518984,https://www.google.com/maps/place/SPPG+LOMBOK+TIMUR+SELONG+PANCOR+4/data=!4m7!3m6!1s0x2dcc4f0028cd4583:0xd613cdf6d304149a!8m2!3d-8.6460875!4d116.5189844!16s%2Fg%2F11z2wnjm0t!19sChIJg0XNKABPzC0RmhQE0_bNE9Y?authuser=0&hl=id&g_ep=EgoyMDI2MDkxNi4wIJJjKgBIAVAD&rclk=1,,
SPPG LOMBOK TIMUR SEKARTEJA 1,Nusa Tenggara Barat,Selong,Lombok Timur,"9G79+CHF SPPG Lombok Timur Sekarteja 1, Sekarteja, Kec. Selong, Kabupaten Lombok Timur, Nusa Tenggara Bar. 83652",FALSE,TRUE,TRUE,-8.636437,116.518922,https://www.google.com/maps/place/SPPG+Lombok+Timur+Sekarteja+1/data=!4m7!3m6!1s0x2dcc49004abffa03:0x64637975386166fe!8m2!3d-8.6364375!4d116.5189219!16s%2Fg%2F11mrsjkxhq!19sChIJA_q_SgBJzC0R_mZhOHV5Y2Q?authuser=0&hl=id&g_ep=EgoyMDI2MDkxNi4wIJJjKgBIAVAD&rclk=1,,
SPPG LOMBOK TIMUR SIKUR GELORA 2,Nusa Tenggara Barat,Sikur,Lombok Timur,"Jl. Paokmotong-Kotaraja, Desa Gelora, Kec. Sikur, Kabupaten Lombok Timur, Nusa Tenggara Bar. 83662",FALSE,TRUE,TRUE,-8.604101,116.434411,https://www.google.com/maps/place/SPPG+Lombok+Timur+Sikur+Gelora+2/data=!4m7!3m6!1s0x2dcc4b00595bffdf:0x9449a09008f94679!8m2!3d-8.6041011!4d116.434411!16s%2Fg%2F11yftk433x!19sChIJ3_9bWQBLzC0ReUb5CJCgSZQ?authuser=0&hl=id&g_ep=EgoyMDI2MDkxNi4wIJJjKgBIAVAD&rclk=1,,
SPPG SANDUBAYA 02 SELONG,Nusa Tenggara Barat,Sandubaya,Lombok Timur,"Jl. Ahmad Yani No.71, Sandubaya, Kec. Selong, Kabupaten Lombok Timur, Nusa Tenggara Bar. 83612",FALSE,TRUE,TRUE,-8.650212,116.53875,https://www.google.com/maps/place/SPPG+Sandubaya+02+Selong/data=!4m7!3m6!1s0x2dcc4f00156bf593:0x9a62946483bb12c!8m2!3d-8.6502124!4d116.5387496!16s%2Fg%2F11zh189_qx!19sChIJk_VrFQBPzC0RLLE7SEYppgk?authuser=0&hl=id&g_ep=EgoyMDI2MDkxNi4wIJJjKgBIAVAD&rclk=1,,
SPPG SANDUBAYA 03 SELONG,Nusa Tenggara Barat,Sandubaya,Lombok Timur,"9G2V+V26 SPPG Sandubaya 03 Selong, Sandubaya, Kec. Selong, Kabupaten Lombok Timur, Nusa Tenggara Bar. 83612",FALSE,TRUE,TRUE,-8.647884,116.542545,https://www.google.com/maps/place/SPPG+Sandubaya+03+Selong/data=!4m7!3m6!1s0x2dcc4f003682d5d3:0xe6b866ae5b525bcf!8m2!3d-8.6478845!4d116.542545!16s%2Fg%2F11y0xslb5_!19sChIJ09WCNgBPzC0Rz1tSW65muOY?authuser=0&hl=id&g_ep=EgoyMDI2MDkxNi4wIJJjKgBIAVAD&rclk=1,,
SPPG SELONG RAKAM,Nusa Tenggara Barat,Selong,Lombok Timur,"Jl. Pejanggik No.79, Rakam, Kec. Selong, Kabupaten Lombok Timur, Nusa Tenggara Bar. 83619",FALSE,TRUE,TRUE,-8.652627,116.518555,https://www.google.com/maps/place/SPPG+SELONG+RAKAM/data=!4m7!3m6!1s0x2dcc4f004226f503:0xc4c85d0b7e735af!8m2!3d-8.6526268!4d116.5185549!16s%2Fg%2F11n3zzs4_b!19sChIJA_UmQgBPzC0RrzXnt9CFTAw?authuser=0&hl=id&g_ep=EgoyMDI2MDkxNi4wIJJjKgBIAVAD&rclk=1,,
SPPG LOMBOK TIMUR SURALAGA GAPUK,Nusa Tenggara Barat,Suralaga,Lombok Timur,"CG62+2VM SPPG Lombok Timur Suralaga Gapuk, Anjani, Kec. Suralaga, Kabupaten Lombok Timur, Nusa Tenggara Bar. 83661",FALSE,TRUE,TRUE,-8.589913,116.502175,https://www.google.com/maps/place/SPPG+Lombok+Timur+Suralaga+Gapuk/data=!4m7!3m6!1s0x2dcc4b003dfa59df:0x45a1ea8ac5116b7d!8m2!3d-8.5899132!4d116.502175!16s%2Fg%2F11yqbrp1p9!19sChIJ31n6PQBLzC0RfWsRxYrqoUU?authuser=0&hl=id&g_ep=EgoyMDI2MDkxNi4wIJJjKgBIAVAD&rclk=1,,
SPPG LOMBOK TIMUR SELONG PANCOR 5,Nusa Tenggara Barat,Selong,Lombok Timur,"9G3H+VHF SPPG Lombok Timur Selong Pancor 5, Pancor, Kec. Selong, Kabupaten Lombok Timur, Nusa Tenggara Bar. 83611",FALSE,TRUE,TRUE,-8.645516,116.528664,https://www.google.com/maps/place/SPPG+Lombok+Timur+Selong+Pancor+5/data=!4m7!3m6!1s0x2dcc4f0055269fb9:0xdecf82b8e3edfbc6!8m2!3d-8.6455161!4d116.5286637!16s%2Fg%2F11yz1h6zz0!19sChIJuZ8mVQBPzC0Rxvvt47iCz94?authuser=0&hl=id&g_ep=EgoyMDI2MDkxNi4wIJJjKgBIAVAD&rclk=1,,
SPPG LOMBOK TIMUR SELONG PANCOR 3,Nusa Tenggara Barat,Selong,Lombok Timur,"8GPF+GJW sppg lombok timur selong pancor 3, Majidi, Kec. Selong, Kabupaten Lombok Timur, Nusa Tenggara Bar. 83618",FALSE,TRUE,TRUE,-8.66364,116.524083,https://www.google.com/maps/place/sppg+lombok+timur+selong+pancor+3/data=!4m7!3m6!1s0x2dcc4f00755ff3f1:0xc93fbf626229a320!8m2!3d-8.6636403!4d116.5240833!16s%2Fg%2F11z8b9m_wt!19sChIJ8fNfdQBPzC0RIKMpYmK_P8k?authuser=0&hl=id&g_ep=EgoyMDI2MDkxNi4wIJJjKgBIAVAD&rclk=1,,
SPPG SELONG PANCOR 2,Nusa Tenggara Barat,Selong,Lombok Timur,"Jl. Dewi Sartika No.9, Pancor, Selong, East Lombok Regency, West Nusa Tenggara 83611",FALSE,TRUE,FALSE,-8.644177,116.51855,https://www.google.com/maps/place/SPPG+SELONG+PANCOR+2/data=!4m7!3m6!1s0x2dcc4f00118dd2df:0x5c8799d76c02d7e5!8m2!3d-8.6441774!4d116.5185503!16s%2Fg%2F11zh1zbgqf!19sChIJ39KNEQBPzC0R5dcCbNeZh1w?authuser=0&hl=id&g_ep=EgoyMDI2MDkxNi4wIJJjKgBIAVAD&rclk=1,,
SPPG LOMBOK TIMUR TERARA SELAGIK,Jawa Tengah,Suradadi,Lombok Timur,"9C22+X49 SPPG LOMBOK TIMUR TERARA SELAGIK, Suradadi, Kec. Terara, Kabupaten Lombok Timur, Nusa Tenggara Bar. 83663",FALSE,TRUE,TRUE,-8.647594,116.400363,https://www.google.com/maps/place/SPPG+LOMBOK+TIMUR+TERARA+SELAGIK/data=!4m7!3m6!1s0x2dcdb30044c8fbeb:0x449a1d4d25084fe0!8m2!3d-8.6475938!4d116.4003629!16s%2Fg%2F11zgcvzz2r!19sChIJ6_vIRACzzS0R4E8IJU0dmkQ?authuser=0&hl=id&g_ep=EgoyMDI2MDkxNi4wIJJjKgBIAVAD&rclk=1,,
SPPG LOMBOK TIMUR SAMBELIA OBEL-OBEL,Nusa Tenggara Barat,Sambelia,Lombok Timur,"PGMW+R2Q SPPG LOMBOK TIMUR SAMBELIA OBEL-OBEL, Obel Obel, Sambelia, Kabupaten Lombok Timur, Nusa Tenggara Bar. 83656",FALSE,TRUE,TRUE,-8.265405,116.545104,https://www.google.com/maps/place/SPPG+LOMBOK+TIMUR+SAMBELIA+OBEL-OBEL/data=!4m7!3m6!1s0x2dcc290007ec390f:0x5657d2310d16ad84!8m2!3d-8.2654055!4d116.5451041!16s%2Fg%2F11njk8wgwr!19sChIJDznsBwApzC0RhK0WDTHSV1Y?authuser=0&hl=id&g_ep=EgoyMDI2MDkxNi4wIJJjKgBIAVAD&rclk=1,,
SPPG LOMBOK TIMUR SURALAGA SURALAGA,Nusa Tenggara Barat,Suralaga,Lombok Timur,"CG4C+4JP SPPG Lombok Timur Suralaga Suralaga, Jl. Mamiq Wasil, Suralaga, Kec. Suralaga, Kabupaten Lombok Timur, Nusa Tenggara Bar. 83652",FALSE,TRUE,TRUE,-8.594654,116.521562,https://www.google.com/maps/place/SPPG+Lombok+Timur+Suralaga+Suralaga/data=!4m7!3m6!1s0x2dcc49002d8823bd:0x45fcb50b94ca79a8!8m2!3d-8.5946542!4d116.5215621!16s%2Fg%2F11zd97t_xb!19sChIJvSOILQBJzC0RqHnKlAu1_EU?authuser=0&hl=id&g_ep=EgoyMDI2MDkxNi4wIJJjKgBIAVAD&rclk=1,,
SPPG BAGIK PAPAN 01,Nusa Tenggara Barat,Pringgabaya,Lombok Timur,"Bagik Papan, Kec. Pringgabaya, Kabupaten Lombok Timur, Nusa Tenggara Bar. 83654",FALSE,TRUE,TRUE,-8.569716,116.587725,https://www.google.com/maps/place/SPPG+BAGIK+PAPAN+01/data=!4m7!3m6!1s0x2dcc4967d3bcfc27:0x29a68724576cc5e9!8m2!3d-8.5697158!4d116.5877251!16s%2Fg%2F11z9p61vmv!19sChIJJ_y802dJzC0R6cVsVySHpik?authuser=0&hl=id&g_ep=EgoyMDI2MDkxNi4wIJJjKgBIAVAD&rclk=1,,
SPPG LOTIM PRINGGABAYA PRINGGABAYA II,Nusa Tenggara Barat,Pringgabaya,Lombok Timur,"CJWH+WHG SPPG LOTIM PRINGGABAYA PRINGGABAYA II, Pringgabaya, East Lombok Regency, West Nusa Tenggara 83654",FALSE,TRUE,FALSE,-8.552651,116.629161,https://www.google.com/maps/place/SPPG+LOTIM+PRINGGABAYA+PRINGGABAYA+II/data=!4m7!3m6!1s0x2dcc470075529837:0x5620a46cccaad540!8m2!3d-8.5526511!4d116.6291606!16s%2Fg%2F11zgqwg7mh!19sChIJN5hSdQBHzC0RQNWqzGykIFY?authuser=0&hl=id&g_ep=EgoyMDI2MDkxNi4wIJJjKgBIAVAD&rclk=1,,
SPPG LOMBOK TIMUR PRINGGABAYA LABUHAN LOMBOK 3,Nusa Tenggara Barat,Pringgabaya,Lombok Timur,"FMR6+78Q SPPG Lombok Timur Pringgabaya Labuhan Lombok 3, Jl. Budaya Limbungan, Mekar Sari, Kec. Suela, Kabupaten Lombok Timur, Nusa Tenggara Bar. 83654",FALSE,TRUE,TRUE,-8.508298,116.661238,https://www.google.com/maps/place/SPPG+Lombok+Timur+Pringgabaya+Labuhan+Lombok+3/data=!4m7!3m6!1s0x2dcc39007561dec9:0x4666cbf9a8cd92a3!8m2!3d-8.5082983!4d116.6612381!16s%2Fg%2F11y_ryv9zz!19sChIJyd5hdQA5zC0Ro5LNqPnLZkY?authuser=0&hl=id&g_ep=EgoyMDI2MDkxNi4wIJJjKgBIAVAD&rclk=1,,
SPPG PRINGGABAYA 4,Nusa Tenggara Barat,Pringgabaya,Lombok Timur,"CJW7+HQ6 SPPG PRINGGABAYA 4, Pringgabaya, Kec. Pringgabaya, Kabupaten Lombok Timur, Nusa Tenggara Bar. 83654",FALSE,TRUE,TRUE,-8.553565,116.614355,https://www.google.com/maps/place/SPPG+PRINGGABAYA+4/data=!4m7!3m6!1s0x2dcc47004ffef7c9:0x90267fa4a4d0f625!8m2!3d-8.553565!4d116.6143549!16s%2Fg%2F11zcfgncnz!19sChIJyff-TwBHzC0RJfbQpKR_JpA?authuser=0&hl=id&g_ep=EgoyMDI2MDkxNi4wIJJjKgBIAVAD&rclk=1,,
SPPG TANAK GADANG,Nusa Tenggara Barat,Pringgabaya,Lombok Timur,"Dusun Tegaron Desa, Tanak Gadang, Kec. Pringgabaya, Kabupaten Lombok Timur, Nusa Tenggara Bar. 83653",FALSE,TRUE,TRUE,-8.582334,116.592971,https://www.google.com/maps/place/SPPG+TANAK+GADANG/data=!4m7!3m6!1s0x2dcc49000818a4b3:0xb9f0be31982a66a8!8m2!3d-8.582334!4d116.5929711!16s%2Fg%2F11nps5bh00!19sChIJs6QYCABJzC0RqGYqmDG-8Lk?authuser=0&hl=id&g_ep=EgoyMDI2MDkxNi4wIJJjKgBIAVAD&rclk=1,,
SPPG LABUHAN LOMBOK 05,Nusa Tenggara Barat,Pringgabaya,Lombok Timur,"FMQ8+MGH SPPG Labuhan Lombok 05, Jl. BTN Kayangan, Labuhan Lombok, Kec. Pringgabaya, Kabupaten Lombok Timur, Nusa Tenggara Bar. 83654",FALSE,TRUE,TRUE,-8.510825,116.666364,https://www.google.com/maps/place/SPPG+Labuhan+Lombok+05/data=!4m7!3m6!1s0x2dcc39003439eea1:0x2cdf572bb96763c0!8m2!3d-8.510825!4d116.6663641!16s%2Fg%2F11z7q8gqvj!19sChIJoe45NAA5zC0RwGNnuStX3yw?authuser=0&hl=id&g_ep=EgoyMDI2MDkxNi4wIJJjKgBIAVAD&rclk=1,,
SPPG LOMBOK TIMUR PRINGGABAYA TEKO,Nusa Tenggara Barat,Pringgabaya,Lombok Timur,"CJ63+656 SPPG LOMBOK TIMUR PRINGGABAYA TEKO, Pedangeran, Teko, Kec. Pringgabaya, Kabupaten Lombok Timur, Nusa Tenggara Bar. 83653",FALSE,TRUE,TRUE,-8.589462,116.602905,https://www.google.com/maps/place/SPPG+LOMBOK+TIMUR+PRINGGABAYA+TEKO/data=!4m7!3m6!1s0x2dcc49003118ce57:0xfba0f1e4ab967bdf!8m2!3d-8.5894616!4d116.6029052!16s%2Fg%2F11z073zxh7!19sChIJV84YMQBJzC0R33uWq-TxoPs?authuser=0&hl=id&g_ep=EgoyMDI2MDkxNi4wIJJjKgBIAVAD&rclk=1,,
SPPG LABUHAN LOMBOK 1,Nusa Tenggara Barat,Pringgabaya,Lombok Timur,"FMV3+CCR SPPG Labuhan Lombok 1, Labuhan Lombok, Kec. Pringgabaya, Kabupaten Lombok Timur, Nusa Tenggara Bar. 83654",FALSE,TRUE,TRUE,-8.506377,116.653523,https://www.google.com/maps/place/SPPG+Labuhan+Lombok+1/data=!4m7!3m6!1s0x2dcc390062aeb511:0x1d7d7366263a0026!8m2!3d-8.5063771!4d116.653523!16s%2Fg%2F11nr8s3lp8!19sChIJEbWuYgA5zC0RJgA6JmZzfR0?authuser=0&hl=id&g_ep=EgoyMDI2MDkxNi4wIJJjKgBIAVAD&rclk=1,,
SPPG LOMBOK TIMUR PRINGGABAYA POHGADING 2,Nusa Tenggara Barat,Pringgabaya,Lombok Timur,"Jl. Raya Pohgading, Pohgading Tim., Kec. Pringgabaya, Kabupaten Lombok Timur, Nusa Tenggara Bar. 83654",FALSE,TRUE,TRUE,-8.58152,116.624656,https://www.google.com/maps/place/SPPG+LOMBOK+TIMUR+PRINGGABAYA+POHGADING+2/data=!4m7!3m6!1s0x2dcc47f5838693a5:0xee0174cbca7a3e4d!8m2!3d-8.5815201!4d116.6246564!16s%2Fg%2F11msrkrbqq!19sChIJpZOGg_VHzC0RTT56yst0Ae4?authuser=0&hl=id&g_ep=EgoyMDI2MDkxNi4wIJJjKgBIAVAD&rclk=1,,
SPPG LOMBOK TIMUR AIKMEL KEMBANG KERANG,Jawa Tengah,Kembang,Lombok Timur,"FG5Q+XC2 SPPG Lombok Timur Aikmel Kembang Kerang, Kembang Kerang Daya, Aikmel, East Lombok Regency, West Nusa Tenggara 83653",FALSE,TRUE,TRUE,-8.540112,116.538516,https://www.google.com/maps/place/SPPG+Lombok+Timur+Aikmel+Kembang+Kerang/data=!4m7!3m6!1s0x2dcc370077679caf:0x5ebe7535479df20b!8m2!3d-8.5401125!4d116.5385156!16s%2Fg%2F11zb7s8_2l!19sChIJr5xndwA3zC0RC_KdRzV1vl4?authuser=0&hl=id&g_ep=EgoyMDI2MDkxNi4wIJJjKgBIAVAD&rclk=1,,
SPPG LOMBOK TIMUR BAGIK PAPAN,Nusa Tenggara Barat,Pringgabaya,Lombok Timur,"CHJP+69C SPPG LOMBOK TIMUR BAGIK PAPAN, Bagik Papan, Kec. Pringgabaya, Kabupaten Lombok Timur, Nusa Tenggara Bar. 83653",FALSE,TRUE,TRUE,-8.569427,116.585895,https://www.google.com/maps/place/SPPG+LOMBOK+TIMUR+BAGIK+PAPAN/data=!4m7!3m6!1s0x2dcc4900505ad983:0x88d1d6ed74d71fea!8m2!3d-8.5694272!4d116.5858955!16s%2Fg%2F11zd90cht9!19sChIJg9laUABJzC0R6h_XdO3W0Yg?authuser=0&hl=id&g_ep=EgoyMDI2MDkxNi4wIJJjKgBIAVAD&rclk=1,,
SPPG LOMBOK TIMUR SAMBELIA SUGIAN,Nusa Tenggara Barat,Sambelia,Lombok Timur,"MM6P+5M2 SPPG LOMBOK TIMUR SAMBELIA SUGIAN, Sugian, Sambelia, Kabupaten Lombok Timur, Nusa Tenggara Bar. 83656",FALSE,TRUE,TRUE,-8.339603,116.686639,https://www.google.com/maps/place/SPPG+LOMBOK+TIMUR+SAMBELIA+SUGIAN/data=!4m7!3m6!1s0x2dcc25002b7a4833:0xfd1976dc2a97f446!8m2!3d-8.3396028!4d116.6866386!16s%2Fg%2F11z7dtm_tq!19sChIJM0h6KwAlzC0RRvSXKtx2Gf0?authuser=0&hl=id&g_ep=EgoyMDI2MDkxNi4wIJJjKgBIAVAD&rclk=1,,
SPPG POHGADING 3,Nusa Tenggara Barat,Pringgabaya,Lombok Timur,"CJHQ+MFQ SPPG POHGADING 3, jalan Muara Harapan, Pohgading, Kec. Pringgabaya, Kabupaten Lombok Timur, Nusa Tenggara Bar. 83654",FALSE,TRUE,TRUE,-8.570799,116.638737,https://www.google.com/maps/place/SPPG+POHGADING+3/data=!4m7!3m6!1s0x2dcc4700740ce3ef:0xc2a6103fa21244ab!8m2!3d-8.5707989!4d116.6387367!16s%2Fg%2F11zh6q4fxp!19sChIJ7-MMdABHzC0Rq0QSoj8QpsI?authuser=0&hl=id&g_ep=EgoyMDI2MDkxNi4wIJJjKgBIAVAD&rclk=1,,
SPPG LOMBOK TIMUR MASABGIK PAOKMOTONG,Nusa Tenggara Barat,Masbagik,Lombok Timur,"9FC5+985 SPPG Lombok Timur Masabgik Paokmotong, Paok Motong, Kec. Masbagik, Kabupaten Lombok Timur, Nusa Tenggara Bar. 83662",FALSE,TRUE,TRUE,-8.629112,116.458374,https://www.google.com/maps/place/SPPG+Lombok+Timur+Masabgik+Paokmotong/data=!4m7!3m6!1s0x2dcc4b004a494ba7:0x3338f6387643bf4a!8m2!3d-8.6291116!4d116.458374!16s%2Fg%2F11zd8ysc1g!19sChIJp0tJSgBLzC0RSr9Ddjj2ODM?authuser=0&hl=id&g_ep=EgoyMDI2MDkxNi4wIJJjKgBIAVAD&rclk=1,,
SPPG PAOK MOTONG 2,Nusa Tenggara Barat,Masbagik,Lombok Timur,"9F9G+9HV SPPG PAOK MOTONG 2, Paok Motong, Kec. Masbagik, Kabupaten Lombok Timur, Nusa Tenggara Bar. 83661",FALSE,TRUE,TRUE,-8.631502,116.476411,https://www.google.com/maps/place/SPPG+PAOK+MOTONG+2/data=!4m7!3m6!1s0x2dcc4b003ca2f3dd:0x9cdbe826ad855815!8m2!3d-8.6315025!4d116.4764107!16s%2Fg%2F11mrltvk30!19sChIJ3fOiPABLzC0RFViFrSbo25w?authuser=0&hl=id&g_ep=EgoyMDI2MDkxNi4wIJJjKgBIAVAD&rclk=1,,
SPPG LOMBOK TIMUR SIKUR KOTARAJA,Nusa Tenggara Barat,Sikur,Lombok Timur,"Jl. Raya Tetebatu, Tetebatu, Kec. Sikur, Kabupaten Lombok Timur, Nusa Tenggara Bar. 83662",FALSE,TRUE,TRUE,-8.586542,116.421292,https://www.google.com/maps/place/SPPG+LOMBOK+TIMUR+SIKUR+KOTARAJA/data=!4m7!3m6!1s0x2dcdcb00133ac6ed:0xcc02efc571f44ab8!8m2!3d-8.5865422!4d116.4212924!16s%2Fg%2F11npqp82nk!19sChIJ7cY6EwDLzS0RuEr0ccXvAsw?authuser=0&hl=id&g_ep=EgoyMDI2MDkxNi4wIJJjKgBIAVAD&rclk=1,,
LOKASI SPPG UD MAE CENGGO,Nusa Tenggara Barat,Masbagik,Lombok Timur,"9FMR+VFC Lokasi SPPG UD Mae Cenggo, Masbagik Tim., Kec. Masbagik, Kabupaten Lombok Timur, Nusa Tenggara Bar. 83661",FALSE,TRUE,TRUE,-8.61531,116.49115,https://www.google.com/maps/place/Lokasi+SPPG+UD+Mae+Cenggo/data=!4m7!3m6!1s0x2dcc4b004d1fac53:0x1d96a3f692d80c68!8m2!3d-8.6153105!4d116.4911502!16s%2Fg%2F11x7pf5j9l!19sChIJU6wfTQBLzC0RaAzYkvajlh0?authuser=0&hl=id&g_ep=EgoyMDI2MDkxNi4wIJJjKgBIAVAD&rclk=1,,
SPPG LENDANG NANGKA 2,Nusa Tenggara Barat,Masbagik,Lombok Timur,"Jl. H. L. Adnan No.17, Lendang Nangka, Kec. Masbagik, Kabupaten Lombok Timur, Nusa Tenggara Bar. 83662",FALSE,TRUE,TRUE,-8.597049,116.449693,https://www.google.com/maps/place/SPPG+LENDANG+NANGKA+2/data=!4m7!3m6!1s0x2dcc4b00096b7329:0x5974a20d669524d1!8m2!3d-8.5970494!4d116.4496933!16s%2Fg%2F11zd0dwhbs!19sChIJKXNrCQBLzC0R0SSVZg2idFk?authuser=0&hl=id&g_ep=EgoyMDI2MDkxNi4wIJJjKgBIAVAD&rclk=1,,
DAPUR SPPG LOMBOK TIMUR MASBAGIK PAOKMOTONG 3,Nusa Tenggara Barat,Masbagik,Lombok Timur,"Jl. Raya Mataram-Kayangan, Paok Motong, Kec. Masbagik, Kabupaten Lombok Timur, Nusa Tenggara Bar. 83661",FALSE,TRUE,TRUE,-8.622215,116.469383,https://www.google.com/maps/place/DAPUR+SPPG+LOMBOK+TIMUR+MASBAGIK+PAOKMOTONG+3/data=!4m7!3m6!1s0x2dcc4bd604041ef1:0xa038dc266da49ea!8m2!3d-8.6222149!4d116.4693834!16s%2Fg%2F11zd0dpnv1!19sChIJ8R4EBNZLzC0R6knaZsKNAwo?authuser=0&hl=id&g_ep=EgoyMDI2MDkxNi4wIJJjKgBIAVAD&rclk=1,,
SPPG LOMBOK TIMUR PRINGGASELA AIK DEWA,Nusa Tenggara Barat,Pringgasela,Lombok Timur,"CF5F+JQM SPPG Lombok Timur Pringgasela Aik Dewa, Jln. Pendidikan Dasan Geres, Aikdewa, Kec. Pringgasela, Kabupaten Lombok Timur, Nusa Tenggara Bar. 83661",FALSE,TRUE,TRUE,-8.590938,116.474374,https://www.google.com/maps/place/SPPG+Lombok+Timur+Pringgasela+Aik+Dewa/data=!4m7!3m6!1s0x2dcc4b0047ecc5a3:0x6f9d26bb09c66937!8m2!3d-8.5909383!4d116.4743737!16s%2Fg%2F11z7f6j61z!19sChIJo8XsRwBLzC0RN2nGCbsmnW8?authuser=0&hl=id&g_ep=EgoyMDI2MDkxNi4wIJJjKgBIAVAD&rclk=1,,
SPPG LOMBOK TIMUR SIKUR SIKUR BARAT,Nusa Tenggara Barat,Mataram,Lombok Timur,"Jl. Raya Mataram - Sikur No.km 45, Sikur, BARAT, Kabupaten Lombok Timur, Nusa Tenggara Bar. 83662",FALSE,TRUE,TRUE,-8.633628,116.438561,https://www.google.com/maps/place/SPPG+Lombok+Timur+Sikur+Sikur+Barat/data=!4m7!3m6!1s0x2dcc4b0033593169:0x625655696c796b03!8m2!3d-8.6336283!4d116.4385614!16s%2Fg%2F11zb4d9qgw!19sChIJaTFZMwBLzC0RA2t5bGlVVmI?authuser=0&hl=id&g_ep=EgoyMDI2MDkxNi4wIJJjKgBIAVAD&rclk=1,,
SPPG MASBAGIK UTARA 2,Nusa Tenggara Barat,Karang Baru,Lombok Timur,"9FHC+FXV SPPG MASBAGIK UTARA 2, Karang Baru, Kec. Masbagik, Kabupaten Lombok Timur, Nusa Tenggara Bar. 83661",FALSE,TRUE,TRUE,-8.621263,116.472418,https://www.google.com/maps/place/SPPG+MASBAGIK+UTARA+2/data=!4m7!3m6!1s0x2dcc4b005cb9c3bf:0xe813feb6686860a4!8m2!3d-8.6212629!4d116.4724185!16s%2Fg%2F11yym3rdj5!19sChIJv8O5XABLzC0RpGBoaLb-E-g?authuser=0&hl=id&g_ep=EgoyMDI2MDkxNi4wIJJjKgBIAVAD&rclk=1,,
SPPG LOMBOK MASBAGIK KESIK,Nusa Tenggara Barat,Masbagik,Lombok Timur,"9CHR+X5Q SPPG Lombok Masbagik Kesik, Jl. Paokmotong-Kotaraja, Kesik, Kec. Masbagik, Kabupaten Lombok Timur, Nusa Tenggara Bar. 83662",FALSE,TRUE,TRUE,-8.620578,116.440031,https://www.google.com/maps/place/SPPG+Lombok+Masbagik+Kesik/data=!4m7!3m6!1s0x2dcc4b003e68738f:0xc255645618d99a79!8m2!3d-8.6205776!4d116.4400312!16s%2Fg%2F11ntk1_90c!19sChIJj3NoPgBLzC0ReZrZGFZkVcI?authuser=0&hl=id&g_ep=EgoyMDI2MDkxNi4wIJJjKgBIAVAD&rclk=1,,
SPPG GRAHA BAGIK PITUK,Nusa Tenggara Barat,Sukamulia,Lombok Timur,"9F2V+7PJ SPPG GRAHA BAGIK PITUK, Jl. Desa Padamara, Jantuk, Kec. Sukamulia, Kabupaten Lombok Timur, Nusa Tenggara Bar. 83652",FALSE,TRUE,TRUE,-8.649158,116.494289,https://www.google.com/maps/place/SPPG+GRAHA+BAGIK+PITUK/data=!4m7!3m6!1s0x2dcc4d0032b7923d:0x6e0033e0ddd2e3b1!8m2!3d-8.6491579!4d116.4942894!16s%2Fg%2F11npq146j6!19sChIJPZK3MgBNzC0RsePS3eAzAG4?authuser=0&hl=id&g_ep=EgoyMDI2MDkxNi4wIJJjKgBIAVAD&rclk=1,,
SPPG LOMBOK TIMUR SIKUR GELORA,Nusa Tenggara Barat,Sikur,Lombok Timur,"CC2H+W48 SPPG LOMBOK TIMUR SIKUR GELORA, Loyok, Kec. Sikur, Kabupaten Lombok Timur, Nusa Tenggara Bar. 83662",FALSE,TRUE,TRUE,-8.597785,116.427964,https://www.google.com/maps/place/SPPG+LOMBOK+TIMUR+SIKUR+GELORA/data=!4m7!3m6!1s0x2dcc4b000cb5c6a3:0xbd4df12e2fd17d61!8m2!3d-8.597785!4d116.427964!16s%2Fg%2F11z89wc3xt!19sChIJo8a1DABLzC0RYX3RLy7xTb0?authuser=0&hl=id&g_ep=EgoyMDI2MDkxNi4wIJJjKgBIAVAD&rclk=1,,
SPPG LOMBOK TIMUR MASBAGIK UTARA BARU,Nusa Tenggara Barat,Masbagik,Lombok Timur,"9FW8+FVV SPPG LOMBOK TIMUR MASBAGIK UTARA BARU, Jl. Gelora-Lendang Nangka, Masbagik Utara, Kec. Masbagik, Kabupaten Lombok Timur, Nusa Tenggara Bar. 83661",FALSE,TRUE,TRUE,-8.603923,116.467765,https://www.google.com/maps/place/SPPG+LOMBOK+TIMUR+MASBAGIK+UTARA+BARU/data=!4m7!3m6!1s0x2dcc4b005061ef07:0x889f1861b66aec02!8m2!3d-8.603923!4d116.467765!16s%2Fg%2F11zh6sxj3q!19sChIJB-9hUABLzC0RAuxqtmEYn4g?authuser=0&hl=id&g_ep=EgoyMDI2MDkxNi4wIJJjKgBIAVAD&rclk=1,,
SPPG LOMBOK TIMUR SUKAMULIA DASAN LEKONG,Nusa Tenggara Barat,Sukamulia,Lombok Timur,"9G54+49M SPPG LOMBOK TIMUR SUKAMULIA DASAN LEKONG, Jl. TGH. Zainudin Abdul Majid, Dasan Lekong, Kec. Sukamulia, Kabupaten Lombok Timur, Nusa Tenggara Bar. 83652",FALSE,TRUE,TRUE,-8.64215,116.505934,https://www.google.com/maps/place/SPPG+LOMBOK+TIMUR+SUKAMULIA+DASAN+LEKONG/data=!4m7!3m6!1s0x2dcc4d0045fccc23:0x879b8de0a29e8ceb!8m2!3d-8.6421502!4d116.5059344!16s%2Fg%2F11yzqhg1t8!19sChIJI8z8RQBNzC0R64yeouCNm4c?authuser=0&hl=id&g_ep=EgoyMDI2MDkxNi4wIJJjKgBIAVAD&rclk=1,,
SPPG SUKAMULIA TIMUR 2,Nusa Tenggara Barat,Sukamulia,Lombok Timur,"9G98+3R8 SPPG SUKAMULIA TIMUR 2, Sukamulia Tim., Kec. Sukamulia, Kabupaten Lombok Timur, Nusa Tenggara Bar. 83652",FALSE,TRUE,TRUE,-8.632341,116.517063,https://www.google.com/maps/place/SPPG+SUKAMULIA+TIMUR+2/data=!4m7!3m6!1s0x2dcc490050a282c3:0xd34ae3850c07dfe8!8m2!3d-8.6323407!4d116.5170632!16s%2Fg%2F11z72wd_d6!19sChIJw4KiUABJzC0R6N8HDIXjStM?authuser=0&hl=id&g_ep=EgoyMDI2MDkxNi4wIJJjKgBIAVAD&rclk=1,,
SPPG LOMBOK TIMUR SAKRA SAKRA 3,Nusa Tenggara Barat,Sakra,Lombok Timur,"8FG9+685 SPPG Lombok Timur Sakra Sakra 3, Sakra, Kec. Sakra, Kabupaten Lombok Timur, Nusa Tenggara Bar. 83671",FALSE,TRUE,TRUE,-8.674487,116.468358,https://www.google.com/maps/place/SPPG+Lombok+Timur+Sakra+Sakra+3/data=!4m7!3m6!1s0x2dcc4d0057c5b919:0x8f63df0484fc920d!8m2!3d-8.6744874!4d116.4683583!16s%2Fg%2F11z7d7mb5q!19sChIJGbnFVwBNzC0RDZL8hATfY48?authuser=0&hl=id&g_ep=EgoyMDI2MDkxNi4wIJJjKgBIAVAD&rclk=1,,
SPPG LOMBOK TIMUR SAKRA RUMBUK,Nusa Tenggara Barat,Sukamulia,Lombok Timur,"8FQP+8P6 SPPG LOMBOK TIMUR SAKRA RUMBUK, Jl. Jurusan Pademare - Paokmotong, Setanggor, Kec. Sukamulia, Kabupaten Lombok Timur, Nusa Tenggara Bar. 83652",FALSE,TRUE,TRUE,-8.661667,116.485873,https://www.google.com/maps/place/SPPG+LOMBOK+TIMUR+SAKRA+RUMBUK/data=!4m7!3m6!1s0x2dcc4d00164900a7:0x5373462bfa5d6f7c!8m2!3d-8.661667!4d116.4858732!16s%2Fg%2F11yv7yh4s4!19sChIJpwBJFgBNzC0RfG9d-itGc1M?authuser=0&hl=id&g_ep=EgoyMDI2MDkxNi4wIJJjKgBIAVAD&rclk=1,,
SPPG LOMBOK TIMUR PRINGGASELA PRINGGASELA TIMUR,Nusa Tenggara Barat,Pringgasela,Lombok Timur,"CF9Q+CX9 SPPG Lombok Timur Pringgasela Pringgasela Timur, Jl. Pendidikan, Lenek Daya, Kec. Pringgasela, Kabupaten Lombok Timur, Nusa Tenggara Bar. 83661",FALSE,TRUE,TRUE,-8.582299,116.49086,https://www.google.com/maps/place/SPPG+Lombok+Timur+Pringgasela+Pringgasela+Timur/data=!4m7!3m6!1s0x2dcc4b004a01daf3:0xd6bdf5a391b94c72!8m2!3d-8.582299!4d116.49086!16s%2Fg%2F11zjl6mrmd!19sChIJ89oBSgBLzC0Rcky5kaP1vdY?authuser=0&hl=id&g_ep=EgoyMDI2MDkxNi4wIJJjKgBIAVAD&rclk=1,,
SPPG LOMBOK TIMUR AIKMEL AIKMEL 6,Nusa Tenggara Barat,Aikmel,Lombok Timur,"CGGJ+XXX SPPG LOMBOK TIMUR AIKMEL AIKMEL 6, Aikmel, Kec. Aikmel, Kabupaten Lombok Timur, Nusa Tenggara Bar. 83653",FALSE,TRUE,TRUE,-8.572505,116.532491,https://www.google.com/maps/place/SPPG+LOMBOK+TIMUR+AIKMEL+AIKMEL+6/data=!4m7!3m6!1s0x2dcc490054016025:0x96843f647555d09c!8m2!3d-8.5725054!4d116.5324909!16s%2Fg%2F11ntnwyyfc!19sChIJJWABVABJzC0RnNBVdWQ_hJY?authuser=0&hl=id&g_ep=EgoyMDI2MDkxNi4wIJJjKgBIAVAD&rclk=1,,
SPPG LOMBOK TIMUR LENEK LENEK,Nusa Tenggara Barat,Aikmel,Lombok Timur,"CGG3+2F7 SPPG Lombok Timur Lenek Lenek, Jl. Dane Rahil, Lenek Daya, Kec. Aikmel, Kabupaten Lombok Timur, Nusa Tenggara Bar. 83652",FALSE,TRUE,TRUE,-8.574964,116.503676,https://www.google.com/maps/place/SPPG+Lombok+Timur+Lenek+Lenek/data=!4m7!3m6!1s0x2dcc4b003365a4ff:0x2bce872c84de002e!8m2!3d-8.5749644!4d116.5036758!16s%2Fg%2F11yrlqt5dx!19sChIJ_6RlMwBLzC0RLgDehCyHzis?authuser=0&hl=id&g_ep=EgoyMDI2MDkxNi4wIJJjKgBIAVAD&rclk=1,,
SPPG 012 AIKMEL,Nusa Tenggara Barat,Aikmel,Lombok Timur,"CGQG+632 SPPG 012 AIKMEL, Jl. Pariwisata, madang, Kec. Aikmel, Kabupaten Lombok Timur, Nusa Tenggara Bar. 83653",FALSE,TRUE,TRUE,-8.562971,116.525827,https://www.google.com/maps/place/SPPG+012+AIKMEL/data=!4m7!3m6!1s0x2dcc49007984784f:0xabbe539d210948e9!8m2!3d-8.5629707!4d116.5258271!16s%2Fg%2F11nj4cy7d6!19sChIJT3iEeQBJzC0R6UgJIZ1Tvqs?authuser=0&hl=id&g_ep=EgoyMDI2MDkxNi4wIJJjKgBIAVAD&rclk=1,,
SPPG AIKMEL KEMBANG KERANG DAYA #005,Jawa Tengah,Kembang,Lombok Timur,"CGWQ+739 SPPG Aikmel Kembang Kerang Daya #005, Jl. Segara Anak, Kembang Kerang Daya, Kec. Aikmel, Kabupaten Lombok Timur, Nusa Tenggara Bar. 83653",FALSE,TRUE,TRUE,-8.554328,116.53774,https://www.google.com/maps/place/SPPG+Aikmel+Kembang+Kerang+Daya+%23005/data=!4m7!3m6!1s0x2dcc370067b64283:0x3cc5a2be27a20ed2!8m2!3d-8.5543277!4d116.5377401!16s%2Fg%2F11z5sh2ht9!19sChIJg0K2ZwA3zC0R0g6iJ76ixTw?authuser=0&hl=id&g_ep=EgoyMDI2MDkxNi4wIJJjKgBIAVAD&rclk=1,,
KANTOR SPPG AIKMEL YAJIMU,Nusa Tenggara Barat,Aikmel,Lombok Timur,"Jl. Latsitarda No.24, Aikmel, East Lombok Regency, Provinsi Nusa Tenggara Barat 83653",TRUE,TRUE,FALSE,-8.569541,116.533867,https://www.google.com/maps/place/Kantor+SPPG+Aikmel+YAJIMU/data=!4m7!3m6!1s0x2dcc49004e53bbb5:0x46245f140b30bd2!8m2!3d-8.5695407!4d116.5338669!16s%2Fg%2F11ymmd1zt2!19sChIJtbtTTgBJzC0R0guzQPFFYgQ?authuser=0&hl=id&g_ep=EgoyMDI2MDkxNi4wIJJjKgBIAVAD&rclk=1,,
SPPG TERARA RARANG,Nusa Tenggara Barat,Terara,Lombok Timur,"Rarang, Terara, East Lombok Regency, West Nusa Tenggara 83663",FALSE,TRUE,FALSE,-8.632296,116.391354,https://www.google.com/maps/place/Sppg+Terara+Rarang/data=!4m7!3m6!1s0x2dcdb5007b0d8efd:0x264f779454ce7d30!8m2!3d-8.6322964!4d116.3913545!16s%2Fg%2F11nvv4x_8g!19sChIJ_Y4NewC1zS0RMH3OVJR3TyY?authuser=0&hl=id&g_ep=EgoyMDI2MDkxNi4wIJJjKgBIAVAD&rclk=1,,
SPPG LOMBOK TIMUR TERARA TERARA 3,Nusa Tenggara Barat,Terara,Lombok Timur,"Terara, Kec. Terara, Kabupaten Lombok Timur, Nusa Tenggara Bar. 83663",FALSE,TRUE,TRUE,-8.643514,116.41263,https://www.google.com/maps/place/SPPG+LOMBOK+TIMUR+TERARA+TERARA+3/data=!4m7!3m6!1s0x2dcc4d002b82e2cf:0x7d1ab099c5297e41!8m2!3d-8.6435141!4d116.4126298!16s%2Fg%2F11zb7sh0ql!19sChIJz-KCKwBNzC0RQX4pxZmwGn0?authuser=0&hl=id&g_ep=EgoyMDI2MDkxNi4wIJJjKgBIAVAD&rclk=1,,
SPPG LOMBOK TIMUR TERARA LEMING,Nusa Tenggara Barat,Terara,Lombok Timur,"8CH6+36H SPPG LOMBOK TIMUR TERARA LEMING, Leming, Kec. Terara, Kabupaten Lombok Timur, Nusa Tenggara Bar. 83663",FALSE,TRUE,TRUE,-8.673147,116.409868,https://www.google.com/maps/place/SPPG+LOMBOK+TIMUR+TERARA+LEMING/data=!4m7!3m6!1s0x2dcdb3003653a4a7:0x9f157df63fff28d2!8m2!3d-8.6731472!4d116.4098678!16s%2Fg%2F11z7cv9xtq!19sChIJp6RTNgCzzS0R0ij_P_Z9FZ8?authuser=0&hl=id&g_ep=EgoyMDI2MDkxNi4wIJJjKgBIAVAD&rclk=1,,
SPPG LOMBOK TIMUR TERARA JENGGIK,Nusa Tenggara Barat,Terara,Lombok Timur,"996R+F5J SPPG LOMBOK TIMUR TERARA JENGGIK, Jenggik, Kec. Terara, Kabupaten Lombok Timur, Nusa Tenggara Bar. 83553",FALSE,TRUE,TRUE,-8.638789,116.390394,https://www.google.com/maps/place/SPPG+LOMBOK+TIMUR+TERARA+JENGGIK/data=!4m7!3m6!1s0x2dcdb5000e352ab3:0x4f8c065da73a749b!8m2!3d-8.6387894!4d116.3903939!16s%2Fg%2F11zh6nkmjc!19sChIJsyo1DgC1zS0Rm3Q6p10GjE8?authuser=0&hl=id&g_ep=EgoyMDI2MDkxNi4wIJJjKgBIAVAD&rclk=1,,
SPPG LOMBOK TIMUR SIKUR TETEBATU,Nusa Tenggara Barat,Sikur,Lombok Timur,"Tetebatu, Kec. Sikur, Kabupaten Lombok Timur, Nusa Tenggara Bar. 83671",FALSE,TRUE,TRUE,-8.55423,116.414595,https://www.google.com/maps/place/SPPG+LOMBOK+TIMUR+SIKUR+TETEBATU/data=!4m7!3m6!1s0x2dcdcbdd06e7e351:0xea3063c7fe064ea!8m2!3d-8.5542305!4d116.4145953!16s%2Fg%2F11zf1d980w!19sChIJUePnBt3LzS0R6mTgfzwGow4?authuser=0&hl=id&g_ep=EgoyMDI2MDkxNi4wIJJjKgBIAVAD&rclk=1,,
SPPG LOMBOK TIMUR SIKUR SIKUR 2 YAYASAN GERAKAN ARAH BERSAMA,Nusa Tenggara Barat,Sikur,Lombok Timur,"9F42+HGF SPPG Lombok Timur Sikur Sikur 2 Yayasan Gerakan Arah Bersama, Sikur, Kec. Sikur, Kabupaten Lombok Timur, Nusa Tenggara Bar. 83662",FALSE,TRUE,TRUE,-8.643554,116.451286,https://www.google.com/maps/place/SPPG+Lombok+Timur+Sikur+Sikur+2+Yayasan+Gerakan+Arah+Bersama/data=!4m7!3m6!1s0x2dcc4d007f7970bb:0x9480655121b86b98!8m2!3d-8.6435538!4d116.451286!16s%2Fg%2F11x_87rggk!19sChIJu3B5fwBNzC0RmGu4IVFlgJQ?authuser=0&hl=id&g_ep=EgoyMDI2MDkxNi4wIJJjKgBIAVAD&rclk=1,,
SPPG SIKUR DARMASARI 3 ( IDULCAGU),Nusa Tenggara Barat,Sikur,Lombok Timur,"8FR5+PC9 SPPG SIKUR DARMASARI 3 ( IDULCAGU), Semaya, Kec. Sikur, Kabupaten Lombok Timur, Nusa Tenggara Bar. 83662",FALSE,TRUE,TRUE,-8.658212,116.458614,https://www.google.com/maps/place/SPPG+SIKUR+DARMASARI+3+%28+IDULCAGU%29/data=!4m7!3m6!1s0x2dcc4d004a160a51:0x9941bb21f5c1d622!8m2!3d-8.6582116!4d116.4586145!16s%2Fg%2F11z5w4666c!19sChIJUQoWSgBNzC0RItbB9SG7QZk?authuser=0&hl=id&g_ep=EgoyMDI2MDkxNi4wIJJjKgBIAVAD&rclk=1,,
SPPG LOTIM SIKUR SIKUR,Nusa Tenggara Barat,Sikur,Lombok Timur,"9C8V+443 SPPG LOTIM SIKUR SIKUR, Sikur, Kec. Sikur, Kabupaten Lombok Timur, Nusa Tenggara Bar. 83662",FALSE,TRUE,TRUE,-8.634762,116.442775,https://www.google.com/maps/place/SPPG+LOTIM+SIKUR+SIKUR/data=!4m7!3m6!1s0x2dcc4b002360e91f:0x79fb7355ff7216bf!8m2!3d-8.6347623!4d116.4427754!16s%2Fg%2F11zysjzlc3!19sChIJH-lgIwBLzC0RvxZy_1Vz-3k?authuser=0&hl=id&g_ep=EgoyMDI2MDkxNi4wIJJjKgBIAVAD&rclk=1,,
SPPG DAPUR SIKUR,Nusa Tenggara Barat,Mataram,Lombok Timur,"Jl. Raya Mataram - Sikur, Montongbaan, Kec. Sikur, Kabupaten Lombok Timur, Nusa Tenggara Bar. 83662",FALSE,TRUE,TRUE,-8.636328,116.427525,https://www.google.com/maps/place/SPPG+DAPUR+SIKUR/data=!4m7!3m6!1s0x2dcc4b77f16d8eef:0x6deb1084ec4bb109!8m2!3d-8.6363282!4d116.4275254!16s%2Fg%2F11zbs1b7cq!19sChIJ745t8XdLzC0RCbFL7IQQ620?authuser=0&hl=id&g_ep=EgoyMDI2MDkxNi4wIJJjKgBIAVAD&rclk=1,,
SPPG SULTAN KERUAK,Nusa Tenggara Barat,Keruak,Lombok Timur,"6FJP+X24 SPPG sultan keruak, Selebung Ketangga, Keruak, Kabupaten Lombok Timur, Nusa Tenggara Bar. 83672",FALSE,TRUE,TRUE,-8.767609,116.48508,https://www.google.com/maps/place/SPPG+sultan+keruak/data=!4m7!3m6!1s0x2dcc5300582a25f5:0x8879ad4358b938d5!8m2!3d-8.7676092!4d116.4850803!16s%2Fg%2F11z2y51msh!19sChIJ9SUqWABTzC0R1Ti5WEOteYg?authuser=0&hl=id&g_ep=EgoyMDI2MDkxNi4wIJJjKgBIAVAD&rclk=1,,
SPPG KERUAK SEPIT 02,Nusa Tenggara Barat,Keruak,Lombok Timur,"7F57+77 SPPG KERUAK SEPIT 02, Sepit, Keruak, Kabupaten Lombok Timur, Nusa Tenggara Bar. 83554",FALSE,TRUE,TRUE,-8.741716,116.463192,https://www.google.com/maps/place/SPPG+KERUAK+SEPIT+02/data=!4m7!3m6!1s0x2dcc53003cf28c5f:0x3f59461689a34d8a!8m2!3d-8.7417163!4d116.4631925!16s%2Fg%2F11n9gqvqbf!19sChIJX4zyPABTzC0Rik2jiRZGWT8?authuser=0&hl=id&g_ep=EgoyMDI2MDkxNi4wIJJjKgBIAVAD&rclk=1,,
SPPG MONTONG BELAE 002 KERUAK,Jawa Timur,Montong,Lombok Timur,"Montong belae, Keruak, Kabupaten Lombok Timur, Nusa Tenggara Bar. 83672",FALSE,TRUE,TRUE,-8.77272,116.49843,https://www.google.com/maps/place/SPPG+Montong+Belae+002+Keruak/data=!4m7!3m6!1s0x2dcc55c7562ba66f:0xafb2509d92507ca!8m2!3d-8.77272!4d116.4984298!16s%2Fg%2F11zcj68nbs!19sChIJb6YrVsdVzC0Rygcl2Qkl-wo?authuser=0&hl=id&g_ep=EgoyMDI2MDkxNi4wIJJjKgBIAVAD&rclk=1,,
SPPG GELANGGANG - SAKRA TIMUR,Nusa Tenggara Barat,Sakra Timur,Lombok Timur,"7GC5+V4F SPPG Gelanggang - Sakra Timur, Gelanggang, Kec. Sakra Tim., Kabupaten Lombok Timur, Nusa Tenggara Bar. 83671",FALSE,TRUE,TRUE,-8.727818,116.507788,https://www.google.com/maps/place/SPPG+Gelanggang+-+Sakra+Timur/data=!4m7!3m6!1s0x2dcc550079ae7027:0x5a5b24cd5b82a961!8m2!3d-8.8035187!4d116.4502325!16s%2Fg%2F11z0xszs4y!19sChIJJ3CueQBVzC0RYamCW80kW1o?authuser=0&hl=id&g_ep=EgoyMDI2MDkxNi4wIJJjKgBIAVAD&rclk=1,,
SPPG 07 YDF JERO GUNUNG,Nusa Tenggara Barat,Sakra,Lombok Timur,"7F7G+4C SPPG 07 YDF JERO GUNUNG, Rensing, Kec. Sakra Bar., Kabupaten Lombok Timur, Nusa Tenggara Bar. 83672",FALSE,TRUE,TRUE,-8.73737,116.474527,https://www.google.com/maps/place/SPPG+07+YDF+JERO+GUNUNG/data=!4m7!3m6!1s0x2dcc530051f188df:0xd776aa3cc76a05d0!8m2!3d-8.7373702!4d116.4745272!16s%2Fg%2F11mznvpl6t!19sChIJ34jxUQBTzC0R0AVqxzyqdtc?authuser=0&hl=id&g_ep=EgoyMDI2MDkxNi4wIJJjKgBIAVAD&rclk=1,,
SPPG LOMBOK TIMUR SAKRA BARAT BUNGTIANG,Nusa Tenggara Barat,Sakra Barat,Lombok Timur,"7F9P+24C SPPG LOMBOK TIMUR SAKRA BARAT BUNGTIANG, Jalan Pemban Aji, Bungtiang, Kec. Sakra Bar., Kabupaten Lombok Timur, Nusa Tenggara Bar. 83671",FALSE,TRUE,TRUE,-8.732436,116.48526,https://www.google.com/maps/place/SPPG+LOMBOK+TIMUR+SAKRA+BARAT+BUNGTIANG/data=!4m7!3m6!1s0x2dcc530042e99dbb:0xad8efef88fa8a447!8m2!3d-8.7324362!4d116.48526!16s%2Fg%2F11yz12hbkm!19sChIJu53pQgBTzC0RR6Soj_j-jq0?authuser=0&hl=id&g_ep=EgoyMDI2MDkxNi4wIJJjKgBIAVAD&rclk=1,,
SPPG LOTIM SAKRA SAKRA 2,Nusa Tenggara Barat,Sakra,Lombok Timur,"8FF9+XRP SPPG Lotim Sakra Sakra 2, Jl. Jurusan Sakra, Sakra, Kec. Sakra, Kabupaten Lombok Timur, Nusa Tenggara Bar. 83671",FALSE,TRUE,TRUE,-8.675048,116.469572,https://www.google.com/maps/place/SPPG+Lotim+Sakra+Sakra+2/data=!4m7!3m6!1s0x2dcc4d003ecb4d11:0xe7289559d8d93452!8m2!3d-8.6750479!4d116.469572!16s%2Fg%2F11zd07tqsj!19sChIJEU3LPgBNzC0RUjTZ2FmVKOc?authuser=0&hl=id&g_ep=EgoyMDI2MDkxNi4wIJJjKgBIAVAD&rclk=1,,
SPPG LOMBOK TIMUR SAKRA RUMBUK 3,Nusa Tenggara Barat,Sakra,Lombok Timur,"8FMM+RR5 SPPG LOMBOK TIMUR SAKRA RUMBUK 3, Jl. Soekarno Hatta, Rumbuk, Kec. Sakra, Kabupaten Lombok Timur, Nusa Tenggara Bar. 83671",FALSE,TRUE,TRUE,-8.665247,116.484824,https://www.google.com/maps/place/SPPG+LOMBOK+TIMUR+SAKRA+RUMBUK+3/data=!4m7!3m6!1s0x2dcc4d0036591339:0x1610e4855e89b596!8m2!3d-8.665247!4d116.484824!16s%2Fg%2F11zd8ypcv8!19sChIJORNZNgBNzC0RlrWJXoXkEBY?authuser=0&hl=id&g_ep=EgoyMDI2MDkxNi4wIJJjKgBIAVAD&rclk=1,,
SPPG LOMBOK TIMUR SAKRA SAKRA 5,Nusa Tenggara Barat,Keruak,Lombok Timur,"9F98+67F SPPG Lombok Timur Sakra Sakra 5, Jl. Jurusan Pancor-Keruak, Paok Motong, Kec. Sakra, Kabupaten Lombok Timur, Nusa Tenggara Bar. 83662",FALSE,TRUE,TRUE,-8.631925,116.465679,https://www.google.com/maps/place/SPPG+Lombok+Timur+Sakra+Sakra+5/data=!4m7!3m6!1s0x2dcc4b000a94d115:0xd5a3b2428bf35918!8m2!3d-8.6319255!4d116.4656789!16s%2Fg%2F11mz0b90hg!19sChIJFdGUCgBLzC0RGFnzi0Kyo9U?authuser=0&hl=id&g_ep=EgoyMDI2MDkxNi4wIJJjKgBIAVAD&rclk=1,,
SPPG LOMBOK TIMUR SAKRA TIMUR LEPAK TIMUR 1,Nusa Tenggara Barat,Sakra Timur,Lombok Timur,"7GR8+5MX SPPG LOMBOK TIMUR SAKRA TIMUR LEPAK TIMUR 1, Lepak, Kec. Sakra Tim., Kabupaten Lombok Timur, Nusa Tenggara Bar. 83671",FALSE,TRUE,TRUE,-8.709503,116.516746,https://www.google.com/maps/place/SPPG+LOMBOK+TIMUR+SAKRA+TIMUR+LEPAK+TIMUR+1/data=!4m7!3m6!1s0x2dcc4f0062cc1f8b:0x5cfe135d3457ffdd!8m2!3d-8.7095033!4d116.516746!16s%2Fg%2F11zbf7t9fc!19sChIJix_MYgBPzC0R3f9XNF0T_lw?authuser=0&hl=id&g_ep=EgoyMDI2MDkxNi4wIJJjKgBIAVAD&rclk=1,,
LOKASI SPPG,Jawa Timur,Montong,Lombok Timur,"8F8W+28G lokasi SPPG, Montongtangi, Kec. Sakra Tim., Kabupaten Lombok Timur, Nusa Tenggara Bar. 83671",FALSE,TRUE,TRUE,-8.684926,116.495834,https://www.google.com/maps/place/Lokasi+Sppg/data=!4m7!3m6!1s0x2cff930076d79003:0x1588f0d247f9dc8a!8m2!3d-9.0966542!4d124.6945805!16s%2Fg%2F11mrqtwj_q!19sChIJA5DXdgCT_ywRitz5R9LwiBU?authuser=0&hl=id&g_ep=EgoyMDI2MDkxNi4wIJJjKgBIAVAD&rclk=1,,
SPPG GELANGGANG - SAKRA TIMUR,Nusa Tenggara Barat,Sakra Timur,Lombok Timur,"5FW2+H3X SPPG Gelanggang - Sakra Timur, Dusun orong tanding, desa, gelanggang, kecamatan sakra timur, Kabupaten Lombok Timur, Nusa Tenggara Bar. 83672",FALSE,TRUE,TRUE,-8.803519,116.450232,https://www.google.com/maps/place/SPPG+Gelanggang+-+Sakra+Timur/data=!4m7!3m6!1s0x2dcc550079ae7027:0x5a5b24cd5b82a961!8m2!3d-8.8035187!4d116.4502325!16s%2Fg%2F11z0xszs4y!19sChIJJ3CueQBVzC0RYamCW80kW1o?authuser=0&hl=id&g_ep=EgoyMDI2MDkxNi4wIJJjKgBIAVAD&rclk=1,,
SPPG LEPAK TIMUR 1 (YAYASAN AL-KHASIM INSAN SEJATI),Nusa Tenggara Barat,Sakra,Lombok Timur,"7GRF+H5X SPPG LEPAK TIMUR 1 (Yayasan Al-Khasim Insan Sejati), Lepak, Kec. Sakra Tim., Kabupaten Lombok Timur, Nusa Tenggara Bar. 83671",FALSE,TRUE,TRUE,-8.708569,116.52316,https://www.google.com/maps/place/SPPG+LEPAK+TIMUR+1+%28Yayasan+Al-Khasim+Insan+Sejati%29/data=!4m7!3m6!1s0x2dcc4f00583e8427:0xf40b9b000292460d!8m2!3d-8.7085686!4d116.5231601!16s%2Fg%2F11zwzc2w9x!19sChIJJ4Q-WABPzC0RDUaSAgCbC_Q?authuser=0&hl=id&g_ep=EgoyMDI2MDkxNi4wIJJjKgBIAVAD&rclk=1,,
SPPG SUKARARA 02 ELAH LANGGEM,Nusa Tenggara Barat,Sakra,Lombok Timur,"7CVR+MV3 SPPG SUKARARA 02 Elah Langgem, Sukarara, Kec. Sakra Bar., Kabupaten Lombok Timur, Nusa Tenggara Bar. 83554",FALSE,TRUE,TRUE,-8.705865,116.44218,https://www.google.com/maps/place/SPPG+SUKARARA+02+Elah+Langgem/data=!4m7!3m6!1s0x2dcc4d00572a7a63:0x33d1800c260bd191!8m2!3d-8.7058651!4d116.4421797!16s%2Fg%2F11yvz7xrwk!19sChIJY3oqVwBNzC0RkdELJgyA0TM?authuser=0&hl=id&g_ep=EgoyMDI2MDkxNi4wIJJjKgBIAVAD&rclk=1,,
SPPG AL-MADANI,Nusa Tenggara Barat,Sakra,Lombok Timur,"Gn. Rajak, Kec. Sakra Bar., Kabupaten Lombok Timur, Nusa Tenggara Bar. 83671",FALSE,TRUE,TRUE,-8.70853,116.463601,https://www.google.com/maps/place/Sppg+AL-Madani/data=!4m7!3m6!1s0x2dcc4d006b41dcd1:0x6ed63482c71936df!8m2!3d-8.7085303!4d116.4636007!16s%2Fg%2F11yx98hv7j!19sChIJ0dxBawBNzC0R3zYZx4I01m4?authuser=0&hl=id&g_ep=EgoyMDI2MDkxNi4wIJJjKgBIAVAD&rclk=1,,
SPPG 3T DI SUWELA,Nusa Tenggara Barat,Suwela,Lombok Timur,"GJJF+JRJ SPPG 3T di Suwela, Perigi, Kec. Suela, Kabupaten Lombok Timur, Nusa Tenggara Bar. 83654",FALSE,TRUE,TRUE,-8.469398,116.625276,https://www.google.com/maps/place/SPPG+3T+di+Suwela/data=!4m7!3m6!1s0x2dcc39003a5ffb49:0xf4b0ded1c29f4113!8m2!3d-8.4693983!4d116.6252757!16s%2Fg%2F11z61qy70s!19sChIJSftfOgA5zC0RE0GfwtHesPQ?authuser=0&hl=id&g_ep=EgoyMDI2MDkxNi4wIJJjKgBIAVAD&rclk=1,,
SPPG LOMBOK TIMUR SUWELA SUELA 02,Nusa Tenggara Barat,Suwela,Lombok Timur,"FHC8+QMV SPPG LOMBOK TIMUR SUWELA SUELA 02, Jl. Segara Anak, Suela, Kec. Suela, Kabupaten Lombok Timur, Nusa Tenggara Bar. 83653",FALSE,TRUE,TRUE,-8.528011,116.566658,https://www.google.com/maps/place/SPPG+LOMBOK+TIMUR+SUWELA+SUELA+02/data=!4m7!3m6!1s0x2dcc37005a894b6d:0x1163fab5fd49b44f!8m2!3d-8.5280112!4d116.5666581!16s%2Fg%2F11zh6nqt32!19sChIJbUuJWgA3zC0RT7RJ_bX6YxE?authuser=0&hl=id&g_ep=EgoyMDI2MDkxNi4wIJJjKgBIAVAD&rclk=1,,
SPPG LOMBOK TIMUR SUWELA SUELA,Nusa Tenggara Barat,Suwela,Lombok Timur,"FHGF+CJJ SPPG Lombok Timur Suwela Suela, Suela, Kec. Suela, Kabupaten Lombok Timur, Nusa Tenggara Bar. 83653",FALSE,TRUE,TRUE,-8.523904,116.574016,https://www.google.com/maps/place/SPPG+Lombok+Timur+Suwela+Suela/data=!4m7!3m6!1s0x2dcc370002a49edb:0xfb3d32c9b70944dd!8m2!3d-8.523904!4d116.574016!16s%2Fg%2F11z4wxd7h7!19sChIJ256kAgA3zC0R3UQJt8kyPfs?authuser=0&hl=id&g_ep=EgoyMDI2MDkxNi4wIJJjKgBIAVAD&rclk=1,,
SPPG TANJUNG 2 LOMBOK TIMUR,Kalimantan Selatan,Tanjung,Lombok Timur,"8HH7+PRP SPPG TANJUNG 2 LOMBOK TIMUR, Jl. HOS Cokroaminoto, Tanjung, Kec. Labuhan H., Kabupaten Lombok Timur, Nusa Tenggara Bar. 83614",FALSE,TRUE,TRUE,-8.670673,116.564587,https://www.google.com/maps/place/SPPG+TANJUNG+2+LOMBOK+TIMUR/data=!4m7!3m6!1s0x2dcc4f00272b5f6d:0xeb5bb6c5d1469614!8m2!3d-8.670673!4d116.564587!16s%2Fg%2F11npv9qccp!19sChIJbV8rJwBPzC0RFJZG0cW2W-s?authuser=0&hl=id&g_ep=EgoyMDI2MDkxNi4wIJJjKgBIAVAD&rclk=1,,
SPPG LOMBOK TIMUR SURALAGA DAMES DAMAI,Nusa Tenggara Barat,Suralaga,Lombok Timur,"9G9Q+CJX SPPG Lombok Timur Suralaga Dames Damai, Jl. Pendidikan, Dames Damai, Suralaga, East Lombok Regency, West Nusa Tenggara 83652",FALSE,TRUE,TRUE,-8.631386,116.539123,https://www.google.com/maps/place/SPPG+Lombok+Timur+Suralaga+Dames+Damai/data=!4m7!3m6!1s0x2dcc49007de4dbdd:0x9fea10cdd2fa2fc9!8m2!3d-8.6313865!4d116.5391231!16s%2Fg%2F11ym8007fk!19sChIJ3dvkfQBJzC0RyS_60s0Q6p8?authuser=0&hl=id&g_ep=EgoyMDI2MDkxNi4wIJJjKgBIAVAD&rclk=1,,
SPPG SAKTI KARYA GLOBAL,Aceh,Sakti,Lombok Timur,"9HPX+46G SPPG Sakti Karya Global, Korleko, Kec. Labuhan H., Kabupaten Lombok Timur, Nusa Tenggara Bar. 83615",FALSE,TRUE,TRUE,-8.615305,116.598789,https://www.google.com/maps/place/SPPG+Sakti+Karya+Global/data=!4m7!3m6!1s0x2dcc49002607576b:0x81b55b0142d6f1e9!8m2!3d-8.6153051!4d116.5987889!16s%2Fg%2F11zhyq19d5!19sChIJa1cHJgBJzC0R6fHWQgFbtYE?authuser=0&hl=id&g_ep=EgoyMDI2MDkxNi4wIJJjKgBIAVAD&rclk=1,,
SPPG TIRTANADI ( RUSMAWA),Aceh,Labuhan H.,Lombok Timur,"Tirtanadi, Kec. Labuhan H., Kabupaten Lombok Timur, Nusa Tenggara Bar. 83615",FALSE,TRUE,TRUE,-8.596816,116.603093,https://www.google.com/maps/place/SPPG+TIRTANADI+%28+Rusmawa%29/data=!4m7!3m6!1s0x2dcc499e808c2cef:0x2c000e216802767a!8m2!3d-8.5968158!4d116.6030929!16s%2Fg%2F11kr_jvmr3!19sChIJ7yyMgJ5JzC0RenYCaCEOACw?authuser=0&hl=id&g_ep=EgoyMDI2MDkxNi4wIJJjKgBIAVAD&rclk=1,,
LOKASI SPPG KEC. MONTONG GADING,Nusa Tenggara Barat,Montong Gading,Lombok Timur,"CC95+6WV Lokasi SPPG Kec. Montong Gading, Pringgajurang, Kec. Montong Gading, Kabupaten Lombok Timur, Nusa Tenggara Bar. 83663",FALSE,TRUE,TRUE,-8.581877,116.409785,"https://www.google.com/maps/place/Lokasi+SPPG+Kec.+Montong+Gading/@-8.5818769,116.4097853,17z/data=!3m1!4b1!4m6!3m5!1s0x2dcdb5006fe826dd:0x12634d5bfcbbbec9!8m2!3d-8.5818769!4d116.4097853!16s%2Fg%2F11xsggr07h?hl=id&entry=ttu&g_ep=EgoyMDI2MDkxNi4wIKXMDSoASAFQAw%3D%3D",,
SPPG MAMBEN LAUK 2,Nusa Tenggara Barat,Wanasaba,Lombok Timur,"CHGC+F5W SPPG Mamben Lauk 2, Mamben Lauq, Kec. Wanasaba, Kabupaten Lombok Timur, Nusa Tenggara Bar. 83653",FALSE,TRUE,TRUE,-8.573755,116.570444,https://www.google.com/maps/place/SPPG+Mamben+Lauk+2/data=!4m7!3m6!1s0x2dcc490074ef275d:0xccfe5ae8a763c285!8m2!3d-8.5737555!4d116.5704443!16s%2Fg%2F11zdf7y1sx!19sChIJXSfvdABJzC0RhcJjp-ha_sw?authuser=0&hl=id&g_ep=EgoyMDI2MDkxNi4wIJJjKgBIAVAD&rclk=1,,
SPPG ISMAJAYA,Nusa Tenggara Barat,Wanasaba,Lombok Timur,"Wates, Kec. Wanasaba, Kabupaten Lombok Timur, Nusa Tenggara Bar. 83653",FALSE,TRUE,TRUE,-8.568162,116.566012,https://www.google.com/maps/place/Sppg+ismajaya/data=!4m7!3m6!1s0x2dcc4900612d286d:0xb7558b7bfcf9239d!8m2!3d-8.5681615!4d116.5660117!16s%2Fg%2F11zcbcknq1!19sChIJbSgtYQBJzC0RnSP5_HuLVbc?authuser=0&hl=id&g_ep=EgoyMDI2MDkxNi4wIJJjKgBIAVAD&rclk=1,,
SPPG WANASABA WANASABA LAUK 2,Nusa Tenggara Barat,Wanasaba,Lombok Timur,"CHM9+4FP SPPG Wanasaba Wanasaba Lauk 2, Wanasaba, Kec. Wanasaba, Kabupaten Lombok Timur, Nusa Tenggara Bar. 83653",FALSE,TRUE,TRUE,-8.567161,116.568611,https://www.google.com/maps/place/SPPG+Wanasaba+Wanasaba+Lauk+2/data=!4m7!3m6!1s0x2dcc49000ad6939d:0xe3bc1b19b2c4b73e!8m2!3d-8.567161!4d116.568611!16s%2Fg%2F11zglnjywm!19sChIJnZPWCgBJzC0RPrfEshkbvOM?authuser=0&hl=id&g_ep=EgoyMDI2MDkxNi4wIJJjKgBIAVAD&rclk=1,,
SPPG LOMBOK TIMUR WANASABA MAMBEN LAUK 3,Nusa Tenggara Barat,Wanasaba,Lombok Timur,"CHCC+JX9 SPPG LOMBOK TIMUR WANASABA MAMBEN LAUK 3, Mamben Lauq, Kec. Wanasaba, Kabupaten Lombok Timur, Nusa Tenggara Bar. 83653",FALSE,TRUE,TRUE,-8.578425,116.572474,https://www.google.com/maps/place/SPPG+LOMBOK+TIMUR+WANASABA+MAMBEN+LAUK+3/data=!4m7!3m6!1s0x2dcc49002c99c837:0xf2b09e0984426aa1!8m2!3d-8.5784248!4d116.5724743!16s%2Fg%2F11zd0cxv50!19sChIJN8iZLABJzC0RoWpChAmesPI?authuser=0&hl=id&g_ep=EgoyMDI2MDkxNi4wIJJjKgBIAVAD&rclk=1,,
CALON LOKASI SPPG KARANG BARU/WANASABA,Aceh,Karang Baru,Lombok Timur,"FG6W+2QJ Calon lokasI SPPG karang baru/wanasaba, dusun aiklisung, Jl. Segara Anak, Karang Baru, Kec. Wanasaba, Kabupaten Lombok Timur, Nusa Tenggara Bar. 83653",FALSE,TRUE,TRUE,-8.539903,116.546883,https://www.google.com/maps/place/Calon+lokasI+SPPG+karang+baru%2Fwanasaba/data=!4m7!3m6!1s0x2dcc37003159b1dd:0xf0eda95be6c87d77!8m2!3d-8.5399028!4d116.5468828!16s%2Fg%2F11mrwj507h!19sChIJ3bFZMQA3zC0Rd33I5lup7fA?authuser=0&hl=id&g_ep=EgoyMDI2MDkxNi4wIJJjKgBIAVAD&rclk=1,,
SPPG CENDIKIA BANDOK,Nusa Tenggara Barat,Wanasaba,Lombok Timur,"CH5J+WVR SPPG CENDIKIA BANDOK, Bandok, Kec. Wanasaba, Kabupaten Lombok Timur, Nusa Tenggara Bar. 83653",FALSE,TRUE,TRUE,-8.590141,116.582145,https://www.google.com/maps/place/SPPG+CENDIKIA+BANDOK/data=!4m7!3m6!1s0x2dcc490078cbd549:0xe8fb625da7c2575b!8m2!3d-8.5901408!4d116.5821455!16s%2Fg%2F11mzqc3kjp!19sChIJSdXLeABJzC0RW1fCp11i--g?authuser=0&hl=id&g_ep=EgoyMDI2MDkxNi4wIJJjKgBIAVAD&rclk=1,,
SPPG LOMBOK TIMUR SEMBALUN 2,Nusa Tenggara Barat,Sembalun,Lombok Timur,"JGVF+87F SPPG LOMBOK TIMUR SEMBALUN 2, village, Sembalun Lawang, Kec. Sembalun, Kabupaten Lombok Timur, Nusa Tenggara Bar. 83656",FALSE,TRUE,TRUE,-8.356677,116.523174,https://www.google.com/maps/place/SPPG+LOMBOK+TIMUR+SEMBALUN+2/data=!4m7!3m6!1s0x2dcc2f001747fd61:0x880302080782ea99!8m2!3d-8.3566772!4d116.5231744!16s%2Fg%2F11z7t8z2m4!19sChIJYf1HFwAvzC0RmeqCBwgCA4g?authuser=0&hl=id&g_ep=EgoyMDI2MDkxNi4wIJJjKgBIAVAD&rclk=1,,
SPPG LOMBOK TIMUR SEMBALUN 1,Nusa Tenggara Barat,Sembalun,Lombok Timur,"JGQG+W83 SPPG LOMBOK TIMUR SEMBALUN 1, Jl. Raya Sembalun Lawang, Sembalun Lawang, Kec. Sembalun, Kabupaten Lombok Timur, Nusa Tenggara Bar. 83656",FALSE,TRUE,TRUE,-8.360125,116.525781,https://www.google.com/maps/place/SPPG+LOMBOK+TIMUR+SEMBALUN+1/data=!4m7!3m6!1s0x2dcc2f0070a8e811:0x34eddf6c2a7ac523!8m2!3d-8.360125!4d116.5257807!16s%2Fg%2F11xw95c0r2!19sChIJEeiocAAvzC0RI8V6Kmzf7TQ?authuser=0&hl=id&g_ep=EgoyMDI2MDkxNi4wIJJjKgBIAVAD&rclk=1,,
SPPG DESA GAPUK KEC. SURALAGA,Nusa Tenggara Barat,Pringgasela,Lombok Timur,"CF76+JFM SPPG Desa Gapuk Kec. Suralaga, Jurit, Kec. Pringgasela, Kabupaten Lombok Timur, Nusa Tenggara Bar. 83661",FALSE,TRUE,TRUE,-8.585918,116.461185,https://www.google.com/maps/place/SPPG+Desa+Gapuk+Kec.+Suralaga/data=!4m7!3m6!1s0x2dcc4b0029921111:0x7174ad88d7f9b38c!8m2!3d-8.5859177!4d116.4611855!16s%2Fg%2F11ygg9dmkk!19sChIJERGSKQBLzC0RjLP514itdHE?authuser=0&hl=id&g_ep=EgoyMDI2MDkxNi4wIJJjKgBIAVAD&rclk=1,,
SPPG LOMBOK TIMUR PRINGGASELA REMPUNG,Nusa Tenggara Barat,Pringgasela,Lombok Timur,"Jl. Raya Sukamulia No.1, Rempung, Kec. Pringgasela, Kabupaten Lombok Timur, Nusa Tenggara Bar. 83661",FALSE,TRUE,TRUE,-8.615434,116.500042,https://www.google.com/maps/place/SPPG+Lombok+Timur+Pringgasela+Rempung/data=!4m7!3m6!1s0x2dcc4b002939b051:0xd9f6128a94999f8d!8m2!3d-8.6154344!4d116.5000418!16s%2Fg%2F11xzjkb7w1!19sChIJUbA5KQBLzC0RjZ-ZlIoS9tk?authuser=0&hl=id&g_ep=EgoyMDI2MDkxNi4wIJJjKgBIAVAD&rclk=1,,
SPPG PRINGGASELA PRINGGASELA 2,Nusa Tenggara Barat,Pringgasela,Lombok Timur,"CF9H+3P3 SPPG PRINGGASELA PRINGGASELA 2, Pengadangan, Kec. Pringgasela, Kabupaten Lombok Timur, Nusa Tenggara Bar. 83661",FALSE,TRUE,TRUE,-8.582371,116.479285,https://www.google.com/maps/place/SPPG+PRINGGASELA+PRINGGASELA+2/data=!4m7!3m6!1s0x2dcc4b0056242da5:0x2b7a79f0a314d322!8m2!3d-8.5823712!4d116.479285!16s%2Fg%2F11nvdcxbk3!19sChIJpS0kVgBLzC0RItMUo_B5eis?authuser=0&hl=id&g_ep=EgoyMDI2MDkxNi4wIJJjKgBIAVAD&rclk=1,,
SPPG SURALAGA 3,Nusa Tenggara Barat,Suralaga,Lombok Timur,"Pasar Baru, Suralaga, Kec. Suralaga, Kabupaten Lombok Timur, Nusa Tenggara Bar. 83659",FALSE,TRUE,TRUE,-8.601875,116.520882,https://www.google.com/maps/place/SPPG+Suralaga+3/data=!4m7!3m6!1s0x2dcc49445cee99c3:0x418d5846e89919d5!8m2!3d-8.601875!4d116.5208817!16s%2Fg%2F11nc4rt2_p!19sChIJw5nuXERJzC0R1RmZ6EZYjUE?authuser=0&hl=id&g_ep=EgoyMDI2MDkxNi4wIJJjKgBIAVAD&rclk=1,,
SPPG LOMBOK TIMUR LENEK LENEK 2,Nusa Tenggara Barat,Selong,Lombok Timur,"Dusun Otak Desa Timuk, Lenek, selong, Kabupaten Lombok Timur, Nusa Tenggara Bar. 83653",FALSE,TRUE,TRUE,-8.577562,116.513512,https://www.google.com/maps/place/SPPG+Lombok+Timur+Lenek+Lenek+2/data=!4m7!3m6!1s0x2dcc4b3d5668d24b:0xc240a694209532b7!8m2!3d-8.5775623!4d116.5135116!16s%2Fg%2F11z8c29cth!19sChIJS9JoVj1LzC0RtzKVIJSmQMI?authuser=0&hl=id&g_ep=EgoyMDI2MDkxNi4wIJJjKgBIAVAD&rclk=1,,
SPPG LENEK LAUK,Nusa Tenggara Barat,Aikmel,Lombok Timur,"CG5H+79C SPPG LENEK LAUK, Jl. Sordang, Lenek Lauq, Kec. Aikmel, Kabupaten Lombok Timur, Nusa Tenggara Bar. 83652",FALSE,TRUE,TRUE,-8.591802,116.528391,https://www.google.com/maps/place/SPPG+LENEK+LAUK/data=!4m7!3m6!1s0x2dcc4900353aaa19:0x6612279d0389cb79!8m2!3d-8.591802!4d116.5283908!16s%2Fg%2F11nc5563ly!19sChIJGao6NQBJzC0RecuJA50nEmY?authuser=0&hl=id&g_ep=EgoyMDI2MDkxNi4wIJJjKgBIAVAD&rclk=1,,
SPPG KIDANG,Nusa Tenggara Barat,Praya,Lombok Tengah,"59Q9+773 SPPG KIDANG, Jl. Sengkol - Mujur, Kidang, Kec. Praya Tim., Kabupaten Lombok Tengah, Nusa Tenggara Bar. 83581",FALSE,TRUE,TRUE,-8.811873,116.36818,https://www.google.com/maps/place/SPPG+KIDANG/data=!4m7!3m6!1s0x2dcdab0035d22567:0xb967790c5bbb61b1!8m2!3d-8.8118726!4d116.36818!16s%2Fg%2F11ytndqnm5!19sChIJZyXSNQCrzS0RsWG7Wwx5Z7k?authuser=0&hl=id&g_ep=EgoyMDI2MDkxNi4wIJJjKgBIAVAD&rclk=1,,
SPPG SOKONG TANJUNG,Kalimantan Selatan,Tanjung,Lombok Utara,"J5Q3+HX7 SPPG SOKONG TANJUNG, Sokong, Kec. Tj., Kabupaten Lombok Utara, Nusa Tenggara Bar. 83352",FALSE,TRUE,TRUE,-8.360907,116.154923,https://www.google.com/maps/place/SPPG+SOKONG+TANJUNG/data=!4m7!3m6!1s0x2dcddb000064c965:0x8c3762aa43953004!8m2!3d-8.3609073!4d116.1549232!16s%2Fg%2F11zc2shjg_!19sChIJZclkAADbzS0RBDCVQ6piN4w?authuser=0&hl=id&g_ep=EgoyMDI2MDkxNi4wIJJjKgBIAVAD&rclk=1,,
SPPG LOMBOK UTARA GANGGA GONDANG,Jawa Tengah,Gondang,Lombok Utara,"Jl. Raya Bayan No.16, Gondang, Kec. Gangga, Kabupaten Lombok Utara, Nusa Tenggara Bar. 83353",FALSE,TRUE,TRUE,-8.340035,116.186094,https://www.google.com/maps/place/SPPG+LOMBOK+UTARA+GANGGA+GONDANG/data=!4m7!3m6!1s0x2dcdd9003d8c9fab:0x25e2a8b8a977e2ca!8m2!3d-8.3400348!4d116.1860943!16s%2Fg%2F11zb7rgd50!19sChIJq5-MPQDZzS0RyuJ3qbio4iU?authuser=0&hl=id&g_ep=EgoyMDI2MDkxNi4wIJJjKgBIAVAD&rclk=1,,
SPPG LOMBOK UTARA BAYAN LOLOAN,Nusa Tenggara Barat,Bayan,Lombok Utara,"Loloan, Bayan, North Lombok Regency, West Nusa Tenggara 83354",FALSE,TRUE,FALSE,-8.255989,116.438827,https://www.google.com/maps/place/SPPG+Lombok+Utara+Bayan+Loloan/data=!4m7!3m6!1s0x2dcc2bcd69c2dcd5:0xa383f29af6b278e7!8m2!3d-8.2559893!4d116.4388266!16s%2Fg%2F11nplktgk4!19sChIJ1dzCac0rzC0R53iy9pryg6M?authuser=0&hl=id&g_ep=EgoyMDI2MDkxNi4wIJJjKgBIAVAD&rclk=1,,
SPPG DUSUN GILI AIR,Nusa Tenggara Barat,Pemenang,Lombok Utara,"J3RJ+9GM SPPG Dusun Gili Air, Dusun Gili Air, Gili Indah, Kec. Pemenang, Kabupaten Lombok Utara, Nusa Tenggara Bar. 83352",FALSE,TRUE,TRUE,-8.359045,116.081283,https://www.google.com/maps/place/SPPG+Dusun+Gili+Air/data=!4m7!3m6!1s0x2dcddd00502227c3:0xdc1b20b32ce44f4f!8m2!3d-8.3590452!4d116.0812832!16s%2Fg%2F11z7ctbm_f!19sChIJwyciUADdzS0RT0_kLLMgG9w?authuser=0&hl=id&g_ep=EgoyMDI2MDkxNi4wIJJjKgBIAVAD&rclk=1,,
SPPG LOMBOK UTARA GANGGA BENTEK,Nusa Tenggara Barat,Gangga,Lombok Utara,"J5GM+34C SPPG LOMBOK UTARA GANGGA BENTEK, Bentek, Gangga, North Lombok Regency, West Nusa Tenggara 83353",FALSE,TRUE,TRUE,-8.374809,116.182752,https://www.google.com/maps/place/SPPG+LOMBOK+UTARA+GANGGA+BENTEK/data=!4m7!3m6!1s0x2dcddb0075207f8f:0x767568421bd32f60!8m2!3d-8.3748088!4d116.1827525!16s%2Fg%2F11np_5cjkd!19sChIJj38gdQDbzS0RYC_TG0JodXY?authuser=0&hl=id&g_ep=EgoyMDI2MDkxNi4wIJJjKgBIAVAD&rclk=1,,
SPPG PEMENANG BARAT 2,Nusa Tenggara Barat,Pemenang,Lombok Utara,"H3WW+8MX SPPG PEMENANG BARAT 2, Jl. Raya Senggigi, Pemenang Bar., Kec. Pemenang, Kabupaten Lombok Utara, Nusa Tenggara Bar. 83352",FALSE,TRUE,TRUE,-8.40407,116.096786,https://www.google.com/maps/place/SPPG+PEMENANG+BARAT+2/data=!4m7!3m6!1s0x2dcddd00744869df:0x537d666d5cd89771!8m2!3d-8.4040703!4d116.0967863!16s%2Fg%2F11zxmq_ss5!19sChIJ32lIdADdzS0RcZfYXG1mfVM?authuser=0&hl=id&g_ep=EgoyMDI2MDkxNi4wIJJjKgBIAVAD&rclk=1,,
SPPG LOMBOK UTARA PEMENANG PEMENANG TIMUR 2,Nusa Tenggara Barat,Pemenang,Lombok Utara,"J466+734 SPPG LOMBOK UTARA PEMENANG PEMENANG TIMUR 2, Pemenang Tim., Kec. Pemenang, Kabupaten Lombok Utara, Nusa Tenggara Bar. 83352",FALSE,TRUE,TRUE,-8.38891,116.110468,https://www.google.com/maps/place/SPPG+LOMBOK+UTARA+PEMENANG+PEMENANG+TIMUR+2/data=!4m7!3m6!1s0x2dcddd00445b36b7:0x5d2457c46521f705!8m2!3d-8.3889104!4d116.1104679!16s%2Fg%2F11zc31hdzd!19sChIJtzZbRADdzS0RBfchZcRXJF0?authuser=0&hl=id&g_ep=EgoyMDI2MDkxNi4wIJJjKgBIAVAD&rclk=1,,
SPPG GANGGA,Jawa Tengah,Gondang,Lombok Utara,"M56Q+G5P SPPG Gangga, Gondang, Kec. Gangga, Kabupaten Lombok Utara, Nusa Tenggara Bar. 83353",FALSE,TRUE,TRUE,-8.33867,116.18794,https://www.google.com/maps/place/SPPG+Gangga/data=!4m7!3m6!1s0x2dcdd90020779377:0x741e847e64b666dc!8m2!3d-8.3386702!4d116.1879403!16s%2Fg%2F11m_61vh1p!19sChIJd5N3IADZzS0R3Ga2ZH6EHnQ?authuser=0&hl=id&g_ep=EgoyMDI2MDkxNi4wIJJjKgBIAVAD&rclk=1,,
SPPG GANGGA GONDANG 2,Jawa Tengah,Gondang,Lombok Utara,"Jl. Raya Gondang No.16, Gondang, Kec. Gangga, Kabupaten Lombok Utara, Nusa Tenggara Bar. 83353",FALSE,TRUE,TRUE,-8.330334,116.193793,https://www.google.com/maps/place/SPPG+Gangga+Gondang+2/data=!4m7!3m6!1s0x2dcdd9001330b12b:0xa62400d9c99bc70c!8m2!3d-8.3297058!4d116.1937507!16s%2Fg%2F11zb7rd7x5!19sChIJK7EwEwDZzS0RDMebydkAJKY?authuser=0&hl=id&g_ep=EgoyMDI2MDkxNi4wIJJjKgBIAVAD&rclk=1,,
SPPG LOMBOK UTARA KAYANGAN PENDUA,Nusa Tenggara Barat,Kayangan,Lombok Utara,"P737+3VQ SPPG Lombok Utara Kayangan Pendua, Sesait, Kec. Kayangan, Kabupaten Lombok Utara, Nusa Tenggara Bar. 83353",FALSE,TRUE,TRUE,-8.297284,116.264735,https://www.google.com/maps/place/SPPG+Lombok+Utara+Kayangan+Pendua/data=!4m7!3m6!1s0x2dcdd7002388ff21:0x6a3c25240ac80c6!8m2!3d-8.2972842!4d116.2647348!16s%2Fg%2F11z361vs_w!19sChIJIf-IIwDXzS0RxoCsQFLCowY?authuser=0&hl=id&g_ep=EgoyMDI2MDkxNi4wIJJjKgBIAVAD&rclk=1,,
SPPG LOMBOK UTARA KAYANGAN 1,Nusa Tenggara Barat,Kayangan,Lombok Utara,"P7P6+3P4 SPPG LOMBOK UTARA KAYANGAN 1, Jl. Pendidikan, Kayangan, Kec. Kayangan, Kabupaten Lombok Utara, Nusa Tenggara Bar. 83353",FALSE,TRUE,TRUE,-8.264865,116.261822,https://www.google.com/maps/place/SPPG+LOMBOK+UTARA+KAYANGAN+1/data=!4m7!3m6!1s0x2dcdd7002fd17ceb:0xe471fc94c7d5a412!8m2!3d-8.2648646!4d116.2618224!16s%2Fg%2F11zb9km7b2!19sChIJ63zRLwDXzS0REqTVx5T8ceQ?authuser=0&hl=id&g_ep=EgoyMDI2MDkxNi4wIJJjKgBIAVAD&rclk=1,,
SPPG KAYANGAN SANTONG,Nusa Tenggara Barat,Kayangan,Lombok Utara,"M7FV+XQP SPPG KAYANGAN SANTONG, Santong, Kec. Gangga, Kabupaten Lombok Utara, Nusa Tenggara Bar. 83353",FALSE,TRUE,TRUE,-8.325042,116.294438,https://www.google.com/maps/place/SPPG+KAYANGAN+SANTONG/data=!4m7!3m6!1s0x2dcdd7003b4e349b:0xc6fb1ed34b33bba4!8m2!3d-8.3250423!4d116.294438!16s%2Fg%2F11ntkbptkx!19sChIJmzROOwDXzS0RpLszS9Me-8Y?authuser=0&hl=id&g_ep=EgoyMDI2MDkxNi4wIJJjKgBIAVAD&rclk=1,,
SPPG LOMBOK UTARA KAYANGAN 2,Nusa Tenggara Barat,Kayangan,Lombok Utara,"P7V5+JC7 SPPG LOMBOK UTARA KAYANGAN 2, Kayangan, Kec. Kayangan, Kabupaten Lombok Utara, Nusa Tenggara Bar. 83353",FALSE,TRUE,TRUE,-8.25597,116.258553,https://www.google.com/maps/place/SPPG+LOMBOK+UTARA+KAYANGAN+2/data=!4m7!3m6!1s0x2dcdd70001ef5eeb:0xe2d302214febc881!8m2!3d-8.2559701!4d116.2585527!16s%2Fg%2F11zd0bfgfs!19sChIJ617vAQDXzS0RgcjrTyEC0-I?authuser=0&hl=id&g_ep=EgoyMDI2MDkxNi4wIJJjKgBIAVAD&rclk=1,,
SPPG KAYANGAN, KAYANGAN3,Nusa Tenggara Barat,Kayangan,Lombok Utara,"P6MQ+5QM SPPG KAYANGAN, KAYANGAN3, Jl. Raya Bayan, Kayangan, Kec. Kayangan, Kabupaten Lombok Utara, Nusa Tenggara Bar. 83353",FALSE,TRUE,TRUE,-8.267246,116.239413,"https://www.google.com/maps/place/SPPG+KAYANGAN,+KAYANGAN3/data=!4m7!3m6!1s0x2dcdd7000acaec7f:0x891b79dd691a1367!8m2!3d-8.2672456!4d116.2394131!16s%2Fg%2F11zfs2xfm6!19sChIJf-zKCgDXzS0RZxMaad15G4k?authuser=0&hl=id&g_ep=EgoyMDI2MDkxNi4wIJJjKgBIAVAD&rclk=1",
DAPUR SPPG KELAWIS,Nusa Tenggara Barat,Orong Telu,Sumbawa,"65JJ+6VP Dapur SPPG Kelawis, Kelawis, Kec. Orong Telu, Kabupaten Sumbawa, Nusa Tenggara Bar. 84373",FALSE,TRUE,TRUE,-8.769366,117.182099,https://www.google.com/maps/place/Dapur+SPPG+Kelawis/data=!4m7!3m6!1s0x2dcb81000946d373:0x4c56913cc631a371!8m2!3d-8.7693663!4d117.1820992!16s%2Fg%2F11y_q3lzk3!19sChIJc9NGCQCByy0RcaMxxjyRVkw?authuser=0&hl=id&g_ep=EgoyMDI2MDkxNi4wIJJjKgBIAVAD&rclk=1,,
DAPUR SPPG SEBEOK,Nusa Tenggara Barat,Orong Telu,Sumbawa,"65QP+CF9 Dapur SPPG Sebeok, Sebeok, Kec. Orong Telu, Kabupaten Sumbawa, Nusa Tenggara Bar. 84373",FALSE,TRUE,TRUE,-8.762304,117.186072,https://www.google.com/maps/place/Dapur+SPPG+Sebeok/data=!4m7!3m6!1s0x2dcb81007ead1801:0x1a35500afb1b0ce5!8m2!3d-8.7623039!4d117.186072!16s%2Fg%2F11yzl81r1r!19sChIJARitfgCByy0R5Qwb-wpQNRo?authuser=0&hl=id&g_ep=EgoyMDI2MDkxNi4wIJJjKgBIAVAD&rclk=1,,
DAPUR SPPG PADESA,Nusa Tenggara Barat,Lantung,Sumbawa,"6GQ7+R6 Dapur SPPG Padesa, Padesa, Kec. Lantung, Kabupaten Sumbawa, Nusa Tenggara Bar. 84372",FALSE,TRUE,TRUE,-8.761034,117.512723,https://www.google.com/maps/place/Dapur+SPPG+Padesa/data=!4m7!3m6!1s0x2dcb9f001a56c957:0x15903a45f913f315!8m2!3d-8.7610343!4d117.5127231!16s%2Fg%2F11y_q3mn2w!19sChIJV8lWGgCfyy0RFfMT-UU6kBU?authuser=0&hl=id&g_ep=EgoyMDI2MDkxNi4wIJJjKgBIAVAD&rclk=1,,
DAPUR SPPG SEPUKUR,Nusa Tenggara Barat,Lantung,Sumbawa,"6GG8+J64 Dapur SPPG Sepukur, Sepukur, Kec. Lantung, Kabupaten Sumbawa, Nusa Tenggara Bar. 84372",FALSE,TRUE,TRUE,-8.773547,117.514882,https://www.google.com/maps/place/Dapur+SPPG+Sepukur/data=!4m7!3m6!1s0x2dcb9f005ceaf239:0xb54935a35f46b6cb!8m2!3d-8.773547!4d117.514882!16s%2Fg%2F11yzl7mq96!19sChIJOfLqXACfyy0Ry7ZGX6M1SbU?authuser=0&hl=id&g_ep=EgoyMDI2MDkxNi4wIJJjKgBIAVAD&rclk=1,,
SPPG NIJANG,Nusa Tenggara Barat,Unter Iwes,Sumbawa,"FCX4+P2M SPPG Nijang, Kerato, Kec. Unter Iwes, Kabupaten Sumbawa, Nusa Tenggara Bar. 84316",FALSE,TRUE,TRUE,-8.500669,117.405043,https://www.google.com/maps/place/SPPG+Nijang/data=!4m7!3m6!1s0x2dcb9300551c2b37:0x8b8d39da36c34289!8m2!3d-8.5006689!4d117.4050432!16s%2Fg%2F11njfpgfjc!19sChIJNyscVQCTyy0RiULDNto5jYs?authuser=0&hl=id&g_ep=EgoyMDI2MDkxNi4wIJJjKgBIAVAD&rclk=1,,
DAPUR SPPG KEREKEH,Nusa Tenggara Barat,Unter Iwes,Sumbawa,"FC97+2M5 Dapur SPPG Kerekeh, Kerekeh, Kec. Unter Iwes, Kabupaten Sumbawa, Nusa Tenggara Bar. 84316",FALSE,TRUE,TRUE,-8.531529,117.415321,https://www.google.com/maps/place/Dapur+SPPG+Kerekeh/data=!4m7!3m6!1s0x2dcb930016f7de3f:0xb69b92d7a7dfaaa5!8m2!3d-8.5315289!4d117.415321!16s%2Fg%2F11y_q114kg!19sChIJP973FgCTyy0Rparfp9eSm7Y?authuser=0&hl=id&g_ep=EgoyMDI2MDkxNi4wIJJjKgBIAVAD&rclk=1,,
SPPG KARANG DIMA,Nusa Tenggara Barat,Labuhan Badas,Sumbawa,"G9MG+74W Sppg Karang Dima, Jl. Lintas Sumbawa Tano, Karang Dima, Labuhan Badas, Kabupaten Sumbawa, Nusa Tenggara Bar. 84316",FALSE,TRUE,TRUE,-8.467862,117.375335,https://www.google.com/maps/place/Sppg+Karang+Dima/data=!4m7!3m6!1s0x2dcbed000471085f:0xa3ef219995ec91f9!8m2!3d-8.4678616!4d117.3753347!16s%2Fg%2F11nt_cjx8z!19sChIJXwhxBADtyy0R-ZHslZkh76M?authuser=0&hl=id&g_ep=EgoyMDI2MDkxNi4wIJJjKgBIAVAD&rclk=1,,
SPPG UMA BERINGIN,Sumatera Utara,Beringin,Sumbawa,"GC54+VG7 SPPG Uma Beringin, Uma Beringin, Kec. Sumbawa, Kabupaten Sumbawa, Nusa Tenggara Bar. 84316",FALSE,TRUE,TRUE,-8.490336,117.406309,https://www.google.com/maps/place/SPPG+Uma+Beringin/data=!4m7!3m6!1s0x2dcbed006643178d:0x659d8ae1d8d22276!8m2!3d-8.490336!4d117.4063091!16s%2Fg%2F11zxjwv92l!19sChIJjRdDZgDtyy0RdiLS2OGKnWU?authuser=0&hl=id&g_ep=EgoyMDI2MDkxNi4wIJJjKgBIAVAD&rclk=1,,
SPPG BERKAH LEZAT AMANAH,Nusa Tenggara Barat,Sumbawa,Sumbawa,"GG68+P82 SPPG Berkah Lezat Amanah, Batu Bangka, Kec. Moyohilir, Kabupaten Sumbawa, Nusa Tenggara Bar. 84381",FALSE,TRUE,TRUE,-8.488241,117.515777,https://www.google.com/maps/place/SPPG+Berkah+Lezat+Amanah/data=!4m7!3m6!1s0x2dcb95000b1fe157:0xd7ab528df0faef80!8m2!3d-8.4882412!4d117.5157774!16s%2Fg%2F11yshqcng5!19sChIJV-EfCwCVyy0RgO_68I1Sq9c?authuser=0&hl=id&g_ep=EgoyMDI2MDkxNi4wIJJjKgBIAVAD&rclk=1,,
LOKASI DAPUR SPPG ALAS BARAT,Nusa Tenggara Barat,Alas Barat,Sumbawa,"FW8Q+4JF Lokasi dapur sppg alas barat, Rt5/3 dusun sengrahan desa lab, Jl. Mapin, Mapin Beru, Kec. Alas Bar., Kabupaten Sumbawa, Nusa Tenggara Bar. 84353",FALSE,TRUE,TRUE,-8.534681,116.939033,https://www.google.com/maps/place/Lokasi+dapur+sppg+alas+barat/data=!4m7!3m6!1s0x2dcc6d0055c5c475:0xa2b22256028c6aa9!8m2!3d-8.5346809!4d116.9390331!16s%2Fg%2F11yfp05yyb!19sChIJdcTFVQBtzC0RqWqMAlYisqI?authuser=0&hl=id&g_ep=EgoyMDI2MDkxNi4wIJJjKgBIAVAD&rclk=1,,
SPPG YAYASAN PONPES NU-AL MANSHURIYAH TALIMUSSHIBYAN,Nusa Tenggara Barat,Sumbawa,Sumbawa,"F2V4+R9M SPPG YAYASAN PONPES NU-AL MANSHURIYAH TALIMUSSHIBYAN, Labuhan Alas, Kec. Alas, Kabupaten Sumbawa, Nusa Tenggara Bar.",FALSE,TRUE,TRUE,-8.505414,117.005937,https://www.google.com/maps/place/SPPG+YAYASAN+PONPES+NU-AL+MANSHURIYAH+TA%27LIMUSSHIBYAN/data=!4m7!3m6!1s0x2dcc0d00442bceeb:0x6736a8bb00f17e26!8m2!3d-8.5054139!4d117.0059367!16s%2Fg%2F11nhpv15nv!19sChIJ684rRAANzC0RJn7xALuoNmc?authuser=0&hl=id&g_ep=EgoyMDI2MDkxNi4wIJJjKgBIAVAD&rclk=1,,
SPPG SUMBAWA ALAS BARU,Nusa Tenggara Barat,Sumbawa,Sumbawa,"FXGR+FFR SPPG Sumbawa Alas Baru, Kalimango, Kec. Alas, Kabupaten Sumbawa, Nusa Tenggara Bar. 84353",FALSE,TRUE,TRUE,-8.523965,116.990382,https://www.google.com/maps/place/SPPG+Sumbawa+Alas+Baru/data=!4m7!3m6!1s0x2dcc73002a9844b5:0xd4e230e59aa5115a!8m2!3d-8.5239651!4d116.9903817!16s%2Fg%2F11zgzg9y7r!19sChIJtUSYKgBzzC0RWhGlmuUw4tQ?authuser=0&hl=id&g_ep=EgoyMDI2MDkxNi4wIJJjKgBIAVAD&rclk=1,,
SPPG MAPIN KEBAK,Nusa Tenggara Barat,Sumbawa,Sumbawa,"CWVR+XV6 SPPG MAPIN KEBAK, Mapin Kebak, Kec. Alas Bar., Kabupaten Sumbawa, Nusa Tenggara Bar. 84353",FALSE,TRUE,TRUE,-8.555075,116.942139,https://www.google.com/maps/place/SPPG+MAPIN+KEBAK/data=!4m7!3m6!1s0x2dcc6d00069402d7:0xb5d1e51efd0b4386!8m2!3d-8.5550755!4d116.9421394!16s%2Fg%2F11zklth6hs!19sChIJ1wKUBgBtzC0RhkML_R7l0bU?authuser=0&hl=id&g_ep=EgoyMDI2MDkxNi4wIJJjKgBIAVAD&rclk=1,,
DAPUR SPPG LUK,Nusa Tenggara Barat,Sumbawa,Sumbawa,"H7CQ+PVJ Dapur SPPG Luk, Luk, Kec. Rhee, Kabupaten Sumbawa, Nusa Tenggara Bar. 84352",FALSE,TRUE,TRUE,-8.428077,117.289698,https://www.google.com/maps/place/Dapur+SPPG+Luk/data=!4m7!3m6!1s0x2dcbf30071815713:0xe9a824b6d724b368!8m2!3d-8.4280774!4d117.2896977!16s%2Fg%2F11yzl5dlrh!19sChIJE1eBcQDzyy0RaLMk17YkqOk?authuser=0&hl=id&g_ep=EgoyMDI2MDkxNi4wIJJjKgBIAVAD&rclk=1,,
SPPG SUMBAWA BARAT BRANG REA TEPAS,Nusa Tenggara Barat,Brang Rea,Sumbawa Barat,"7WQC+PRQ SPPG SUMBAWA BARAT BRANG REA TEPAS, Tepas Sepakat, Kec. Brang Rea, Kabupaten Sumbawa Barat, Nusa Tenggara Bar. 84458",FALSE,TRUE,TRUE,-8.710674,116.922124,https://www.google.com/maps/place/SD+Negeri+2+Lopok/data=!4m7!3m6!1s0x2dcb97fbc37eec8f:0x14c5e71feee2d330!8m2!3d-8.6060195!4d117.547004!16s%2Fg%2F11g046d7pt!19sChIJj-x-w_uXyy0RMNPi7h_nxRQ?authuser=0&hl=id&g_ep=EgoyMDI2MDkxNi4wIJJjKgBIAVAD&rclk=1,,
DAPUR SPPG BOAL,Nusa Tenggara Barat,Sumbawa,Sumbawa,"6X7C+MWH Dapur SPPG Boal, Boal, Kec. Empang, Kabupaten Sumbawa, Nusa Tenggara Bar. 84384",FALSE,TRUE,TRUE,-8.784686,117.972452,https://www.google.com/maps/place/Puskesmas+Lopok/data=!4m7!3m6!1s0x2dcbbd63a796f6cb:0xbe3f368de49cb300!8m2!3d-8.6108206!4d117.5533177!16s%2Fg%2F11cs01pb8f!19sChIJy_aWp2O9yy0RALOc5I02P74?authuser=0&hl=id&g_ep=EgoyMDI2MDkxNi4wIJJjKgBIAVAD&rclk=1,,
SPPG LUNYUK,Nusa Tenggara Barat,Sumbawa,Sumbawa,"2686+HQR SPPG LUNYUK, Lunyuk Ode, Kec. Lunyuk, Kabupaten Sumbawa, Nusa Tenggara Bar. 84373",FALSE,TRUE,TRUE,-8.983519,117.211903,https://www.google.com/maps/place/SPPG+LUNYUK/data=!4m7!3m6!1s0x2dcb7d007d3cdeff:0x60402cee2b56fb06!8m2!3d-8.9835187!4d117.211903!16s%2Fg%2F11xvp2c02f!19sChIJ_948fQB9yy0RBvtWK-4sQGA?authuser=0&hl=id&g_ep=EgoyMDI2MDkxNi4wIJJjKgBIAVAD&rclk=1,,
SATUAN PELAYANAN PEMENUHAN GIZI ( SPPG) LUNYUK,Nusa Tenggara Barat,Sumbawa,Sumbawa,"2686+JVV SATUAN PELAYANAN PEMENUHAN GIZI ( SPPG) LUNYUK, Nusa bakti, Lunyuk Ode, Kec. Lunyuk, Kabupaten Sumbawa, Nusa Tenggara Bar. 84373",FALSE,TRUE,TRUE,-8.983644,117.212142,https://www.google.com/maps/place/SATUAN+PELAYANAN+PEMENUHAN+GIZI+%28+SPPG%29+LUNYUK/data=!4m7!3m6!1s0x2dcb7d00298e986f:0x46517c7cf73d64a2!8m2!3d-8.9836436!4d117.2121415!16s%2Fg%2F11yb6c25vw!19sChIJb5iOKQB9yy0RomQ993x8UUY?authuser=0&hl=id&g_ep=EgoyMDI2MDkxNi4wIJJjKgBIAVAD&rclk=1,,
SPPG DESA SRPAKAT,Nusa Tenggara Barat,Plampang,Sumbawa,"6Q89+47C SPPG Desa Srpakat, Jl. Lintas Sumbawa - Bima, Selante, Kec. Plampang, Kabupaten Sumbawa, Nusa Tenggara Bar. 84383",FALSE,TRUE,TRUE,-8.784679,117.768137,https://www.google.com/maps/place/Kec.+Maronge/data=!4m7!3m6!1s0x2dcba673e1b52471:0x7461fe8a5904873a!8m2!3d-8.6582933!4d117.677879!16s%2Fg%2F11cr_vjtx7!19sChIJcSS14XOmyy0ROocEWYr-YXQ?authuser=0&hl=id&g_ep=EgoyMDI2MDkxNi4wIJJjKgBIAVAD&rclk=1,,
SPPG LABANGKA,Nusa Tenggara Barat,Labangka,Sumbawa,"3QW9+RMH SPPG LABANGKA, Labangka, Kec. Labangka, Kabupaten Sumbawa, Nusa Tenggara Bar. 84383",FALSE,TRUE,TRUE,-8.902927,117.769239,https://www.google.com/maps/place/SPPG+LABANGKA/data=!4m7!3m6!1s0x2dcb0500224f63c7:0x26da430ff126f6f1!8m2!3d-8.9029266!4d117.7692386!16s%2Fg%2F11n3gtdwl3!19sChIJx2NPIgAFyy0R8fYm8Q9D2iY?authuser=0&hl=id&g_ep=EgoyMDI2MDkxNi4wIJJjKgBIAVAD&rclk=1,,
DAPUR SPPG JOTANG BERU,Nusa Tenggara Barat,Sumbawa,Sumbawa,"528C+38 Dapur SPPG Jotang Beru, Jotang, Kec. Empang, Kabupaten Sumbawa, Nusa Tenggara Bar. 84384",FALSE,TRUE,TRUE,-8.834849,118.020834,https://www.google.com/maps/place/Dapur+SPPG+Jotang+Beru/data=!4m7!3m6!1s0x2dcaf9004995e4ff:0xcd23ea5c416240ba!8m2!3d-8.8348486!4d118.0208337!16s%2Fg%2F11y_q3lqqd!19sChIJ_-SVSQD5yi0RukBiQVzqI80?authuser=0&hl=id&g_ep=EgoyMDI2MDkxNi4wIJJjKgBIAVAD&rclk=1,,
SPPG EMPANG BUNGA EJA 2,Nusa Tenggara Barat,Sumbawa,Sumbawa,"6XWW+5M5 SPPG Empang Bunga Eja 2, Jl. Lintas Sumbawa - Bima, Empang Bawah, Kec. Empang, Kabupaten Sumbawa, Nusa Tenggara Bar. 84384",FALSE,TRUE,TRUE,-8.754609,117.996726,https://www.google.com/maps/place/SPPG+Empang+Bunga+Eja+2/data=!4m7!3m6!1s0x2dca55004b308167:0x1f03cff41a3c7b18!8m2!3d-8.754609!4d117.9967263!16s%2Fg%2F11zfx90phr!19sChIJZ4EwSwBVyi0RGHs8GvTPAx8?authuser=0&hl=id&g_ep=EgoyMDI2MDkxNi4wIJJjKgBIAVAD&rclk=1,,
SPPG SUMBAWA BARAT POTO TANO SENAYAN,Nusa Tenggara Barat,Poto Tano,Sumbawa Barat,"9RWW+J67 SPPG Sumbawa Barat Poto Tano Senayan, Jln. Lintas Tano Taliwang, RT.12/RW.06, Dusun Jembatang Kemar, Senayan, Kec. Poto Tano, Kabupaten Sumbawa Barat, Nusa Tenggara Bar. 84454",FALSE,TRUE,TRUE,-8.603451,116.845542,https://www.google.com/maps/place/SPPG+Sumbawa+Barat+Poto+Tano+Senayan/data=!4m7!3m6!1s0x2dcc6b00607a0979:0x1ae311d5c3ce4665!8m2!3d-8.6034511!4d116.8455417!16s%2Fg%2F11njmdhqpn!19sChIJeQl6YABrzC0RZUbOw9UR4xo?authuser=0&hl=id&g_ep=EgoyMDI2MDkxNi4wIJJjKgBIAVAD&rclk=1,,
DAPUR SPPG PAMANTO,Nusa Tenggara Barat,Sumbawa,Sumbawa,"62G2+F5 Dapur SPPG Pamanto, Pamanto, Kec. Empang, Kabupaten Sumbawa, Nusa Tenggara Bar. 84384",FALSE,TRUE,TRUE,-8.773493,118.00045,https://www.google.com/maps/place/Dusun+prajak/data=!4m7!3m6!1s0x2dcbc100714a3acd:0xb234531685c3289c!8m2!3d-8.442201!4d117.5643294!16s%2Fg%2F11yclqkb1x!19sChIJzTpKcQDByy0RnCjDhRZTNLI?authuser=0&hl=id&g_ep=EgoyMDI2MDkxNi4wIJJjKgBIAVAD&rclk=1,,
DAPUR UMUM PROGRAM MBG,Nusa Tenggara Barat,Sumbawa,Sumbawa,"Jl. Lintas Sumbawa - Moyo Gg. TGKH. Zainuddin Abdul Majid No.45, Moyo, Kec. Moyohilir, Kabupaten Sumbawa, Nusa Tenggara Bar. 84316",FALSE,TRUE,TRUE,-8.52666,117.463818,https://www.google.com/maps/place/Dapur+Umum+Program+MBG/data=!4m7!3m6!1s0x2dcb950021afc391:0x5be2c145f83deadb!8m2!3d-8.5266602!4d117.463818!16s%2Fg%2F11x2gsrsxh!19sChIJkcOvIQCVyy0R2-o9-EXB4ls?authuser=0&hl=id&g_ep=EgoyMDI2MDkxNi4wIJJjKgBIAVAD&rclk=1,,
DAPUR MBG,Nusa Tenggara Barat,Sumbawa,Sumbawa,"FGW2+PX Dapur MBG, Berare, Kec. Moyohilir, Kabupaten Sumbawa, Nusa Tenggara Bar. 84381",FALSE,TRUE,TRUE,-8.503244,117.502368,https://www.google.com/maps/place/Dusun+pasongken/data=!4m7!3m6!1s0x2d941100291f8b91:0xdd219614aa64c470!8m2!3d-3.4319781!4d119.9278283!16s%2Fg%2F11nhblmtvw!19sChIJkYsfKQARlC0RcMRkqhSWId0?authuser=0&hl=id&g_ep=EgoyMDI2MDkxNi4wIJJjKgBIAVAD&rclk=1,,
SPPG,Nusa Tenggara Barat,Alas Barat,Sumbawa,"FWHR+96V sppg, Jalan Raya, Labuan Mapin, Alas Barat, Sumbawa Regency, West Nusa Tenggara 84353",FALSE,TRUE,TRUE,-8.521562,116.940553,https://www.google.com/maps/place/SPPG/data=!4m7!3m6!1s0x3270b100266ac6b9:0xb4250265cce512a6!8m2!3d1.1088901!4d121.4095329!16s%2Fg%2F11xvhpf_k0!19sChIJucZqJgCxcDIRphLlzGUCJbQ?authuser=0&hl=id&g_ep=EgoyMDI2MDkxNi4wIJJjKgBIAVAD&rclk=1,,
SPPG AIR SUNING,Nusa Tenggara Barat,Sumbawa,Sumbawa,"9V23+7PW SPPG AIR SUNING, Air Suning, Kec. Seteluk, Kabupaten Sumbawa Barat, Nusa Tenggara Bar. 84454",FALSE,TRUE,TRUE,-8.649303,116.854306,https://www.google.com/maps/place/SPPG+AIR+SUNING/data=!4m7!3m6!1s0x2dcc69006dc69d15:0xe00e0c9b93aa55b7!8m2!3d-8.649303!4d116.8543059!16s%2Fg%2F11njhqn5cq!19sChIJFZ3GbQBpzC0Rt1Wqk5sMDuA?authuser=0&hl=id&g_ep=EgoyMDI2MDkxNi4wIJJjKgBIAVAD&rclk=1,,
SPPG YPIT DHIAUL FIKRI SETELUK SUMBAWA BARAT,Nusa Tenggara Barat,Sumbawa,Sumbawa,"Kelanir, Kec. Seteluk, Kabupaten Sumbawa Barat, Nusa Tenggara Bar. 84464",FALSE,TRUE,TRUE,-8.6705,116.843502,https://www.google.com/maps/place/SPPG+YPIT+DHIA%27UL+FIKRI+SETELUK+SUMBAWA+BARAT/data=!4m7!3m6!1s0x2dcc69c29a1f9ee3:0x26a92dc294cd73bc!8m2!3d-8.6705002!4d116.843502!16s%2Fg%2F11ys2_fbrs!19sChIJ454fmsJpzC0RvHPNlMItqSY?authuser=0&hl=id&g_ep=EgoyMDI2MDkxNi4wIJJjKgBIAVAD&rclk=1,,
SPPG SUMBAWA BARAT SETELUK SETELUK TENGAH,Nusa Tenggara Barat,Sumbawa,Sumbawa,"9VC7+MWH SPPG Sumbawa Barat Seteluk Seteluk Tengah, Seteluk Tengah, Kec. Seteluk, Kabupaten Sumbawa Barat, Nusa Tenggara Bar. 84454",FALSE,TRUE,TRUE,-8.628311,116.864872,https://www.google.com/maps/place/SPPG+Sumbawa+Barat+Seteluk+Seteluk+Tengah/data=!4m7!3m6!1s0x2dcc69007a1adbdb:0x8c4e718329c42ebc!8m2!3d-8.6283107!4d116.8648724!16s%2Fg%2F11zb7yz41y!19sChIJ29saegBpzC0RvC7EKYNxTow?authuser=0&hl=id&g_ep=EgoyMDI2MDkxNi4wIJJjKgBIAVAD&rclk=1,,
SPPG MITRA YAYASAN FASTABIQUL KHAIRAT JEREWEH,Nusa Tenggara Barat,Sumbawa,Sumbawa,"5R59+5XC SPPG Mitra Yayasan Fastabiqul Khairat Jereweh, Jl. Pendidikan, Dasan Anyar, Kec. Jereweh, Kabupaten Sumbawa Barat, Nusa Tenggara Bar. 84456",FALSE,TRUE,TRUE,-8.842071,116.819897,https://www.google.com/maps/place/SPPG+Mitra+Yayasan+Fastabiqul+Khairat+Jereweh/data=!4m7!3m6!1s0x2dcc61003f6153d3:0x3b99b3091ebbcaa5!8m2!3d-8.8420709!4d116.8198968!16s%2Fg%2F11xg5v00wt!19sChIJ01NhPwBhzC0Rpcq7HgmzmTs?authuser=0&hl=id&g_ep=EgoyMDI2MDkxNi4wIJJjKgBIAVAD&rclk=1,,
LOKASI PEMBANGUNAN SPPG,Nusa Tenggara Barat,Labuhan Badas,Sumbawa,"V94V+3M Lokasi pembangunan sppg, Bajo Medang, Labuhan Badas, Kabupaten Sumbawa, Nusa Tenggara Bar. 84316",FALSE,TRUE,TRUE,-8.144861,117.394194,https://www.google.com/maps/place/Lokasi+pembangunan+sppg/data=!4m7!3m6!1s0x2dc9590024fd7c7f:0xe57032e028bd3057!8m2!3d-8.1448611!4d117.3941944!16s%2Fg%2F11y0yb61ly!19sChIJf3z9JABZyS0RVzC9KOAycOU?authuser=0&hl=id&g_ep=EgoyMDI2MDkxNi4wIJJjKgBIAVAD&rclk=1,,
SPPG SUMBAWA BARAT SEKONGKANG KEMUNING,Nusa Tenggara Barat,Sekongkang,Sumbawa Barat,"2QQ5+6W5 Sppg Sumbawa Barat Sekongkang Kemuning, Kemuning, Kec. Sekongkang, Kabupaten Sumbawa Barat, Nusa Tenggara Bar. 84457",FALSE,TRUE,TRUE,-8.96214,116.760029,"https://www.google.com/maps/place/Sppg+Sumbawa+Barat+Sekongkang+Kemuning/@-8.96214,116.7600287,17z/data=!3m1!4b1!4m6!3m5!1s0x2dccf30037fb9599:0x6a51d6c33e3dac23!8m2!3d-8.96214!4d116.7600287!16s%2Fg%2F11z1__5zs8?hl=id&entry=ttu&g_ep=EgoyMDI2MDkxNi4wIKXMDSoASAFQAw%3D%3D",,
SPPG SUMBAWA BARAT MALUK BENETE,,,,,FALSE,FALSE,FALSE,-8.800226,116.883215,https://www.google.com/maps/place/SPPG+SUMBAWA+BARAT+MALUK+BENETE/data=!4m7!3m6!1s0x695135889c0e6c61:0x75a729b88ab885ac!8m2!3d-8.800226!4d116.8832146!16s%2Fg%2F11z2vqpzl8!19sChIJYWwOnIg1UWkRrIW4irgpp3U?authuser=0&hl=id&g_ep=EgoyMDI2MDkxNi4wIJJjKgBIAVAD&rclk=1,,
SPPG TELAGA BERTONG,Nusa Tenggara Barat,Taliwang,Sumbawa Barat,"6R98+4F3 SPPG TELAGA BERTONG, Telaga Bertong, Kec. Taliwang, Kabupaten Sumbawa Barat, Nusa Tenggara Bar. 84455",FALSE,TRUE,TRUE,-8.782242,116.816175,https://www.google.com/maps/place/SPPG+TELAGA+BERTONG/data=!4m7!3m6!1s0x2dcc61000b30fb77:0x4d2f54473e664cd!8m2!3d-8.7822424!4d116.8161752!16s%2Fg%2F11yvjn3tvk!19sChIJd_swCwBhzC0RzWTmc0T10gQ?authuser=0&hl=id&g_ep=EgoyMDI2MDkxNi4wIJJjKgBIAVAD&rclk=1,,
SPPG SUMBAWA BARAT BRANG ENE KALIMANTONG,Nusa Tenggara Barat,Brang Ene,Sumbawa Barat,"6V7P+GP9 SPPG SUMBAWA BARAT BRANG ENE KALIMANTONG, Kalimantong, Kec. Brang Ene, Kabupaten Sumbawa Barat, Nusa Tenggara Bar. 84455",FALSE,TRUE,TRUE,-8.785358,116.886445,https://www.google.com/maps/place/Polsek+Jereweh/data=!4m7!3m6!1s0x2dcc8a9f23637049:0xb24e0f532a47fbd2!8m2!3d-8.8583769!4d116.8227074!16s%2Fg%2F11bwymqbs8!19sChIJSXBjI5-KzC0R0vtHKlMPTrI?authuser=0&hl=id&g_ep=EgoyMDI2MDkxNi4wIJJjKgBIAVAD&rclk=1,,
SPPG SUMBAWA BARAT TALIWANG BANJAR 2,Nusa Tenggara Barat,Taliwang,Sumbawa Barat,"7R4H+W9X SPPG Sumbawa Barat Taliwang Banjar 2, Bugis, Kec. Taliwang, Kabupaten Sumbawa Barat, Nusa Tenggara Bar. 84455",FALSE,TRUE,TRUE,-8.742151,116.828143,https://www.google.com/maps/place/SPPG+Sumbawa+Barat+Taliwang+Banjar+2/data=!4m7!3m6!1s0x2dcc67000e918a81:0x71a97087a73b8bcb!8m2!3d-8.742151!4d116.828143!16s%2Fg%2F11zd05h81z!19sChIJgYqRDgBnzC0Ry4s7p4dwqXE?authuser=0&hl=id&g_ep=EgoyMDI2MDkxNi4wIJJjKgBIAVAD&rclk=1,,
SPPG KUANG,Nusa Tenggara Barat,Taliwang,Sumbawa Barat,"6VR2+7PQ SPPG KUANG, Kuang, Kec. Taliwang, Kabupaten Sumbawa Barat, Nusa Tenggara Bar. 84455",FALSE,TRUE,TRUE,-8.759286,116.851863,https://www.google.com/maps/place/SPPG+KUANG/data=!4m7!3m6!1s0x2dcc67000f3eb865:0x64b410a2b5e6f25e!8m2!3d-8.7592857!4d116.8518627!16s%2Fg%2F11mz685ybj!19sChIJZbg-DwBnzC0RXvLmtaIQtGQ?authuser=0&hl=id&g_ep=EgoyMDI2MDkxNi4wIJJjKgBIAVAD&rclk=1,,
SPPG SUMBAWA BARAT TALIWANG BANJAR,Nusa Tenggara Barat,Taliwang,Sumbawa Barat,"7R4G+898 SPPG Sumbawa Barat Taliwang Banjar, Banjar, Kec. Taliwang, Kabupaten Sumbawa Barat, Nusa Tenggara Bar. 84455",FALSE,TRUE,TRUE,-8.744141,116.825992,https://www.google.com/maps/place/SPPG+Sumbawa+Barat+Taliwang+Banjar/data=!4m7!3m6!1s0x2dcc6700576c8d9b:0x524dc6908cf3e0e3!8m2!3d-8.744141!4d116.8259921!16s%2Fg%2F11nr8qqc2g!19sChIJm41sVwBnzC0R4-DzjJDGTVI?authuser=0&hl=id&g_ep=EgoyMDI2MDkxNi4wIJJjKgBIAVAD&rclk=1,,
SPPG KTC 2,Nusa Tenggara Barat,Taliwang,Sumbawa Barat,"6VR2+5FQ SPPG KTC 2, Menala, Kec. Taliwang, Kabupaten Sumbawa Barat, Nusa Tenggara Bar. 84455",FALSE,TRUE,TRUE,-8.75954,116.851242,https://www.google.com/maps/place/SPPG+KTC+2/data=!4m7!3m6!1s0x2dcc670021ee1ab5:0x75001556d3c0914d!8m2!3d-8.7595398!4d116.8512415!16s%2Fg%2F11m_36tlvz!19sChIJtRruIQBnzC0RTZHA01YVAHU?authuser=0&hl=id&g_ep=EgoyMDI2MDkxNi4wIJJjKgBIAVAD&rclk=1,,
SPPG MENALA,Nusa Tenggara Barat,Taliwang,Sumbawa Barat,"7V26+945 SPPG MENALA, Menala, Kec. Taliwang, Kabupaten Sumbawa Barat, Nusa Tenggara Bar. 84455",FALSE,TRUE,TRUE,-8.749117,116.860365,https://www.google.com/maps/place/SPPG+MENALA/data=!4m7!3m6!1s0x2dcc670032552987:0xf157d64bb5095586!8m2!3d-8.7491173!4d116.8603649!16s%2Fg%2F11myxrmv0d!19sChIJhylVMgBnzC0RhlUJtUvWV_E?authuser=0&hl=id&g_ep=EgoyMDI2MDkxNi4wIJJjKgBIAVAD&rclk=1,,
KANTOR SPPG NAILANG ALOR TIMUR LAUT,Nusa Tenggara Timur,Alor Timur Laut,Alor,"RQG8+28X Kantor SPPG Nailang Alor Timur Laut, Nailang, Kec. Alor Tim. Laut, Kabupaten Alor, Nusa Tenggara Tim.",FALSE,TRUE,TRUE,-8.175322,124.765728,https://www.google.com/maps/place/Kec.+Pantar/data=!4m7!3m6!1s0x2daa8bd63d2fbcc7:0x3684b30a9a0625e0!8m2!3d-8.2529949!4d124.2147118!16s%2Fg%2F11c1pc2wjg!19sChIJx7wvPdaLqi0R4CUGmgqzhDY?authuser=0&hl=id&g_ep=EgoyMDI2MDkxNi4wIJJjKgBIAVAD&rclk=1,,
SPPG ALOR TENGAH UTARA,Nusa Tenggara Timur,Alor Tengah Utara,Alor,"QHRQ+Q4H SPPG Alor Tengah Utara, Petleng, Kec. Alor Tengah Utara, Kabupaten Alor, Nusa Tenggara Tim.",FALSE,TRUE,TRUE,-8.208024,124.587892,"https://www.google.com/maps/place/SPPG+Alor+Tengah+Utara/@-8.2080243,124.5878923,17z/data=!3m1!4b1!4m6!3m5!1s0x2d007f0017857149:0x7f7bd2b76d64808b!8m2!3d-8.2080243!4d124.5878923!16s%2Fg%2F11npc087q3?hl=id&entry=ttu&g_ep=EgoyMDI2MDkxNi4wIKXMDSoASAFQAw%3D%3D",,
SPPG ALOR TELUK MUTIARA KALABAHI KOTA,Nusa Tenggara Timur,Teluk Mutiara,Alor,"QGP8+PQH SPPG ALOR TELUK MUTIARA KALABAHI KOTA, Jl. Dahlia, Kalabahi Kota, Kec. Tlk. Mutiara, Kabupaten Alor, Nusa Tenggara Tim.",FALSE,TRUE,TRUE,-8.213194,124.51701,https://www.google.com/maps/place/SPPG+ALOR+TELUK+MUTIARA+KALABAHI+KOTA/data=!4m7!3m6!1s0x2d007f002fc96317:0x4031e870d44efc8f!8m2!3d-8.2131939!4d124.5170105!16s%2Fg%2F11z83yy_6r!19sChIJF2PJLwB_AC0Rj_xO1HDoMUA?authuser=0&hl=id&g_ep=EgoyMDI2MDkxNi4wIJJjKgBIAVAD&rclk=1,,
SPPG ALOR TELUK MUTIARA MUTIARA 4,Nusa Tenggara Timur,Teluk Mutiara,Alor,"QGMW+RF3 SPPG Alor Teluk Mutiara Mutiara 4, Jl. El Tari, RT.008/RW.004, Mutiara, Kec. Tlk. Mutiara, Kabupaten Alor, Nusa Tenggara Tim.",FALSE,TRUE,TRUE,-8.215487,124.546177,https://www.google.com/maps/place/SPPG+Alor+Teluk+Mutiara+Mutiara+4/data=!4m7!3m6!1s0x2d007f004b06eca7:0xc955b10f862e743a!8m2!3d-8.2154869!4d124.546177!16s%2Fg%2F11z83hc19_!19sChIJp-wGSwB_AC0ROnQuhg-xVck?authuser=0&hl=id&g_ep=EgoyMDI2MDkxNi4wIJJjKgBIAVAD&rclk=1,,
SPPG ALOR TELUK MUTIARA - MUTIARA 3,Nusa Tenggara Timur,Teluk Mutiara,Alor,"QGPW+328 SPPG ALOR TELUK MUTIARA - MUTIARA 3, Mutiara, Kec. Tlk. Mutiara, Kabupaten Alor, Nusa Tenggara Tim.",FALSE,TRUE,TRUE,-8.214829,124.545075,https://www.google.com/maps/place/SPPG+ALOR+TELUK+MUTIARA+-+MUTIARA+3/data=!4m7!3m6!1s0x2d007f004c4d9043:0x3c58eb30e21ba24d!8m2!3d-8.2148286!4d124.5450753!16s%2Fg%2F11z83zxxbk!19sChIJQ5BNTAB_AC0RTaIb4jDrWDw?authuser=0&hl=id&g_ep=EgoyMDI2MDkxNi4wIJJjKgBIAVAD&rclk=1,,
SPPG ALOR TELUK MUTIARA KALABAHI TIMUR 1,Nusa Tenggara Timur,Teluk Mutiara,Alor,"QGGQ+GP3 SPPG ALOR TELUK MUTIARA KALABAHI TIMUR 1, Jl. Sumatera, RT.001/RW.003, Kalabahi Tim., Kec. Tlk. Mutiara, Kab. di Alor, Nusa Tenggara Tim.",FALSE,TRUE,TRUE,-8.223738,124.539293,https://www.google.com/maps/place/SPPG+ALOR+TELUK+MUTIARA+KALABAHI+TIMUR+1/data=!4m7!3m6!1s0x2d007f006b365997:0x89fcbf45a37fab0f!8m2!3d-8.2237385!4d124.5392929!16s%2Fg%2F11z7bdn4dr!19sChIJl1k2awB_AC0RD6t_o0W__Ik?authuser=0&hl=id&g_ep=EgoyMDI2MDkxNi4wIJJjKgBIAVAD&rclk=1,,
SPPG MUTIARA TELUK MUTIARA ALOR,Nusa Tenggara Timur,Teluk Mutiara,Alor,"QHP2+8P4 SPPG MUTIARA TELUK MUTIARA ALOR, Mutiara, Kec. Tlk. Mutiara, Kabupaten Alor, Nusa Tenggara Tim.",FALSE,TRUE,TRUE,-8.214305,124.551814,https://www.google.com/maps/place/SPPG+MUTIARA+TELUK+MUTIARA+ALOR/data=!4m7!3m6!1s0x2d007f000125a179:0xd83333a0d4dad029!8m2!3d-8.2143052!4d124.5518141!16s%2Fg%2F11zbcxnl8n!19sChIJeaElAQB_AC0RKdDa1KAzM9g?authuser=0&hl=id&g_ep=EgoyMDI2MDkxNi4wIJJjKgBIAVAD&rclk=1,,
DAPUR SPPG DAERAH TERPENCIL DESA MANETWATI,Nusa Tenggara Timur,Alor Tengah Utara,Alor,"QM5M+3P8 Dapur SPPG Daerah Terpencil Desa Manetwati, Manetwati, Kec. Alor Tengah Utara, Kabupaten Alor, Nusa Tenggara Tim.",FALSE,TRUE,TRUE,-8.242326,124.684326,https://www.google.com/maps/place/Kec.+Alor+Tim./data=!4m7!3m6!1s0x2d005aff6480a19f:0x3a01566565bdfc49!8m2!3d-8.2589872!4d124.9317271!16s%2Fg%2F12314d3r!19sChIJn6GAZP9aAC0RSfy9ZWVWATo?authuser=0&hl=id&g_ep=EgoyMDI2MDkxNi4wIJJjKgBIAVAD&rclk=1,,
SPPG ALOR BARAT LAUT -DULOLONG,Nusa Tenggara Timur,Alor Barat Laut,Alor,"QF24+GF7 SPPG ALOR BARAT LAUT -DULOLONG, Jl. Slamet Riyadi, Dulolong, Kec. Alor Bar. Laut, Kabupaten Alor, Nusa Tenggara Tim.",FALSE,TRUE,TRUE,-8.248717,124.456167,https://www.google.com/maps/place/SPPG+ALOR+BARAT+LAUT+-DULOLONG/data=!4m7!3m6!1s0x2daa81004e615cab:0x920c9ee64e5fafdd!8m2!3d-8.2487172!4d124.4561675!16s%2Fg%2F11nr8pt0_j!19sChIJq1xhTgCBqi0R3a9fTuaeDJI?authuser=0&hl=id&g_ep=EgoyMDI2MDkxNi4wIJJjKgBIAVAD&rclk=1,,
SPPG KOKAR,Sulawesi Selatan,Lau,Alor,"RCPX+FQC SPPG Kokar, Adang, Kec. Alor Bar. Laut, Kabupaten Alor, Nusa Tenggara Tim.",FALSE,TRUE,TRUE,-8.163813,124.449405,https://www.google.com/maps/place/SPPG+Kokar/data=!4m7!3m6!1s0x2daa7f007493faf9:0x9db4b750018fd974!8m2!3d-8.1638134!4d124.4494053!16s%2Fg%2F11zwnr5jp8!19sChIJ-fqTdAB_qi0RdNmPAVC3tJ0?authuser=0&hl=id&g_ep=EgoyMDI2MDkxNi4wIJJjKgBIAVAD&rclk=1,,
SPPG MLARAK,Jawa Timur,Mlarak,Alor,"PCPJ+WR7 Sppg mlarak, Lewalu, Kec. Alor Bar. Laut, Kabupaten Alor, Nusa Tenggara Tim. 85812",FALSE,TRUE,TRUE,-8.262585,124.432016,https://www.google.com/maps/place/Sppg+mlarak/data=!4m7!3m6!1s0x2daa81005f2f1a11:0x9b641fc4ea415962!8m2!3d-8.262585!4d124.432016!16s%2Fg%2F11nhh4mbsq!19sChIJERovXwCBqi0RYllB6sQfZJs?authuser=0&hl=id&g_ep=EgoyMDI2MDkxNi4wIJJjKgBIAVAD&rclk=1,,
SPPG DULOLONG -ABAL,Sulawesi Selatan,Lau,Alor,"PCVV+8V8 SPPG DULOLONG -ABAL, Jl. Slamet Riyadi, Dulolong, Kec. Alor Bar. Laut, Kabupaten Alor, Nusa Tenggara Tim.",FALSE,TRUE,TRUE,-8.25671,124.444698,https://www.google.com/maps/place/SPPG+DULOLONG+-ABAL/data=!4m7!3m6!1s0x2daa810001a108af:0x21561641528b9a65!8m2!3d-8.2567097!4d124.4446982!16s%2Fg%2F11yx_z_cl5!19sChIJrwihAQCBqi0RZZqLUkEWViE?authuser=0&hl=id&g_ep=EgoyMDI2MDkxNi4wIJJjKgBIAVAD&rclk=1,,
SPPG WOLWAL,Nusa Tenggara Timur,Alor Barat Daya,Alor,"PCFW+JH8 SPPG Wolwal, Jl. Maria, Wolwal, Kec. Alor Barat Daya, Kabupaten Alor, Nusa Tenggara Tim.",FALSE,TRUE,TRUE,-8.274628,124.445638,https://www.google.com/maps/place/Kec.+Mataru/data=!4m7!3m6!1s0x2d0071064110cd7b:0xf3860e1b130bc22b!8m2!3d-8.3884051!4d124.6622708!16s%2Fg%2F120vt359!19sChIJe80QQQZxAC0RK8ILExsOhvM?authuser=0&hl=id&g_ep=EgoyMDI2MDkxNi4wIJJjKgBIAVAD&rclk=1,,
SPPG KABOLA,Aceh,Bandar,Alor,"Kompleks, Jl. Soekarno Hatta Jl. Bandara Mali, Kabola, Kec. Kabola, Kabupaten Alor, Nusa Tenggara Tim.",FALSE,TRUE,TRUE,-8.145169,124.590121,https://www.google.com/maps/place/Kec.+Pureman/data=!4m7!3m6!1s0x2d00425b995973db:0x21c04d9a878ed5e6!8m2!3d-8.3853368!4d124.8348191!16s%2Fg%2F121k84dn!19sChIJ23NZmVtCAC0R5tWOh5pNwCE?authuser=0&hl=id&g_ep=EgoyMDI2MDkxNi4wIJJjKgBIAVAD&rclk=1,,
SPPG,Nusa Tenggara Timur,Kakuluk Mesak,Belu,"XVW9+3FQ SPPG, Jenilu, Kec. Kakuluk Mesak, Kabupaten Belu, Nusa Tenggara Tim.",FALSE,TRUE,TRUE,-9.004789,124.868734,https://www.google.com/maps/place/SPPG/data=!4m7!3m6!1s0x3270b100266ac6b9:0xb4250265cce512a6!8m2!3d1.1088901!4d121.4095329!16s%2Fg%2F11xvhpf_k0!19sChIJucZqJgCxcDIRphLlzGUCJbQ?authuser=0&hl=id&g_ep=EgoyMDI2MDkxNi4wIJJjKgBIAVAD&rclk=1,,
SPPG BELU KAKULUK MESAK KABUNA,Nusa Tenggara Timur,Kakuluk Mesak,Belu,"WWP5+X7M SPPG BELU KAKULUK MESAK KABUNA, Jl. Marsda Adi Sucipto, Manumutin, Kec. Kakuluk Mesak, Kabupaten Belu, Nusa Tenggara Tim.",FALSE,TRUE,TRUE,-9.06312,124.908,https://www.google.com/maps/place/SPPG+BELU+KAKULUK+MESAK+KABUNA/data=!4m7!3m6!1s0x2cffbf004c811b73:0x3bb23d55430e4017!8m2!3d-9.06312!4d124.908!16s%2Fg%2F11zc3c_2h_!19sChIJcxuBTAC__ywRF0AOQ1U9sjs?authuser=0&hl=id&g_ep=EgoyMDI2MDkxNi4wIJJjKgBIAVAD&rclk=1,,
SPPG ATAMBUA BARAT KEL.BEIRAFU,Nusa Tenggara Timur,Atambua Barat,Belu,"VVVP+RX4 Sppg atambua barat kel.beirafu, irma, Jl. Ade Irma Suryani, RT.004/RW.002, Beirafu, Kec. Atambua Bar., Kabupaten Belu, Nusa Tenggara Tim.",FALSE,TRUE,TRUE,-9.105479,124.887439,https://www.google.com/maps/place/Sppg+atambua+barat+kel.beirafu/data=!4m7!3m6!1s0x2cffbf001503e345:0x9fe5ce1e92b143e3!8m2!3d-9.1054788!4d124.8874387!16s%2Fg%2F11y0d_34v1!19sChIJReMDFQC__ywR40Oxkh7O5Z8?authuser=0&hl=id&g_ep=EgoyMDI2MDkxNi4wIJJjKgBIAVAD&rclk=1,,
SPPG ATAMBUA BARAT BARDAO,Nusa Tenggara Timur,Atambua Barat,Belu,"VVWR+695 SPPG Atambua Barat Bardao, Jl. R.A. Kartini, Berdao, Kec. Atambua Bar., Kabupaten Belu, Nusa Tenggara Tim.",FALSE,TRUE,TRUE,-9.10448,124.890989,https://www.google.com/maps/place/SPPG+Atambua+Barat+Bardao/data=!4m7!3m6!1s0x2cffbf00385c526f:0x62d0e45aa07a9e26!8m2!3d-9.1044797!4d124.8909888!16s%2Fg%2F11npkl2mx1!19sChIJb1JcOAC__ywRJp56oFrk0GI?authuser=0&hl=id&g_ep=EgoyMDI2MDkxNi4wIJJjKgBIAVAD&rclk=1,,
SPPG ATAMBUA SELATAN MANUAMAN,Nusa Tenggara Timur,Atambua Selatan,Belu,"VVPM+R6J SPPG Atambua Selatan Manuaman, Jl. Loro Lamaknen, Manuaman, Kec. Atambua Sel., Kabupaten Belu, Nusa Tenggara Tim.",FALSE,TRUE,TRUE,-9.112912,124.883027,https://www.google.com/maps/place/SPPG+Atambua+Selatan+Manuaman/data=!4m7!3m6!1s0x2cffbf001aab3355:0x7ac6823fe02c4185!8m2!3d-9.1129118!4d124.8830271!16s%2Fg%2F11zk820qb9!19sChIJVTOrGgC__ywRhUEs4D-Cxno?authuser=0&hl=id&g_ep=EgoyMDI2MDkxNi4wIJJjKgBIAVAD&rclk=1,,
SPPG TASIFETO BARAT BAKUSTULAMA,Sumatera Utara,Raya,Kupang,"Jurusan Kupang, Jl. Raya Atambua No.Km.18, Bakustulama, Kec. Tasifeto Bar., Kabupaten. B, Nusa Tenggara Tim.",FALSE,TRUE,TRUE,-9.249207,124.862549,https://www.google.com/maps/place/SPPG+Tasifeto+Barat+Bakustulama/data=!4m7!3m6!1s0x2cffa3002d3bce5d:0xda88f062ae4a17f3!8m2!3d-9.2492071!4d124.8625488!16s%2Fg%2F11z896dlj2!19sChIJXc47LQCj_ywR8xdKrmLwiNo?authuser=0&hl=id&g_ep=EgoyMDI2MDkxNi4wIJJjKgBIAVAD&rclk=1,,
SPPG MANDEU-RAIMANUK,Nusa Tenggara Timur,Raimanuk,Belu,"MVRF+Q3C SPPG MANDEU-RAIMANUK, Dusun Motamauk, Mandeu, Kec. Rai Manuk, Kabupaten Belu, Nusa Tenggara Tim.",FALSE,TRUE,TRUE,-9.308053,124.872643,https://www.google.com/maps/place/SPPG+MANDEU-RAIMANUK/data=!4m7!3m6!1s0x2cffa1001d803f73:0xcf7b1d56a1b3ece5!8m2!3d-9.3080534!4d124.8726429!16s%2Fg%2F11yr993qvb!19sChIJcz-AHQCh_ywR5eyzoVYde88?authuser=0&hl=id&g_ep=EgoyMDI2MDkxNi4wIJJjKgBIAVAD&rclk=1,,
"SPPG NUALAIN, POLDA NTT",Nusa Tenggara Timur,Lamaknen,Belu,"V4JP+FVR SPPG NUALAIN, POLDA NTT, Nualain, Kec. Lamaknen Sel., Kabupaten Belu, Nusa Tenggara Tim.",FALSE,TRUE,TRUE,-9.118829,125.13717,"https://www.google.com/maps/place/SPPG+NUALAIN,+POLDA+NTT/data=!4m7!3m6!1s0x2cffb300733996b1:0xed37f7467abb576a!8m2!3d-9.118829!4d125.1371702!16s%2Fg%2F11nc72wzhk!19sChIJsZY5cwCz_ywRale7ekb3N-0?authuser=0&hl=id&g_ep=EgoyMDI2MDkxNi4wIJJjKgBIAVAD&rclk=1",,
SPPG KUNERU,Nusa Tenggara Timur,Kota Atambua,Belu,"WVCV+9M6 SPPG KUNERU, Manumutin, Kec. Kota Atambua, Kabupaten Belu, Nusa Tenggara Tim.",FALSE,TRUE,TRUE,-9.079089,124.894153,https://www.google.com/maps/place/SPPG+KUNERU/data=!4m7!3m6!1s0x2cffbf005fd43bd1:0xb305c7c7dc9676b3!8m2!3d-9.0790892!4d124.894153!16s%2Fg%2F11yyb64c0z!19sChIJ0TvUXwC__ywRs3aW3MfHBbM?authuser=0&hl=id&g_ep=EgoyMDI2MDkxNi4wIJJjKgBIAVAD&rclk=1,,
"SPPG FOHOEKA, POLDA NTT",,Nanaet Dubesi,Belu,"PXGH+M84 SPPG FOHOEKA, POLDA NTT, Fohoeka, Kec. Nanaet Dubesi, Kabupaten Belu, Nusa Tenggara Tim.",FALSE,TRUE,TRUE,-9.273418,124.978328,"https://www.google.com/maps/place/SPPG+FOHOEKA,+POLDA+NTT/data=!4m7!3m6!1s0x2cffa7007135674f:0xa60af72e63415998!8m2!3d-9.2734184!4d124.9783278!16s%2Fg%2F11nc5qp7r2!19sChIJT2c1cQCn_ywRmFlBYy73CqY?authuser=0&hl=id&g_ep=EgoyMDI2MDkxNi4wIJJjKgBIAVAD&rclk=1",,
SPPG 3T WOLOKARO,Nusa Tenggara Timur,Ende,Ende,"6JJ6+2RW SPPG 3T WOLOKARO, Wolokaro, Kec. Ende, Kabupaten Ende, Nusa Tenggara Tim.",FALSE,TRUE,TRUE,-8.769882,121.612075,https://www.google.com/maps/place/SPPG+3T+WOLOKARO/data=!4m7!3m6!1s0x2db2a100124534c7:0xe20f5a2a2fe504c5!8m2!3d-8.7698823!4d121.6120749!16s%2Fg%2F11mzgzwrs2!19sChIJxzRFEgChsi0RxQTlLypaD-I?authuser=0&hl=id&g_ep=EgoyMDI2MDkxNi4wIJJjKgBIAVAD&rclk=1,,
SPPG DAERAH TERPENCIL KOANARA,Nusa Tenggara Timur,Kelimutu,Ende,"6VW4+9JJ SPPG Daerah Terpencil Koanara, Koanara, Kec. Kelimutu, Kabupaten Ende, Nusa Tenggara Tim.",FALSE,TRUE,TRUE,-8.754043,121.856528,https://www.google.com/maps/place/SPPG+Daerah+Terpencil+Koanara/data=!4m7!3m6!1s0x2dad430056aa7a05:0x361f4509710bbf29!8m2!3d-8.7540428!4d121.8565284!16s%2Fg%2F11yx7wjvhv!19sChIJBXqqVgBDrS0RKb8LcQlFHzY?authuser=0&hl=id&g_ep=EgoyMDI2MDkxNi4wIJJjKgBIAVAD&rclk=1,,
SPPG 3T JAMOKEASA,Nusa Tenggara Timur,Ende,Ende,"7J6R+C48 SPPG 3T Jamokeasa, Jamokeasa, Kec. Ende, Kabupaten Ende, Nusa Tenggara Tim.",FALSE,TRUE,TRUE,-8.737977,121.641021,https://www.google.com/maps/place/SPPG+3T+Jamokeasa/data=!4m7!3m6!1s0x2dad6100077e38e1:0x918a11568f6e62c7!8m2!3d-8.7379767!4d121.6410215!16s%2Fg%2F11z837zrtt!19sChIJ4Th-BwBhrS0Rx2Juj1YRipE?authuser=0&hl=id&g_ep=EgoyMDI2MDkxNi4wIJJjKgBIAVAD&rclk=1,,
SPPG KOANARA MONI,Nusa Tenggara Timur,Kelimutu,Ende,"6VW4+RQ3 SPPG Koanara Moni, Koanara, Kec. Kelimutu, Kabupaten Ende, Nusa Tenggara Tim.",FALSE,TRUE,TRUE,-8.754161,121.856277,https://www.google.com/maps/place/SPPG+Koanara+Moni/data=!4m7!3m6!1s0x2dad43007f418a39:0x7c4093bbcad0bfbe!8m2!3d-8.7541611!4d121.8562773!16s%2Fg%2F11mzfdxwkj!19sChIJOYpBfwBDrS0Rvr_QyruTQHw?authuser=0&hl=id&g_ep=EgoyMDI2MDkxNi4wIJJjKgBIAVAD&rclk=1,,
SPPG ENDE GENERASI BERGIZI,Gorontalo,Tapa,Ende,"5M39+WHG SPPG Ende Generasi Bergizi, Kel. Mautapaga, Kec. Ende Tim., Kabupaten Ende, Nusa Tenggara Tim.",FALSE,TRUE,TRUE,-8.845195,121.668945,https://www.google.com/maps/place/SPPG+Ende+Generasi+Bergizi/data=!4m7!3m6!1s0x2dad590012654b29:0xc2f378b1f77236bf!8m2!3d-8.8451946!4d121.6689454!16s%2Fg%2F11xvvm0hvr!19sChIJKUtlEgBZrS0RvzZy97F488I?authuser=0&hl=id&g_ep=EgoyMDI2MDkxNi4wIJJjKgBIAVAD&rclk=1,,
SPPG KOTA RAJA 2 ENDE UTARA,Nusa Tenggara Timur,Ende Utara,Ende,"5J4W+VV3 SPPG KOTA RAJA 2 ENDE UTARA, Jl. Sudirman, Kel. Kotaraja, Kec. Ende Utara, Kabupaten Ende, Nusa Tenggara Tim.",FALSE,TRUE,TRUE,-8.842868,121.647187,https://www.google.com/maps/place/SPPG+KOTA+RAJA+2+ENDE+UTARA/data=!4m7!3m6!1s0x2dad59007a1664eb:0xbf014c64931398cd!8m2!3d-8.8428676!4d121.647187!16s%2Fg%2F11npjd_ppd!19sChIJ62QWegBZrS0RzZgTk2RMAb8?authuser=0&hl=id&g_ep=EgoyMDI2MDkxNi4wIJJjKgBIAVAD&rclk=1,,
SPPG BOKASAPE WOLOWARU,Nusa Tenggara Timur,Wolowaru,Ende,"6V8P+V5V SPPG Bokasape Wolowaru, Bokasape, Kec. Wolowaru, Kabupaten Ende, Nusa Tenggara Tim.",FALSE,TRUE,TRUE,-8.782759,121.885414,https://www.google.com/maps/place/SPPG+Bokasape+Wolowaru/data=!4m7!3m6!1s0x2dad430033569ed7:0xb82b721fcd1b47ad!8m2!3d-8.7827588!4d121.8854144!16s%2Fg%2F11nr8pn26n!19sChIJ155WMwBDrS0RrUcbzR9yK7g?authuser=0&hl=id&g_ep=EgoyMDI2MDkxNi4wIJJjKgBIAVAD&rclk=1,,
SPPG ENDE TENGAH PAUPIRE 02,Nusa Tenggara Timur,Ende Tengah,Ende,"5M87+VHQ SPPG ENDE TENGAH PAUPIRE 02, Kel. Paupire, Kec. Ende Tengah, Kabupaten Ende, Nusa Tenggara Tim.",FALSE,TRUE,TRUE,-8.832793,121.663997,https://www.google.com/maps/place/SPPG+ENDE+TENGAH+PAUPIRE+02/data=!4m7!3m6!1s0x2dad5f006724886f:0x17bf538368bb76f3!8m2!3d-8.8327926!4d121.6639968!16s%2Fg%2F11z7cc5f7r!19sChIJb4gkZwBfrS0R83a7aINTvxc?authuser=0&hl=id&g_ep=EgoyMDI2MDkxNi4wIJJjKgBIAVAD&rclk=1,,
SPPG ENDE NDONA LOKOBOKO,Nusa Tenggara Timur,Ndona,Ende,"5M9H+6W3 SPPG Ende Ndona Lokoboko, Kel. Lokoboko, Kec. Ndona, Kabupaten Ende, Nusa Tenggara Tim.",FALSE,TRUE,TRUE,-8.832811,121.679939,https://www.google.com/maps/place/SPPG+Ende+Ndona+Lokoboko/data=!4m7!3m6!1s0x2dad5f0060853493:0x456834b0511a8276!8m2!3d-8.8328112!4d121.6799395!16s%2Fg%2F11ww80bkp3!19sChIJkzSFYABfrS0RdoIaUbA0aEU?authuser=0&hl=id&g_ep=EgoyMDI2MDkxNi4wIJJjKgBIAVAD&rclk=1,,
SPPG TETANDARA,Nusa Tenggara Timur,Ende,Ende,"4MX6+M7F SPPG TETANDARA, Jl. Adi Sucipto, Kel. Tetandara, Kec. Ende Sel., Kabupaten Ende, Nusa Tenggara Tim.",FALSE,TRUE,TRUE,-8.850787,121.660683,https://www.google.com/maps/place/SPPG+TETANDARA/data=!4m7!3m6!1s0x2dad59003397b3c1:0xa84e61a3ebab52a0!8m2!3d-8.8507874!4d121.660683!16s%2Fg%2F11ynxp5zm6!19sChIJwbOXMwBZrS0RoFKr66NhTqg?authuser=0&hl=id&g_ep=EgoyMDI2MDkxNi4wIJJjKgBIAVAD&rclk=1,,
SPPG REWARANGGA,Nusa Tenggara Timur,Ende,Ende,"5MRC+5GV SPPG Rewarangga, Jl. To Maumere, Kel. Rewarangga, Kec. Ende Tim., Kabupaten Ende, Nusa Tenggara Tim.",FALSE,TRUE,TRUE,-8.809522,121.671294,https://www.google.com/maps/place/SPPG+Rewarangga/data=!4m7!3m6!1s0x2dad5f001acc0b27:0xa83cbdbb82f9c1e5!8m2!3d-8.8095217!4d121.671294!16s%2Fg%2F11n3yg9q40!19sChIJJwvMGgBfrS0R5cH5gru9PKg?authuser=0&hl=id&g_ep=EgoyMDI2MDkxNi4wIJJjKgBIAVAD&rclk=1,,
SPPG ENDE TENGAH PAUPIRE 3,Nusa Tenggara Timur,Ende Tengah,Ende,"5M75+W5R SPPG ENDE TENGAH PAUPIRE 3, Jl. Udayana, RT.001/RW.008, Kel. Paupire, Kec. Ende Tengah, Kabupaten Ende, Nusa Tenggara Tim.",FALSE,TRUE,TRUE,-8.835141,121.657905,https://www.google.com/maps/place/SPPG+ENDE+TENGAH+PAUPIRE+3/data=!4m7!3m6!1s0x2dad5f0052b6c8eb:0xe654d7b86977b985!8m2!3d-8.8351412!4d121.6579055!16s%2Fg%2F11nr8qpb9b!19sChIJ68i2UgBfrS0Rhbl3abjXVOY?authuser=0&hl=id&g_ep=EgoyMDI2MDkxNi4wIJJjKgBIAVAD&rclk=1,,
SPPG ENDE TENGAH 01,Nusa Tenggara Timur,Ende Tengah,Ende,"5M97+Q6M SPPG ENDE TENGAH 01, Kel. Paupire, Kec. Ende Tengah, Kabupaten Ende, Nusa Tenggara Tim.",FALSE,TRUE,TRUE,-8.830539,121.663043,https://www.google.com/maps/place/SPPG+ENDE+TENGAH+01/data=!4m7!3m6!1s0x2dad5f007e922eb3:0xcfd794abec776747!8m2!3d-8.8305388!4d121.6630426!16s%2Fg%2F11zh1ww38d!19sChIJsy6SfgBfrS0RR2d37KuU188?authuser=0&hl=id&g_ep=EgoyMDI2MDkxNi4wIJJjKgBIAVAD&rclk=1,,
SPPG ENDE TENGAH PAUPIRE 04,Nusa Tenggara Timur,Ende Tengah,Ende,"5M87+VHQ SPPG ENDE TENGAH PAUPIRE 04, Kel. Paupire, Kec. Ende Tengah, Kabupaten Ende, Nusa Tenggara Tim.",FALSE,TRUE,TRUE,-8.83262,121.663991,https://www.google.com/maps/place/SPPG+ENDE+TENGAH+PAUPIRE+04/data=!4m7!3m6!1s0x2dad5f00562bf269:0x5e2af2bcf455cbc4!8m2!3d-8.83262!4d121.6639911!16s%2Fg%2F11zbg352p5!19sChIJafIrVgBfrS0RxMtV9LzyKl4?authuser=0&hl=id&g_ep=EgoyMDI2MDkxNi4wIJJjKgBIAVAD&rclk=1,,
SPPG YAYASAN ENDE SARE MANDIRI,Jawa Barat,Andir,Ende,"6H7P+26R SPPG Yayasan Ende Sare Mandiri, Rukuramba, Kec. Ende, Kabupaten Ende, Nusa Tenggara Tim.",FALSE,TRUE,TRUE,-8.787377,121.585518,https://www.google.com/maps/place/SPPG-YAYASAN+ENDE+SARE+MANDIRI/data=!4m7!3m6!1s0x2dad59000bf6c415:0xab425fa32137089e!8m2!3d-8.8411754!4d121.6480001!16s%2Fg%2F11xtln8vyq!19sChIJFcT2CwBZrS0Rngg3IaNfQqs?authuser=0&hl=id&g_ep=EgoyMDI2MDkxNi4wIJJjKgBIAVAD&rclk=1,,
SPPG 3T NDETUNDORA,Nusa Tenggara Timur,Ende,Ende,"6J4R+3G6 SPPG 3T NDETUNDORA, Ndetundora III, Kec. Ende, Kabupaten Ende, Nusa Tenggara Tim.",FALSE,TRUE,TRUE,-8.794829,121.641256,https://www.google.com/maps/place/SPPG+3T+NDETUNDORA/data=!4m7!3m6!1s0x2dad5f0015ed3f4d:0xed88702ef791ce43!8m2!3d-8.7948292!4d121.6412558!16s%2Fg%2F11ywrctmfl!19sChIJTT_tFQBfrS0RQ86R9y5wiO0?authuser=0&hl=id&g_ep=EgoyMDI2MDkxNi4wIJJjKgBIAVAD&rclk=1,,
SPPG ENDE TENGAH PAUPIRE 1,Nusa Tenggara Timur,Ende Tengah,Ende,"Jl. Sam Ratulangi, Kel. Paupire, Kec. Ende Tengah, Kabupaten Ende, Nusa Tenggara Tim.",FALSE,TRUE,TRUE,-8.831788,121.663203,https://www.google.com/maps/place/SPPG+ENDE+TENGAH+PAUPIRE+1/data=!4m7!3m6!1s0x2dad5f0037b55225:0xd1c422cf32c9d19c!8m2!3d-8.8317878!4d121.6632035!16s%2Fg%2F11zh10xs0m!19sChIJJVK1NwBfrS0RnNHJMs8ixNE?authuser=0&hl=id&g_ep=EgoyMDI2MDkxNi4wIJJjKgBIAVAD&rclk=1,,
DAPUR SPPG 3T WOROPAPA,Nusa Tenggara Timur,Ende,Ende,"6JWJ+43H Dapur sppg 3T woropapa, Jl. Trans Nangaba, Boafeo, Kec. Ende, Kabupaten Ende, Nusa Tenggara Tim.",FALSE,TRUE,TRUE,-8.754686,121.630219,https://www.google.com/maps/place/Dapur+sppg+3T+woropapa/data=!4m7!3m6!1s0x2dad61007542100b:0xba1515e953aadfbc!8m2!3d-8.754686!4d121.630219!16s%2Fg%2F11yx9kwsd2!19sChIJCxBCdQBhrS0RvN-qU-kVFbo?authuser=0&hl=id&g_ep=EgoyMDI2MDkxNi4wIJJjKgBIAVAD&rclk=1,,
SPPG 3T DESA WAWONATO,Nusa Tenggara Barat,Wawo,Karo,"DESA WAWONATO No.5308, Wolokaro, Kec. Ende, Kabupaten Ende, Nusa Tenggara Tim. 86351",FALSE,TRUE,TRUE,-8.756396,121.615042,https://www.google.com/maps/place/SPPG+3T+DESA+WAWONATO/data=!4m7!3m6!1s0x2dad65c1c7fdd133:0xee427668b6781fee!8m2!3d-8.7563961!4d121.6150416!16s%2Fg%2F11z9r15pb0!19sChIJM9H9x8FlrS0R7h94tmh2Qu4?authuser=0&hl=id&g_ep=EgoyMDI2MDkxNi4wIJJjKgBIAVAD&rclk=1,,
SPPG ENDE UTARA KOTA RATU,Nusa Tenggara Timur,Ende Utara,Ende,"5J6V+HJG SPPG Ende Utara Kota Ratu, Jl. Perwira, Kel. Kotaratu, Ende Utara, Ende Regency, East Nusa Tenggara",FALSE,TRUE,TRUE,-8.838574,121.644065,https://www.google.com/maps/place/SPPG+Ende+Utara+Kota+Ratu/data=!4m7!3m6!1s0x2dad590032789d91:0xee0e33ab274bae96!8m2!3d-8.838655!4d121.6440666!16s%2Fg%2F11z5bmhlx_!19sChIJkZ14MgBZrS0Rlq5LJ6szDu4?authuser=0&hl=id&g_ep=EgoyMDI2MDkxNi4wIJJjKgBIAVAD&rclk=1,,
"SPPG ENDE SELATAN RUKUN LIMA, YAYASAN WALISANGA FLORES",Nusa Tenggara Timur,Ende Selatan,Ende,"4JQX+46X SPPG ENDE SELATAN RUKUN LIMA, YAYASAN WALISANGA FLORES, Kel. Rukunlima, Kec. Ende Sel., Kabupaten Ende, Nusa Tenggara Tim.",FALSE,TRUE,TRUE,-8.862211,121.648215,"https://www.google.com/maps/place/SPPG+ENDE+SELATAN+RUKUN+LIMA,+YAYASAN+WALISANGA+FLORES/data=!4m7!3m6!1s0x2dad590067f1e833:0x8b132543df115eaf!8m2!3d-8.8622112!4d121.6482153!16s%2Fg%2F11x_gc3wq7!19sChIJM-jxZwBZrS0Rr14R30MlE4s?authuser=0&hl=id&g_ep=EgoyMDI2MDkxNi4wIJJjKgBIAVAD&rclk=1",,
SPPG ENDE TIMUR _MAUTAPGA,Nusa Tenggara Timur,Ende Timur,Ende,"5M4C+558 SPPG ENDE TIMUR _MAUTAPGA, Jl. Gatot Subroto, Kel. Mautapaga, Kec. Ende Tim., Kabupaten Ende, Nusa Tenggara Tim.",FALSE,TRUE,TRUE,-8.84459,121.670453,https://www.google.com/maps/place/SPPG+ENDE+TIMUR+_MAUTAPGA/data=!4m7!3m6!1s0x2dad590003405c47:0x8b66d569044f9c48!8m2!3d-8.8445896!4d121.6704534!16s%2Fg%2F11ykb705w2!19sChIJR1xAAwBZrS0RSJxPBGnVZos?authuser=0&hl=id&g_ep=EgoyMDI2MDkxNi4wIJJjKgBIAVAD&rclk=1,,
SPPG ENDE_ENDE TENGAH_POTULANDO,Nusa Tenggara Timur,Ende Tengah,Ende,"5M32+M7F SPPG Ende_Ende Tengah_Potulando, Jl. Patimura, Kel. Potulando, Kec. Ende Tengah, Kabupaten Ende, Nusa Tenggara Tim.",FALSE,TRUE,TRUE,-8.845756,121.650811,https://www.google.com/maps/place/SPPG+Ende_Ende+Tengah_Potulando/data=!4m7!3m6!1s0x2dad590060e980eb:0xb77f1969a2412521!8m2!3d-8.8457563!4d121.6508115!16s%2Fg%2F11zc843fw7!19sChIJ64DpYABZrS0RISVBomkZf7c?authuser=0&hl=id&g_ep=EgoyMDI2MDkxNi4wIJJjKgBIAVAD&rclk=1,,
SPPG ENDE UTARA KOTA RATU,Nusa Tenggara Timur,Ende Utara,Ende,"5J6V+GJP SPPG Ende Utara Kota Ratu, Jl. Perwira, Kel. Kotaratu, Ende Utara, Ende Regency, East Nusa Tenggara",FALSE,TRUE,TRUE,-8.838655,121.644067,https://www.google.com/maps/place/SPPG+Ende+Utara+Kota+Ratu/data=!4m7!3m6!1s0x2dad590032789d91:0xee0e33ab274bae96!8m2!3d-8.838655!4d121.6440666!16s%2Fg%2F11z5bmhlx_!19sChIJkZ14MgBZrS0Rlq5LJ6szDu4?authuser=0&hl=id&g_ep=EgoyMDI2MDkxNi4wIJJjKgBIAVAD&rclk=1,,
SPPG TETANDARA ENDE SELATAN,Nusa Tenggara Timur,Ende Selatan,Ende,"4MX5+4M9 SPPG TETANDARA ENDE SELATAN, Jl. Adi Sucipto, Kel. Tetandara, Kec. Ende Sel., Kabupaten Ende, Nusa Tenggara Tim.",FALSE,TRUE,TRUE,-8.852206,121.659231,https://www.google.com/maps/place/SPPG+TETANDARA+ENDE+SELATAN/data=!4m7!3m6!1s0x2dad590036a2b04b:0x736d98988375ea45!8m2!3d-8.8522061!4d121.6592314!16s%2Fg%2F11ylb4mtd2!19sChIJS7CiNgBZrS0RRep1g5iYbXM?authuser=0&hl=id&g_ep=EgoyMDI2MDkxNi4wIJJjKgBIAVAD&rclk=1,,
SPPG MAUTAPAGA 02,Gorontalo,Tapa,Ende,"5M7C+PR8 SPPG Mautapaga 02, Jl. Sam Ratulangi, Kel. Rewarangga Sel., Kec. Ende Tim., Kabupaten Ende, Nusa Tenggara Tim.",FALSE,TRUE,TRUE,-8.835715,121.672089,https://www.google.com/maps/place/SPPG+Mautapaga+02/data=!4m7!3m6!1s0x2dad59002b411b7b:0xd129830b9dc8d435!8m2!3d-8.8357154!4d121.672089!16s%2Fg%2F11z6g5tl69!19sChIJextBKwBZrS0RNdTInQuDKdE?authuser=0&hl=id&g_ep=EgoyMDI2MDkxNi4wIJJjKgBIAVAD&rclk=1,,
SPPG TONGGO,Nusa Tenggara Timur,Nangaroro,Nagekeo,"5969+393 SPPG TONGGO, Tonggo, Kec. Nangaroro, Kabupaten Nagekeo, Nusa Tenggara Tim.",FALSE,TRUE,TRUE,-8.840688,121.368947,https://www.google.com/maps/place/SPPG+TONGGO/data=!4m7!3m6!1s0x2db2bd004ffa0f09:0x80ca3faf44c47873!8m2!3d-8.8406884!4d121.3689471!16s%2Fg%2F11npcjsy4v!19sChIJCQ_6TwC9si0Rc3jERK8_yoA?authuser=0&hl=id&g_ep=EgoyMDI2MDkxNi4wIJJjKgBIAVAD&rclk=1,,
SPPG NANGARORO,Nusa Tenggara Timur,Nangaroro,Nagekeo,"Nangaroro, Kec. Nangaroro, Kabupaten Nagekeo, Nusa Tenggara Tim.",FALSE,TRUE,TRUE,-8.7882,121.391072,https://www.google.com/maps/place/SPPG+NANGARORO/data=!4m7!3m6!1s0x2db2bd0002afd1bb:0x3e34efe0fbd73c8b!8m2!3d-8.7881998!4d121.3910724!16s%2Fg%2F11yp0ypw8k!19sChIJu9GvAgC9si0RizzX--DvND4?authuser=0&hl=id&g_ep=EgoyMDI2MDkxNi4wIJJjKgBIAVAD&rclk=1,,
SPPG KOEKOBHO,Nusa Tenggara Timur,Nangaroro,Nagekeo,"79JR+94X SPPG Koekobho, Utetoto, Kec. Nangaroro, Kabupaten Nagekeo, Nusa Tenggara Tim.",FALSE,TRUE,TRUE,-8.719993,121.391131,https://www.google.com/maps/place/SPPG+Koekobho/data=!4m7!3m6!1s0x2db297002b7c473b:0xa6e19e4ca68f994c!8m2!3d-8.719993!4d121.3911306!16s%2Fg%2F11npc03jf1!19sChIJO0d8KwCXsi0RTJmPpkye4aY?authuser=0&hl=id&g_ep=EgoyMDI2MDkxNi4wIJJjKgBIAVAD&rclk=1,,
SPPG FATAATU WEWARIA,Nusa Tenggara Timur,Wewaria,Ende,"CP78+QCR SPPG Fataatu Wewaria, Fataatu, Kec. Wewaria, Kabupaten Ende, Nusa Tenggara Tim.",FALSE,TRUE,TRUE,-8.584889,121.716428,https://www.google.com/maps/place/Maukaro/data=!4m7!3m6!1s0x2db2855d9501caef:0x77d3472a44abe771!8m2!3d-8.6166073!4d121.5237588!16s%2Fg%2F11h_trz2d9!19sChIJ78oBlV2Fsi0RceerRCpH03c?authuser=0&hl=id&g_ep=EgoyMDI2MDkxNi4wIJJjKgBIAVAD&rclk=1,,
SPPG 3T DESA MOLE,Nusa Tenggara Timur,Ndori,Ende,"5WJ4+J47 SPPG 3T DESA MOLE, Desa Mole, Kec. Ndori, Kabupaten Ende, Nusa Tenggara Tim.",FALSE,TRUE,TRUE,-8.818456,121.905284,https://www.google.com/maps/place/SPPG+3T+DESA+MOLE/data=!4m7!3m6!1s0x2dad470034a1040d:0xc0112cb9f2c0edf1!8m2!3d-8.8184556!4d121.9052839!16s%2Fg%2F11z6qjqx13!19sChIJDQShNABHrS0R8e3A8rksEcA?authuser=0&hl=id&g_ep=EgoyMDI2MDkxNi4wIJJjKgBIAVAD&rclk=1,,
SPPG-YAYASAN ENDE SARE MANDIRI,Nusa Tenggara Timur,Ende Utara,Ende,"5J5X+G6C SPPG-YAYASAN ENDE SARE MANDIRI, Kel. Kotaraja, Kec. Ende Utara, Kabupaten Ende, Nusa Tenggara Tim.",FALSE,TRUE,TRUE,-8.841175,121.648,https://www.google.com/maps/place/SPPG-YAYASAN+ENDE+SARE+MANDIRI/data=!4m7!3m6!1s0x2dad59000bf6c415:0xab425fa32137089e!8m2!3d-8.8411754!4d121.6480001!16s%2Fg%2F11xtln8vyq!19sChIJFcT2CwBZrS0Rngg3IaNfQqs?authuser=0&hl=id&g_ep=EgoyMDI2MDkxNi4wIJJjKgBIAVAD&rclk=1,,
DAPUR SPPG FORTUNA,Nusa Tenggara Timur,Larantuka,Flores Timur,"M2C2+9WC Dapur SPPG Fortuna, Puken Tobi Wangi Bao, Kec. Larantuka, Kabupaten Flores Timur, Nusa Tenggara Tim.",FALSE,TRUE,TRUE,-8.329063,123.002254,https://www.google.com/maps/place/Dapur+SPPG+Fortuna/data=!4m7!3m6!1s0x2dac81006aba9a2f:0x3a7d32e963bb635b!8m2!3d-8.3290627!4d123.0022542!16s%2Fg%2F11xyn_n3hf!19sChIJL5q6agCBrC0RW2O7Y-kyfTo?authuser=0&hl=id&g_ep=EgoyMDI2MDkxNi4wIJJjKgBIAVAD&rclk=1,,
SPPG KLUKENG NUKING,Nusa Tenggara Timur,Wotan Ulumando,Flores Timur,"H3XR+636 SPPG Klukeng Nuking, Klukengnuking, Wotan Ulumando, East Flores Regency, East Nusa Tenggara",FALSE,TRUE,FALSE,-8.40196,123.090143,https://www.google.com/maps/place/SPPG+Klukeng+Nuking/data=!4m7!3m6!1s0x2dab7d007afba575:0x39cc23ace65e7ffb!8m2!3d-8.40196!4d123.0901435!16s%2Fg%2F11zd869ydf!19sChIJdaX7egB9qy0R-39e5qwjzDk?authuser=0&hl=id&g_ep=EgoyMDI2MDkxNi4wIJJjKgBIAVAD&rclk=1,,
SPPG EKASAPTA FLORES TIMUR,Nusa Tenggara Timur,Larantuka,Flores Timur,"MX8X+P6V SPPG EKASAPTA FLORES TIMUR, Rutan Lama, RT.018/RW.009, Kampung Baru, Ekasapta, Kec. Larantuka, Kabupaten Flores Timur, Nusa Tenggara Tim.",FALSE,TRUE,TRUE,-8.333138,122.998045,https://www.google.com/maps/place/SPPG+EKASAPTA+FLORES+TIMUR/data=!4m7!3m6!1s0x2dac81004812003d:0x323da708aecc610b!8m2!3d-8.3331376!4d122.998045!16s%2Fg%2F11ntckhs9m!19sChIJPQASSACBrC0RC2HMrginPTI?authuser=0&hl=id&g_ep=EgoyMDI2MDkxNi4wIJJjKgBIAVAD&rclk=1,,
SPPG POHON BAO,Nusa Tenggara Timur,Larantuka,Flores Timur,"Jl.sitrada, Ekasapta, Kec. Larantuka, Kabupaten Flores Timur, Nusa Tenggara Tim. 86212",FALSE,TRUE,TRUE,-8.332978,123.000258,https://www.google.com/maps/place/SPPG+POHON+BAO/data=!4m7!3m6!1s0x2dac810195ea8d83:0xe14b5297dc11c277!8m2!3d-8.3329778!4d123.0002577!16s%2Fg%2F11npc1hvh2!19sChIJg43qlQGBrC0Rd8IR3JdSS-E?authuser=0&hl=id&g_ep=EgoyMDI2MDkxNi4wIJJjKgBIAVAD&rclk=1,,
DAPUR SPPG SOLOR BARAT,Nusa Tenggara Timur,Solor Barat,Flores Timur,"H244+VGH DAPUR SPPG SOLOR BARAT, Ongalereng, Kec. Solor Bar., Kabupaten Flores Timur, Nusa Tenggara Tim.",FALSE,TRUE,TRUE,-8.442813,123.006373,https://www.google.com/maps/place/DAPUR+SPPG+SOLOR+BARAT/data=!4m7!3m6!1s0x2dac83001a474955:0x901fdc95a1ecd800!8m2!3d-8.4428131!4d123.0063726!16s%2Fg%2F11ymks3ct7!19sChIJVUlHGgCDrC0RANjsoZXcH5A?authuser=0&hl=id&g_ep=EgoyMDI2MDkxNi4wIJJjKgBIAVAD&rclk=1,,
DAPUR SPPG LABELAN,Nusa Tenggara Timur,Solor Tim.,Flores Timur,"H49G+36 DAPUR SPPG LABELAN, Labelen, Kec. Solor Tim., Kabupaten Flores Timur, Nusa Tenggara Tim.",FALSE,TRUE,TRUE,-8.432255,123.125538,https://www.google.com/maps/place/DAPUR+SPPG+LABELAN/data=!4m7!3m6!1s0x2dab7d003de921eb:0xdc0f36652e03eb41!8m2!3d-8.432255!4d123.125538!16s%2Fg%2F11yq8w9qrt!19sChIJ6yHpPQB9qy0RQesDLmU2D9w?authuser=0&hl=id&g_ep=EgoyMDI2MDkxNi4wIJJjKgBIAVAD&rclk=1,,
SPPG NUBALEMA 2,Nusa Tenggara Timur,Adonara Tengah,Flores Timur,"M5Q4+HQX SPPG Nubalema 2, Nubalema, Adonara Tengah, East Flores Regency, East Nusa Tenggara",FALSE,TRUE,FALSE,-8.30997,123.157117,https://www.google.com/maps/place/SPPG+Nubalema+2/data=!4m7!3m6!1s0x2dab81003d3ae9ff:0x8b7ac5ff582c0c5c!8m2!3d-8.3099704!4d123.1571167!16s%2Fg%2F11nvttrhm3!19sChIJ_-k6PQCBqy0RXAwsWP_Feos?authuser=0&hl=id&g_ep=EgoyMDI2MDkxNi4wIJJjKgBIAVAD&rclk=1,,
DAPUR SPPG LERENG SABURI,Nusa Tenggara Timur,Adonara Tengah,Flores Timur,"M5F2+J9X DAPUR SPPG LERENG SABURI, Kenotan, Kec. Adonara Tengah, Kabupaten Flores Timur, Nusa Tenggara Tim.",FALSE,TRUE,TRUE,-8.326818,123.153025,https://www.google.com/maps/place/DAPUR+SPPG+LERENG+SABURI/data=!4m7!3m6!1s0x2dab7f007313e949:0x1956c9711541f1c0!8m2!3d-8.326818!4d123.153025!16s%2Fg%2F11yp0cpqbx!19sChIJSekTcwB_qy0RwPFBFXHJVhk?authuser=0&hl=id&g_ep=EgoyMDI2MDkxNi4wIJJjKgBIAVAD&rclk=1,,
DAPUR SPPG TITEHENA,Nusa Tenggara Timur,Titehena,Flores Timur,"HRRJ+HJX DAPUR SPPG TITEHENA, Lewoingu, Titehena, East Flores Regency, East Nusa Tenggara",FALSE,TRUE,FALSE,-8.407712,122.831132,https://www.google.com/maps/place/DAPUR+SPPG+TITEHENA/data=!4m7!3m6!1s0x2dac890060830a57:0xa057459528373af5!8m2!3d-8.4077124!4d122.8311322!16s%2Fg%2F11zk83byqx!19sChIJVwqDYACJrC0R9To3KJVFV6A?authuser=0&hl=id&g_ep=EgoyMDI2MDkxNi4wIJJjKgBIAVAD&rclk=1,,
DAPUR SPPG NUSA BUNGA,,Tj. Bunga,Flores Timur,"RVGW+9PC DAPUR SPPG NUSA BUNGA, Ratu Lodong, Kec. Tj. Bunga, Kabupaten Flores Timur, Nusa Tenggara Tim.",FALSE,TRUE,TRUE,-8.173011,122.89726,"https://www.google.com/maps/place/DAPUR+SPPG+NUSA+BUNGA/@-8.1730114,122.8972604,17z/data=!3m1!4b1!4m6!3m5!1s0x2dac6f0033805dfb:0x859b65a97c0c0026!8m2!3d-8.1730114!4d122.8972604!16s%2Fg%2F11yn_q9z98?hl=id&entry=ttu&g_ep=EgoyMDI2MDkxNi4wIKXMDSoASAFQAw%3D%3D",,
DAPUR SPPG LAMAWALANG,Nusa Tenggara Timur,Larantuka,Flores Timur,"Belakang Terminal No.3, Belakang Terminal No.3, Lamawalang, Kec. Larantuka, Kabupaten Flores Timur, Nusa Tenggara Tim.",FALSE,TRUE,TRUE,-8.333858,122.935831,https://www.google.com/maps/place/DAPUR+SPPG+LAMAWALANG/data=!4m7!3m6!1s0x2dac7d00461099af:0xc0a9f55371fcdab0!8m2!3d-8.3338578!4d122.9358315!16s%2Fg%2F11x78gl98p!19sChIJr5kQRgB9rC0RsNr8cVP1qcA?authuser=0&hl=id&g_ep=EgoyMDI2MDkxNi4wIJJjKgBIAVAD&rclk=1,,
SPPG YAYASAN CIPTA RESILIENSI INDONESIA,Nusa Tenggara Timur,Ile Mandiri,Flores Timur,"P2F2+MCF SPPG YAYASAN CIPTA RESILIENSI INDONESIA, Jl. Soekarno - Hatta, Tiwatobi, Kec. Ile Mandiri, Kabupaten Flores Timur, Nusa Tenggara Tim.",FALSE,TRUE,TRUE,-8.2758,123.001043,https://www.google.com/maps/place/SPPG+YAYASAN+CIPTA+RESILIENSI+INDONESIA/data=!4m7!3m6!1s0x2dac7f00132b1327:0xc2929b5afcd20146!8m2!3d-8.2758004!4d123.0010433!16s%2Fg%2F11z83h82ms!19sChIJJxMrEwB_rC0RRgHS_FqbksI?authuser=0&hl=id&g_ep=EgoyMDI2MDkxNi4wIJJjKgBIAVAD&rclk=1,,
SPPG ILE MANDIRI 1,Nusa Tenggara Timur,Ile Mandiri,Flores Timur,"Jl. Soekarno - Hatta, Tiwatobi, Kec. Ile Mandiri, Kabupaten Flores Timur, Nusa Tenggara Tim. 86211",FALSE,TRUE,TRUE,-8.276568,123.004842,https://www.google.com/maps/place/SPPG+ILE+MANDIRI+1/data=!4m7!3m6!1s0x2dac7f002bf88545:0x18477b4b470ce32!8m2!3d-8.2765682!4d123.0048418!16s%2Fg%2F11zc31pptx!19sChIJRYX4KwB_rC0RMs5wtLR3hAE?authuser=0&hl=id&g_ep=EgoyMDI2MDkxNi4wIJJjKgBIAVAD&rclk=1,,
SPPG WAIBURAK,Nusa Tenggara Timur,Adonara,Flores Timur,"J59H+4P7 SPPG WAIBURAK, Waiburak, Kec. Adonara Tim., Kabupaten Flores Timur, Nusa Tenggara Tim.",FALSE,TRUE,TRUE,-8.382219,123.179299,https://www.google.com/maps/place/SPPG+WAIBURAK/data=!4m7!3m6!1s0x2dab79004369a227:0xab4e0da91e8ca888!8m2!3d-8.3822192!4d123.1792987!16s%2Fg%2F11zc3218g7!19sChIJJ6JpQwB5qy0RiKiMHqkNTqs?authuser=0&hl=id&g_ep=EgoyMDI2MDkxNi4wIJJjKgBIAVAD&rclk=1,,
DAPUR SPPG LEWOKELENG,Nusa Tenggara Timur,Adonara,Flores Timur,"J69C+WGX Dapur SPPG Lewokeleng, Lewo Keleng, Kec. Adonara Tim., Kabupaten Flores Timur, Nusa Tenggara Tim.",FALSE,TRUE,TRUE,-8.380126,123.221325,https://www.google.com/maps/place/Dapur+SPPG+Lewokeleng/data=!4m7!3m6!1s0x2dab79006cbeb149:0xa348e7bf69feb956!8m2!3d-8.3801256!4d123.2213254!16s%2Fg%2F11njkphcn9!19sChIJSbG-bAB5qy0RVrn-ab_nSKM?authuser=0&hl=id&g_ep=EgoyMDI2MDkxNi4wIJJjKgBIAVAD&rclk=1,,
SPPG NISAKARANG,Nusa Tenggara Timur,Kelubagolit,Flores Timur,"M6MH+44X SPPG Nisakarang, Nisakarang, Kelubagolit, East Flores Regency, East Nusa Tenggara",FALSE,TRUE,FALSE,-8.317135,123.22786,https://www.google.com/maps/place/SPPG+Nisakarang/data=!4m7!3m6!1s0x2dab7900525c76e1:0x200426416693143a!8m2!3d-8.317135!4d123.2278597!16s%2Fg%2F11zh5z9ym1!19sChIJ4XZcUgB5qy0ROhSTZkEmBCA?authuser=0&hl=id&g_ep=EgoyMDI2MDkxNi4wIJJjKgBIAVAD&rclk=1,,
SPPG KARING LAMALOUK,Nusa Tenggara Timur,Adonara Timur,Flores Timur,"M668+94G SPPG Karing Lamalouk, Karinglamalouk, Adonara Timur, East Flores Regency, East Nusa Tenggara",FALSE,TRUE,FALSE,-8.33907,123.21533,https://www.google.com/maps/place/SPPG+Karing+Lamalouk/data=!4m7!3m6!1s0x2dab790052eacd57:0x12955a9196cb549a!8m2!3d-8.3390696!4d123.21533!16s%2Fg%2F11zh5z2s32!19sChIJV83qUgB5qy0RmlTLlpFalRI?authuser=0&hl=id&g_ep=EgoyMDI2MDkxNi4wIJJjKgBIAVAD&rclk=1,,
SPPG ALAK PENKASE,Nusa Tenggara Timur,Alak,Kota Kupang,"RH53+984 Sppg alak penkase, Jl. Penkase Jl. Oeleta Raya, oeleta, Kec. Alak, Kota Kupang, Nusa Tenggara Tim. 85231",FALSE,TRUE,TRUE,-10.191999,123.553563,https://www.google.com/maps/place/Sppg+alak+penkase/data=!4m7!3m6!1s0x2c569b007a7e015f:0x9f9b846205e7f5cb!8m2!3d-10.1919987!4d123.5535634!16s%2Fg%2F11x_1p10qk!19sChIJXwF-egCbViwRy_XnBWKEm58?authuser=0&hl=id&g_ep=EgoyMDI2MDkxNi4wIJJjKgBIAVAD&rclk=1,,
SPPG KHUSUS ALAK NAMOSAIN,Nusa Tenggara Timur,Alak,Kota Kupang,"RH93+RWG SPPG Khusus Alak Namosain, Namosain, Kec. Alak, Kota Kupang, Nusa Tenggara Tim.",FALSE,TRUE,TRUE,-10.180431,123.554813,https://www.google.com/maps/place/SPPG+Khusus+Alak+Namosain/data=!4m7!3m6!1s0x2c569d007aa622b5:0xda558d47baa2fa49!8m2!3d-10.1804312!4d123.5548129!16s%2Fg%2F11n3wlddnb!19sChIJtSKmegCdViwRSfqiukeNVdo?authuser=0&hl=id&g_ep=EgoyMDI2MDkxNi4wIJJjKgBIAVAD&rclk=1,,
SPPG KOTA KUPANG ALAK NAMOSAIN,Nusa Tenggara Timur,Alak,Kota Kupang,"RH94+W23 SPPG Kota Kupang Alak Namosain, Namosain, Kec. Alak, Kota Kupang, Nusa Tenggara Tim.",FALSE,TRUE,TRUE,-10.180244,123.55504,https://www.google.com/maps/place/SPPG+Kota+Kupang+Alak+Namosain/data=!4m7!3m6!1s0x2c569d00176fce1d:0x51d45c9dd8e6c6ab!8m2!3d-10.1802438!4d123.5550399!16s%2Fg%2F11lyr_r858!19sChIJHc5vFwCdViwRq8bm2J1c1FE?authuser=0&hl=id&g_ep=EgoyMDI2MDkxNi4wIJJjKgBIAVAD&rclk=1,,
SPPG KOTA KUPANG ALAK FATUFETO,Nusa Tenggara Timur,Alak,Kota Kupang,"Jl. Gong No.10, Fatufeto, Kec. Alak, Kota Kupang, Nusa Tenggara Tim. 85234",FALSE,TRUE,TRUE,-10.165282,123.574085,https://www.google.com/maps/place/SPPG+KOTA+KUPANG+ALAK+FATUFETO/data=!4m7!3m6!1s0x2c569d0011ff8d9b:0xfcb1ecc51460bc8e!8m2!3d-10.1652816!4d123.574085!16s%2Fg%2F11zc2t12j6!19sChIJm43_EQCdViwRjrxgFMXssfw?authuser=0&hl=id&g_ep=EgoyMDI2MDkxNi4wIJJjKgBIAVAD&rclk=1,,
SPPG ALAK NAMOSAIN 2,Nusa Tenggara Timur,Alak,Kota Kupang,"RHF5+P55 SPPG ALAK NAMOSAIN 2, Namosain, Kec. Alak, Kota Kupang, Nusa Tenggara Tim.",FALSE,TRUE,TRUE,-10.177094,123.55813,https://www.google.com/maps/place/SPPG+ALAK+NAMOSAIN+2/data=!4m7!3m6!1s0x2c569d004592b0a9:0x6faab6673c0a412e!8m2!3d-10.1770942!4d123.5581297!16s%2Fg%2F11zc37n18c!19sChIJqbCSRQCdViwRLkEKPGe2qm8?authuser=0&hl=id&g_ep=EgoyMDI2MDkxNi4wIJJjKgBIAVAD&rclk=1,,
SPPG KOTA KUPANG KOTA RAJA NAIKOTEN 1,Nusa Tenggara Timur,Kota Raja,Kota Kupang,"RH9X+2WM SPPG KOTA KUPANG KOTA RAJA NAIKOTEN 1, Jl. Moto Ain, Naikoten I, Kec. Kota Raja, Kota Kupang, Nusa Tenggara Tim. 85142",FALSE,TRUE,TRUE,-10.182342,123.599508,https://www.google.com/maps/place/SPPG+KOTA+KUPANG+KOTA+RAJA+NAIKOTEN+1/data=!4m7!3m6!1s0x2c569b7f3209126b:0x3f1b5ed5f65e423c!8m2!3d-10.1830492!4d123.5998194!16s%2Fg%2F11z83v3xgd!19sChIJaxIJMn-bViwRPEJe9tVeGz8?authuser=0&hl=id&g_ep=EgoyMDI2MDkxNi4wIJJjKgBIAVAD&rclk=1,,
SPPG MERDEKA, KOTA LAMA, KOTA KUPANG,Nusa Tenggara Timur,Kota Lama,Kota Kupang,"Jl. A. Yani No.51, Merdeka, Kec. Kota Lama, Kota Kupang, Nusa Tenggara Tim.",FALSE,TRUE,TRUE,-10.16051,123.586651,"https://www.google.com/maps/place/SPPG+Merdeka,+Kota+Lama,+Kota+Kupang./data=!4m7!3m6!1s0x2c569d005b945883:0x752791629e4b1669!8m2!3d-10.1605099!4d123.5866515!16s%2Fg%2F11yn9wvnw2!19sChIJg1iUWwCdViwRaRZLnmKRJ3U?authuser=0&hl=id&g_ep=EgoyMDI2MDkxNi4wIJJjKgBIAVAD&rclk=1"
SPPG KOTA KUPANG ALAK MANULAI II,Nusa Tenggara Timur,Alak,Kota Kupang,"QHRH+77J SPPG KOTA KUPANG ALAK MANULAI II, Jl. Alfons Nisnoni, RT.5/RW.002, Manulai II, Kec. Alak, Kota Kupang, Nusa Tenggara Tim.",FALSE,TRUE,TRUE,-10.209289,123.578148,https://www.google.com/maps/place/SPPG+KOTA+KUPANG+ALAK+MANULAI+II/data=!4m7!3m6!1s0x2c569b00763783c7:0x5c1f55c5613c1920!8m2!3d-10.2092895!4d123.5781479!16s%2Fg%2F11z9gk6hd6!19sChIJx4M3dgCbViwRIBk8YcVVH1w?authuser=0&hl=id&g_ep=EgoyMDI2MDkxNi4wIJJjKgBIAVAD&rclk=1,,
SPPG KOTA KUPANG ALAK ALAK,Nusa Tenggara Timur,Alak,Kota Kupang,"RG3M+56X SPPG Kota Kupang Alak Alak, Alak, Kec. Alak, Kota Kupang, Nusa Tenggara Tim.",FALSE,TRUE,TRUE,-10.197005,123.533123,https://www.google.com/maps/place/SPPG+Kota+Kupang+Alak+Alak/data=!4m7!3m6!1s0x2c569b00714640cd:0x4bc034a426a20790!8m2!3d-10.1970049!4d123.5331232!16s%2Fg%2F11zc31_dxk!19sChIJzUBGcQCbViwRkAeiJqQ0wEs?authuser=0&hl=id&g_ep=EgoyMDI2MDkxNi4wIJJjKgBIAVAD&rclk=1,,
SPPG OEBOBO 4,Nusa Tenggara Timur,Oebobo,Kota Kupang,"Jln.Dodiklat No.6, Oebobo, Kec. Oebobo, Kota Kupang, Nusa Tenggara Tim.",FALSE,TRUE,TRUE,-10.16214,123.594883,https://www.google.com/maps/place/SPPG+OEBOBO+4/data=!4m7!3m6!1s0x2c569d0020de13cd:0x54d0c94ada5dedfd!8m2!3d-10.1621402!4d123.5948832!16s%2Fg%2F11z8h4k4bt!19sChIJzRPeIACdViwR_e1d2krJ0FQ?authuser=0&hl=id&g_ep=EgoyMDI2MDkxNi4wIJJjKgBIAVAD&rclk=1,,
SPPG KOTA KUPANG MAULAFA MAULAFA 2,Nusa Tenggara Timur,Maulafa,Kota Kupang,"RJ87+WF3 SPPG KOTA KUPANG MAULAFA MAULAFA 2, Jl. Amabi, Maulafa, Kupang City, East Nusa Tenggara",FALSE,TRUE,TRUE,-10.182737,123.613674,https://www.google.com/maps/place/SPPG+KOTA+KUPANG+MAULAFA+MAULAFA+2/data=!4m7!3m6!1s0x2c569b005ef120d5:0x7ca06d97c1d8e94!8m2!3d-10.1827366!4d123.613674!16s%2Fg%2F11njwr8lkk!19sChIJ1SDxXgCbViwRlI4dfNkGygc?authuser=0&hl=id&g_ep=EgoyMDI2MDkxNi4wIJJjKgBIAVAD&rclk=1,,
SPPG OESAPA SELATAN,Bali,Selat,Kota Kupang,"RJVX+23F Oesapa Selatan, Kupang City, East Nusa Tenggara 10°0926.8S 123°3851.6E -10, 157446 No.123.647671, Oesapa Sel., Kec. Klp. Lima, Kota Kupang, Nusa Tenggara Tim. 85228",FALSE,TRUE,TRUE,-10.157443,123.647678,https://www.google.com/maps/place/SPPG+OESAPA+SELATAN/data=!4m7!3m6!1s0x2c56835f4a13c9f9:0x86778b0a6bd4b737!8m2!3d-10.157443!4d123.6476775!16s%2Fg%2F11nqqh1fbn!19sChIJ-ckTSl-DViwRN7fUawqLd4Y?authuser=0&hl=id&g_ep=EgoyMDI2MDkxNi4wIJJjKgBIAVAD&rclk=1,,
SPPG KOTA KUPANG MAULAFA 5 ( BELLO ),Nusa Tenggara Timur,Maulafa,Kota Kupang,"QJMF+FH6 SPPG Kota Kupang Maulafa 5 ( Bello ), Bello, Kec. Maulafa, Kota Kupang, Nusa Tenggara Tim.",FALSE,TRUE,TRUE,-10.216335,123.623904,https://www.google.com/maps/place/SPPG+Kota+Kupang+Maulafa+5+%28+Bello+%29/data=!4m7!3m6!1s0x2c56850069dac7eb:0xee158feacbf8885b!8m2!3d-10.2163347!4d123.6239039!16s%2Fg%2F11xvg1fk11!19sChIJ68faaQCFViwRW4j4y-qPFe4?authuser=0&hl=id&g_ep=EgoyMDI2MDkxNi4wIJJjKgBIAVAD&rclk=1,,
SPPG KOTA KUPANG OEBOBO LILIBA,Sumatera Utara,Merdeka,Kota Kupang,"Jl. Perintis Kemerdekaan I No.52, Kayu Putih, Kec. Oebobo, Kota Kupang, Nusa Tenggara Tim. 85228",FALSE,TRUE,TRUE,-10.168438,123.621023,https://www.google.com/maps/place/SPPG+KOTA+KUPANG+OEBOBO+LILIBA/data=!4m7!3m6!1s0x2c5683000c3845df:0x269aed4f1d58bd4b!8m2!3d-10.1684379!4d123.6210226!16s%2Fg%2F11z83mj8sx!19sChIJ30U4DACDViwRS71YHU_tmiY?authuser=0&hl=id&g_ep=EgoyMDI2MDkxNi4wIJJjKgBIAVAD&rclk=1,,
SPPG KOTA KUPANG MAULAFA MAULAFA,Nusa Tenggara Timur,Maulafa,Kota Kupang,"Jl. Fetor Funay, Maulafa, Kec. Maulafa, Kota Kupang, Nusa Tenggara Tim. 85142",FALSE,TRUE,TRUE,-10.189853,123.616949,https://www.google.com/maps/place/SPPG+KOTA+KUPANG+MAULAFA+MAULAFA/data=!4m7!3m6!1s0x2c569b002e3fbf6d:0x9592227817753b63!8m2!3d-10.1898535!4d123.6169487!16s%2Fg%2F11xkm0q3gy!19sChIJbb8_LgCbViwRYzt1F3gikpU?authuser=0&hl=id&g_ep=EgoyMDI2MDkxNi4wIJJjKgBIAVAD&rclk=1,,
SPPG MAULAFA NAIMATA,Nusa Tenggara Timur,Kupang Tengah,Kupang,"RMPH+449 SPPG MAULAFA NAIMATA, Penfui Tim., Kec. Kupang Tengah, Kabupaten Kupang, Nusa Tenggara Tim.",FALSE,TRUE,TRUE,-10.16477,123.677944,https://www.google.com/maps/place/SPPG+MAULAFA+NAIMATA/data=!4m7!3m6!1s0x2c56830036948cb5:0xcb3bc97c23791b28!8m2!3d-10.1647695!4d123.6779443!16s%2Fg%2F11njgph_f7!19sChIJtYyUNgCDViwRKBt5I3zJO8s?authuser=0&hl=id&g_ep=EgoyMDI2MDkxNi4wIJJjKgBIAVAD&rclk=1,,
SPPG KOTA KUPANG OEBOBO TUAK DAUN MERAH,Nusa Tenggara Timur,Oebobo,Kota Kupang,"Jl. Bund. PU No.54, Tuak Daun Merah, Kec. Oebobo, Kota Kupang, Nusa Tenggara Tim. 85228",FALSE,TRUE,TRUE,-10.163299,123.630578,https://www.google.com/maps/place/SPPG+KOTA+KUPANG+OEBOBO+TUAK+DAUN+MERAH/data=!4m7!3m6!1s0x2c5683006d829fe1:0xd7b482e7a3265182!8m2!3d-10.1632992!4d123.6305783!16s%2Fg%2F11zc31qyqf!19sChIJ4Z-CbQCDViwRglEmo-eCtNc?authuser=0&hl=id&g_ep=EgoyMDI2MDkxNi4wIJJjKgBIAVAD&rclk=1,,
SPPG MAULAFA 7,Nusa Tenggara Timur,Maulafa,Kota Kupang,"QJVG+926 SPPG MAULAFA 7, Jl. Neten Lila, Bello, Kec. Maulafa, Kota Kupang, Nusa Tenggara Tim.",FALSE,TRUE,TRUE,-10.206588,123.625004,https://www.google.com/maps/place/SPPG+MAULAFA+7/data=!4m7!3m6!1s0x2c5685004f655549:0xa0306795730bc0a1!8m2!3d-10.2065879!4d123.6250042!16s%2Fg%2F11xt4rr2l9!19sChIJSVVlTwCFViwRocALc5VnMKA?authuser=0&hl=id&g_ep=EgoyMDI2MDkxNi4wIJJjKgBIAVAD&rclk=1,,
SPPG KELAPA LIMA OESAPA BARAT,Jawa Timur,Kota,Kota Kupang,"Oesapa Bar., Kec. Klp. Lima, Kota Kupang, Nusa Tenggara Tim.",FALSE,TRUE,TRUE,-10.153807,123.630421,https://www.google.com/maps/place/SPPG+KELAPA+LIMA+OESAPA+BARAT/data=!4m7!3m6!1s0x2c5683005cd5e1e7:0x90f60ef6cc7a789!8m2!3d-10.1538075!4d123.6304209!16s%2Fg%2F11x0tl6b0l!19sChIJ5-HVXACDViwRiafHbO9gDwk?authuser=0&hl=id&g_ep=EgoyMDI2MDkxNi4wIJJjKgBIAVAD&rclk=1,,
SPPG KOTA KUPANG KELAPA LIMA 3,Nusa Tenggara Timur,Kelapa Lima,Kota Kupang,"RJX8+PGV SPPG Kota Kupang Kelapa Lima 3, Jl. RA Kartini, Klp. Lima, Kec. Klp. Lima, Kota Kupang, Nusa Tenggara Tim.",FALSE,TRUE,TRUE,-10.150644,123.616378,https://www.google.com/maps/place/SPPG+Kota+Kupang+Kelapa+Lima+3/data=!4m7!3m6!1s0x2c569d005ac01f19:0x9719d0956385ca2b!8m2!3d-10.1506437!4d123.6163777!16s%2Fg%2F11z83h8v72!19sChIJGR_AWgCdViwRK8qFY5XQGZc?authuser=0&hl=id&g_ep=EgoyMDI2MDkxNi4wIJJjKgBIAVAD&rclk=1,,
SPPG KOTA KUPANG KELAPA LIMA OESAPA,Jawa Timur,Kota,Kota Kupang,"Jl. Nasional Trans-Timor No.10, Oesapa, Kec. Klp. Lima, Kota Kupang, Nusa Tenggara Tim. 85228",FALSE,TRUE,TRUE,-10.148707,123.647617,https://www.google.com/maps/place/SPPG+KOTA+KUPANG+KELAPA+LIMA+OESAPA/data=!4m7!3m6!1s0x2c56830010e11af7:0x760fca1d1c42363f!8m2!3d-10.148707!4d123.6476174!16s%2Fg%2F11z8347xs2!19sChIJ9xrhEACDViwRPzZCHB3KD3Y?authuser=0&hl=id&g_ep=EgoyMDI2MDkxNi4wIJJjKgBIAVAD&rclk=1,,
SPPG KOTA KUPANG KOTA RAJA NAIKOTEN 1,Nusa Tenggara Timur,Kota Raja,Kota Kupang,"Jalan Seruni, Naikoten I, Kec. Kota Raja, Kota Kupang, Nusa Tenggara Tim. 85118",FALSE,TRUE,TRUE,-10.183049,123.599819,https://www.google.com/maps/place/SPPG+KOTA+KUPANG+KOTA+RAJA+NAIKOTEN+1/data=!4m7!3m6!1s0x2c569b7f3209126b:0x3f1b5ed5f65e423c!8m2!3d-10.1830492!4d123.5998194!16s%2Fg%2F11z83v3xgd!19sChIJaxIJMn-bViwRPEJe9tVeGz8?authuser=0&hl=id&g_ep=EgoyMDI2MDkxNi4wIJJjKgBIAVAD&rclk=1,,
SPPG KOTA KUPANG OEBOBO 1,Nusa Tenggara Timur,Oebobo,Kota Kupang,"RJH3+9QV SPPG KOTA KUPANG OEBOBO 1, Oebobo, Kec. Oebobo, Kota Kupang, Nusa Tenggara Tim.",FALSE,TRUE,TRUE,-10.171639,123.604449,https://www.google.com/maps/place/SPPG+KOTA+KUPANG+OEBOBO+1/data=!4m7!3m6!1s0x2c569d0044d02cdb:0xe24b1f771ffe5b28!8m2!3d-10.1716389!4d123.6044489!16s%2Fg%2F11zc2qxdk8!19sChIJ2yzQRACdViwRKFv-H3cfS-I?authuser=0&hl=id&g_ep=EgoyMDI2MDkxNi4wIJJjKgBIAVAD&rclk=1,,
SPPG KOTA KUPANG MAULAFA OEPURA,Nusa Tenggara Timur,Maulafa,Kota Kupang,"RJ67+5J5 SPPG Kota Kupang Maulafa Oepura, Jl. Fetor Funay, Oepura, Kec. Maulafa, Kota Kupang, Nusa Tenggara Tim. 85142",FALSE,TRUE,TRUE,-10.189606,123.614038,https://www.google.com/maps/place/SPPG+Kota+Kupang+Maulafa+Oepura/data=!4m7!3m6!1s0x2c569b00603e2bd5:0x69aff5984e2c0b39!8m2!3d-10.1896063!4d123.6140385!16s%2Fg%2F11zb70tp0v!19sChIJ1Ss-YACbViwROQssTpj1r2k?authuser=0&hl=id&g_ep=EgoyMDI2MDkxNi4wIJJjKgBIAVAD&rclk=1,,
SPPG MAULAFA PENFUI KOTA KUPANG,Nusa Tenggara Timur,Maulafa,Kota Kupang,"Jl. Adisucipto No.20, Penfui, Kec. Maulafa, Kota Kupang, Nusa Tenggara Tim.",FALSE,TRUE,TRUE,-10.178192,123.659873,https://www.google.com/maps/place/SPPG+MAULAFA+PENFUI+KOTA+KUPANG/data=!4m7!3m6!1s0x2c568500520c8e3b:0xb24568cf240e71cf!8m2!3d-10.1781918!4d123.6598727!16s%2Fg%2F11npcb09p6!19sChIJO44MUgCFViwRz3EOJM9oRbI?authuser=0&hl=id&g_ep=EgoyMDI2MDkxNi4wIJJjKgBIAVAD&rclk=1,,
SPPG MAULAFA 8,Nusa Tenggara Timur,Maulafa,Kota Kupang,"Blok K, Kolhua, Kec. Maulafa, Kota Kupang, Nusa Tenggara Tim. 85142",FALSE,TRUE,TRUE,-10.198801,123.628685,https://www.google.com/maps/place/SPPG+MAULAFA+8/data=!4m7!3m6!1s0x2c568500074ac4ab:0xd74ac144fd31057f!8m2!3d-10.1988007!4d123.6286848!16s%2Fg%2F11yjw83x8c!19sChIJq8RKBwCFViwRfwUx_UTBStc?authuser=0&hl=id&g_ep=EgoyMDI2MDkxNi4wIJJjKgBIAVAD&rclk=1,,
SPPG MAULAFA SIKUMANA,Nusa Tenggara Timur,Maulafa,Kota Kupang,"Bello, Kec. Maulafa, Kota Kupang, Nusa Tenggara Tim.",FALSE,TRUE,TRUE,-10.218697,123.617941,https://www.google.com/maps/place/SPPG+MAULAFA+SIKUMANA/data=!4m7!3m6!1s0x2c5685000f23639b:0x99005dc1e29ee7f!8m2!3d-10.2186967!4d123.6179408!16s%2Fg%2F11npjk_9y0!19sChIJm2MjDwCFViwRf-4pHtwFkAk?authuser=0&hl=id&g_ep=EgoyMDI2MDkxNi4wIJJjKgBIAVAD&rclk=1,,
SPPG KOTA RAJA KUANINO,Nusa Tenggara Timur,Kota Raja,Kota Kupang,"RHJR+F4F SPPG KOTA RAJA KUANINO, Kuanino, Kec. Kota Raja, Kota Kupang, Nusa Tenggara Tim.",FALSE,TRUE,TRUE,-10.168807,123.590312,https://www.google.com/maps/place/SPPG+KOTA+RAJA+KUANINO/data=!4m7!3m6!1s0x2c569d0010aebb6b:0xd3a0be86329e4a23!8m2!3d-10.1688068!4d123.5903123!16s%2Fg%2F11zhn9zwt2!19sChIJa7uuEACdViwRI0qeMoa-oNM?authuser=0&hl=id&g_ep=EgoyMDI2MDkxNi4wIJJjKgBIAVAD&rclk=1,,
SPPG KOTA KUPANG KOTA RAJA FONTEIN,Nusa Tenggara Timur,Kota Raja,Kota Kupang,"RHMM+X9F SPPG Kota Kupang Kota Raja Fontein, Fontein, Kec. Kota Raja, Kota Kupang, Nusa Tenggara Tim.",FALSE,TRUE,TRUE,-10.165056,123.583423,https://www.google.com/maps/place/SPPG+Kota+Kupang+Kota+Raja+Fontein/data=!4m7!3m6!1s0x2c569d0029fcae7d:0x72c076872cef9af6!8m2!3d-10.1650562!4d123.5834228!16s%2Fg%2F11zc2v8pjj!19sChIJfa78KQCdViwR9prvLId2wHI?authuser=0&hl=id&g_ep=EgoyMDI2MDkxNi4wIJJjKgBIAVAD&rclk=1,,
SPPG NUNLEU KOTA RAJA 1,Nusa Tenggara Timur,Kota Raja,Kota Kupang,"RHCV+M2C SPPG Nunleu Kota Raja 1, Nunleu, Kec. Kota Raja, Kota Kupang, Nusa Tenggara Tim.",FALSE,TRUE,TRUE,-10.178259,123.592466,https://www.google.com/maps/place/SPPG+Nunleu+Kota+Raja+1/data=!4m7!3m6!1s0x2c569d002581c363:0x57f3a9f0e6545b5e!8m2!3d-10.1782595!4d123.5924661!16s%2Fg%2F11xyf9gg67!19sChIJY8OBJQCdViwRXltU5vCp81c?authuser=0&hl=id&g_ep=EgoyMDI2MDkxNi4wIJJjKgBIAVAD&rclk=1,,
"SPPG KOTA LAMA, PASPAN 2 KOTA KUPANG",Nusa Tenggara Timur,Kota Lama,Kota Kupang,"RJW5+QF7 SPPG Kota Lama, Paspan 2 Kota Kupang, Pasir Panjang, Kec. Kota Lama, Kota Kupang, Nusa Tenggara Tim.",FALSE,TRUE,TRUE,-10.153087,123.608675,"https://www.google.com/maps/place/SPPG+Kota+Lama,+Paspan+2+Kota+Kupang/data=!4m7!3m6!1s0x2c569d001ab377ab:0x69dabe8cb0c03fe5!8m2!3d-10.1530868!4d123.6086754!16s%2Fg%2F11ytk0_12g!19sChIJq3ezGgCdViwR5T_AsIy-2mk?authuser=0&hl=id&g_ep=EgoyMDI2MDkxNi4wIJJjKgBIAVAD&rclk=1",,
SPPG KOTA KUPANG KOTA LAMA NEFONAEK,Nusa Tenggara Timur,Kota Lama,Kota Kupang,"RJR2+QM6 SPPG KOTA KUPANG KOTA LAMA NEFONAEK, Nefonaek, Kec. Kota Lama, Kota Kupang, Nusa Tenggara Tim.",FALSE,TRUE,TRUE,-10.158051,123.601675,https://www.google.com/maps/place/SPPG+KOTA+KUPANG+KOTA+LAMA+NEFONAEK/data=!4m7!3m6!1s0x2c569d005367724b:0x813a21b98c252390!8m2!3d-10.1580506!4d123.6016748!16s%2Fg%2F11zjb4hmrn!19sChIJS3JnUwCdViwRkCMljLkhOoE?authuser=0&hl=id&g_ep=EgoyMDI2MDkxNi4wIJJjKgBIAVAD&rclk=1,,
SPPG TODE KISAR 2,Nusa Tenggara Timur,Kota Lama,Kota Kupang,"RHVM+2QM SPPG TODE KISAR 2, Jl. Sumatera, Todekisar, Kec. Kota Lama, Kota Kupang, Nusa Tenggara Tim.",FALSE,TRUE,TRUE,-10.157405,123.584425,https://www.google.com/maps/place/SPPG+TODE+KISAR+2/data=!4m7!3m6!1s0x2c569d007a04ebcb:0xac01f4b3bc5f30ee!8m2!3d-10.1574053!4d123.5844254!16s%2Fg%2F11npcjqnw5!19sChIJy-sEegCdViwR7jBfvLP0Aaw?authuser=0&hl=id&g_ep=EgoyMDI2MDkxNi4wIJJjKgBIAVAD&rclk=1,,
SPPG KELAPA LIMA 2,Jawa Timur,Kota,Kota Kupang,"Jl. Sam Ratulangi II No.2, Klp. Lima, Kec. Klp. Lima, Kota Kupang, Nusa Tenggara Tim. 85228",FALSE,TRUE,TRUE,-10.151246,123.628358,https://www.google.com/maps/place/SPPG+Kelapa+Lima+2/data=!4m7!3m6!1s0x2c56830069243da7:0x5fe2c4257fa3a18f!8m2!3d-10.1512459!4d123.6283578!16s%2Fg%2F11x8vx02gx!19sChIJpz0kaQCDViwRj6GjfyXE4l8?authuser=0&hl=id&g_ep=EgoyMDI2MDkxNi4wIJJjKgBIAVAD&rclk=1,,
SPPG KELAPA LIMA 1,Jawa Timur,Kota,Kota Kupang,"Jl. Nasional Trans-Timor No.288, Oesapa Bar., Kec. Klp. Lima, Kota Kupang, Nusa Tenggara Tim. 85228",FALSE,TRUE,TRUE,-10.148328,123.633748,https://www.google.com/maps/place/SPPG+KELAPA+LIMA+1/data=!4m7!3m6!1s0x6080c373536855dd:0x85de213ba710dfb4!8m2!3d-10.1483281!4d123.633748!16s%2Fg%2F11z7kvgzh1!19sChIJ3VVoU3PDgGARtN8Qpzsh3oU?authuser=0&hl=id&g_ep=EgoyMDI2MDkxNi4wIJJjKgBIAVAD&rclk=1,,
SPPG KELAPA LIMA LASIANA 2,Nusa Tenggara Timur,Kelapa Lima,Kota Kupang,"VM67+4JQ SPPG Kelapa Lima Lasiana 2, Jl. Nasional Trans-Timor, Lasiana, Kec. Klp. Lima, Kota Kupang, Nusa Tenggara Tim.",FALSE,TRUE,TRUE,-10.139654,123.664099,https://www.google.com/maps/place/SPPG+Kelapa+Lima+Lasiana+2/data=!4m7!3m6!1s0x2c568300762ef9b3:0xe50a3e092031ce2!8m2!3d-10.1396538!4d123.6640986!16s%2Fg%2F11zh_q_lbc!19sChIJs_kudgCDViwR4hwDkuCjUA4?authuser=0&hl=id&g_ep=EgoyMDI2MDkxNi4wIJJjKgBIAVAD&rclk=1,,
SPPG KOTA KUPANG KELAPA LIMA OESAPA 2,Nusa Tenggara Timur,Kelapa Lima,Kota Kupang,"RJXQ+2CP SPPG Kota Kupang Kelapa Lima Oesapa 2, Jl. Bunda Hati Kudus, Oesapa, Kec. Klp. Lima, Kota Kupang, Nusa Tenggara Tim.",FALSE,TRUE,TRUE,-10.152161,123.638603,https://www.google.com/maps/place/SPPG+Kota+Kupang+Kelapa+Lima+Oesapa+2/data=!4m7!3m6!1s0x2c56830019a3d565:0xad65abc036f163aa!8m2!3d-10.1521607!4d123.6386028!16s%2Fg%2F11z83h7qrp!19sChIJZdWjGQCDViwRqmPxNsCrZa0?authuser=0&hl=id&g_ep=EgoyMDI2MDkxNi4wIJJjKgBIAVAD&rclk=1,,
SPPG KELAPA LIMA LASIANA 1,Nusa Tenggara Timur,Kelapa Lima,Kota Kupang,"VM7G+G3R SPPG KELAPA LIMA LASIANA 1, Jl. Nasional Trans-Timor, Lasiana, Kec. Klp. Lima, Kota Kupang, Nusa Tenggara Tim.",FALSE,TRUE,TRUE,-10.136122,123.675114,https://www.google.com/maps/place/SPPG+KELAPA+LIMA+LASIANA+1/data=!4m7!3m6!1s0x2c5683de94147107:0xd82fb183ac9c5539!8m2!3d-10.1361218!4d123.6751139!16s%2Fg%2F11n54gcjq5!19sChIJB3EUlN6DViwROVWcrIOxL9g?authuser=0&hl=id&g_ep=EgoyMDI2MDkxNi4wIJJjKgBIAVAD&rclk=1,,
SPPG KOTA KUPANG OEBOBO 5,Nusa Tenggara Timur,Oebobo,Kota Kupang,"Jl. Hati Suci No.28, Oebobo, Kec. Oebobo, Kota Kupang, Nusa Tenggara Tim.",FALSE,TRUE,TRUE,-10.17303,123.60209,https://www.google.com/maps/place/SPPG+KOTA+KUPANG+OEBOBO+5/data=!4m7!3m6!1s0x2c569d003662c057:0x399d6471bfca0c64!8m2!3d-10.1730296!4d123.6020899!16s%2Fg%2F11z9g6bb17!19sChIJV8BiNgCdViwRZAzKv3FknTk?authuser=0&hl=id&g_ep=EgoyMDI2MDkxNi4wIJJjKgBIAVAD&rclk=1,,
"SPPG FATULULI, OEBOBO 5",Nusa Tenggara Timur,Oebobo,Kupang,"RJP5+2W2 SPPG Fatululi, Oebobo 5, Fatululi, Oebobo, Kupang City, East Nusa Tenggara",FALSE,TRUE,TRUE,-10.165034,123.609254,"https://www.google.com/maps/place/SPPG+Fatululi,+Oebobo+5/data=!4m7!3m6!1s0x2c569d003965eefb:0xda9c911d576de285!8m2!3d-10.1650338!4d123.6092541!16s%2Fg%2F11yhjy2dgl!19sChIJ--5lOQCdViwRheJtVx2RnNo?authuser=0&hl=id&g_ep=EgoyMDI2MDkxNi4wIJJjKgBIAVAD&rclk=1",,
SPPG OEBOBO 3,Nusa Tenggara Timur,Oebobo,Kota Kupang,"RJG2+HJH SPPG OEBOBO 3, Jl. Suprapto, Oebobo, Kec. Oebobo, Kota Kupang, Nusa Tenggara Tim.",FALSE,TRUE,TRUE,-10.173568,123.601604,https://www.google.com/maps/place/SPPG+OEBOBO+3/data=!4m7!3m6!1s0x2c569d00470fa09b:0xd1fb2980b315396c!8m2!3d-10.1735682!4d123.6016044!16s%2Fg%2F11yf_ngs30!19sChIJm6APRwCdViwRbDkVs4Ap-9E?authuser=0&hl=id&g_ep=EgoyMDI2MDkxNi4wIJJjKgBIAVAD&rclk=1,,
SPPG OEBOBO 2,Nusa Tenggara Timur,Oebobo,Kota Kupang,"Jl. El Tari No.17, Oebobo, Kec. Oebobo, Kota Kupang, Nusa Tenggara Tim.",FALSE,TRUE,TRUE,-10.173258,123.603101,https://www.google.com/maps/place/SPPG+OEBOBO+2/data=!4m7!3m6!1s0x2c569d002565fa8d:0x97e84d5f91be09b2!8m2!3d-10.1732581!4d123.6031009!16s%2Fg%2F11zc31yc2x!19sChIJjfplJQCdViwRsgm-kV9N6Jc?authuser=0&hl=id&g_ep=EgoyMDI2MDkxNi4wIJJjKgBIAVAD&rclk=1,,
SPPG OEBOBO 6,Nusa Tenggara Timur,Oebobo,Kota Kupang,"Jl. Hati Suci No.28, Oebobo, Kec. Oebobo, Kota Kupang, Nusa Tenggara Tim.",FALSE,TRUE,TRUE,-10.17303,123.60209,https://www.google.com/maps/place/SPPG+OEBOBO+6/data=!4m7!3m6!1s0x2c569d007ff84e0d:0x2b82bec9e2a60426!8m2!3d-10.1730296!4d123.6020899!16s%2Fg%2F11ykh0n969!19sChIJDU74fwCdViwRJgSm4sm-gis?authuser=0&hl=id&g_ep=EgoyMDI2MDkxNi4wIJJjKgBIAVAD&rclk=1,,
SPPG OEBUFU,Nusa Tenggara Timur,Oebobo,Kota Kupang,"RJFC+WHP SPPG OEBUFU, Oebufu, Kec. Oebobo, Kota Kupang, Nusa Tenggara Tim.",FALSE,TRUE,TRUE,-10.175151,123.621457,https://www.google.com/maps/place/SPPG+OEBUFU/data=!4m7!3m6!1s0x2c5685003ef0b767:0x10191863f05c8616!8m2!3d-10.1751509!4d123.6214571!16s%2Fg%2F11ycklmq20!19sChIJZ7fwPgCFViwRFoZc8GMYGRA?authuser=0&hl=id&g_ep=EgoyMDI2MDkxNi4wIJJjKgBIAVAD&rclk=1,,
SPPG KUPANG BARAT,Nusa Tenggara Timur,Kupang Barat,Kupang,"PHM2+5MH SPPG KUPANG BARAT, Batakte, Kec. Kupang Bar., Kabupaten Kupang, Nusa Tenggara Tim.",FALSE,TRUE,TRUE,-10.26707,123.551749,https://www.google.com/maps/place/SPPG+KUPANG+BARAT/data=!4m7!3m6!1s0x2c5691005fa63405:0x68a0e1d5879f27d1!8m2!3d-10.2670701!4d123.5517492!16s%2Fg%2F11yz494p30!19sChIJBTSmXwCRViwR0Sefh9XhoGg?authuser=0&hl=id&g_ep=EgoyMDI2MDkxNi4wIJJjKgBIAVAD&rclk=1,,
SPPG NEKAMESE USAPI SONBAI,Nusa Tenggara Timur,Nekamese,Kupang,"MJQF+WF6 SPPG NEKAMESE USAPI SONBAI, Usapisonbai, Kec. Nekamese, Kabupaten Kupang, Nusa Tenggara Tim.",FALSE,TRUE,TRUE,-10.310207,123.623634,https://www.google.com/maps/place/SPPG+NEKAMESE+USAPI+SONBAI/data=!4m7!3m6!1s0x2c568f0049903d3f:0xda5b4fa28b661fa2!8m2!3d-10.3102072!4d123.6236344!16s%2Fg%2F11zc34jkyr!19sChIJPz2QSQCPViwRoh9mi6JPW9o?authuser=0&hl=id&g_ep=EgoyMDI2MDkxNi4wIJJjKgBIAVAD&rclk=1,,
SPPG BATAKTE KEC. KUPANG BARAT,Nusa Tenggara Timur,Kupang Barat,Kupang,"PHW3+Q78 SPPG Batakte Kec. Kupang Barat, Batakte, Kec. Kupang Bar., Kabupaten Kupang, Nusa Tenggara Tim.",FALSE,TRUE,TRUE,-10.253095,123.553207,https://www.google.com/maps/place/SPPG+Batakte+Kec.+Kupang+Barat/data=!4m7!3m6!1s0x2c569b0070b7b961:0xf4486b1f81b16d81!8m2!3d-10.2530955!4d123.5532073!16s%2Fg%2F11yy8ddzk5!19sChIJYbm3cACbViwRgW2xgR9rSPQ?authuser=0&hl=id&g_ep=EgoyMDI2MDkxNi4wIJJjKgBIAVAD&rclk=1,,
SPPG FATUKOA,Nusa Tenggara Timur,Maulafa,Kota Kupang,"QH8W+JRX SPPG Fatukoa, Fatukoa, Kec. Maulafa, Kota Kupang, Nusa Tenggara Tim.",FALSE,TRUE,TRUE,-10.233552,123.597021,https://www.google.com/maps/place/SPPG+Fatukoa/data=!4m7!3m6!1s0x2c569b004ab34317:0x3fe6b3895c29ffec!8m2!3d-10.2335524!4d123.5970209!16s%2Fg%2F11xd99zs48!19sChIJF0OzSgCbViwR7P8pXImz5j8?authuser=0&hl=id&g_ep=EgoyMDI2MDkxNi4wIJJjKgBIAVAD&rclk=1,,
SPPG KOA,Nusa Tenggara Timur,Mollo Barat,Timor Tengah Selatan,"34M9+MWM SPPG Koa, Fatuliman, RT.16/RW.8, Dusun 2, Koa, Kec. Mollo Bar., Kabupaten Timor Tengah Selatan, Nusa Tenggara Tim.",FALSE,TRUE,TRUE,-9.915789,124.11981,https://www.google.com/maps/place/SPPG+Koa/data=!4m7!3m6!1s0x2c55dd00590e1f43:0x62d8323cd408ec04!8m2!3d-9.9157892!4d124.1198102!16s%2Fg%2F11x_jjm08f!19sChIJQx8OWQDdVSwRBOwI1Dwy2GI?authuser=0&hl=id&g_ep=EgoyMDI2MDkxNi4wIJJjKgBIAVAD&rclk=1,,
SPPG,Nusa Tenggara Timur,Mollo Barat,Timor Tengah Selatan,"3485+VQ5 SPPG, Koa, Kec. Mollo Bar., Kabupaten Timor Tengah Selatan, Nusa Tenggara Tim.",FALSE,TRUE,TRUE,-9.932854,124.109491,https://www.google.com/maps/place/SPPG/data=!4m7!3m6!1s0x3270b100266ac6b9:0xb4250265cce512a6!8m2!3d1.1088901!4d121.4095329!16s%2Fg%2F11xvhpf_k0!19sChIJucZqJgCxcDIRphLlzGUCJbQ?authuser=0&hl=id&g_ep=EgoyMDI2MDkxNi4wIJJjKgBIAVAD&rclk=1,,
SPPG KECAMATAN AMABI OEFETO,Nusa Tenggara Timur,Amabi Oefeto,Kupang,"RWR9+Q7 SPPG Kecamatan Amabi Oefeto, Fatuknutu, Kec. Amabi Oefeto, Kabupaten Kupang, Nusa Tenggara Tim.",FALSE,TRUE,TRUE,-10.158065,123.918197,https://www.google.com/maps/place/SPPG+Kecamatan+Amabi+Oefeto/data=!4m7!3m6!1s0x2c567b0051b65ca1:0x50af3d3bae9c3528!8m2!3d-10.1580645!4d123.9181966!16s%2Fg%2F11yhs58_9w!19sChIJoVy2UQB7ViwRKDWcrjs9r1A?authuser=0&hl=id&g_ep=EgoyMDI2MDkxNi4wIJJjKgBIAVAD&rclk=1,,
SPPG OEMOFA,Nusa Tenggara Timur,Amabi Oefeto,Kupang,"W492+CJH SPPG OEMOFA, Oemofa, Kec. Amabi Oefeto Tim., Kabupaten Kupang, Nusa Tenggara Tim.",FALSE,TRUE,TRUE,-10.081279,124.10044,https://www.google.com/maps/place/SPPG+OEMOFA/data=!4m7!3m6!1s0x2c5675000b67cacf:0xb12f7becd0f853a3!8m2!3d-10.081279!4d124.10044!16s%2Fg%2F11yqlym62b!19sChIJz8pnCwB1ViwRo1P40Ox7L7E?authuser=0&hl=id&g_ep=EgoyMDI2MDkxNi4wIJJjKgBIAVAD&rclk=1,,
SPPG AMARASI KOTABES,Nusa Tenggara Timur,Amarasi,Kupang,"QR9F+VV6 SPPG Amarasi Kotabes, Kotabes, Kec. Amarasi, Kabupaten Kupang, Nusa Tenggara Tim.",FALSE,TRUE,TRUE,-10.230347,123.824642,https://www.google.com/maps/place/SPPG+Amarasi+Kotabes/data=!4m7!3m6!1s0x2c5663000cce5941:0x2d6ef900e90a480a!8m2!3d-10.231484!4d123.8237182!16s%2Fg%2F11z836xy5q!19sChIJQVnODABjViwRCkgK6QD5bi0?authuser=0&hl=id&g_ep=EgoyMDI2MDkxNi4wIJJjKgBIAVAD&rclk=1,,
SPPG AMARASI BARAT TEUNBAUN,Nusa Tenggara Timur,Amarasi,Kupang,"Jl. H. R. Koroh No.Km 10, Teunbaun, Kec. Amarasi Bar., Kabupaten Kupang, Nusa Tenggara Tim.",FALSE,TRUE,TRUE,-10.296851,123.722103,https://www.google.com/maps/place/SPPG+Amarasi+Barat+Teunbaun/data=!4m7!3m6!1s0x2c5689005026dcd5:0x5b83c50c7ea4f98!8m2!3d-10.2968512!4d123.722103!16s%2Fg%2F11zc31v4nq!19sChIJ1dwmUACJViwRmE_qx1A8uAU?authuser=0&hl=id&g_ep=EgoyMDI2MDkxNi4wIJJjKgBIAVAD&rclk=1,,
SPPG AMARASI KOTABES,Nusa Tenggara Timur,Amarasi,Kupang,"Kotabes, Kec. Amarasi, Kabupaten Kupang, Nusa Tenggara Tim.",FALSE,TRUE,TRUE,-10.231484,123.823718,https://www.google.com/maps/place/SPPG+Amarasi+Kotabes/data=!4m7!3m6!1s0x2c5663000cce5941:0x2d6ef900e90a480a!8m2!3d-10.231484!4d123.8237182!16s%2Fg%2F11z836xy5q!19sChIJQVnODABjViwRCkgK6QD5bi0?authuser=0&hl=id&g_ep=EgoyMDI2MDkxNi4wIJJjKgBIAVAD&rclk=1,,
SPPG SONRAEN,Nusa Tenggara Timur,Amarasi,Kupang,"PR8R+8R2 SPPG SONRAEN, Sonraen, Kec. Amarasi Sel., Kabupaten Kupang, Nusa Tenggara Tim.",FALSE,TRUE,TRUE,-10.284228,123.842022,https://www.google.com/maps/place/SPPG+SONRAEN/data=!4m7!3m6!1s0x2c5663004f9adb41:0x8208cddce6024ad!8m2!3d-10.2842284!4d123.8420223!16s%2Fg%2F11z1fvlpr2!19sChIJQduaTwBjViwRrSRgzt2MIAg?authuser=0&hl=id&g_ep=EgoyMDI2MDkxNi4wIJJjKgBIAVAD&rclk=1,,
SPPG TAKARI 1,Nusa Tenggara Timur,Takari,Kupang,"6W4R+R29 SPPG Takari 1, Tanini, Kec. Takari, Kabupaten Kupang, Nusa Tenggara Tim.",FALSE,TRUE,TRUE,-9.79296,123.94012,https://www.google.com/maps/place/SPPG+Takari+1/data=!4m7!3m6!1s0x2c55c90043cf0f4b:0xd3b32374e8d1ee58!8m2!3d-9.7929603!4d123.9401203!16s%2Fg%2F11z8h4hqjl!19sChIJSw_PQwDJVSwRWO7R6HQjs9M?authuser=0&hl=id&g_ep=EgoyMDI2MDkxNi4wIJJjKgBIAVAD&rclk=1,,
SPPG TAKARI 2,Nusa Tenggara Timur,Takari,Kupang,"23H9+4P3 SPPG TAKARI 2, Takari, Kec. Takari, Kabupaten Kupang, Nusa Tenggara Tim.",FALSE,TRUE,TRUE,-9.972238,124.069294,https://www.google.com/maps/place/SPPG+TAKARI+2/data=!4m7!3m6!1s0x2c55df00098025ef:0x7a5ea16d36a8b6a2!8m2!3d-9.9722376!4d124.0692942!16s%2Fg%2F11zc31rq87!19sChIJ7yWACQDfVSwRoraoNm2hXno?authuser=0&hl=id&g_ep=EgoyMDI2MDkxNi4wIJJjKgBIAVAD&rclk=1,,
SPPG TAKARI,Nusa Tenggara Timur,Takari,Kupang,"23FH+FX3 SPPG TAKARI, Takari, Kec. Takari, Kabupaten Kupang, Nusa Tenggara Tim.",FALSE,TRUE,TRUE,-9.976357,124.07991,https://www.google.com/maps/place/SPPG+TAKARI/data=!4m7!3m6!1s0x2c55df002a4c1c1d:0xe21d3ad82dac61a3!8m2!3d-9.9763567!4d124.0799099!16s%2Fg%2F11xm4d38kq!19sChIJHRxMKgDfVSwRo2GsLdg6HeI?authuser=0&hl=id&g_ep=EgoyMDI2MDkxNi4wIJJjKgBIAVAD&rclk=1,,
SPPG KUPANG FATULEU KUIMASI,Nusa Tenggara Timur,Fatuleu,Kupang,"Jl. Timor Raya No.KM. 39, Kuimasi, Fatuleu, Kupang Regency, East Nusa Tenggara 85371",FALSE,TRUE,TRUE,-10.059577,123.880311,https://www.google.com/maps/place/SPPG+KUPANG+FATULEU+KUIMASI/data=!4m7!3m6!1s0x2c55d58a86624cd9:0xd6fe84aff4af818c!8m2!3d-10.0595773!4d123.8803107!16s%2Fg%2F11xzjghwbz!19sChIJ2UxihorVVSwRjIGv9K-E_tY?authuser=0&hl=id&g_ep=EgoyMDI2MDkxNi4wIJJjKgBIAVAD&rclk=1,,
SPPG DESA SILU,Nusa Tenggara Timur,Fatuleu,Kupang,"XX57+JW SPPG Desa Silu, Sillu, Kec. Fatuleu, Kabupaten Kupang, Nusa Tenggara Tim.",FALSE,TRUE,TRUE,-10.040873,123.964787,https://www.google.com/maps/place/SPPG+Desa+Silu/data=!4m7!3m6!1s0x2c55d700334d7e5b:0x23241a0adee13c4b!8m2!3d-10.0408729!4d123.9647873!16s%2Fg%2F11yjy00kmd!19sChIJW35NMwDXVSwRSzzh3goaJCM?authuser=0&hl=id&g_ep=EgoyMDI2MDkxNi4wIJJjKgBIAVAD&rclk=1,,
"SPPG MERDEKA ,KUPANG TIMUR",,Kupang Tim.,Kupang,"Jl. Nasional Trans-Timor No.23, Tuapukan, Kec. Kupang Tim., Kabupaten Kupang, Nusa Tenggara Tim. 85362",FALSE,TRUE,TRUE,-10.108014,123.774027,"https://www.google.com/maps/place/SPPG+MERDEKA+,KUPANG+TIMUR/data=!4m7!3m6!1s0x2c5681007598c975:0xd18a32921eeac0bf!8m2!3d-10.1080143!4d123.7740272!16s%2Fg%2F11ypmv5h8c!19sChIJdcmYdQCBViwRv8DqHpIyitE?authuser=0&hl=id&g_ep=EgoyMDI2MDkxNi4wIJJjKgBIAVAD&rclk=1",,
SPPG MAUPONGGO,Nusa Tenggara Timur,Mauponggo,Nagekeo,"4697+C3Q SPPG MAUPONGGO, Mauponggo, Kec. Mauponggo, Kabupaten Nagekeo, Nusa Tenggara Tim.",FALSE,TRUE,TRUE,-8.882232,121.212053,https://www.google.com/maps/place/SPPG+MAUPONGGO/data=!4m7!3m6!1s0x2db2c7000b4456af:0xe8ada99d075dec4a!8m2!3d-8.882232!4d121.2120531!16s%2Fg%2F11xzfpn3rr!19sChIJr1ZECwDHsi0RSuxdB52preg?authuser=0&hl=id&g_ep=EgoyMDI2MDkxNi4wIJJjKgBIAVAD&rclk=1,,
SPPG UMALULU LUMBUKORE,Nusa Tenggara Timur,Umalulu,Sumba Timur,"Jalan Simpang kirewei, Lumbukore, Kec. Umalulu, Kabupaten Sumba Timur, Nusa Tenggara Tim. 87180",FALSE,TRUE,TRUE,-9.88628,120.666879,https://www.google.com/maps/place/Amfoang+Timur/data=!4m7!3m6!1s0x2c5683cca86e39b5:0x972ade66cb60d0fe!8m2!3d-10.1448009!4d123.6706639!16s%2Fg%2F11h1mjtch8!19sChIJtTluqMyDViwR_tBgy2beKpc?authuser=0&hl=id&g_ep=EgoyMDI2MDkxNi4wIJJjKgBIAVAD&rclk=1,,
SPPG KUPANG SULAMU PARITI,Nusa Tenggara Timur,Sulamu,Kupang,"XPPW+CV7 SPPG KUPANG SULAMU PARITI, Pariti, Kec. Sulamu, Kabupaten Kupang, Nusa Tenggara Tim.",FALSE,TRUE,TRUE,-10.013968,123.747171,https://www.google.com/maps/place/SPPG+KUPANG+SULAMU+PARITI/data=!4m7!3m6!1s0x2c542b0008490529:0x211cc76ced02153b!8m2!3d-10.0139683!4d123.7471707!16s%2Fg%2F11zh8j3m12!19sChIJKQVJCAArVCwROxUC7WzHHCE?authuser=0&hl=id&g_ep=EgoyMDI2MDkxNi4wIJJjKgBIAVAD&rclk=1,,
SPPG PENFUI TIMUR 2,Nusa Tenggara Timur,Kupang Tengah,Kupang,"RMRP+83Q Sppg Penfui timur 2, Jl. Nomelaktosi, Penfui Tim., Kec. Kupang Tengah, Kabupaten Kupang, Nusa Tenggara Tim.",FALSE,TRUE,TRUE,-10.159142,123.685282,https://www.google.com/maps/place/Sppg+Penfui+timur+2/data=!4m7!3m6!1s0x2c5683003829ff8d:0xc52ba1b14b07457c!8m2!3d-10.159142!4d123.6852824!16s%2Fg%2F11zb9lh6wx!19sChIJjf8pOACDViwRfEUHS7GhK8U?authuser=0&hl=id&g_ep=EgoyMDI2MDkxNi4wIJJjKgBIAVAD&rclk=1,,
SPPG OEBELO,Nusa Tenggara Timur,Kupang Tengah,Kupang,"VQR5+56F SPPG OEBELO, Jl. Nasional Trans-Timor, Oebelo, Kec. Kupang Tengah, Kabupaten Kupang, Nusa Tenggara Tim.",FALSE,TRUE,TRUE,-10.109416,123.758081,https://www.google.com/maps/place/SPPG+OEBELO/data=!4m7!3m6!1s0x2c5681002ec804d7:0x4a592ac847a56eb7!8m2!3d-10.1094164!4d123.7580807!16s%2Fg%2F11xvx802ld!19sChIJ1wTILgCBViwRt26lR8gqWUo?authuser=0&hl=id&g_ep=EgoyMDI2MDkxNi4wIJJjKgBIAVAD&rclk=1,,
SPPG ABDI MULIA,Nusa Tenggara Timur,Kupang Tengah,Kupang,"RMQR+34J SPPG ABDI MULIA, Penfui Tim., Kec. Kupang Tengah, Kabupaten Kupang, Nusa Tenggara Tim.",FALSE,TRUE,TRUE,-10.16228,123.690274,https://www.google.com/maps/place/SPPG+ABDI+MULIA/data=!4m7!3m6!1s0x2c5683001e1bf719:0x225e8bc52eb42e84!8m2!3d-10.16228!4d123.6902741!16s%2Fg%2F11mlgxbz_5!19sChIJGfcbHgCDViwRhC60LsWLXiI?authuser=0&hl=id&g_ep=EgoyMDI2MDkxNi4wIJJjKgBIAVAD&rclk=1,,
SPPG BABAU 2,Nusa Tenggara Timur,Kupang Tim.,Kupang,"VQRQ+V4M SPPG Babau 2, Babau, Kec. Kupang Tim., Kabupaten Kupang, Nusa Tenggara Tim.",FALSE,TRUE,TRUE,-10.107788,123.7878,https://www.google.com/maps/place/SPPG+Babau+2/data=!4m7!3m6!1s0x2c5681000341c071:0x2f866946ab7e1dfb!8m2!3d-10.1077885!4d123.7878004!16s%2Fg%2F11yn9sc12k!19sChIJccBBAwCBViwR-x1-q0Zphi8?authuser=0&hl=id&g_ep=EgoyMDI2MDkxNi4wIJJjKgBIAVAD&rclk=1,,
SPPG NAIBONAT,Nusa Tenggara Timur,Kupang Tim.,Kupang,"VRWH+J42 SPPG Naibonat, Jl. Oesao - Bokong, Naibonat, Kec. Kupang Tim., Kabupaten Kupang, Nusa Tenggara Tim.",FALSE,TRUE,TRUE,-10.103509,123.827687,https://www.google.com/maps/place/Kecamatan+Amfoang+barat+daya/data=!4m7!3m6!1s0x2c544f00343d484b:0x85c0b594179b8311!8m2!3d-9.6609814!4d123.6813389!16s%2Fg%2F11vq_z9g34!19sChIJS0g9NABPVCwREYObF5S1wIU?authuser=0&hl=id&g_ep=EgoyMDI2MDkxNi4wIJJjKgBIAVAD&rclk=1,,
SPPG NOELBAKI,Nusa Tenggara Timur,Kupang Tengah,Kupang,"VPM8+8HX SPPG NOELBAKI, Noelbaki, Kec. Kupang Tengah, Kabupaten Kupang, Nusa Tenggara Tim.",FALSE,TRUE,TRUE,-10.116628,123.716465,https://www.google.com/maps/place/SPPG+NOELBAKI/data=!4m7!3m6!1s0x2c5681000b6d46d3:0x29bd36cf3f014b65!8m2!3d-10.1166284!4d123.7164654!16s%2Fg%2F11x16xfsp2!19sChIJ00ZtCwCBViwRZUsBP882vSk?authuser=0&hl=id&g_ep=EgoyMDI2MDkxNi4wIJJjKgBIAVAD&rclk=1,,
SPPG TARUS,Nusa Tenggara Timur,Kupang Tengah,Kupang,"VM8P+QP2 SPPG Tarus, Mata Air, Kec. Kupang Tengah, Kabupaten Kupang, Nusa Tenggara Tim.",FALSE,TRUE,TRUE,-10.13269,123.687599,https://www.google.com/maps/place/SPPG+Tarus/data=!4m7!3m6!1s0x2c5683007ba88fbb:0x1584eac14237989a!8m2!3d-10.1326905!4d123.6875994!16s%2Fg%2F11yhv_x_x6!19sChIJu4-oewCDViwRmpg3QsHqhBU?authuser=0&hl=id&g_ep=EgoyMDI2MDkxNi4wIJJjKgBIAVAD&rclk=1,,
SPPG TESBATAN,Nusa Tenggara Timur,Amarasi,Kupang,"QVVJ+2GV SPPG TESBATAN, Tesbatan, Kec. Amarasi, Kabupaten Kupang, Nusa Tenggara Tim.",FALSE,TRUE,TRUE,-10.207399,123.881268,https://www.google.com/maps/place/SPPG+TESBATAN/data=!4m7!3m6!1s0x2c567d0062e2ffbd:0x1f418ea24ccfcbaf!8m2!3d-10.2073994!4d123.8812684!16s%2Fg%2F11zc9svw6c!19sChIJvf_iYgB9ViwRr8vPTKKOQR8?authuser=0&hl=id&g_ep=EgoyMDI2MDkxNi4wIJJjKgBIAVAD&rclk=1,,
SPPG MANUSAK,Nusa Tenggara Timur,Kupang Tim.,Kupang,"WR3W+74H SPPG MANUSAK, Jl. Oesao - Bokong, Naibonat, Kec. Kupang Tim., Kabupaten Kupang, Nusa Tenggara Tim.",FALSE,TRUE,TRUE,-10.096823,123.845345,https://www.google.com/maps/place/SPPG+MANUSAK/data=!4m7!3m6!1s0x2c567f0038405c4d:0x10ebfc88c850a198!8m2!3d-10.0968231!4d123.8453449!16s%2Fg%2F11yxgzqz15!19sChIJTVxAOAB_ViwRmKFQyIj86xA?authuser=0&hl=id&g_ep=EgoyMDI2MDkxNi4wIJJjKgBIAVAD&rclk=1,,
SPPG NAIBONAT 2,Nusa Tenggara Timur,Kupang Timur,Kupang,"WV88+XWX SPPG Naibonat 2, Naibonat, Kupang Timur, Kupang Regency, East Nusa Tenggara",FALSE,TRUE,TRUE,-10.082394,123.867322,https://www.google.com/maps/place/SPPG+Naibonat+2/data=!4m7!3m6!1s0x2c567f0028c3f69d:0xec2fe7b070a996af!8m2!3d-10.0823937!4d123.8673218!16s%2Fg%2F11yyd1qshg!19sChIJnfbDKAB_ViwRr5apcLDnL-w?authuser=0&hl=id&g_ep=EgoyMDI2MDkxNi4wIJJjKgBIAVAD&rclk=1,,
SPPG LEMBATA NUBATUKAN LEWOLEBA SELATAN YAYASAN CINTA URAN BERSAUDARA,Nusa Tenggara Timur,Nubatukan,Lembata,"JCC9+PJH SPPG Lembata Nubatukan Lewoleba Selatan Yayasan Cinta Uran Bersaudara, Lewoleba Tengah, Kec. Nubatukan, Kabupaten Lembata, Nusa Tenggara Tim.",FALSE,TRUE,TRUE,-8.378198,123.419123,https://www.google.com/maps/place/SPPG+Lembata+Nubatukan+Lewoleba+Selatan+Yayasan+Cinta+Uran+Bersaudara/data=!4m7!3m6!1s0x2dab73003b365f4b:0x7801cbff71a08797!8m2!3d-8.3781983!4d123.4191227!16s%2Fg%2F11y_f8ppcp!19sChIJS182OwBzqy0Rl4egcf_LAXg?authuser=0&hl=id&g_ep=EgoyMDI2MDkxNi4wIJJjKgBIAVAD&rclk=1,,
SPPG LEMBATA NUBATUKAN LEWOLEBA BARAT,Nusa Tenggara Timur,Nubatukan,Lembata,"JC75+HJ6 SPPG LEMBATA NUBATUKAN LEWOLEBA BARAT, Lewoleba, Kec. Nubatukan, Kabupaten Lembata, Nusa Tenggara Tim.",FALSE,TRUE,TRUE,-8.386076,123.409009,https://www.google.com/maps/place/SPPG+LEMBATA+NUBATUKAN+LEWOLEBA+BARAT/data=!4m7!3m6!1s0x2dab73006393f251:0x90c738dc00b86e83!8m2!3d-8.3860755!4d123.4090087!16s%2Fg%2F11z79dg5pt!19sChIJUfKTYwBzqy0Rg264ANw4x5A?authuser=0&hl=id&g_ep=EgoyMDI2MDkxNi4wIJJjKgBIAVAD&rclk=1,,
SPPG 03 LEWOLEBA UTARA,Nusa Tenggara Timur,Nubatukan,Lembata,"J9GW+C2W SPPG 03 LEWOLEBA UTARA, Jl. Trans Lembata, Lewoleba Utara, Kec. Nubatukan, Kabupaten Lembata, Nusa Tenggara Tim.",FALSE,TRUE,TRUE,-8.373878,123.395086,https://www.google.com/maps/place/SPPG+03+LEWOLEBA+UTARA/data=!4m7!3m6!1s0x2dab73000f34aff7:0x5cd22266055e8fdf!8m2!3d-8.3738783!4d123.3950862!16s%2Fg%2F11zb9kkjc1!19sChIJ9680DwBzqy0R349eBWYi0lw?authuser=0&hl=id&g_ep=EgoyMDI2MDkxNi4wIJJjKgBIAVAD&rclk=1,,
SPPG LEMBATA NUBATUKAN LEWOLEBA TIMUR,Nusa Tenggara Timur,Nubatukan,Lembata,"JCMV+PRC SPPG Lembata Nubatukan Lewoleba Timur, Jl. Trans Lembata, Selandoro, Kec. Nubatukan, Kabupaten Lembata, Nusa Tenggara Tim.",FALSE,TRUE,TRUE,-8.365676,123.444503,https://www.google.com/maps/place/SPPG+Lembata+Nubatukan+Lewoleba+Timur/data=!4m7!3m6!1s0x2dab0d002711dbe5:0x1cff29a7e7ea0320!8m2!3d-8.3656759!4d123.4445028!16s%2Fg%2F11z799tvt8!19sChIJ5dsRJwANqy0RIAPq56cp_xw?authuser=0&hl=id&g_ep=EgoyMDI2MDkxNi4wIJJjKgBIAVAD&rclk=1,,
SPPG 02 NUBATUKAN,Nusa Tenggara Timur,Nubatukan,Lembata,"JC56+VM7 Sppg 02 Nubatukan, Lewoleba Barat, Kec. Nubatukan, Kabupaten Lembata, Nusa Tenggara Tim.",FALSE,TRUE,TRUE,-8.390342,123.411684,https://www.google.com/maps/place/Sppg+02+Nubatukan/data=!4m7!3m6!1s0x2dab73005c5af501:0xcd8f8e836eaf395c!8m2!3d-8.3903421!4d123.4116838!16s%2Fg%2F11z79f2754!19sChIJAfVaXABzqy0RXDmvboOOj80?authuser=0&hl=id&g_ep=EgoyMDI2MDkxNi4wIJJjKgBIAVAD&rclk=1,,
SPPG 3T NUBATUKAN WATOKOBU,Nusa Tenggara Timur,Nubatukan,Lembata,"H995+WQ6 SPPG 3T NUBATUKAN WATOKOBU, Watokobu, Kec. Nubatukan, Kabupaten Lembata, Nusa Tenggara Tim.",FALSE,TRUE,TRUE,-8.429968,123.359132,https://www.google.com/maps/place/SPPG+3T+NUBATUKAN+WATOKOBU/data=!4m7!3m6!1s0x2dab73002df45001:0x67552a15f28f5b54!8m2!3d-8.4299684!4d123.3591321!16s%2Fg%2F11zc8l1388!19sChIJAVD0LQBzqy0RVFuP8hUqVWc?authuser=0&hl=id&g_ep=EgoyMDI2MDkxNi4wIJJjKgBIAVAD&rclk=1,,
SPPG LEMBATA NUBATUKAN LEWOLEBA TENGAH,Nusa Tenggara Timur,Nubatukan,Lembata,"JCGG+J46 SPPG LEMBATA NUBATUKAN LEWOLEBA TENGAH, Jl. Anton Enga Tifaona, Lewoleba Tengah, Kec. Nubatukan, Kabupaten Lembata, Nusa Tenggara Tim.",FALSE,TRUE,TRUE,-8.373472,123.425267,https://www.google.com/maps/place/SPPG+LEMBATA+NUBATUKAN+LEWOLEBA+TENGAH/data=!4m7!3m6!1s0x2dab7300030e72ad:0x3ea1af6c2bbcd7e9!8m2!3d-8.3734719!4d123.4252673!16s%2Fg%2F11zb9kgkn4!19sChIJrXIOAwBzqy0R6de8K2yvoT4?authuser=0&hl=id&g_ep=EgoyMDI2MDkxNi4wIJJjKgBIAVAD&rclk=1,,
SPPG WAOWALA ILE APE,Nusa Tenggara Timur,Ile Ape,Lembata,"PC4P+XMW SPPG WAOWALA ILE APE, Waowala, Kec. Ile Ape, Kabupaten Lembata, Nusa Tenggara Tim.",FALSE,TRUE,TRUE,-8.292508,123.436708,https://www.google.com/maps/place/SPPG+WAOWALA+ILE+APE/data=!4m7!3m6!1s0x2dab75004be14b17:0x241a5f1293dc1de6!8m2!3d-8.2925081!4d123.4367083!16s%2Fg%2F11z8h4km6v!19sChIJF0vhSwB1qy0R5h3ckxJfGiQ?authuser=0&hl=id&g_ep=EgoyMDI2MDkxNi4wIJJjKgBIAVAD&rclk=1,,
SPPG TERPENCIL LAMAAU ILE APE TIMUR-YAYASAN PUREK LOLON TOKOJAENG,Nusa Tenggara Timur,Ile Ape Timur,Lembata,"QG5M+6JC SPPG Terpencil Lamaau Ile Ape Timur-Yayasan Purek Lolon Tokojaeng, RT.001/RW.000, Lamaau, Kec. Ile Ape Tim., Kabupaten Lembata, Nusa Tenggara Tim.",FALSE,TRUE,TRUE,-8.241943,123.534011,https://www.google.com/maps/place/SPPG+Terpencil+Lamaau+Ile+Ape+Timur-Yayasan+Purek+Lolon+Tokojaeng/data=!4m7!3m6!1s0x2daba700507e80f9:0xc7b3c63c7544cc8b!8m2!3d-8.2419433!4d123.5340111!16s%2Fg%2F11npqb08gs!19sChIJ-YB-UACnqy0Ri8xEdTzGs8c?authuser=0&hl=id&g_ep=EgoyMDI2MDkxNi4wIJJjKgBIAVAD&rclk=1,,
SPPG LEMBATA WULANDONI PANTAI HARAPAN,Nusa Tenggara Timur,Wulandoni,Lembata,"FFC4+HXW SPPG Lembata Wulandoni Pantai Harapan, Pantai Harapan, Kec. Wulandoni, Kabupaten Lembata, Nusa Tenggara Tim.",FALSE,TRUE,TRUE,-8.528512,123.457464,"https://www.google.com/maps/place/SPPG+Lembata+Wulandoni+Pantai+Harapan/@-8.5285116,123.4574642,17z/data=!3m1!4b1!4m6!3m5!1s0x2dab15004d58c5a1:0x69d67e5066b3bad9!8m2!3d-8.5285116!4d123.4574642!16s%2Fg%2F11zwq6g1qn?hl=id&entry=ttu&g_ep=EgoyMDI2MDkxNi4wIKXMDSoASAFQAw%3D%3D",,
SPPG UMALAWAIN,Nusa Tenggara Timur,Weliman,Malaka,"8VM6+873 SPPG UMALAWAIN, Bonetasea, Kec. Weliman, Kab. Malaka, Nusa Tenggara Tim.",FALSE,TRUE,TRUE,-9.666666,124.860535,https://www.google.com/maps/place/SPPG+UMALAWAIN/data=!4m7!3m6!1s0x2cff41002af7b865:0xb5a27240779375aa!8m2!3d-9.6666664!4d124.8605351!16s%2Fg%2F11z76q8ykz!19sChIJZbj3KgBB_ywRqnWTd0ByorU?authuser=0&hl=id&g_ep=EgoyMDI2MDkxNi4wIJJjKgBIAVAD&rclk=1,,
SPPG MALAKA TIMUR DIRMA,Nusa Tenggara Timur,Malaka Timur,Malaka,"HW8F+C3M SPPG MALAKA TIMUR DIRMA, Dirma, Kec. Malaka Tim., Kabupaten Belu, Nusa Tenggara Tim.",FALSE,TRUE,TRUE,-9.433917,124.922672,https://www.google.com/maps/place/SPPG+MALAKA+TIMUR+DIRMA/data=!4m7!3m6!1s0x2cff0d00218a6c9b:0x5e74de890f8db3b8!8m2!3d-9.4339168!4d124.9226725!16s%2Fg%2F11njc_flmt!19sChIJm2yKIQAN_ywRuLOND4nedF4?authuser=0&hl=id&g_ep=EgoyMDI2MDkxNi4wIJJjKgBIAVAD&rclk=1,,
SPPG TAABA,Nusa Tenggara Timur,Weliman,Malaka,"Jl. Ahmad Yani, Taaba, Kec. Weliman, Kab. Malaka, Nusa Tenggara Tim.",FALSE,TRUE,TRUE,-9.654728,124.828822,https://www.google.com/maps/place/SPPG+TAABA/data=!4m7!3m6!1s0x2cff41004c10745f:0x499b17aa34817b74!8m2!3d-9.6547281!4d124.8288223!16s%2Fg%2F11yrkxqf3b!19sChIJX3QQTABB_ywRdHuBNKoXm0k?authuser=0&hl=id&g_ep=EgoyMDI2MDkxNi4wIJJjKgBIAVAD&rclk=1,,
SPPG UMAKATAHAN,Nusa Tenggara Timur,Malaka Tengah,Malaka,"CWJ7+FWG SPPG UMAKATAHAN, Umakatahan, Kec. Malaka Tengah, Kab. Malaka, Nusa Tenggara Tim.",FALSE,TRUE,TRUE,-9.568621,124.913999,https://www.google.com/maps/place/SPPG+UMAKATAHAN/data=!4m7!3m6!1s0x2cff150045fb3aa1:0xb040118d11906bba!8m2!3d-9.5686206!4d124.9139988!16s%2Fg%2F11ml9l9q31!19sChIJoTr7RQAV_ywRumuQEY0RQLA?authuser=0&hl=id&g_ep=EgoyMDI2MDkxNi4wIJJjKgBIAVAD&rclk=1,,
"SPPG WEHALI, MALAKA TENGAH 2",Nusa Tenggara Timur,Malaka Tengah,Malaka,"CWV5+2H5 SPPG WEHALI, MALAKA TENGAH 2, tubaki, Wehali, Kec. Malaka Tengah, Kab. Malaka, Nusa Tenggara Tim.",FALSE,TRUE,TRUE,-9.557865,124.909573,"https://www.google.com/maps/place/SPPG+WEHALI,+MALAKA+TENGAH+2/data=!4m7!3m6!1s0x2cff130063353a77:0x2434d3db0d8f7b23!8m2!3d-9.5578653!4d124.9095729!16s%2Fg%2F11n3n10zwp!19sChIJdzo1YwAT_ywRI3uPDdvTNCQ?authuser=0&hl=id&g_ep=EgoyMDI2MDkxNi4wIJJjKgBIAVAD&rclk=1",,
SPPG WEHALI,Nusa Tenggara Timur,Alak,Malaka,"CWW6+X6R SPPG WEHALI, Wehali, Central Malaka, Malaka Regency, East Nusa Tenggara",FALSE,TRUE,TRUE,-9.552518,124.910504,https://www.google.com/maps/place/SPPG+WEHALI/data=!4m7!3m6!1s0x2cff130075daa647:0x94d3f2fee22aae1b!8m2!3d-9.5525178!4d124.910504!16s%2Fg%2F11njgqy5fw!19sChIJR6badQAT_ywRG64q4v7y05Q?authuser=0&hl=id&g_ep=EgoyMDI2MDkxNi4wIJJjKgBIAVAD&rclk=1,,
SPPG UMALOR,Nusa Tenggara Timur,Alak,Malaka,"8WX9+856 SPPG UMALOR, Besikama, Kec. Malaka Bar., Kab. Malaka, Nusa Tenggara Tim.",FALSE,TRUE,TRUE,-9.651718,124.917882,https://www.google.com/maps/place/SPPG+UMALOR/data=!4m7!3m6!1s0x2cff3f007df01007:0xb4269a9c34a1d327!8m2!3d-9.6517179!4d124.9178824!16s%2Fg%2F11npjwrqtj!19sChIJBxDwfQA__ywRJ9OhNJyaJrQ?authuser=0&hl=id&g_ep=EgoyMDI2MDkxNi4wIJJjKgBIAVAD&rclk=1,,
SPPG NAIMANA MALAKA TENGAH,Nusa Tenggara Timur,Malaka Tengah,Malaka,"9WWR+9QW SPPG NAIMANA MALAKA TENGAH, Naimana, Kec. Malaka Tengah, Kab. Malaka, Nusa Tenggara Tim.",FALSE,TRUE,TRUE,-9.60398,124.943044,https://www.google.com/maps/place/SPPG+NAIMANA+MALAKA+TENGAH/data=!4m7!3m6!1s0x2cff1500756e932f:0x81dfac211eccbe98!8m2!3d-9.60398!4d124.9430442!16s%2Fg%2F11zc374g_8!19sChIJL5NudQAV_ywRmL7MHiGs34E?authuser=0&hl=id&g_ep=EgoyMDI2MDkxNi4wIJJjKgBIAVAD&rclk=1,,
SPPG MALAKA BARAT BESIKAMA,Nusa Tenggara Timur,Malaka Barat,Malaka,"9W48+CRW Sppg Malaka Barat Besikama, RT.12/RW.006, Besikama, Kec. Malaka Bar., Kab. Malaka, Nusa Tenggara Tim.",FALSE,TRUE,TRUE,-9.644138,124.9172,https://www.google.com/maps/place/Sppg+Malaka+Barat+Besikama/data=!4m7!3m6!1s0x2cff3f00665c6cbb:0xa2454b1d72a9ab93!8m2!3d-9.6441384!4d124.9172005!16s%2Fg%2F11njgqmnjt!19sChIJu2xcZgA__ywRk6upch1LRaI?authuser=0&hl=id&g_ep=EgoyMDI2MDkxNi4wIJJjKgBIAVAD&rclk=1,,
SPPG SESERAI WEWIKU,Nusa Tenggara Timur,Wewiku,Malaka,"7RCF+864 SPPG SESERAI WEWIKU, Jl. Lintas Selatan Timor, Lorotolus, Kec. Wewiku, Kab. Malaka, Nusa Tenggara Tim.",FALSE,TRUE,TRUE,-9.729236,124.823088,https://www.google.com/maps/place/SPPG+SESERAI+WEWIKU/data=!4m7!3m6!1s0x2cff4100219bde69:0xa2c84467c56b6f9c!8m2!3d-9.7292365!4d124.8230881!16s%2Fg%2F11mrwhl64c!19sChIJad6bIQBB_ywRnG9rxWdEyKI?authuser=0&hl=id&g_ep=EgoyMDI2MDkxNi4wIJJjKgBIAVAD&rclk=1,,
SPPG WEBRIAMATA,Nusa Tenggara Timur,Wewiku,Malaka,"8V85+8JH SPPG Webriamata, Webriamata Lorosae, Webriamata, Kec. Wewiku, Kab. Malaka, Nusa Tenggara Tim.",FALSE,TRUE,TRUE,-9.684189,124.859108,https://www.google.com/maps/place/SPPG+Webriamata/data=!4m7!3m6!1s0x2cff41001bc3f0db:0x3a6a7303d54d3a84!8m2!3d-9.6841886!4d124.8591082!16s%2Fg%2F11npqdc_fn!19sChIJ2_DDGwBB_ywRhDpN1QNzajo?authuser=0&hl=id&g_ep=EgoyMDI2MDkxNi4wIJJjKgBIAVAD&rclk=1,,
SPPG BAKIRUK,Nusa Tenggara Timur,Malaka Tengah,Malaka,"CV8G+7H4 SPPG BAKIRUK, Umasukaer, Bakiruk, Kec. Malaka Tengah, Kab. Malaka, Nusa Tenggara Tim.",FALSE,TRUE,TRUE,-9.584384,124.875925,https://www.google.com/maps/place/SPPG+BAKIRUK/data=!4m7!3m6!1s0x2cff15007b11cd73:0x1ac481a290bf2d41!8m2!3d-9.5843845!4d124.875925!16s%2Fg%2F11zb7zzj_j!19sChIJc80RewAV_ywRQS2_kKKBxBo?authuser=0&hl=id&g_ep=EgoyMDI2MDkxNi4wIJJjKgBIAVAD&rclk=1,,
SPPG TIMOR TENGAH UTARA INSANA SUSULAKU,Nusa Tenggara Timur,Insana,Timor Tengah Utara,"GM8Q+976 SPPG Timor Tengah Utara Insana Susulaku, Susulaku, Kec. Insana, Kabupaten Timor Tengah Utara, Nusa Tenggara Tim.",FALSE,TRUE,TRUE,-9.485051,124.687953,"https://www.google.com/maps/place/SPPG+Timor+Tengah+Utara+Insana+Susulaku/@-9.485051,124.6879527,17z/data=!3m1!4b1!4m6!3m5!1s0x2cff71002833dbfd:0x55fe0901e39e01f5!8m2!3d-9.485051!4d124.6879527!16s%2Fg%2F11z7bq3bq6?hl=id&entry=ttu&g_ep=EgoyMDI2MDkxNi4wIKXMDSoASAFQAw%3D%3D",,
SATUAN PELAYANAN PEMENUHAN GIZI ( SPPG) COMPANG DALO,Kepulauan Bangka Belitung,Manggar,Manggarai,"CC6M+QVJ Satuan Pelayanan Pemenuhan Gizi ( SPPG) Compang Dalo, Jln Ruteng-Labuan Bajo, Wae garit, Kel Compang Tuke, Kec Ruteng, Wali, Flores, Kabupaten Manggarai, Nusa Tenggara Tim.",FALSE,TRUE,TRUE,-8.588028,120.43464,https://www.google.com/maps/place/Satuan+Pelayanan+Pemenuhan+Gizi+%28+SPPG%29+Compang+Dalo/data=!4m7!3m6!1s0x2db377002e6ae01b:0xd6fb71d8b73bf15!8m2!3d-8.5880276!4d120.4346401!16s%2Fg%2F11xs8y0crv!19sChIJG-BqLgB3sy0RFb9zix23bw0?authuser=0&hl=id&g_ep=EgoyMDI2MDkxNi4wIJJjKgBIAVAD&rclk=1,,
SPPG MANGGARAI RUTENG BELANG TURI,Kepulauan Bangka Belitung,Manggar,Manggarai,"C88R+77F SPPG MANGGARAI RUTENG BELANG TURI, Jl. Desa Wae Rengka, RT.003/RW.002, Belang Turi, Kec. Ruteng, Kabupaten Manggarai, Nusa Tenggara Tim.",FALSE,TRUE,TRUE,-8.584313,120.340668,https://www.google.com/maps/place/SPPG+MANGGARAI+RUTENG+BELANG+TURI/data=!4m7!3m6!1s0x2db377006a1ca5bb:0x97c1a364481e2257!8m2!3d-8.5838222!4d120.3488652!16s%2Fg%2F11z0g7b94n!19sChIJu6UcagB3sy0RVyIeSGSjwZc?authuser=0&hl=id&g_ep=EgoyMDI2MDkxNi4wIJJjKgBIAVAD&rclk=1,,
SPPG MANGGARAI RUTENG BELANG TURI,Kepulauan Bangka Belitung,Manggar,Manggarai,"C88X+FGH SPPG MANGGARAI RUTENG BELANG TURI, Belang Turi, Kec. Ruteng, Kabupaten Manggarai, Nusa Tenggara Tim.",FALSE,TRUE,TRUE,-8.583822,120.348865,https://www.google.com/maps/place/SPPG+MANGGARAI+RUTENG+BELANG+TURI/data=!4m7!3m6!1s0x2db377006a1ca5bb:0x97c1a364481e2257!8m2!3d-8.5838222!4d120.3488652!16s%2Fg%2F11z0g7b94n!19sChIJu6UcagB3sy0RVyIeSGSjwZc?authuser=0&hl=id&g_ep=EgoyMDI2MDkxNi4wIJJjKgBIAVAD&rclk=1,,
SPPG MANGGARAI WAE RII LALONG,Kepulauan Bangka Belitung,Manggar,Manggarai,"CCCV+98 SPPG MANGGARAI WAE RII LALONG, Lalong, Kec. Wae Rii, Kabupaten Manggarai, Nusa Tenggara Tim.",FALSE,TRUE,TRUE,-8.57905,120.443365,https://www.google.com/maps/place/SPPG+MANGGARAI+WAE+RI%27I+LALONG/data=!4m7!3m6!1s0x2db3750058ca2279:0x5914856264d6ac54!8m2!3d-8.57905!4d120.4433647!16s%2Fg%2F11z77glbz5!19sChIJeSLKWAB1sy0RVKzWZGKFFFk?authuser=0&hl=id&g_ep=EgoyMDI2MDkxNi4wIJJjKgBIAVAD&rclk=1,,
SPPG MANGGARAI WAE RII WAE BELANG,Kepulauan Bangka Belitung,Manggar,Manggarai,"Jl.Trans Flores Ruteng Labuan Bajo Cancar Pinggong, RT.003 RW001, Wae Belang, Kec. Ruteng, Kabupaten Manggarai, Nusa Tenggara Tim.",FALSE,TRUE,TRUE,-8.593381,120.374201,https://www.google.com/maps/place/SPPG+Manggarai+Wae+Rii+Wae+Belang/data=!4m7!3m6!1s0x2db377001249be5b:0xf02da17260b29741!8m2!3d-8.5933815!4d120.3742012!16s%2Fg%2F11njhd_6fd!19sChIJW75JEgB3sy0RQZeyYHKhLfA?authuser=0&hl=id&g_ep=EgoyMDI2MDkxNi4wIJJjKgBIAVAD&rclk=1,,
SPPG MANGGARAI REOK RUIS,Kepulauan Bangka Belitung,Manggar,Manggarai,"MFGG+MCW SPPG MANGGARAI REOK RUIS, Ruis, Kec. Reok, Kabupaten Manggarai, Nusa Tenggara Tim.",FALSE,TRUE,TRUE,-8.323272,120.476091,https://www.google.com/maps/place/SPPG+MANGGARAI+REOK+RUIS/data=!4m7!3m6!1s0x2db39700771414db:0xc4b01e00dd9756c9!8m2!3d-8.3232723!4d120.4760906!16s%2Fg%2F11z78hfx0c!19sChIJ2xQUdwCXsy0RyVaX3QAesMQ?authuser=0&hl=id&g_ep=EgoyMDI2MDkxNi4wIJJjKgBIAVAD&rclk=1,,
SPPG WAE BELANG JHOSMO ABADI,Kepulauan Bangka Belitung,Manggar,Manggarai,"C95G+QVR SPPG WAE BELANG JHOSMO ABADI, Wae Belang, Kec. Ruteng, Kabupaten Manggarai, Nusa Tenggara Tim.",FALSE,TRUE,TRUE,-8.590096,120.377059,https://www.google.com/maps/place/SPPG+WAE+BELANG+JHOSMO+ABADI/data=!4m7!3m6!1s0x2db377004e96fc61:0x2bf170abae965647!8m2!3d-8.590096!4d120.377059!16s%2Fg%2F11ylhff7ss!19sChIJYfyWTgB3sy0RR1aWrqtw8Ss?authuser=0&hl=id&g_ep=EgoyMDI2MDkxNi4wIJJjKgBIAVAD&rclk=1,,
SPPG BENTENG KUWU,Kepulauan Bangka Belitung,Manggar,Manggarai,"CC67+QVR SPPG Benteng Kuwu, Benteng Kuwu, Kec. Ruteng, Kabupaten Manggarai, Nusa Tenggara Tim.",FALSE,TRUE,TRUE,-8.5879,120.414577,https://www.google.com/maps/place/SPPG+Benteng+Kuwu/data=!4m7!3m6!1s0x2db3770003ab323b:0xdea89e35c12931a8!8m2!3d-8.5878999!4d120.4145775!16s%2Fg%2F11z4s1djdg!19sChIJOzKrAwB3sy0RqDEpwTWeqN4?authuser=0&hl=id&g_ep=EgoyMDI2MDkxNi4wIJJjKgBIAVAD&rclk=1,,
SPPG MANGGARAI CIBAL NENU,Kepulauan Bangka Belitung,Manggar,Manggarai,"FFQV+3Q6 SPPG MANGGARAI CIBAL NENU, Nenu, Kec. Cibal, Kabupaten Manggarai, Nusa Tenggara Tim.",FALSE,TRUE,TRUE,-8.512337,120.494379,https://www.google.com/maps/place/SPPG+MANGGARAI+CIBAL+NENU/data=!4m7!3m6!1s0x2db39f000a19a065:0x64330797e9257445!8m2!3d-8.5123366!4d120.4943794!16s%2Fg%2F11z77gnsjv!19sChIJZaAZCgCfsy0RRXQl6ZcHM2Q?authuser=0&hl=id&g_ep=EgoyMDI2MDkxNi4wIJJjKgBIAVAD&rclk=1,,
SPPG MANGGARAI LANGKE REMBONG TADONG,Nusa Tenggara Timur,Langke Rembong,Manggarai,"Jl. Wae Ces No.30, Karot, Kec. Langke Rembong, Kabupaten Manggarai, Nusa Tenggara Tim.",FALSE,TRUE,TRUE,-8.599189,120.468824,https://www.google.com/maps/place/SPPG+Manggarai+Langke+Rembong+Tadong/data=!4m7!3m6!1s0x2db3750064f71911:0x7a124efcad42a0b7!8m2!3d-8.6098386!4d120.4774889!16s%2Fg%2F11z4xrbfb5!19sChIJERn3ZAB1sy0Rt6BCrfxOEno?authuser=0&hl=id&g_ep=EgoyMDI2MDkxNi4wIJJjKgBIAVAD&rclk=1,,
SPPG MANGGARAI WAE RII NDEHES 003,Kepulauan Bangka Belitung,Manggar,Manggarai,"CFJH+C6Q SPPG MANGGARAI WAE RII NDEHES 003, Ndehes, Kec. Wae Rii, Kabupaten Manggarai, Nusa Tenggara Tim.",FALSE,TRUE,TRUE,-8.568917,120.4781,https://www.google.com/maps/place/SPPG+MANGGARAI+WAE+RII+NDEHES+003/data=!4m7!3m6!1s0x2db3750037fbe8a5:0x8f296441de01d3ab!8m2!3d-8.5689174!4d120.4780998!16s%2Fg%2F11zc8w56nh!19sChIJpej7NwB1sy0Rq9MB3kFkKY8?authuser=0&hl=id&g_ep=EgoyMDI2MDkxNi4wIJJjKgBIAVAD&rclk=1,,
SPPG MANGGARAI WAE RII WAE MULU WELONG,Kepulauan Bangka Belitung,Manggar,Manggarai,"FF58+75F SPPG MANGGARAI WAE RII WAE MULU WELONG, Wae Mulu, Kec. Wae Rii, Kabupaten Manggarai, Nusa Tenggara Tim.",FALSE,TRUE,TRUE,-8.5418,120.465416,https://www.google.com/maps/place/SPPG+MANGGARAI+WAE+RI%27I+WAE+MULU+WELONG/data=!4m7!3m6!1s0x2db39f007ec21b11:0x3347d41b6774ef2e!8m2!3d-8.5418004!4d120.4654161!16s%2Fg%2F11zc8_185y!19sChIJERvCfgCfsy0RLu90ZxvURzM?authuser=0&hl=id&g_ep=EgoyMDI2MDkxNi4wIJJjKgBIAVAD&rclk=1,,
MANGGARAI SPPG WAE RII_WAE RII,Kepulauan Bangka Belitung,Manggar,Manggarai,"9FPX+8CP MANGGARAI SPPG WAE RII_WAE RII, Wae Rii, Kec. Wae Rii, Kabupaten Manggarai, Nusa Tenggara Tim.",FALSE,TRUE,TRUE,-8.614172,120.498593,https://www.google.com/maps/place/MANGGARAI+SPPG+WAE+RI%27I_WAE+RI%27I/data=!4m7!3m6!1s0x2db375007b801b4b:0x891e6f2423c8c9bf!8m2!3d-8.6141716!4d120.4985929!16s%2Fg%2F11z8gj7vnm!19sChIJSxuAewB1sy0Rv8nIIyRvHok?authuser=0&hl=id&g_ep=EgoyMDI2MDkxNi4wIJJjKgBIAVAD&rclk=1,,
SPPG MANGGARAI CIBAL PAGAL,Kepulauan Bangka Belitung,Manggar,Manggarai,"FFRR+V79 SPPG MANGGARAI CIBAL PAGAL, Pagal, Kec. Cibal, Kabupaten Manggarai, Nusa Tenggara Tim.",FALSE,TRUE,TRUE,-8.507837,120.490734,https://www.google.com/maps/place/SPPG+MANGGARAI+CIBAL+PAGAL/data=!4m7!3m6!1s0x2db39f0045eff5e7:0x6d914f75d91e78a4!8m2!3d-8.5078375!4d120.4907344!16s%2Fg%2F11z786vw41!19sChIJ5_XvRQCfsy0RpHge2XVPkW0?authuser=0&hl=id&g_ep=EgoyMDI2MDkxNi4wIJJjKgBIAVAD&rclk=1,,
SPPG MANGGARAI SATAR MESE PAKA,Nusa Tenggara Timur,Satar Mese,Manggarai,"6C88+64P SPPG MANGGARAI SATAR MESE PAKA, SPPG MANGGARAI, Paka, Kec. Satar Mese, Kabupaten Manggarai, Nusa Tenggara Tim.",FALSE,TRUE,TRUE,-8.784418,120.415313,https://www.google.com/maps/place/SPPG+MANGGARAI+SATAR+MESE+PAKA/data=!4m7!3m6!1s0x2db36f0038fcee29:0x327d8bd0af9115c!8m2!3d-8.7844183!4d120.4153134!16s%2Fg%2F11npbz2rb_!19sChIJKe78OABvsy0RXBH5Cr3YJwM?authuser=0&hl=id&g_ep=EgoyMDI2MDkxNi4wIJJjKgBIAVAD&rclk=1,,
SPPG MANGGARAI SATERMESE UTARA POPO,Nusa Tenggara Timur,Satar Mese,Manggarai,"79WM+57M SPPG MANGGARAI SATERMESE UTARA POPO, Popo, Kec. Satar Mese Bar., Kabupaten Manggarai, Nusa Tenggara Tim.",FALSE,TRUE,TRUE,-8.704539,120.383158,https://www.google.com/maps/place/SPPG+MANGGARAI+SATERMESE+UTARA+POPO/data=!4m7!3m6!1s0x2db371005a836bd3:0x5884c302b365ebc2!8m2!3d-8.7045391!4d120.3831578!16s%2Fg%2F11z8b24tpf!19sChIJ02uDWgBxsy0RwutlswLDhFg?authuser=0&hl=id&g_ep=EgoyMDI2MDkxNi4wIJJjKgBIAVAD&rclk=1,,
SPPG MANGGARAI SATAR MESE ITENG,Nusa Tenggara Timur,Satar Mese,Manggarai,"5CM9+75M SPPG MANGGARAI SATAR MESE ITENG, Nunur, Desa Iteng, Kec. Satar Mese, Kabupaten Manggarai, Nusa Tenggara Tim.",FALSE,TRUE,TRUE,-8.816782,120.417915,https://www.google.com/maps/place/SPPG+MANGGARAI+SATAR+MESE+ITENG/data=!4m7!3m6!1s0x2db3690059900e5f:0xa95681af2f93933d!8m2!3d-8.8167823!4d120.4179153!16s%2Fg%2F11njjbzqkd!19sChIJXw6QWQBpsy0RPZOTL6-BVqk?authuser=0&hl=id&g_ep=EgoyMDI2MDkxNi4wIJJjKgBIAVAD&rclk=1,,
SPPG MANGGARAI SATAR MESE PONGGEOK,Nusa Tenggara Timur,Satar Mese,Manggarai,"7C85+HGJ SPPG MANGGARAI SATAR MESE PONGGEOK, Iteng, Jl.Ruteng, RT.003/RW.001, Ponggeok, Kec. Satar Mese, Kabupaten Manggarai, Nusa Tenggara Tim.",FALSE,TRUE,TRUE,-8.733533,120.408774,https://www.google.com/maps/place/SPPG+MANGGARAI+SATAR+MESE+PONGGEOK/data=!4m7!3m6!1s0x2db369007bf3d73d:0x36b82365935842f6!8m2!3d-8.7335333!4d120.408774!16s%2Fg%2F11njk8f2s3!19sChIJPdfzewBpsy0R9kJYk2UjuDY?authuser=0&hl=id&g_ep=EgoyMDI2MDkxNi4wIJJjKgBIAVAD&rclk=1,,
SPPG LUNGAR,Nusa Tenggara Timur,Satar Mese,Manggarai,"7FRC+45G SPPG Lungar, Lungar, Kec. Satar Mese, Kabupaten Manggarai, Nusa Tenggara Tim.",FALSE,TRUE,TRUE,-8.709678,120.47045,https://www.google.com/maps/place/SPPG+Lungar/data=!4m7!3m6!1s0x2db373005f67cfc5:0xacc5f3d6fa51cf4e!8m2!3d-8.7096779!4d120.4704503!16s%2Fg%2F11z89j80ks!19sChIJxc9nXwBzsy0RTs9R-tbzxaw?authuser=0&hl=id&g_ep=EgoyMDI2MDkxNi4wIJJjKgBIAVAD&rclk=1,,
SPPG MANGGARAI PAPANG SATARMESE,Nusa Tenggara Timur,Satar Mese,Manggarai,"7CX5+2Q7 SPPG MANGGARAI Papang satarmese, Papang, Kec. Satar Mese, Kabupaten Manggarai, Nusa Tenggara Tim.",FALSE,TRUE,TRUE,-8.702453,120.409413,https://www.google.com/maps/place/SPPG+MANGGARAI+Papang+satarmese/data=!4m7!3m6!1s0x2db37100713fd33b:0xaa6e1b4a35cb1e2f!8m2!3d-8.7024535!4d120.409413!16s%2Fg%2F11nr8t4_k7!19sChIJO9M_cQBxsy0RLx7LNUobbqo?authuser=0&hl=id&g_ep=EgoyMDI2MDkxNi4wIJJjKgBIAVAD&rclk=1,,
SPPG MANGGARAI LELAK KETANG,Kepulauan Bangka Belitung,Manggar,Manggarai,"985P+MRH SPPG MANGGARAI LELAK KETANG, Ketang, Kec. Lelak, Kabupaten Manggarai, Nusa Tenggara Tim.",FALSE,TRUE,TRUE,-8.640811,120.337123,https://www.google.com/maps/place/SPPG+MANGGARAI+LELAK+KETANG/data=!4m7!3m6!1s0x2db379000364632b:0xb5301e385e3759c6!8m2!3d-8.6408111!4d120.3371231!16s%2Fg%2F11zc31n6dt!19sChIJK2NkAwB5sy0Rxlk3XjgeMLU?authuser=0&hl=id&g_ep=EgoyMDI2MDkxNi4wIJJjKgBIAVAD&rclk=1,,
"SPPG 3T PONG LENGOR, RAHONG UTARA",Nusa Tenggara Timur,Rahong Utara,Manggarai,"F92G+9WQ SPPG 3T PONG LENGOR, RAHONG UTARA, Pong Lengor, Kec. Rahong Utara, Kabupaten Manggarai, Nusa Tenggara Tim.",FALSE,TRUE,TRUE,-8.548583,120.377324,"https://www.google.com/maps/place/SPPG+3T+PONG+LENGOR,+RAHONG+UTARA/data=!4m7!3m6!1s0x2db39d00223f33c9:0x7b1b3b31b6bcbe70!8m2!3d-8.5485827!4d120.3773239!16s%2Fg%2F11npchglxt!19sChIJyTM_IgCdsy0RcL68tjE7G3s?authuser=0&hl=id&g_ep=EgoyMDI2MDkxNi4wIJJjKgBIAVAD&rclk=1",,
SPPG REOK REO,Kepulauan Bangka Belitung,Manggar,Manggarai,"MFXR+FQF SPPG Reok Reo, Dusun Bari kelurahan, Reo, Kec. Reok, Kabupaten Manggarai, Nusa Tenggara Tim.",FALSE,TRUE,TRUE,-8.301324,120.491923,https://www.google.com/maps/place/SPPG+Reok+Reo/data=!4m7!3m6!1s0x2db395000b612f11:0xa479a5d95503e193!8m2!3d-8.3013237!4d120.4919227!16s%2Fg%2F11zjcbg604!19sChIJES9hCwCVsy0Rk-EDVdmleaQ?authuser=0&hl=id&g_ep=EgoyMDI2MDkxNi4wIJJjKgBIAVAD&rclk=1,,
SPPG WANGKUNG REOK MANGGARAI,Kepulauan Bangka Belitung,Manggar,Manggarai,"Wangkung, Kec. Reok, Kabupaten Manggarai, Nusa Tenggara Tim.",FALSE,TRUE,TRUE,-8.287001,120.45478,https://www.google.com/maps/place/SPPG+WANGKUNG+REOK+MANGGARAI/data=!4m7!3m6!1s0x2db39500092bac83:0x8a0d927d3007b4a8!8m2!3d-8.2870008!4d120.4547805!16s%2Fg%2F11yyw8dq4n!19sChIJg6wrCQCVsy0RqLQHMH2SDYo?authuser=0&hl=id&g_ep=EgoyMDI2MDkxNi4wIJJjKgBIAVAD&rclk=1,,
SPPG MANGGARAI REOK REO,Kepulauan Bangka Belitung,Manggar,Manggarai,"Jln. Lingkungan Bari, RT./RA/RW.005/003, Reo, Kec. Reok, Kabupaten Manggarai, Nusa Tenggara Tim. 86592",FALSE,TRUE,TRUE,-8.310136,120.49256,https://www.google.com/maps/place/SPPG+MANGGARAI+REOK+REO/data=!4m7!3m6!1s0x2db39503cbd60e93:0xbf388944a7a94be2!8m2!3d-8.3101362!4d120.4925596!16s%2Fg%2F11zbbwf_6y!19sChIJkw7WywOVsy0R4kupp0SJOL8?authuser=0&hl=id&g_ep=EgoyMDI2MDkxNi4wIJJjKgBIAVAD&rclk=1,,
SPPG MANGGARAI LANGKE REMBONG PAU 2,Nusa Tenggara Timur,Langke Rembong,Manggarai,"9FR3+7RX SPPG Manggarai Langke Rembong Pau 2, Jl. Anggrek, Dongang, Pau, Kec. Langke Rembong, Kabupaten Manggarai, Nusa Tenggara Tim.",FALSE,TRUE,TRUE,-8.609272,120.454612,https://www.google.com/maps/place/SPPG+Manggarai+Langke+Rembong+Pau+2/data=!4m7!3m6!1s0x2db375004260f5f7:0x4c659dcb1729937d!8m2!3d-8.6092719!4d120.4546125!16s%2Fg%2F11njhvylgc!19sChIJ9_VgQgB1sy0RfZMpF8udZUw?authuser=0&hl=id&g_ep=EgoyMDI2MDkxNi4wIJJjKgBIAVAD&rclk=1,,
SPPG MANGGARAI LANGKE REMBONG TADONG,Nusa Tenggara Timur,Langke Rembong,Manggarai,"9FRH+32C SPPG Manggarai Langke Rembong Tadong, Tenda, Kec. Langke Rembong, Kabupaten Manggarai, Nusa Tenggara Tim.",FALSE,TRUE,TRUE,-8.609839,120.477489,https://www.google.com/maps/place/SPPG+Manggarai+Langke+Rembong+Tadong/data=!4m7!3m6!1s0x2db3750064f71911:0x7a124efcad42a0b7!8m2!3d-8.6098386!4d120.4774889!16s%2Fg%2F11z4xrbfb5!19sChIJERn3ZAB1sy0Rt6BCrfxOEno?authuser=0&hl=id&g_ep=EgoyMDI2MDkxNi4wIJJjKgBIAVAD&rclk=1,,
SPPG PITAK LANGKE REMBONG,Nusa Tenggara Timur,Langke Rembong,Manggarai,"Jl. Hayam Wuruk No.005/015, RT.Tuwa RT/RW.:, Pitak, Kec. Langke Rembong, Kabupaten Manggarai, Nusa Tenggara Tim.",FALSE,TRUE,TRUE,-8.600219,120.461934,https://www.google.com/maps/place/Sppg+Pitak+Langke+Rembong/data=!4m7!3m6!1s0x2db3750049889fa1:0x659e31e5d8919d40!8m2!3d-8.6002192!4d120.4619341!16s%2Fg%2F11npk5tqv4!19sChIJoZ-ISQB1sy0RQJ2R2OUxnmU?authuser=0&hl=id&g_ep=EgoyMDI2MDkxNi4wIJJjKgBIAVAD&rclk=1,,
SPPG MANGGARAI LANGKE REMBONG PAU 1,Nusa Tenggara Timur,Langke Rembong,Manggarai,"9FQ5+358 Sppg Manggarai Langke Rembong Pau 1, Jl. Delima Utara, Pau, Kec. Langke Rembong, Kabupaten Manggarai, Nusa Tenggara Tim.",FALSE,TRUE,TRUE,-8.612337,120.457953,https://www.google.com/maps/place/Sppg+Manggarai+Langke+Rembong+Pau+1/data=!4m7!3m6!1s0x2db37500287c2a33:0xc6c392a47b15d22e!8m2!3d-8.6123373!4d120.457953!16s%2Fg%2F11npqn4lf0!19sChIJMyp8KAB1sy0RLtIVe6SSw8Y?authuser=0&hl=id&g_ep=EgoyMDI2MDkxNi4wIJJjKgBIAVAD&rclk=1,,
SPPG MANGGARAI LANGKE REMBONG PAU 3,Nusa Tenggara Timur,Langke Rembong,Manggarai,"9C9W+XRF SPPG MANGGARAI LANGKE REMBONG PAU 3, Jl. Lingkar Luar, Pau, Kec. Langke Rembong, Kabupaten Manggarai, Nusa Tenggara Tim.",FALSE,TRUE,TRUE,-8.630047,120.447041,https://www.google.com/maps/place/SPPG+MANGGARAI+LANGKE+REMBONG+PAU+3/data=!4m7!3m6!1s0x2db37500543b0dcb:0x7a3abca8225ed7d9!8m2!3d-8.6300466!4d120.4470413!16s%2Fg%2F11npjv2g3p!19sChIJyw07VAB1sy0R2ddeIqi8Ono?authuser=0&hl=id&g_ep=EgoyMDI2MDkxNi4wIJJjKgBIAVAD&rclk=1,,
SPPG MANGGARAI LANGKE REMBONG LAWIR,Nusa Tenggara Timur,Langke Rembong,Manggarai,"Jl. Hatta No.22, Lawir, Kec. Langke Rembong, Kabupaten Manggarai, Nusa Tenggara Tim.",FALSE,TRUE,TRUE,-8.610087,120.458219,https://www.google.com/maps/place/SPPG+Manggarai+Langke+Rembong+Lawir/data=!4m7!3m6!1s0x2db375002b004337:0x7f428e4516266018!8m2!3d-8.6100867!4d120.4582188!16s%2Fg%2F11npkm75fk!19sChIJN0MAKwB1sy0RGGAmFkWOQn8?authuser=0&hl=id&g_ep=EgoyMDI2MDkxNi4wIJJjKgBIAVAD&rclk=1,,
SPPG MANGGARAI LELAK URANG,Kepulauan Bangka Belitung,Manggar,Manggarai,"Pong Umpu, Kec. Lelak, Kabupaten Manggarai, Nusa Tenggara Tim.",FALSE,TRUE,TRUE,-8.643666,120.29888,https://www.google.com/maps/place/SPPG+MANGGARAI+LELAK+URANG/data=!4m7!3m6!1s0x2db379004ee98081:0xde9034d6ecb642dc!8m2!3d-8.6436656!4d120.2988798!16s%2Fg%2F11z8byfvv5!19sChIJgYDpTgB5sy0R3EK27NY0kN4?authuser=0&hl=id&g_ep=EgoyMDI2MDkxNi4wIJJjKgBIAVAD&rclk=1,,
SPPG BATU CERMIN,Kepulauan Bangka Belitung,Manggar,Manggarai,"GW72+CVX SPPG Batu Cermin, Batu Cermin, Komodo, West Manggarai Regency, East Nusa Tenggara",FALSE,TRUE,TRUE,-8.485528,119.902083,https://www.google.com/maps/place/SPPG+Batu+Cermin/data=!4m7!3m6!1s0x2db465001dfdffcd:0x52f483b0fc182424!8m2!3d-8.4855278!4d119.9020833!16s%2Fg%2F11npr44pyw!19sChIJzf_9HQBltC0RJCQY_LCD9FI?authuser=0&hl=id&g_ep=EgoyMDI2MDkxNi4wIJJjKgBIAVAD&rclk=1,,
SPPG SIRU LEMBOR,Kepulauan Bangka Belitung,Manggar,Manggarai Barat,"74QW+F6 SPPG Siru Lembor, Tangge, Kecamatan Lembor, Kabupaten Manggarai Barat, Nusa Tenggara Tim.",FALSE,TRUE,TRUE,-8.710835,120.146229,https://www.google.com/maps/place/SPPG+Siru+Lembor/data=!4m7!3m6!1s0x2db483000ecfce6b:0x929e92d6ceb21be8!8m2!3d-8.7108353!4d120.1462292!16s%2Fg%2F11zb7rqlcy!19sChIJa87PDgCDtC0R6BuyztaSnpI?authuser=0&hl=id&g_ep=EgoyMDI2MDkxNi4wIJJjKgBIAVAD&rclk=1,,
SPPG KUWUS BARAT KOLANG,Nusa Tenggara Timur,Kuwus Barat,Manggarai Barat,"F747+XFH SPPG KUWUS BARAT KOLANG, Nao, Kolang, Kec. Kuwus, Kabupaten Manggarai Barat, Nusa Tenggara Tim.",FALSE,TRUE,TRUE,-8.54256,120.263748,https://www.google.com/maps/place/SPPG+KUWUS+BARAT+KOLANG/data=!4m7!3m6!1s0x2db3830073ff83c3:0xe9715fec437acc79!8m2!3d-8.5425596!4d120.2637482!16s%2Fg%2F11z83mmzhy!19sChIJw4P_cwCDsy0Recx6Q-xfcek?authuser=0&hl=id&g_ep=EgoyMDI2MDkxNi4wIJJjKgBIAVAD&rclk=1,,
SPPG MACANG TANGGAR,Kepulauan Bangka Belitung,Manggar,Manggarai Barat,"CVR8+GJ2 SPPG Macang Tanggar, Macang Tanggar, Kec. Komodo, Kabupaten Manggarai Barat, Nusa Tenggara Tim.",FALSE,TRUE,TRUE,-8.558747,119.866521,https://www.google.com/maps/place/SPPG+Macang+Tanggar/data=!4m7!3m6!1s0x2db4610069cf4267:0x437a076f667fc29!8m2!3d-8.5587475!4d119.8665211!16s%2Fg%2F11zh11j__3!19sChIJZ0LPaQBhtC0RKfxn9nagNwQ?authuser=0&hl=id&g_ep=EgoyMDI2MDkxNi4wIJJjKgBIAVAD&rclk=1,,
SPPG WAE KELAMBU,Kepulauan Bangka Belitung,Manggar,Manggarai Barat,"GV2X+CXV Sppg wae kelambu, Gang Evergreen Golo Koe, Labuan Bajo, Kec. Komodo, Kabupaten Manggarai Barat, Nusa Tenggara Tim.",FALSE,TRUE,TRUE,-8.498878,119.899912,https://www.google.com/maps/place/Sppg+wae+kelambu/data=!4m7!3m6!1s0x2db46500224959f3:0x79850126cebd5cbd!8m2!3d-8.4988782!4d119.8999122!16s%2Fg%2F11zc92j5th!19sChIJ81lJIgBltC0RvVy9ziYBhXk?authuser=0&hl=id&g_ep=EgoyMDI2MDkxNi4wIJJjKgBIAVAD&rclk=1,,
SPPG PACAR COMPANG,Nusa Tenggara Timur,Macang Pacar,Manggarai Barat,"F5GX+2Q8 SPPG Pacar Compang, Compang, Kec. Macang Pacar, Kabupaten Manggarai Barat, Nusa Tenggara Tim.",FALSE,TRUE,TRUE,-8.524902,120.199765,"https://www.google.com/maps/place/SPPG+Pacar+Compang/@-8.5249015,120.1997648,17z/data=!3m1!4b1!4m6!3m5!1s0x2db381007b397023:0x8c38752929cee3b2!8m2!3d-8.5249015!4d120.1997648!16s%2Fg%2F11npl499sr?hl=id&entry=ttu&g_ep=EgoyMDI2MDkxNi4wIKXMDSoASAFQAw%3D%3D",,
SPPG WELAK ORONG,Kepulauan Bangka Belitung,Manggar,Manggarai Barat,"86XP+349 SPPG WELAK ORONG, Orong, Kec. Welak, Kabupaten Manggarai Barat, Nusa Tenggara Tim.",FALSE,TRUE,TRUE,-8.652285,120.235359,https://www.google.com/maps/place/SPPG+WELAK+ORONG/data=!4m7!3m6!1s0x2db37f0034a021a1:0x8dbe1668f11ea3e6!8m2!3d-8.6522855!4d120.2353586!16s%2Fg%2F11zc968zn1!19sChIJoSGgNAB_sy0R5qMe8WgWvo0?authuser=0&hl=id&g_ep=EgoyMDI2MDkxNi4wIJJjKgBIAVAD&rclk=1,,
SPPG 3T PAHAR GELONG,Kepulauan Bangka Belitung,Manggar,Manggarai,"97VR+QMC SPPG 3T PAHAR GELONG, Gelong, Kec. Lelak, Kabupaten Manggarai, Nusa Tenggara Tim.",FALSE,TRUE,TRUE,-8.605558,120.291652,https://www.google.com/maps/place/SPPG+3T+PAHAR+GELONG/data=!4m7!3m6!1s0x2db3790047584aa5:0xbcb72b608810d8ff!8m2!3d-8.6055582!4d120.2916524!16s%2Fg%2F11zcfmjfqj!19sChIJpUpYRwB5sy0R_9gQiGArt7w?authuser=0&hl=id&g_ep=EgoyMDI2MDkxNi4wIJJjKgBIAVAD&rclk=1,,
SPPG 3T PULAU PAPAGARANG,Kepulauan Bangka Belitung,Manggar,Manggarai,"CPJ9+2QG SPPG 3T PULAU PAPAGARANG, Papa Garang, Komodo, West Manggarai Regency, East Nusa Tenggara",FALSE,TRUE,TRUE,-8.570036,119.71996,https://www.google.com/maps/place/SPPG+3T+PULAU+PAPAGARANG/data=!4m7!3m6!1s0x2db45f0066e7917f:0xa2f1f927a13942c3!8m2!3d-8.570036!4d119.7199605!16s%2Fg%2F11yt35kdz_!19sChIJf5HnZgBftC0Rw0I5oSf58aI?authuser=0&hl=id&g_ep=EgoyMDI2MDkxNi4wIJJjKgBIAVAD&rclk=1,,
SPPG 3T PULAU MESAH DESA PASIR PUTIH,Papua Pegunungan,Pasir Putih,Manggarai,"FPCW+X23 SPPG 3T PULAU MESAH DESA PASIR PUTIH, Pasir Putih, Komodo, West Manggarai Regency, East Nusa Tenggara",FALSE,TRUE,TRUE,-8.528482,119.744888,https://www.google.com/maps/place/SPPG+3T+PULAU+MESAH+DESA+PASIR+PUTIH/data=!4m7!3m6!1s0x2db45d00484de96d:0x8c34ece3d2931925!8m2!3d-8.5284818!4d119.7448883!16s%2Fg%2F11yq9mzr2j!19sChIJbelNSABdtC0RJRmT0uPsNIw?authuser=0&hl=id&g_ep=EgoyMDI2MDkxNi4wIJJjKgBIAVAD&rclk=1,,
DAPUR SPPG WAE KELAMBU 2,Kepulauan Bangka Belitung,Manggar,Manggarai Barat,"GW33+P7M Dapur SPPG WAE KELAMBU 2, Jl. Mawar, Wae Kelambu, Kec. Komodo, Kabupaten Manggarai Barat, Nusa Tenggara Tim.",FALSE,TRUE,TRUE,-8.495673,119.90316,https://www.google.com/maps/place/Dapur+SPPG+WAE+KELAMBU+2/data=!4m7!3m6!1s0x2db4650042e413ed:0x90a320a8b7a3a39!8m2!3d-8.4956731!4d119.9031599!16s%2Fg%2F11nr8pz_mr!19sChIJ7RPkQgBltC0ROTp6iwoyCgk?authuser=0&hl=id&g_ep=EgoyMDI2MDkxNi4wIJJjKgBIAVAD&rclk=1,,
SPPG GOLO BILAS,Kepulauan Bangka Belitung,Manggar,Manggarai Barat,"FVMQ+FHH SPPG GOLO BILAS, Jl. Trans Flores, Labuan Bajo, Kec. Komodo, Kabupaten Manggarai Barat, Nusa Tenggara Tim.",FALSE,TRUE,TRUE,-8.516317,119.888987,https://www.google.com/maps/place/SPPG+GOLO+BILAS/data=!4m7!3m6!1s0x2db46500726fb23b:0xef0297a66de7df9c!8m2!3d-8.5163173!4d119.8889866!16s%2Fg%2F11mkvf75j4!19sChIJO7JvcgBltC0RnN_nbaaXAu8?authuser=0&hl=id&g_ep=EgoyMDI2MDkxNi4wIJJjKgBIAVAD&rclk=1,,
SPPG 3T DESA BATU TIGA BOLENG,Kepulauan Bangka Belitung,Manggar,Manggarai,"HX7V+269 SPPG 3T DESA BATU TIGA BOLENG, Batu Tiga, Boleng, West Manggarai Regency, East Nusa Tenggara",FALSE,TRUE,TRUE,-8.437557,119.993124,https://www.google.com/maps/place/SPPG+3T+DESA+BATU+TIGA+BOLENG/data=!4m7!3m6!1s0x2db471006ead1003:0xeac1bd8b01117743!8m2!3d-8.4375566!4d119.9931244!16s%2Fg%2F11yv1cv_r8!19sChIJAxCtbgBxtC0RQ3cRAYu9weo?authuser=0&hl=id&g_ep=EgoyMDI2MDkxNi4wIJJjKgBIAVAD&rclk=1,,
SPPG MBUIT BOLENG,Kepulauan Bangka Belitung,Manggar,Manggarai Barat,"G33P+6R8 SPPG MBUIT BOLENG, Bentala, Mbuit, Kec. Boleng, Kabupaten Manggarai Barat, Nusa Tenggara Tim.",FALSE,TRUE,TRUE,-8.497454,120.087029,https://www.google.com/maps/place/SPPG+MBUIT+BOLENG/data=!4m7!3m6!1s0x2db47900059d2841:0x40122fdc358e01f8!8m2!3d-8.497454!4d120.087029!16s%2Fg%2F11zc3k28hg!19sChIJQSidBQB5tC0R-AGONdwvEkA?authuser=0&hl=id&g_ep=EgoyMDI2MDkxNi4wIJJjKgBIAVAD&rclk=1,,
SPPG 3T DESA TANJUNG PONTIANAK BOLENG,Kalimantan Selatan,Tanjung,Manggarai,"M43W+MXC SPPG 3T DESA TANJUNG PONTIANAK BOLENG, Tanjung Pontianak, Boleng, West Manggarai Regency, East Nusa Tenggara",FALSE,TRUE,TRUE,-8.345819,120.147376,https://www.google.com/maps/place/SPPG+3T+DESA+TANJUNG+PONTIANAK+BOLENG/data=!4m7!3m6!1s0x2db4750050f8a777:0x97fd0db4ef845470!8m2!3d-8.3458186!4d120.1473761!16s%2Fg%2F11myd9jgdf!19sChIJd6f4UAB1tC0RcFSE77QN_Zc?authuser=0&hl=id&g_ep=EgoyMDI2MDkxNi4wIJJjKgBIAVAD&rclk=1,,
SPPG DALENG LEMBOR,Kepulauan Bangka Belitung,Manggar,Manggarai Barat,"8646+GXQ SPPG DALENG LEMBOR, Daleng, Kecamatan Lembor, Kabupaten Manggarai Barat, Nusa Tenggara Tim.",FALSE,TRUE,TRUE,-8.693671,120.21247,https://www.google.com/maps/place/SPPG+DALENG+LEMBOR/data=!4m7!3m6!1s0x410d9620535458a1:0x1fa9a42ff506b634!8m2!3d-8.6880025!4d120.2145386!16s%2Fg%2F11z895c_kc!19sChIJoVhUUyCWDUERNLYG9S-kqR8?authuser=0&hl=id&g_ep=EgoyMDI2MDkxNi4wIJJjKgBIAVAD&rclk=1,,
SPPG DALENG LEMBOR,,,,,FALSE,FALSE,FALSE,-8.693671,120.21247,https://www.google.com/maps/place/SPPG+DALENG+LEMBOR/data=!4m7!3m6!1s0x410d9620535458a1:0x1fa9a42ff506b634!8m2!3d-8.6880025!4d120.2145386!16s%2Fg%2F11z895c_kc!19sChIJoVhUUyCWDUERNLYG9S-kqR8?authuser=0&hl=id&g_ep=EgoyMDI2MDkxNi4wIJJjKgBIAVAD&rclk=1,,
SATUAN PELAYANAN PEMENUHAN GIZI (SPPG) LANGKAS DAMAI,Kepulauan Bangka Belitung,Manggar,Manggarai,"Jl. Ruteng-Labuan Bajo No.kel, Compang Tuke, Kec Ruteng, Kabupaten Manggarai, Nusa Tenggara Tim.",FALSE,TRUE,TRUE,-8.690902,120.219997,https://www.google.com/maps/place/Satuan+Pelayanan+Pemenuhan+Gizi+%28SPPG%29+Langkas+Damai/data=!4m7!3m6!1s0x2db37d006e32c861:0x9eea86dd7e1cb59e!8m2!3d-8.6909025!4d120.2199974!16s%2Fg%2F11xs8xv50d!19sChIJYcgybgB9sy0RnrUcft2G6p4?authuser=0&hl=id&g_ep=EgoyMDI2MDkxNi4wIJJjKgBIAVAD&rclk=1,,
SPPG 3T DESA SIRU,Kepulauan Bangka Belitung,Manggar,Manggarai Barat,"74R2+4XX SPPG 3T DESA SIRU, Siru, Kecamatan Lembor, Kabupaten Manggarai Barat, Nusa Tenggara Tim.",FALSE,TRUE,TRUE,-8.709648,120.10249,https://www.google.com/maps/place/SPPG+3T+DESA+SIRU/data=!4m7!3m6!1s0x2db4830014490e35:0x1f9949d4b897378a!8m2!3d-8.7096478!4d120.1024898!16s%2Fg%2F11yx79cp29!19sChIJNQ5JFACDtC0RijeXuNRJmR8?authuser=0&hl=id&g_ep=EgoyMDI2MDkxNi4wIJJjKgBIAVAD&rclk=1,,
SPPG POLRES MANGGARAI TIMUR,Kepulauan Bangka Belitung,Manggar,Manggarai Timur,"5JP4+9V5 SPPG POLRES MANGGARAI TIMUR, Rana Loba, Kec. Borong, Kabupaten Manggarai Timur, Nusa Tenggara Tim.",FALSE,TRUE,TRUE,-8.814122,120.60722,"https://www.google.com/maps/place/SPPG+POLRES+MANGGARAI+TIMUR/@-8.8141225,120.6072204,17z/data=!3m1!4b1!4m6!3m5!1s0x2db3150028ca6581:0x2265ba870c80cd2b!8m2!3d-8.8141225!4d120.6072204!16s%2Fg%2F11z8h4br4h?hl=id&entry=ttu&g_ep=EgoyMDI2MDkxNi4wIKXMDSoASAFQAw%3D%3D",,
SPPG BORONG WALING,Kepulauan Bangka Belitung,Manggar,Manggarai Timur,"9J4R+W42 SPPG BORONG WALING, Golo Lalong, Kec. Borong, Kabupaten Manggarai Timur, Nusa Tenggara Tim.",FALSE,TRUE,TRUE,-8.642747,120.640289,https://www.google.com/maps/place/SPPG+BORONG+WALING/data=!4m7!3m6!1s0x2db30f00702e620b:0x41f67ece8fa3a822!8m2!3d-8.6427467!4d120.6402891!16s%2Fg%2F11z8cj_xw2!19sChIJC2IucAAPsy0RIqijj85-9kE?authuser=0&hl=id&g_ep=EgoyMDI2MDkxNi4wIJJjKgBIAVAD&rclk=1,,
SPPG MBATA,Nusa Tenggara Timur,Elar Selatan,Manggarai Timur,"Ajang-Mesi, RT/RW: 017/005 Desa Rana Mbata, Kec. Kota Komba, Utara Jln. Lintas Borong, Rana Mbeling, Kec. Elar Selatan, Kabupaten Manggarai Timur, Nusa Tenggara Tim.",FALSE,TRUE,TRUE,-8.68112,120.733511,https://www.google.com/maps/place/SPPG+Mbata/data=!4m7!3m6!1s0x2db305003ace09bf:0x54f6bfcd4d5d4763!8m2!3d-8.6811196!4d120.7335113!16s%2Fg%2F11z4zm5nfb!19sChIJvwnOOgAFsy0RY0ddTc2_9lQ?authuser=0&hl=id&g_ep=EgoyMDI2MDkxNi4wIJJjKgBIAVAD&rclk=1,,
SPPG LATUNG,Kepulauan Bangka Belitung,Manggar,Manggarai Timur,"HC3Q+GWF SPPG LATUNG, Latung, Kec. Poco Ranaka Timur, Kabupaten Manggarai Timur, Nusa Tenggara Tim.",FALSE,TRUE,TRUE,-8.4462,120.439782,https://www.google.com/maps/place/SPPG+LATUNG/data=!4m7!3m6!1s0x2db399005cb84c4b:0x606ba40581a84a7e!8m2!3d-8.4461998!4d120.4397824!16s%2Fg%2F11z83wv7jg!19sChIJS0y4XACZsy0RfkqogQWka2A?authuser=0&hl=id&g_ep=EgoyMDI2MDkxNi4wIJJjKgBIAVAD&rclk=1,,
SPPG 3T GOLO CONGGO,Kepulauan Bangka Belitung,Manggar,Manggarai,"MF99+579 SPPG 3T GOLO CONGGO, Dusun Conggo, RT.008/RW.004, Ruis, Kec. Reok, Kabupaten Manggarai, Nusa Tenggara Tim.",FALSE,TRUE,TRUE,-8.332087,120.468248,https://www.google.com/maps/place/SPPG+3T+GOLO+CONGGO/data=!4m7!3m6!1s0x2db3970009d0f19f:0xa666e6f6d457ec1a!8m2!3d-8.3320872!4d120.468248!16s%2Fg%2F11z89b1npk!19sChIJn_HQCQCXsy0RGuxX1PbmZqY?authuser=0&hl=id&g_ep=EgoyMDI2MDkxNi4wIJJjKgBIAVAD&rclk=1,,
SPPG MANO,Kepulauan Bangka Belitung,Manggar,Manggarai Timur,"9HX8+86M SPPG MANO, Jl. Ruteng - Benteng Jawa, Nggalak Leleng, Kec. Poco Ranaka, Kabupaten Manggarai Timur, Nusa Tenggara Tim.",FALSE,TRUE,TRUE,-8.601385,120.565581,https://www.google.com/maps/place/SPPG+MANO/data=!4m7!3m6!1s0x2db30b000febb989:0xeb4940ca1b72ae78!8m2!3d-8.6013848!4d120.5655815!16s%2Fg%2F11z8tk2rsg!19sChIJibnrDwALsy0ReK5yG8pASes?authuser=0&hl=id&g_ep=EgoyMDI2MDkxNi4wIJJjKgBIAVAD&rclk=1,,
SPPG MOS BORONG 001,Kepulauan Bangka Belitung,Manggar,Manggarai,"6J28+H85 SPPG MOS BORONG 001, Rana Loba, Borong, East Manggarai Regency, East Nusa Tenggara",FALSE,TRUE,TRUE,-8.798635,120.615893,https://www.google.com/maps/place/SPPG+MOS+BORONG+001/data=!4m7!3m6!1s0x2db315001bf837a3:0xa4369c5a18b195db!8m2!3d-8.798635!4d120.6158926!16s%2Fg%2F11yn7h1ymy!19sChIJozf4GwAVsy0R25WxGFqcNqQ?authuser=0&hl=id&g_ep=EgoyMDI2MDkxNi4wIJJjKgBIAVAD&rclk=1,,
SPPG BANGKA KANTAR,Kepulauan Bangka Belitung,Manggar,Manggarai Timur,"6HJV+GP6 SPPG BANGKA KANTAR, Golo Kantar, Kec. Borong, Kabupaten Manggarai Timur, Nusa Tenggara Tim.",FALSE,TRUE,TRUE,-8.768791,120.594404,https://www.google.com/maps/place/SPPG+BANGKA+KANTAR/data=!4m7!3m6!1s0x2db313003c0159af:0x8cb20b7f3791f789!8m2!3d-8.7687915!4d120.5944042!16s%2Fg%2F11npkkx_6b!19sChIJr1kBPAATsy0RifeRN38Lsow?authuser=0&hl=id&g_ep=EgoyMDI2MDkxNi4wIJJjKgBIAVAD&rclk=1,,
SPPG MANGGARAI TIMUR RANA MESE WATU MORI,Nusa Tenggara Timur,Rana Mese,Manggarai,"Watu Mori, Rana Mese, East Manggarai Regency, East Nusa Tenggara 86571",FALSE,TRUE,TRUE,-8.77297,120.577929,https://www.google.com/maps/place/SPPG+MANGGARAI+TIMUR+RANA+MESE+WATU+MORI/data=!4m7!3m6!1s0x2db313d502006e6f:0x2cc25f75cecc9124!8m2!3d-8.7729701!4d120.5779287!16s%2Fg%2F11npr6scpz!19sChIJb24AAtUTsy0RJJHMznVfwiw?authuser=0&hl=id&g_ep=EgoyMDI2MDkxNi4wIJJjKgBIAVAD&rclk=1,,
SPPG WASO,Nusa Tenggara Timur,Langke Rembong,Manggarai,"9FG3+6XX SPPG WASO, Waso, Kec. Langke Rembong, Kabupaten Manggarai, Nusa Tenggara Tim.",FALSE,TRUE,TRUE,-8.624359,120.454388,https://www.google.com/maps/place/SPPG+WASO/data=!4m7!3m6!1s0x2db3750049321055:0xe4474797a587a9af!8m2!3d-8.624359!4d120.454388!16s%2Fg%2F11ypb4mhr3!19sChIJVRAySQB1sy0Rr6mHpZdHR-Q?authuser=0&hl=id&g_ep=EgoyMDI2MDkxNi4wIJJjKgBIAVAD&rclk=1,,
SPPG GOLO DUKAL 2,Nusa Tenggara Timur,Langke Rembong,Manggarai,"9CRX+C2H SPPG Golo dukal 2, Jl. Golo Dukal, Wali, Kec. Langke Rembong, Kabupaten Manggarai, Nusa Tenggara Tim.",FALSE,TRUE,TRUE,-8.608946,120.447595,https://www.google.com/maps/place/SPPG+Golo+dukal+2/data=!4m7!3m6!1s0x2db3750031b1e25f:0xdebc37d4ad86f440!8m2!3d-8.6089461!4d120.4475946!16s%2Fg%2F11zjcmhstn!19sChIJX-KxMQB1sy0RQPSGrdQ3vN4?authuser=0&hl=id&g_ep=EgoyMDI2MDkxNi4wIJJjKgBIAVAD&rclk=1,,
DAPUR SPPG GOLO DUKAL 1,Nusa Tenggara Timur,Langke Rembong,Manggarai,"Jl. Gaspar Parang Ehok, Golo Dukal, Kec. Langke Rembong, Kabupaten Manggarai, Nusa Tenggara Tim. 86515",FALSE,TRUE,TRUE,-8.619095,120.445673,https://www.google.com/maps/place/Dapur+SPPG+GOLO+DUKAL+1/data=!4m7!3m6!1s0x2db3759d83c4deb9:0xf52cf24ed94d85d!8m2!3d-8.6190952!4d120.4456726!16s%2Fg%2F11z7p866hr!19sChIJud7Eg511sy0RXdiU7STPUg8?authuser=0&hl=id&g_ep=EgoyMDI2MDkxNi4wIJJjKgBIAVAD&rclk=1,,
SPPG COMPANG DALO,Nusa Tenggara Timur,Ruteng,Manggarai,"Jln Ruteng-Labuan Bajo,wae garit, Wali, Kec. Ruteng, kelurahan Compang Tuke, Nusa Tenggara Tim.",FALSE,TRUE,FALSE,-8.586361,120.432512,https://www.google.com/maps/place/SPPG+Compang+Dalo/data=!4m7!3m6!1s0x2db3770049d38f55:0x90427da3634230db!8m2!3d-8.5863607!4d120.4325122!16s%2Fg%2F11z787dg_7!19sChIJVY_TSQB3sy0R2zBCY6N9QpA?authuser=0&hl=id&g_ep=EgoyMDI2MDkxNi4wIJJjKgBIAVAD&rclk=1,,
SPPG KOTA KOMBA 001,Nusa Tenggara Timur,Kota Komba,Manggarai Timur,"6P88+RGF SPPG KOTA KOMBA 001, Rongga Koe, Kec. Kota Komba, Kabupaten Manggarai Timur, Nusa Tenggara Tim.",FALSE,TRUE,TRUE,-8.782937,120.71631,https://www.google.com/maps/place/SPPG+KOTA+KOMBA+001/data=!4m7!3m6!1s0x2db31f00585f9de5:0x2f55b5de00aa94c4!8m2!3d-8.7829369!4d120.71631!16s%2Fg%2F11npkdf367!19sChIJ5Z1fWAAfsy0RxJSqAN61VS8?authuser=0&hl=id&g_ep=EgoyMDI2MDkxNi4wIJJjKgBIAVAD&rclk=1,,
SPPG,Nusa Tenggara Timur,Aesesa,Nagekeo,"C8JG+854 SPPG, Aeramo, Kec. Aesesa, Kabupaten Nagekeo, Nusa Tenggara Tim.",FALSE,TRUE,TRUE,-8.569237,121.325468,https://www.google.com/maps/place/SPPG/data=!4m7!3m6!1s0x3270b100266ac6b9:0xb4250265cce512a6!8m2!3d1.1088901!4d121.4095329!16s%2Fg%2F11xvhpf_k0!19sChIJucZqJgCxcDIRphLlzGUCJbQ?authuser=0&hl=id&g_ep=EgoyMDI2MDkxNi4wIJJjKgBIAVAD&rclk=1,,
SPPG NAGEKEO AESESA SELATAN TENGATIBA,Nusa Tenggara Timur,Aesesa Selatan,Nagekeo,"86HH+5M5 SPPG NAGEKEO AESESA SELATAN TENGATIBA, SMPN 1, Tengatiba, Kec. Aesesa Sel., Kabupaten Nagekeo, Nusa Tenggara Tim.",FALSE,TRUE,TRUE,-8.672111,121.229239,https://www.google.com/maps/place/SPPG+NAGEKEO+AESESA+SELATAN+TENGATIBA/data=!4m7!3m6!1s0x2db2ed0072533b85:0xc84ac728b6e016aa!8m2!3d-8.6721114!4d121.2292392!16s%2Fg%2F11nth0vw0s!19sChIJhTtTcgDtsi0RqhbgtijHSsg?authuser=0&hl=id&g_ep=EgoyMDI2MDkxNi4wIJJjKgBIAVAD&rclk=1,,
SPPG NAGEKEO AESESA AERAMA,Nusa Tenggara Timur,Aesesa,Nagekeo,"C8JH+Q8M SPPG NAGEKEO AESESA AERAMA, Aeramo, Kec. Aesesa, Kabupaten Nagekeo, Nusa Tenggara Tim.",FALSE,TRUE,TRUE,-8.568049,121.328287,https://www.google.com/maps/place/SPPG+NAGEKEO+AESESA+AERAMA/data=!4m7!3m6!1s0x2db28d006e2b95b7:0xee801d9d55743890!8m2!3d-8.568049!4d121.3282866!16s%2Fg%2F11zd06m1pn!19sChIJt5UrbgCNsi0RkDh0VZ0dgO4?authuser=0&hl=id&g_ep=EgoyMDI2MDkxNi4wIJJjKgBIAVAD&rclk=1,,
SPPG NAGEKEO TENDA KINDE 2 DHAWE AESESA,Nusa Tenggara Timur,Aesesa,Nagekeo,"Jalan Singashari No.RT 025, Dhawe, Kec. Aesesa, Kabupaten Nagekeo, Nusa Tenggara Tim.",FALSE,TRUE,TRUE,-8.579309,121.249207,https://www.google.com/maps/place/SPPG+NAGEKEO+TENDA+KINDE+2+DHAWE+AESESA/data=!4m7!3m6!1s0x2db2f3006c008bcf:0x9dbdbcf7967abe64!8m2!3d-8.5793086!4d121.2492072!16s%2Fg%2F11npchy657!19sChIJz4sAbADzsi0RZL56lve8vZ0?authuser=0&hl=id&g_ep=EgoyMDI2MDkxNi4wIJJjKgBIAVAD&rclk=1,,
SPPG MBAY I,Nusa Tenggara Timur,Aesesa,Nagekeo,"F73F+J4 SPPG MBAY I, Mbay I, Kec. Aesesa, Kabupaten Nagekeo, Nusa Tenggara Tim.",FALSE,TRUE,TRUE,-8.545885,121.272773,https://www.google.com/maps/place/SPPG+MBAY+I/data=!4m7!3m6!1s0x2db28b00031b67a7:0x7ccef759eeb34752!8m2!3d-8.5458854!4d121.2727734!16s%2Fg%2F11z5x9v27r!19sChIJp2cbAwCLsi0RUkez7ln3znw?authuser=0&hl=id&g_ep=EgoyMDI2MDkxNi4wIJJjKgBIAVAD&rclk=1,,
SPPG NAGEKEO BOAWAE NAGEOGA,Nusa Tenggara Timur,Boawae,Nagekeo,"65QH+XGR SPPG NAGEKEO BOAWAE NAGEOGA, RT./RW/RW.006, 000, Nageoga, Kec. Boawae, Kabupaten Nagekeo, Nusa Tenggara Tim.",FALSE,TRUE,TRUE,-8.760032,121.178712,https://www.google.com/maps/place/SPPG+NAGEKEO+BOAWAE+NAGEOGA/data=!4m7!3m6!1s0x2db2eb004eb6a7c5:0x156924b9bfed9b6d!8m2!3d-8.7600322!4d121.178712!16s%2Fg%2F11zd9db38f!19sChIJxae2TgDrsi0RbZvtv7kkaRU?authuser=0&hl=id&g_ep=EgoyMDI2MDkxNi4wIJJjKgBIAVAD&rclk=1,,
SPPG OLAKILE BOAWAE,Nusa Tenggara Timur,Boawae,Nagekeo,"7583+4X8 SPPG Olakile Boawae, Malatute, RT./Rw/RW.008/000, Olakile, Kec. Boawae, Kabupaten Nagekeo, Nusa Tenggara Tim.",FALSE,TRUE,TRUE,-8.734725,121.154957,https://www.google.com/maps/place/SPPG+Olakile+Boawae/data=!4m7!3m6!1s0x2db2e9002141cae7:0x117b0d397cd1c64a!8m2!3d-8.7347245!4d121.1549574!16s%2Fg%2F11xzvyl_v6!19sChIJ58pBIQDpsi0RSsbRfDkNexE?authuser=0&hl=id&g_ep=EgoyMDI2MDkxNi4wIJJjKgBIAVAD&rclk=1,,
SPPG NAGERAWE,Nusa Tenggara Timur,Boawae,Nagekeo,"Jalan desa Dusun No.4, RT./RW/RW.08/04, Nagerawe, Kec. Boawae, Kabupaten Nagekeo, Nusa Tenggara Tim.",FALSE,TRUE,TRUE,-8.663048,121.128906,https://www.google.com/maps/place/SPPG+NAGERAWE/data=!4m7!3m6!1s0x2db2ef0063bb07d9:0xcbeae677898307ee!8m2!3d-8.6630478!4d121.1289059!16s%2Fg%2F11yz80r5jm!19sChIJ2Qe7YwDvsi0R7geDiXfm6ss?authuser=0&hl=id&g_ep=EgoyMDI2MDkxNi4wIJJjKgBIAVAD&rclk=1,,
SPPG NGADA INERIE WAEBELA,Nusa Tenggara Timur,Inerie,Ngada,"3X39+W8Q SPPG NGADA INERIE WAEBELA, Jln. Trans Aimere, Waebela, Kec. Inerie, Kabupaten Ngada, Nusa Tenggara Tim.",FALSE,TRUE,TRUE,-8.945154,120.968358,https://www.google.com/maps/place/SPPG+NGADA+INERIE+WAEBELA/data=!4m7!3m6!1s0x2db2d90066ec4a0d:0x78ff1e9e0ba29b9a!8m2!3d-8.9451537!4d120.9683585!16s%2Fg%2F11zd6dcf0n!19sChIJDUrsZgDZsi0RmpuiC54e_3g?authuser=0&hl=id&g_ep=EgoyMDI2MDkxNi4wIJJjKgBIAVAD&rclk=1,,
SPPG TERPENCIL BATAJAWA,Nusa Tenggara Timur,Jerebuu,Ngada,"32VF+VJH SPPG TERPENCIL BATAJAWA, Desa Batajawa, Kec. Jerebuu, Kabupaten Ngada, Nusa Tenggara Tim.",FALSE,TRUE,TRUE,-8.905311,121.02411,https://www.google.com/maps/place/SPPG+TERPENCIL+BATAJAWA/data=!4m7!3m6!1s0x2db2db00284aba8b:0x2b3d1769338a0644!8m2!3d-8.905311!4d121.0241103!16s%2Fg%2F11n3yyh16c!19sChIJi7pKKADbsi0RRAaKM2kXPSs?authuser=0&hl=id&g_ep=EgoyMDI2MDkxNi4wIJJjKgBIAVAD&rclk=1,,
SPPG TUREKISA,Nusa Tenggara Timur,Golewa,Ngada,"52M4+RPC, Jl. Trans Flores Bajawa-Ende Km 8, Turekisa, Golewa Bar., Kabupaten Ngada, Nusa Tenggara Tim.",FALSE,TRUE,TRUE,-8.813443,121.002488,https://www.google.com/maps/place/SPPG+Turekisa/data=!4m7!3m6!1s0x2db2e700347168c7:0x80b2c9778ef714d1!8m2!3d-8.8134434!4d121.0024882!16s%2Fg%2F11yw6d40h2!19sChIJx2hxNADnsi0R0RT3jnfJsoA?authuser=0&hl=id&g_ep=EgoyMDI2MDkxNi4wIJJjKgBIAVAD&rclk=1,,
SPPG LIBUNIO,Jawa Barat,Ibun,Ngada,"72WR+8WP SPPG LIBUNIO, Seso, Kec. Soa, Kabupaten Ngada, Nusa Tenggara Tim.",FALSE,TRUE,TRUE,-8.704172,121.042325,https://www.google.com/maps/place/SPPG+LIBUNIO/data=!4m7!3m6!1s0x2db2e50005499667:0xa93326312975a155!8m2!3d-8.7041717!4d121.0423249!16s%2Fg%2F11xmy69krd!19sChIJZ5ZJBQDlsi0RVaF1KTEmM6k?authuser=0&hl=id&g_ep=EgoyMDI2MDkxNi4wIJJjKgBIAVAD&rclk=1,,
SPPG NGADA BAJAWA UTARA NABELENA,Nusa Tenggara Timur,Bajawa Utara,Ngada,"8244+8Q SPPG NGADA BAJAWA UTARA NABELENA, Nabelena, Kec. Bajawa Utara, Kabupaten Ngada, Nusa Tenggara Tim.",FALSE,TRUE,TRUE,-8.694192,121.006904,https://www.google.com/maps/place/SPPG+NGADA+BAJAWA+UTARA+NABELENA/data=!4m7!3m6!1s0x2db2e5003cc0d4f9:0x59f10bad936f10b0!8m2!3d-8.6941925!4d121.0069038!16s%2Fg%2F11z83hhdl3!19sChIJ-dTAPADlsi0RsBBvk60L8Vk?authuser=0&hl=id&g_ep=EgoyMDI2MDkxNi4wIJJjKgBIAVAD&rclk=1,,
SPPG UBEDOLUMOLO,Nusa Tenggara Timur,Bajawa,Ngada,"5XQR+MG6 SPPG Ubedolumolo, Ubedolumolo, Bajawa, Kabupaten Ngada, Nusa Tenggara Tim.",FALSE,TRUE,TRUE,-8.810839,120.991259,https://www.google.com/maps/place/SPPG+Ubedolumolo/data=!4m7!3m6!1s0x2db2e70007d1cc1d:0xf4d15930deaea3c5!8m2!3d-8.8108387!4d120.9912588!16s%2Fg%2F11z83_0rtk!19sChIJHczRBwDnsi0RxaOu3jBZ0fQ?authuser=0&hl=id&g_ep=EgoyMDI2MDkxNi4wIJJjKgBIAVAD&rclk=1,,
SPPG BOLONGA BAJAWA,Papua Pegunungan,Trikora,Ngada,"6XC9+QJG SPPG BOLONGA BAJAWA, Trikora, Bajawa, Kabupaten Ngada, Nusa Tenggara Tim.",FALSE,TRUE,TRUE,-8.77805,120.969093,https://www.google.com/maps/place/SPPG+BOLONGA+BAJAWA/data=!4m7!3m6!1s0x2db2e1004a8fd0c9:0x5f1d3701f5d4745a!8m2!3d-8.7780505!4d120.9690931!16s%2Fg%2F11n4_8gqgc!19sChIJydCPSgDhsi0RWnTU9QE3HV8?authuser=0&hl=id&g_ep=EgoyMDI2MDkxNi4wIJJjKgBIAVAD&rclk=1,,
SPPG TERPENCIL LARILAKI,Nusa Tenggara Timur,Wolomeze,Ngada,"C423+CVJ SPPG TERPENCIL LARILAKI, Wolokuku, Kec. Wolomeze, Kabupaten Ngada, Nusa Tenggara Tim.",FALSE,TRUE,TRUE,-8.598901,121.104638,https://www.google.com/maps/place/SPPG+TERPENCIL+LARILAKI/data=!4m7!3m6!1s0x2db2f1006d8a3c23:0xa0866bc5a34b731b!8m2!3d-8.598901!4d121.104638!16s%2Fg%2F11n3b3gv6_!19sChIJIzyKbQDxsi0RG3NLo8VrhqA?authuser=0&hl=id&g_ep=EgoyMDI2MDkxNi4wIJJjKgBIAVAD&rclk=1,,
SPPG NGOTON,Nusa Tenggara Timur,Riung,Ngada,"CXWP+7CV SPPG Ngoton, Ngara, Kec. Riung Bar., Kabupaten Ngada, Nusa Tenggara Tim.",FALSE,TRUE,TRUE,-8.554966,120.985474,https://www.google.com/maps/place/SPPG+Ngoton/data=!4m7!3m6!1s0x2db2ff005bd7eb59:0x4f83b186573a2c81!8m2!3d-8.5549663!4d120.9854737!16s%2Fg%2F11z1kf2731!19sChIJWevXWwD_si0RgSw6V4axg08?authuser=0&hl=id&g_ep=EgoyMDI2MDkxNi4wIJJjKgBIAVAD&rclk=1,,
MBG SPPG TENGATIBA,Nusa Tenggara Timur,Aesesa,Nagekeo,"86HH+JF5 MBG Sppg Tengatiba, SMPN 1, Tengatiba, Kec. Aesesa Sel., Kabupaten Nagekeo, Nusa Tenggara Tim.",FALSE,TRUE,TRUE,-8.670993,121.228719,https://www.google.com/maps/place/MBG+Sppg+Tengatiba/data=!4m7!3m6!1s0x2db2ed004b715b0d:0x7fc24947530305e3!8m2!3d-8.6709934!4d121.2287193!16s%2Fg%2F11nj0gsl1j!19sChIJDVtxSwDtsi0R4wUDU0dJwn8?authuser=0&hl=id&g_ep=EgoyMDI2MDkxNi4wIJJjKgBIAVAD&rclk=1,,
SPPG TERPENCIL DESA RIA 1,Nusa Tenggara Timur,Riung,Ngada,"GXC4+RFR SPPG TERPENCIL DESA RIA 1, Ria I, Kec. Riung Bar., Kabupaten Ngada, Nusa Tenggara Tim.",FALSE,TRUE,TRUE,-8.477185,120.956074,https://www.google.com/maps/place/SPPG+TERPENCIL+DESA+RIA+1/data=!4m7!3m6!1s0x2db255003d7bec6b:0xe676f8af8a057a49!8m2!3d-8.4771846!4d120.9560741!16s%2Fg%2F11z2ws8531!19sChIJa-x7PQBVsi0RSXoFiq_4duY?authuser=0&hl=id&g_ep=EgoyMDI2MDkxNi4wIJJjKgBIAVAD&rclk=1,,
SPPG NGADA GOLEWA SELATAN NIRMALA,Nusa Tenggara Timur,Golewa Selatan,Ngada,"44M7+GHM SPPG Ngada Golewa Selatan Nirmala, Kezewea, Kec. Golewa Selatan, Kabupaten Ngada, Nusa Tenggara Tim.",FALSE,TRUE,TRUE,-8.866154,121.113928,"https://www.google.com/maps/place/SPPG+Ngada+Golewa+Selatan+Nirmala/@-8.866154,121.1139276,17z/data=!3m1!4b1!4m6!3m5!1s0x2db2c30001c6405d:0xe024f2fdea0b8a4d!8m2!3d-8.866154!4d121.1139276!16s%2Fg%2F11z83mj913?hl=id&entry=ttu&g_ep=EgoyMDI2MDkxNi4wIKXMDSoASAFQAw%3D%3D",,
DAPUR SPPG ARYANTH SEJAHTERA BERSAUDARA,Nusa Tenggara Timur,Aimere,Ngada,"5R9J+JGV Dapur SPPG Aryanth Sejahtera Bersaudara, Jl. Raya Lintas Flores, Aimere, Kec. Aimere, Kabupaten Ngada, Nusa Tenggara Tim.",FALSE,TRUE,TRUE,-8.830898,120.831299,https://www.google.com/maps/place/Dapur+SPPG+Aryanth+Sejahtera+Bersaudara/data=!4m7!3m6!1s0x2db31f00475e11ad:0x65b128c1956f2dbd!8m2!3d-8.8308976!4d120.8312989!16s%2Fg%2F11yq39d4qf!19sChIJrRFeRwAfsy0RvS1vlcEosWU?authuser=0&hl=id&g_ep=EgoyMDI2MDkxNi4wIJJjKgBIAVAD&rclk=1,,
SPPG 3T AIMERE LEGELAPU,Nusa Tenggara Timur,Aimere,Ngada,"5V27+33V SPPG 3T Aimere Legelapu, Aimere Tim, Kec. Aimere, Kabupaten Ngada, Nusa Tenggara Tim.",FALSE,TRUE,TRUE,-8.8307,120.830957,https://www.google.com/maps/place/SPPG+3T+Aimere+Legelapu/data=!4m7!3m6!1s0x2db31f004bf2ebaf:0xd717e7dfc9d4a237!8m2!3d-8.8307001!4d120.8309566!16s%2Fg%2F11z83nszgw!19sChIJr-vySwAfsy0RN6LUyd_nF9c?authuser=0&hl=id&g_ep=EgoyMDI2MDkxNi4wIJJjKgBIAVAD&rclk=1,,
SPPG LANDU LEKO DAEURENDALE,Nusa Tenggara Timur,Landu Leko,Rote Ndao,"C8R8+3JH SPPG Landu Leko Daeurendale, Sotimori, Kec. Rote Tim., Kabupaten Rote Ndao, Nusa Tenggara Tim.",FALSE,TRUE,TRUE,-10.560165,123.316545,https://www.google.com/maps/place/SPPG+Landu+Leko+Daeurendale/data=!4m7!3m6!1s0x2c56c5003d9b69e1:0xe881fbc68db25633!8m2!3d-10.5601651!4d123.3165446!16s%2Fg%2F11zc3cw899!19sChIJ4WmbPQDFViwRM1ayjcb7geg?authuser=0&hl=id&g_ep=EgoyMDI2MDkxNi4wIJJjKgBIAVAD&rclk=1,,
SPPG PENGODUA,,Rote Tim.,Rote Ndao,"88XM+J7V SPPG Pengodua, Lakamola, Kec. Rote Tim., Kabupaten Rote Ndao, Nusa Tenggara Tim.",FALSE,TRUE,TRUE,-10.650911,123.333117,https://www.google.com/maps/place/SPPG+Pengodua/data=!4m7!3m6!1s0x2c56db0065935a25:0xb39d6b109881b709!8m2!3d-10.650911!4d123.333117!16s%2Fg%2F11zgqd9p3b!19sChIJJVqTZQDbViwRCbeBmBBrnbM?authuser=0&hl=id&g_ep=EgoyMDI2MDkxNi4wIJJjKgBIAVAD&rclk=1,,
SPPG NEMBERALA ROTE BARAT,Nusa Tenggara Timur,Rote Barat,Rote Ndao,"4R5F+2PR SPPG NEMBERALA ROTE BARAT, Nemberala, Kec. Rote Bar., Kabupaten Rote Ndao, Nusa Tenggara Tim.",FALSE,TRUE,TRUE,-10.892375,122.824261,"https://www.google.com/maps/place/SPPG+NEMBERALA+ROTE+BARAT/@-10.8923755,122.824261,17z/data=!3m1!4b1!4m6!3m5!1s0x2c50db0059e03f61:0x5d468f643a6b8282!8m2!3d-10.8923755!4d122.824261!16s%2Fg%2F11z83p_gwc?hl=id&entry=ttu&g_ep=EgoyMDI2MDkxNi4wIKXMDSoASAFQAw%3D%3D",,
SPPG LOBALAIN MOKDALE,Nusa Tenggara Timur,Lobalain,Rote Ndao,"63Q5+MV SPPG LOBALAIN MOKDALE, Mokdale, Kec. Lobalain, Kabupaten Rote Ndao, Nusa Tenggara Tim.",FALSE,TRUE,TRUE,-10.760852,123.059637,https://www.google.com/maps/place/SPPG+LOBALAIN+MOKDALE/data=!4m7!3m6!1s0x2c512b0003124b1b:0x1424c353adc35661!8m2!3d-10.7608524!4d123.0596373!16s%2Fg%2F11ym_xlyf9!19sChIJG0sSAwArUSwRYVbDrVPDJBQ?authuser=0&hl=id&g_ep=EgoyMDI2MDkxNi4wIJJjKgBIAVAD&rclk=1,,
SPPG ROTE NDAO OFALANGGA,Nusa Tenggara Timur,Pantai Baru,Rote Ndao,"96JJ+2P2 SPPG Rote Ndao Ofalangga, Tesabela, Kec. Pantai Baru, Kabupaten Rote Ndao, Nusa Tenggara Tim.",FALSE,TRUE,TRUE,-10.619979,123.231799,https://www.google.com/maps/place/SPPG+Rote+Ndao+Ofalangga/data=!4m7!3m6!1s0x2c56d1001878efeb:0xf6eb91cdd0eef923!8m2!3d-10.6199789!4d123.2317992!16s%2Fg%2F11z4dpv_hc!19sChIJ6-94GADRViwRI_nu0M2R6_Y?authuser=0&hl=id&g_ep=EgoyMDI2MDkxNi4wIJJjKgBIAVAD&rclk=1,,
SPPG LOBALAIN METINA,Nusa Tenggara Timur,Lobalain,Rote Ndao,"73P4+8Q6 SPPG Lobalain Metina, Jalan Raya Baa, Kelurahan, Metina, Kec. Lobalain, Kabupaten Rote Ndao, Nusa Tenggara Tim.",FALSE,TRUE,TRUE,-10.714204,123.0569,"https://www.google.com/maps/place/Titik+Nol+Kilometer+Selatan+rote+nusa+tenggara+timur+Indonesia/@-10.8287215,123.2228342,17z/data=!3m1!4b1!4m6!3m5!1s0x2c5729aaac68b4f3:0x7598484b37c79506!8m2!3d-10.8287215!4d123.2228342!16s%2Fg%2F11lglbyn5n?hl=id&entry=ttu&g_ep=EgoyMDI2MDkxNi4wIKXMDSoASAFQAw%3D%3D",,
SPPG BUSALANGGA,Aceh,Salang,Rote Ndao,"52W2+VGR SPPG BUSALANGGA, Busalangga, Kec. Rote Bar. Laut, Kabupaten Rote Ndao, Nusa Tenggara Tim.",FALSE,TRUE,TRUE,-10.802492,123.001054,"https://www.google.com/maps/place/Kantor+Camat+Loaholu/@-10.7630516,122.9152667,17z/data=!3m1!4b1!4m6!3m5!1s0x2c512971aeae6d6f:0xafaab87f77121c3e!8m2!3d-10.7630516!4d122.9152667!16s%2Fg%2F11v0nl2l7v?hl=id&entry=ttu&g_ep=EgoyMDI2MDkxNi4wIKXMDSoASAFQAw%3D%3D",,
"SPPG RAELORO, SABU BARAT, SABU RAIJUA,NTT",Nusa Tenggara Timur,Sabu Barat,Sabu Raijua,"FRWV+QHF SPPG RAELORO, SABU BARAT, SABU RAIJUA,NTT, Raeloro, Kec. Sabu Bar., Kabupaten Sabu Raijua, Nusa Tenggara Tim.",FALSE,TRUE,TRUE,-10.502474,121.8431,"https://www.google.com/maps/place/SPPG+RAELORO,+SABU+BARAT,+SABU+RAIJUA,NTT/data=!4m7!3m6!1s0x2c51ef007a162f01:0x3d82fcf4289dac5e!8m2!3d-10.5024745!4d121.8430999!16s%2Fg%2F11y0b_vxpg!19sChIJAS8WegDvUSwRXqydKPT8gj0?authuser=0&hl=id&g_ep=EgoyMDI2MDkxNi4wIJJjKgBIAVAD&rclk=1",,
DAPUR SPPG LEDEAE,Nusa Tenggara Timur,Hawu Mehara,Sabu Raijua,"9QX7+GVJ Dapur SPPG Ledeae, Ledeae, Kec. Hawu Mehara, Kabupaten Sabu Raijua, Nusa Tenggara Tim.",FALSE,TRUE,TRUE,-10.601165,121.764635,https://www.google.com/maps/place/Dapur+SPPG+Ledeae/data=!4m7!3m6!1s0x2c51e700124ca57f:0xb9a0390940422896!8m2!3d-10.6011646!4d121.7646346!16s%2Fg%2F11z83hllwf!19sChIJf6VMEgDnUSwRlihCQAk5oLk?authuser=0&hl=id&g_ep=EgoyMDI2MDkxNi4wIJJjKgBIAVAD&rclk=1,,
SPPG MENIA,Nusa Tenggara Timur,Raijua,Sabu Raijua,"GVR5+MGX SPPG MENIA, Menia, Kec. Sabu Bar., Kabupaten Sabu Raijua, Nusa Tenggara Tim.",FALSE,TRUE,TRUE,-10.458254,121.858853,https://www.google.com/maps/place/SPPG+MENIA/data=!4m7!3m6!1s0x2c51ef007749c72b:0xa6fbebfe6b99eb4a!8m2!3d-10.4582545!4d121.8588529!16s%2Fg%2F11n9brlyjz!19sChIJK8dJdwDvUSwRSuuZa_7r-6Y?authuser=0&hl=id&g_ep=EgoyMDI2MDkxNi4wIJJjKgBIAVAD&rclk=1,,
SPPG WATUBAING TALIBURA,Nusa Tenggara Timur,Talibura,Sikka,"FG78+CQV SPPG WATUBAING TALIBURA, Talibura, Kec. Talibura, Kabupaten Sikka, Nusa Tenggara Tim.",FALSE,TRUE,TRUE,-8.536182,122.516183,"https://www.google.com/maps/place/SPPG+WATUBAING+TALIBURA/@-8.5361817,122.5161832,17z/data=!3m1!4b1!4m6!3m5!1s0x2dace5004a2b6a01:0x948f48baf18fe07a!8m2!3d-8.5361817!4d122.5161832!16s%2Fg%2F11zc36tl38?hl=id&entry=ttu&g_ep=EgoyMDI2MDkxNi4wIKXMDSoASAFQAw%3D%3D",,
SPPG SIKKA NANGATOBONG YAYASAN KUALI MERAH PUTIH,Nusa Tenggara Timur,Larantuka,Sikka,"9CQR+5FV SPPG SIKKA NANGATOBONG YAYASAN KUALI MERAH PUTIH, Jln.Trans Maumere Larantuka, Dusun Wairhang, Nangatobong, Kec. Waigete, Kabupaten Sikka, Nusa Tenggara Tim.",FALSE,TRUE,TRUE,-8.61202,122.441171,https://www.google.com/maps/place/SPPG+SIKKA+NANGATOBONG+YAYASAN+KUALI+MERAH+PUTIH/data=!4m7!3m6!1s0x2dace10022aba7fd:0x5a5a46247d9fcee4!8m2!3d-8.61202!4d122.4411715!16s%2Fg%2F11ywms3t8z!19sChIJ_aerIgDhrC0R5M6ffSRGWlo?authuser=0&hl=id&g_ep=EgoyMDI2MDkxNi4wIJJjKgBIAVAD&rclk=1,,
SPPG RUBIT,Nusa Tenggara Timur,Hewokloang,Sikka,"882V+X2F SPPG RUBIT, Ohe, Rubit, Kec. Hewokloang, Kabupaten Sikka, Nusa Tenggara Tim.",FALSE,TRUE,TRUE,-8.697563,122.342545,https://www.google.com/maps/place/SPPG+RUBIT/data=!4m7!3m6!1s0x2dad21001737fde5:0x2195c843556ae8a!8m2!3d-8.6975634!4d122.3425454!16s%2Fg%2F11n45b7hx_!19sChIJ5f03FwAhrS0Riq5WNYRcGQI?authuser=0&hl=id&g_ep=EgoyMDI2MDkxNi4wIJJjKgBIAVAD&rclk=1,,
SPPG DESA WOLOMOTONG,Nusa Tenggara Timur,Doreng,Sikka,"8922+M39 SPPG Desa Wolomotong, Wolomotong, Kec. Doreng, Kabupaten Sikka, Nusa Tenggara Tim.",FALSE,TRUE,TRUE,-8.698342,122.350247,https://www.google.com/maps/place/SPPG+Desa+Wolomotong/data=!4m7!3m6!1s0x2dad21002a0af12f:0x5e9ec93f465be234!8m2!3d-8.6983419!4d122.350247!16s%2Fg%2F11m_822vgc!19sChIJL_EKKgAhrS0RNOJbRj_Jnl4?authuser=0&hl=id&g_ep=EgoyMDI2MDkxNi4wIJJjKgBIAVAD&rclk=1,,
"SPPG WOLOMOTONG, KEC.DORENG",Nusa Tenggara Timur,Doreng,Sikka,"79R2+J5M SPPG Wolomotong, Kec.Doreng, Wolomotong, Kec. Doreng, Kabupaten Sikka, Nusa Tenggara Tim.",FALSE,TRUE,TRUE,-8.708416,122.350428,"https://www.google.com/maps/place/SPPG+Wolomotong,+Kec.Doreng/data=!4m7!3m6!1s0x2dad210042a82589:0x749a458052b41df3!8m2!3d-8.7084159!4d122.3504283!16s%2Fg%2F11yyzbzcqs!19sChIJiSWoQgAhrS0R8x20UoBFmnQ?authuser=0&hl=id&g_ep=EgoyMDI2MDkxNi4wIJJjKgBIAVAD&rclk=1",,
SPPG TERPENCIL WOLOMOTONG,Nusa Tenggara Timur,Doreng,Sikka,"882X+QWC SPPG Terpencil Wolomotong, Wolomotong, Kec. Doreng, Kabupaten Sikka, Nusa Tenggara Tim.",FALSE,TRUE,TRUE,-8.698072,122.349769,https://www.google.com/maps/place/SPPG+Terpencil+Wolomotong/data=!4m7!3m6!1s0x2dad21002e5c3369:0xa90ccb93a0b168a9!8m2!3d-8.6980724!4d122.3497687!16s%2Fg%2F11m_8348sh!19sChIJaTNcLgAhrS0RqWixoJPLDKk?authuser=0&hl=id&g_ep=EgoyMDI2MDkxNi4wIJJjKgBIAVAD&rclk=1,,
SPPG NANGAMETING,Nusa Tenggara Timur,Alok,Sikka,"96CF+WG9 SPPG Nangameting, Jalan Dua toru, Nangameting, Kec. Alok Tim., Kabupaten Sikka, Nusa Tenggara Tim.",FALSE,TRUE,TRUE,-8.627708,122.223871,https://www.google.com/maps/place/SPPG+NANGAMETING/data=!4m7!3m6!1s0x2dad1b00234b7297:0x6944904482004e36!8m2!3d-8.6276302!4d122.2238553!16s%2Fg%2F11z8359mqg!19sChIJl3JLIwAbrS0RNk4AgkSQRGk?authuser=0&hl=id&g_ep=EgoyMDI2MDkxNi4wIJJjKgBIAVAD&rclk=1,,
SPPG NANGAMETING,Nusa Tenggara Timur,Alok,Sikka,"96FF+4FF SPPG NANGAMETING, Beru, Kec. Alok Tim., Kabupaten Sikka, Nusa Tenggara Tim.",FALSE,TRUE,TRUE,-8.62763,122.223855,https://www.google.com/maps/place/SPPG+NANGAMETING/data=!4m7!3m6!1s0x2dad1b00234b7297:0x6944904482004e36!8m2!3d-8.6276302!4d122.2238553!16s%2Fg%2F11z8359mqg!19sChIJl3JLIwAbrS0RNk4AgkSQRGk?authuser=0&hl=id&g_ep=EgoyMDI2MDkxNi4wIJJjKgBIAVAD&rclk=1,,
SPPG SIKKA WAIARA,Nusa Tenggara Timur,Kewapante,Sikka,"Jl Nairoa No.KM13, Waiara, Kec. Kewapante, Kabupaten Sikka, Nusa Tenggara Tim.",FALSE,TRUE,TRUE,-8.64789,122.307904,https://www.google.com/maps/place/SPPG+SIKKA+WAIARA/data=!4m7!3m6!1s0x2dad1f003a8b8bf7:0x8d2bfc8db1700ffe!8m2!3d-8.6478902!4d122.3079042!16s%2Fg%2F11z77qbq_3!19sChIJ94uLOgAfrS0R_g9wsY38K40?authuser=0&hl=id&g_ep=EgoyMDI2MDkxNi4wIJJjKgBIAVAD&rclk=1,,
SPPG SIKKA PAGA,Nusa Tenggara Timur,Paga,Sikka,"62FW+XQ8 SPPG SIKKA PAGA, Lianunu - Hepang, Paga, Kec. Paga, Kabupaten Sikka, Nusa Tenggara Tim.",FALSE,TRUE,TRUE,-8.775076,122.046968,https://www.google.com/maps/place/SPPG+SIKKA+PAGA/data=!4m7!3m6!1s0x2dad3f006f0acafb:0x4f6ba8546b8f1387!8m2!3d-8.775076!4d122.0469676!16s%2Fg%2F11njw72h2z!19sChIJ-8oKbwA_rS0RhxOPa1Soa08?authuser=0&hl=id&g_ep=EgoyMDI2MDkxNi4wIJJjKgBIAVAD&rclk=1,,
SPPG SIKKA ALOK KOTA UNENG,Nusa Tenggara Timur,Alok,Sikka,"96Q6+77J SPPG SIKKA ALOK KOTA UNENG, Kota Uneng, Kec. Alok, Kabupaten Sikka, Nusa Tenggara Tim.",FALSE,TRUE,TRUE,-8.611941,122.210655,https://www.google.com/maps/place/SPPG+SIKKA+ALOK+KOTA+UNENG/data=!4m7!3m6!1s0x2dad1b0042e1ed1b:0xa68a5983b9133b77!8m2!3d-8.611941!4d122.210655!16s%2Fg%2F11ybdjf0c6!19sChIJG-3hQgAbrS0RdzsTuYNZiqY?authuser=0&hl=id&g_ep=EgoyMDI2MDkxNi4wIJJjKgBIAVAD&rclk=1,,
SPPG SIKKA LELA,Nusa Tenggara Timur,Lela,Sikka,"75C8+CGG SPPG SIKKA LELA, Jl. Ruwolong, RT.005/RW.003, Lela, Kec. Lela, Kabupaten Sikka, Nusa Tenggara Tim.",FALSE,TRUE,TRUE,-8.728926,122.166315,"https://www.google.com/maps/place/SPPG+SIKKA+LELA/@-8.7289258,122.1663152,17z/data=!3m1!4b1!4m6!3m5!1s0x2dad3d006330f47d:0x2c64050227d32843!8m2!3d-8.7289258!4d122.1663152!16s%2Fg%2F11njwdwxnq?hl=id&entry=ttu&g_ep=EgoyMDI2MDkxNi4wIKXMDSoASAFQAw%3D%3D",,
SPPG SIKKA NITA (MBG),Nusa Tenggara Timur,Nita,Sikka,"85GG+VRF SPPG SIKKA NITA (MBG), Nita, Kec. Nita, Kabupaten Sikka, Nusa Tenggara Tim.",FALSE,TRUE,TRUE,-8.672885,122.17798,https://www.google.com/maps/place/SPPG+SIKKA+NITA+%28MBG%29/data=!4m7!3m6!1s0x2dad190070938d39:0xee14def60626ab1d!8m2!3d-8.6728854!4d122.1779801!16s%2Fg%2F11y0ck3g23!19sChIJOY2TcAAZrS0RHasmBvbeFO4?authuser=0&hl=id&g_ep=EgoyMDI2MDkxNi4wIJJjKgBIAVAD&rclk=1,,
SPPG SIKKA KOTING A,Nusa Tenggara Timur,Koting,Sikka,"85CV+WQH SPPG SIKKA KOTING A, Koting A, Kec. Koting, Kabupaten Sikka, Nusa Tenggara Tim.",FALSE,TRUE,TRUE,-8.67821,122.193573,https://www.google.com/maps/place/SPPG+SIKKA+KOTING+A/data=!4m7!3m6!1s0x2dad1900457c8075:0xa87159ded3549ab9!8m2!3d-8.67821!4d122.193573!16s%2Fg%2F11zc38ld1y!19sChIJdYB8RQAZrS0RuZpU095Zcag?authuser=0&hl=id&g_ep=EgoyMDI2MDkxNi4wIJJjKgBIAVAD&rclk=1,,
SPPG NANGAMETING 02,Nusa Tenggara Timur,Alok,Sikka,"96CF+7HX SPPG NANGAMETING 02, Beru, Kec. Alok Tim., Kabupaten Sikka, Nusa Tenggara Tim.",FALSE,TRUE,TRUE,-8.628842,122.223898,https://www.google.com/maps/place/SPPG+NANGAMETING+02/data=!4m7!3m6!1s0x2dad1b006985b31d:0xc3fdb9ccad25e4eb!8m2!3d-8.6288416!4d122.2238983!16s%2Fg%2F11njvs5j75!19sChIJHbOFaQAbrS0R6-Qlrcy5_cM?authuser=0&hl=id&g_ep=EgoyMDI2MDkxNi4wIJJjKgBIAVAD&rclk=1,,
SPPG SIKKA ALOK KOTA UNENG 3,Nusa Tenggara Timur,Alok,Sikka,"96H3+88W SPPG SIKKA ALOK KOTA UNENG 3, Kota Uneng, Kec. Alok, Kabupaten Sikka, Nusa Tenggara Tim.",FALSE,TRUE,TRUE,-8.621621,122.203316,https://www.google.com/maps/place/SPPG+SIKKA+ALOK+KOTA+UNENG+3/data=!4m7!3m6!1s0x2dad1b0041645197:0x896c2e46b29a04a2!8m2!3d-8.6216209!4d122.2033157!16s%2Fg%2F11njw48dgt!19sChIJl1FkQQAbrS0RogSaskYubIk?authuser=0&hl=id&g_ep=EgoyMDI2MDkxNi4wIJJjKgBIAVAD&rclk=1,,
SPPG SIKKA ALOK KOTA UNENG 5,Nusa Tenggara Timur,Alok,Sikka,"96G4+V54 SPPG Sikka Alok Kota Uneng 5, Jl. Wairklau, Kota Uneng, Kec. Alok, Kabupaten Sikka, Nusa Tenggara Tim.",FALSE,TRUE,TRUE,-8.622859,122.205467,https://www.google.com/maps/place/SPPG+Sikka+Alok+Kota+Uneng+5/data=!4m7!3m6!1s0x2dad1b00615d159f:0xffcb1a8fa2e775f6!8m2!3d-8.6228594!4d122.2054674!16s%2Fg%2F11njjbsw_m!19sChIJnxVdYQAbrS0R9nXnoo8ay_8?authuser=0&hl=id&g_ep=EgoyMDI2MDkxNi4wIJJjKgBIAVAD&rclk=1,,
SPPG WURING ALOK BARAT,Nusa Tenggara Timur,Alok Barat,Sikka,"C4WX+C2R SPPG WURING ALOK BARAT, Bukit Kegeng, Jl. Raya Maumere - Magepanda, Wuring, Kec. Alok Bar., Kabupaten Sikka, Nusa Tenggara Tim.",FALSE,TRUE,TRUE,-8.55388,122.147524,https://www.google.com/maps/place/SPPG+WURING+ALOK+BARAT/data=!4m7!3m6!1s0x2dad0f00459bde4d:0x78f8ad9a6b9a2e32!8m2!3d-8.5538797!4d122.1475242!16s%2Fg%2F11n4dvgrjr!19sChIJTd6bRQAPrS0RMi6aa5qt-Hg?authuser=0&hl=id&g_ep=EgoyMDI2MDkxNi4wIJJjKgBIAVAD&rclk=1,,
SPPG SIKKA ALOK KOTA UNENG 4,Nusa Tenggara Timur,Alok,Sikka,"96H2+QM9 SPPG Sikka Alok Kota Uneng 4, Jl. Litbang, Kota Uneng, Kec. Alok, Kabupaten Sikka, Nusa Tenggara Tim.",FALSE,TRUE,TRUE,-8.620715,122.201708,https://www.google.com/maps/place/SPPG+Sikka+Alok+Kota+Uneng+4/data=!4m7!3m6!1s0x2dad1b0044b3a3f5:0xdd82447accd4010b!8m2!3d-8.6207147!4d122.2017079!16s%2Fg%2F11njw83pfq!19sChIJ9aOzRAAbrS0RCwHUzHpEgt0?authuser=0&hl=id&g_ep=EgoyMDI2MDkxNi4wIJJjKgBIAVAD&rclk=1,,
SPPG SIKKA ALOK KOTA UNENG 02,Nusa Tenggara Timur,Alok,Sikka,"96J3+44P SPPG SIKKA ALOK KOTA UNENG 02, Kota Uneng, Kec. Alok, Kabupaten Sikka, Nusa Tenggara Tim.",FALSE,TRUE,TRUE,-8.619671,122.202823,https://www.google.com/maps/place/SPPG+SIKKA+ALOK+KOTA+UNENG+02/data=!4m7!3m6!1s0x2dad1b002f4c9cc5:0xcd6032461a3457bf!8m2!3d-8.6196706!4d122.2028226!16s%2Fg%2F11npc3b6rw!19sChIJxZxMLwAbrS0Rv1c0GkYyYM0?authuser=0&hl=id&g_ep=EgoyMDI2MDkxNi4wIJJjKgBIAVAD&rclk=1,,
SPPG SIKKA KANGAE WATULIWUNG2,Nusa Tenggara Timur,Kangae,Sikka,"9724+RQR SPPG SIKKA KANGAE WATULIWUNG2, Watuliwung, Kec. Kangae, Kabupaten Sikka, Nusa Tenggara Tim.",FALSE,TRUE,TRUE,-8.647897,122.256881,https://www.google.com/maps/place/SPPG+SIKKA+KANGAE+WATULIWUNG2/data=!4m7!3m6!1s0x2dad1900455bb235:0x3346d6a7e7dd335!8m2!3d-8.6478975!4d122.256881!16s%2Fg%2F11z7lz2vfx!19sChIJNbJbRQAZrS0RNdN9fmptNAM?authuser=0&hl=id&g_ep=EgoyMDI2MDkxNi4wIJJjKgBIAVAD&rclk=1,,
SPPG SIKKA KANGAE,Nusa Tenggara Timur,Kangae,Sikka,"Watuliwung, Kec. Kangae, Kabupaten Sikka, Nusa Tenggara Tim.",FALSE,TRUE,TRUE,-8.636073,122.262856,https://www.google.com/maps/place/SPPG+SIKKA+KANGAE/data=!4m7!3m6!1s0x2dad19006071bfe5:0x9909a10a8603ad0c!8m2!3d-8.6360729!4d122.2628563!16s%2Fg%2F11njwfwpl_!19sChIJ5b9xYAAZrS0RDK0DhgqhCZk?authuser=0&hl=id&g_ep=EgoyMDI2MDkxNi4wIJJjKgBIAVAD&rclk=1,,
SPPG SIKKA WATULIWUNG 2,Nusa Tenggara Timur,Kangae,Sikka,"9754+XFX SPPG SIKKA WATULIWUNG 2, Watuliwung, Kec. Kangae, Kabupaten Sikka, Nusa Tenggara Tim.",FALSE,TRUE,TRUE,-8.640014,122.256243,https://www.google.com/maps/place/SPPG+SIKKA+WATULIWUNG+2/data=!4m7!3m6!1s0x2dad190010a9a2b5:0x60736a749599cf26!8m2!3d-8.6400143!4d122.2562428!16s%2Fg%2F11ntmftl60!19sChIJtaKpEAAZrS0RJs-ZlXRqc2A?authuser=0&hl=id&g_ep=EgoyMDI2MDkxNi4wIJJjKgBIAVAD&rclk=1,,
SPPG TITIAN BUNDA,Nusa Tenggara Timur,Magepanda,Sikka,"C4WX+C2R SPPG TITIAN BUNDA, Bukit Kegeng, Jl. Raya Maumere - Magepanda, Wuring, Kec. Alok Bar., Kabupaten Sikka, Nusa Tenggara Tim.",FALSE,TRUE,TRUE,-8.55388,122.147524,https://www.google.com/maps/place/SPPG+TITIAN+BUNDA/data=!4m7!3m6!1s0x2dad0f000c0ac2c5:0x1670d1d8d4296380!8m2!3d-8.5538797!4d122.1475242!16s%2Fg%2F11zj6s1kcs!19sChIJxcIKDAAPrS0RgGMp1NjRcBY?authuser=0&hl=id&g_ep=EgoyMDI2MDkxNi4wIJJjKgBIAVAD&rclk=1,,
DAPUR SPPG MUNERANA YAYASAN PETRA NUSANIPA,Nusa Tenggara Timur,Hewokloang,Sikka,"RT.010/RW.04, Dusun HapengKabor, Munerana, Kec. Hewokloang, Kabupaten Sikka, Nusa Tenggara Tim.",FALSE,TRUE,TRUE,-8.673445,122.313624,https://www.google.com/maps/place/Dapur+SPPG+Munerana+Yayasan+Petra+Nusanipa/data=!4m7!3m6!1s0x2dad1b006f2e3f05:0xfc87f94f84289d5f!8m2!3d-8.6734448!4d122.3136238!16s%2Fg%2F11yx93213_!19sChIJBT8ubwAbrS0RX50ohE_5h_w?authuser=0&hl=id&g_ep=EgoyMDI2MDkxNi4wIJJjKgBIAVAD&rclk=1,,
SPPG SIKKA WAIOTI,Nusa Tenggara Timur,Alok Timur,Sikka,"96CQ+R3R SPPG Sikka Waioti, Jl. Sudirman, Waioti, Alok Timur, Sikka Regency, East Nusa Tenggara",FALSE,TRUE,TRUE,-8.627883,122.237551,https://www.google.com/maps/place/SPPG+Sikka+Waioti/data=!4m7!3m6!1s0x2dad1b0068496e21:0xfb9d05629863038d!8m2!3d-8.6278831!4d122.2375513!16s%2Fg%2F11z83nty65!19sChIJIW5JaAAbrS0RjQNjmGIFnfs?authuser=0&hl=id&g_ep=EgoyMDI2MDkxNi4wIJJjKgBIAVAD&rclk=1,,
SPPG LANGGA LERO,Nusa Tenggara Timur,Kota Tambolaka,Sumba Barat Daya,"Jl. Rangga Roko Indah, Langga Lero, Kec. Kota Tambolaka, Kabupaten Sumba Barat Daya, Nusa Tenggara Tim.",FALSE,TRUE,TRUE,-9.433452,119.227596,https://www.google.com/maps/place/SPPG+LANGGA+LERO/data=!4m7!3m6!1s0x2c4ad1004902d233:0x204dbdcc7d5a5acd!8m2!3d-9.4334525!4d119.2275959!16s%2Fg%2F11yqj616f3!19sChIJM9ICSQDRSiwRzVpafcy9TSA?authuser=0&hl=id&g_ep=EgoyMDI2MDkxNi4wIJJjKgBIAVAD&rclk=1,,
SPPG WEE RENA,Nusa Tenggara Timur,Kota Tambolaka,Sumba Barat Daya,"G6VG+G28 Sppg Wee Rena, Wee Renna, Kec. Kota Tambolaka, Kabupaten Sumba Barat Daya, Nusa Tenggara Tim.",FALSE,TRUE,TRUE,-9.456461,119.225133,https://www.google.com/maps/place/Sppg+Wee+Rena/data=!4m7!3m6!1s0x2c4ac500648f677d:0xaffae015ca9d9328!8m2!3d-9.4564608!4d119.2251335!16s%2Fg%2F11ntdf8q43!19sChIJfWePZADFSiwRKJOdyhXg-q8?authuser=0&hl=id&g_ep=EgoyMDI2MDkxNi4wIJJjKgBIAVAD&rclk=1,,
SPPG TANAMODU KATIKUTANA SELATAN,Bali,Selat,Sumba Tengah,"9H9V+346 SPPG TANAMODU KATIKUTANA SELATAN, Tana Modu, Kec. Katikutana Sel., Kabupaten Sumba Tengah, Nusa Tenggara Tim.",FALSE,TRUE,TRUE,-9.632347,119.592759,https://www.google.com/maps/place/SPPG+TANAMODU+KATIKUTANA+SELATAN/data=!4m7!3m6!1s0x2c4b190062aa19ab:0x1824323f44eb95e8!8m2!3d-9.6323472!4d119.5927586!16s%2Fg%2F11zbcw100q!19sChIJqxmqYgAZSywR6JXrRD8yJBg?authuser=0&hl=id&g_ep=EgoyMDI2MDkxNi4wIJJjKgBIAVAD&rclk=1,,
SPPG KAMPUNG BARU KOTA WAIKABUBAK,Nusa Tenggara Timur,Kota Waikabubak,Sumba Barat,"Jl. El Tari No.45, Kp. Baru, Kec. Kota Waikabubak, Kabupaten Sumba Barat, Nusa Tenggara Tim.",FALSE,TRUE,TRUE,-9.622271,119.417747,"https://www.google.com/maps/place/SPPG+Kampung+Baru+Kota+Waikabubak/@-9.622271,119.417747,17z/data=!3m1!4b1!4m6!3m5!1s0x2c4ae1000e478243:0xe7abe3aae76efd96!8m2!3d-9.622271!4d119.417747!16s%2Fg%2F11npc0dtfn?hl=id&entry=ttu&g_ep=EgoyMDI2MDkxNi4wIKXMDSoASAFQAw%3D%3D",,
SPPG SUMBA BARAT LOLI SOBAWAWI,Sulawesi Selatan,Cendana,Sumba Barat,"Samping GKS PUU NAGA, Jl. Cendana, Soba Wawi, Kec. Loli, Kabupaten Sumba Barat, Nusa Tenggara Tim. 87251",FALSE,TRUE,TRUE,-9.620379,119.403162,https://www.google.com/maps/place/SPPG+SUMBA+BARAT+LOLI+SOBAWAWI/data=!4m7!3m6!1s0x2c4ae1f94e2273a7:0x3479a09bbafb7e20!8m2!3d-9.6203792!4d119.4031621!16s%2Fg%2F11npc0z1_n!19sChIJp3MiTvnhSiwRIH77upugeTQ?authuser=0&hl=id&g_ep=EgoyMDI2MDkxNi4wIJJjKgBIAVAD&rclk=1,,
SPPG KADI WANO SUMBA BARAT DAYA,Jawa Timur,Barat,Sumba Barat Daya,"99R8+XR6 SPPG Kadi Wano Sumba Barat Daya, Jl. Budi Utomo, Tema Tana, Kec. Wewewa Tim., Kabupaten Sumba Barat Daya, Nusa Tenggara Tim.",FALSE,TRUE,TRUE,-9.607598,119.367007,https://www.google.com/maps/place/SPPG+Kadi+Wano+Sumba+Barat+Daya/data=!4m7!3m6!1s0x2c4ae100464f4051:0x5cc227be9abd7d87!8m2!3d-9.6075982!4d119.3670067!16s%2Fg%2F11z0g94z3z!19sChIJUUBPRgDhSiwRh329mr4nwlw?authuser=0&hl=id&g_ep=EgoyMDI2MDkxNi4wIJJjKgBIAVAD&rclk=1,,
SPPG SUMBA BARAT LAMBOYA RAJAKA,Nusa Tenggara Timur,Lamboya,Sumba Barat,"7C52+WF9 SPPG SUMBA BARAT LAMBOYA RAJAKA, Jln Raya, Gaura, Kec. Lamboya, Kabupaten Sumba Barat, Nusa Tenggara Tim.",FALSE,TRUE,TRUE,-9.74018,119.401256,https://www.google.com/maps/place/SPPG+SUMBA+BARAT+LAMBOYA+RAJAKA/data=!4m7!3m6!1s0x2c4ae3003be00d9b:0x47cbaa16ffb0e2ca!8m2!3d-9.7401802!4d119.4012561!16s%2Fg%2F11npq19mn_!19sChIJmw3gOwDjSiwRyuKw_xaqy0c?authuser=0&hl=id&g_ep=EgoyMDI2MDkxNi4wIJJjKgBIAVAD&rclk=1,,
SPPG KADI WANO,Jawa Timur,Barat,Sumba Barat Daya,"C89H+392 SPPG KADI WANO, Kalembu Ndara Mane, Kec. Wewewa Tim., Kabupaten Sumba Barat Daya, Nusa Tenggara Tim.",FALSE,TRUE,TRUE,-9.582354,119.328391,https://www.google.com/maps/place/SPPG+KADI+WANO/data=!4m7!3m6!1s0x2c4adf003a3fea17:0x1cd8d1baca0d74c2!8m2!3d-9.5823618!4d119.3283646!16s%2Fg%2F11z20c_kgj!19sChIJF-o_OgDfSiwRwnQNyrrR2Bw?authuser=0&hl=id&g_ep=EgoyMDI2MDkxNi4wIJJjKgBIAVAD&rclk=1,,
SPPG KADI WANO,Jawa Timur,Barat,Sumba Barat Daya,"Kadi Wano, Kalembu Ndara Mane, Kec. Wewewa Tim., Kabupaten Sumba Barat Daya, Nusa Tenggara Tim.",FALSE,TRUE,TRUE,-9.582362,119.328365,https://www.google.com/maps/place/SPPG+KADI+WANO/data=!4m7!3m6!1s0x2c4adf003a3fea17:0x1cd8d1baca0d74c2!8m2!3d-9.5823618!4d119.3283646!16s%2Fg%2F11z20c_kgj!19sChIJF-o_OgDfSiwRwnQNyrrR2Bw?authuser=0&hl=id&g_ep=EgoyMDI2MDkxNi4wIJJjKgBIAVAD&rclk=1,,
SPPG MERE KEHE,Nusa Tenggara Timur,Kodi Bangedo,Sumba Barat Daya,"92W8+WVC SPPG MERE KEHE, Lete Loko, Kec. Kodi Bangedo, Kabupaten Sumba Barat Daya, Nusa Tenggara Tim.",FALSE,TRUE,TRUE,-9.602681,119.017145,https://www.google.com/maps/place/SPPG+MERE+KEHE/data=!4m7!3m6!1s0x2c4abf005375b2d7:0x4e0f48a14d25a3e0!8m2!3d-9.6026813!4d119.0171447!16s%2Fg%2F11mrvfq0vl!19sChIJ17J1UwC_SiwR4KMlTaFID04?authuser=0&hl=id&g_ep=EgoyMDI2MDkxNi4wIJJjKgBIAVAD&rclk=1,,
DAPUR SPPG BUKAMBERO,Nusa Tenggara Timur,Kodi Utara,Sumba Barat Daya,"G3WW+7F Dapur SPPG Bukambero, Bukambero, Kec. Kodi Utara, Kabupaten Sumba Barat Daya, Nusa Tenggara Tim.",FALSE,TRUE,TRUE,-9.452843,119.096655,https://www.google.com/maps/place/Dapur+SPPG+Bukambero/data=!4m7!3m6!1s0x2c4ac9005515555d:0xdeb7ac2014b27a7a!8m2!3d-9.452843!4d119.096655!16s%2Fg%2F11zwzq2y76!19sChIJXVUVVQDJSiwRenqyFCCst94?authuser=0&hl=id&g_ep=EgoyMDI2MDkxNi4wIJJjKgBIAVAD&rclk=1,,
SPPG PERO BATANG,Sulawesi Selatan,Batang,Sumba Barat Daya,"CX4P+P8H SPPG Pero Batang, Pero Batang, Kec. Kodi, Kabupaten Sumba Barat Daya, Nusa Tenggara Tim.",FALSE,TRUE,TRUE,-9.593185,118.98587,https://www.google.com/maps/place/SPPG+Pero+Batang/data=!4m7!3m6!1s0x2c4abf00404a46bf:0xf523f055a8c9b1!8m2!3d-9.5931849!4d118.9858701!16s%2Fg%2F11zc31qpww!19sChIJv0ZKQAC_SiwRscmoVfAj9QA?authuser=0&hl=id&g_ep=EgoyMDI2MDkxNi4wIJJjKgBIAVAD&rclk=1,,
SPPG POLRES SUMBA BARAT DAYA,Jawa Timur,Barat,Sumba Barat Daya,"C2Q4+67 SPPG POLRES SUMBA BARAT DAYA, Kapaka Madeta, Kec. Kodi, Kabupaten Sumba Barat Daya, Nusa Tenggara Tim.",FALSE,TRUE,TRUE,-9.561962,119.005734,https://www.google.com/maps/place/SPPG+POLRES+SUMBA+BARAT+DAYA/data=!4m7!3m6!1s0x2c4abf0077ba86af:0x271ce5e7866b472b!8m2!3d-9.5619621!4d119.0057339!16s%2Fg%2F11y_dv01bk!19sChIJr4a6dwC_SiwRK0drhuflHCc?authuser=0&hl=id&g_ep=EgoyMDI2MDkxNi4wIJJjKgBIAVAD&rclk=1,,
SATUAN PELAYANAN PEMENUHAN GIZI (SPPG) WATU KAWULA,Nusa Tenggara Timur,Kota Tambolaka,Sumba Barat Daya,"G6X7+46 SATUAN PELAYANAN PEMENUHAN GIZI (SPPG) WATU KAWULA, Watu Kawula, Kec. Kota Tambolaka, Kabupaten Sumba Barat Daya, Nusa Tenggara Tim.",FALSE,TRUE,TRUE,-9.452255,119.212549,https://www.google.com/maps/place/SATUAN+PELAYANAN+PEMENUHAN+GIZI+%28SPPG%29+WATU+KAWULA/data=!4m7!3m6!1s0x2c4acf0023d51ed1:0x255befcb3ec6d612!8m2!3d-9.4522555!4d119.2125491!16s%2Fg%2F11njhdxfmb!19sChIJ0R7VIwDPSiwREtbGPsvvWyU?authuser=0&hl=id&g_ep=EgoyMDI2MDkxNi4wIJJjKgBIAVAD&rclk=1,,
SPPG RADA MATA 2,Nusa Tenggara Timur,Kota Tambolaka,Tambolaka,"H6FP+H25 SPPG RADA MATA 2, Radamata, Kota Tambolaka, Southwest Sumba Regency, East Nusa Tenggara",FALSE,TRUE,TRUE,-9.426107,119.23512,https://www.google.com/maps/place/SPPG+RADA+MATA+2/data=!4m7!3m6!1s0x2c4ad1007ffcefb9:0x7b20def9e9b8d21a!8m2!3d-9.4261067!4d119.2351197!16s%2Fg%2F11ntckz_hd!19sChIJue_8fwDRSiwRGtK46fneIHs?authuser=0&hl=id&g_ep=EgoyMDI2MDkxNi4wIJJjKgBIAVAD&rclk=1,,
SPPG TAMBOLAKA WATU KAWULA,Nusa Tenggara Timur,Kota Tambolaka,Sumba Barat Daya,"G6X7+324 SPPG Tambolaka Watu Kawula, Wee Londa, Kec. Kota Tambolaka, Kabupaten Sumba Barat Daya, Nusa Tenggara Tim.",FALSE,TRUE,TRUE,-9.452372,119.21258,https://www.google.com/maps/place/SPPG+Tambolaka+Watu+Kawula/data=!4m7!3m6!1s0x2c4acf00341aa7a9:0xc5a68dd21c964179!8m2!3d-9.4523717!4d119.2125798!16s%2Fg%2F11ysmgk76h!19sChIJqacaNADPSiwReUGWHNKNpsU?authuser=0&hl=id&g_ep=EgoyMDI2MDkxNi4wIJJjKgBIAVAD&rclk=1,,
SPPG RAMA DANA,Nusa Tenggara Timur,Loura,Sumba Barat Daya,"H7PH+9V9 SPPG Rama Dana, Ramma Dana, Kec. Loura, Kabupaten Sumba Barat Daya, Nusa Tenggara Tim.",FALSE,TRUE,TRUE,-9.414174,119.279193,"https://www.google.com/maps/place/Kec.+Umbu+Ratu+Nggay,+Kabupaten+Sumba+Tengah,+Nusa+Tenggara+Tim./@-9.5168399,119.7760259,11z/data=!3m1!4b1!4m6!3m5!1s0x2c4b3f776ce29d51:0x3e1b41bfd00caaee!8m2!3d-9.5320614!4d119.7114631!16s%2Fg%2F1215jr7y?hl=id&entry=ttu&g_ep=EgoyMDI2MDkxNi4wIKXMDSoASAFQAw%3D%3D",,
SPPG LEWA PAKU,Kalimantan Tengah,Paku,Sumba Timur,"7VWP+258 SPPG LEWA PAKU, Lewapaku, Kec. Lewa, Kabupaten Sumba Timur, Nusa Tenggara Tim.",FALSE,TRUE,TRUE,-9.704955,119.88549,https://www.google.com/maps/place/Kantor+Kecamatan+Nggaha+Ori+Angu/data=!4m7!3m6!1s0x2c4b7b004c578991:0x92fe7645f78d4535!8m2!3d-9.7129401!4d120.0287743!16s%2Fg%2F11mzs8clhz!19sChIJkYlXTAB7SywRNUWN90V2_pI?authuser=0&hl=id&g_ep=EgoyMDI2MDkxNi4wIJJjKgBIAVAD&rclk=1,,
SPPG HAMBALA SUMBA TIMUR,Nusa Tenggara Timur,Kota Waingapu,Sumba Timur,"87X5+FMV SPPG HAMBALA SUMBA TIMUR, Hambala, Kec. Kota Waingapu, Kabupaten Sumba Timur, Nusa Tenggara Tim.",FALSE,TRUE,TRUE,-9.651226,120.259167,https://www.google.com/maps/place/SPPG+HAMBALA+SUMBA+TIMUR/data=!4m7!3m6!1s0x2c4c9b0046984b9f:0xa2c31fa874b3c3a8!8m2!3d-9.6512264!4d120.259167!16s%2Fg%2F11yzcd65wy!19sChIJn0uYRgCbTCwRqMOzdKgfw6I?authuser=0&hl=id&g_ep=EgoyMDI2MDkxNi4wIJJjKgBIAVAD&rclk=1,,
SPPG MATAWAI,Nusa Tenggara Timur,Kota Waingapu,Sumba Timur,"Jl. Palapa No.10, Matawai, Kec. Kota Waingapu, Kabupaten Sumba Timur, Nusa Tenggara Tim. 87116",FALSE,TRUE,TRUE,-9.65427,120.263852,https://www.google.com/maps/place/SPPG+MATAWAI/data=!4m7!3m6!1s0x2c4c9b004e26e01f:0x12cb449d4fa34c1b!8m2!3d-9.6542699!4d120.2638517!16s%2Fg%2F11zbcw14ks!19sChIJH-AmTgCbTCwRG0yjT51EyxI?authuser=0&hl=id&g_ep=EgoyMDI2MDkxNi4wIJJjKgBIAVAD&rclk=1,,
SPPG MAULIRU KAMBERA SUMBA TIMUR,Nusa Tenggara Timur,Kambera,Sumba Timur,"8876+63 SPPG MAULIRU KAMBERA SUMBA TIMUR, Mauliru, Kec. Kambera, Kabupaten Sumba Timur, Nusa Tenggara Tim.",FALSE,TRUE,TRUE,-9.687,120.310139,https://www.google.com/maps/place/SPPG+MAULIRU+KAMBERA+SUMBA+TIMUR/data=!4m7!3m6!1s0x2c4c850014fcc8ad:0xccb3ef090e47d4e5!8m2!3d-9.687!4d120.3101389!16s%2Fg%2F11m_6xdw33!19sChIJrcj8FACFTCwR5dRHDgnvs8w?authuser=0&hl=id&g_ep=EgoyMDI2MDkxNi4wIJJjKgBIAVAD&rclk=1,,
SPPG RANU,Nusa Tenggara Timur,Kambera,Sumba Timur,"87CH+8PF SPPG RANU, Mauliru, Kec. Kambera, Kabupaten Sumba Timur, Nusa Tenggara Tim.",FALSE,TRUE,TRUE,-9.679213,120.279237,https://www.google.com/maps/place/GKS+Jemaat+Pambotanjara/data=!4m7!3m6!1s0x2c4b62c619201013:0x66aea3772dbaf874!8m2!3d-9.6739731!4d120.1313202!16s%2Fg%2F11hbpwstdh!19sChIJExAgGcZiSywRdPi6LXejrmY?authuser=0&hl=id&g_ep=EgoyMDI2MDkxNi4wIJJjKgBIAVAD&rclk=1,,
SPPG NIKI-NIKI,Nusa Tenggara Timur,Amanuban Tengah,Timor Tengah Selatan,"5FJG+P52 SPPG NIKI-NIKI, Jl. Ahmad Yani, Niki Niki, Kec. Amanuban Tengah, Kabupaten Timor Tengah Selatan, Nusa Tenggara Tim.",FALSE,TRUE,TRUE,-9.818238,124.475381,https://www.google.com/maps/place/SPPG+NIKI-NIKI/data=!4m7!3m6!1s0x2c55f70074b3e1cf:0x73872f2b4ff1a69f!8m2!3d-9.8182377!4d124.4753811!16s%2Fg%2F11y0hg_d6v!19sChIJz-GzdAD3VSwRn6bxTysvh3M?authuser=0&hl=id&g_ep=EgoyMDI2MDkxNi4wIJJjKgBIAVAD&rclk=1,,
SPPG KEC AMANUBAN TENGAH NIKI-NIKI 2,Nusa Tenggara Timur,Amanuban Tengah,Timor Tengah Selatan,"5FMG+GF6 SPPG KEC AMANUBAN TENGAH NIKI-NIKI 2, Jl. Ahmad Yani, Niki Niki, Kec. Amanuban Tengah, Kabupaten Timor Tengah Selatan, Nusa Tenggara Tim.",FALSE,TRUE,TRUE,-9.816206,124.476151,https://www.google.com/maps/place/SPPG+KEC+AMANUBAN+TENGAH+NIKI-NIKI+2/data=!4m7!3m6!1s0x2c55f70001c2c553:0x55134a5f56b5cc69!8m2!3d-9.8162056!4d124.4761508!16s%2Fg%2F11z83hfklt!19sChIJU8XCAQD3VSwRacy1Vl9KE1U?authuser=0&hl=id&g_ep=EgoyMDI2MDkxNi4wIJJjKgBIAVAD&rclk=1,,
SPPG AMANUBAN BARAT MNELALETE,Nusa Tenggara Timur,Amanuban Barat,Timor Tengah Selatan,"489G+5V2 SPPG AMANUBAN BARAT MNELALETE, Jl. Ahmad Yani, Mnelalete, Kec. Amanuban Bar., Kabupaten Timor Tengah Selatan, Nusa Tenggara Tim.",FALSE,TRUE,TRUE,-9.88212,124.327136,"https://www.google.com/maps/place/SPPG+AMANUBAN+BARAT+MNELALETE/@-9.8821199,124.3271363,17z/data=!3m1!4b1!4m6!3m5!1s0x2c55e5003b756039:0xe8e2a68eac515b4c!8m2!3d-9.8821199!4d124.3271363!16s%2Fg%2F11npqkymp6?hl=id&entry=ttu&g_ep=EgoyMDI2MDkxNi4wIKXMDSoASAFQAw%3D%3D",,
SPPG MOLLO UTARA OBESI 1,Nusa Tenggara Timur,Mollo Utara,Timor Tengah Selatan,"77FG+57M SPPG MOLLO UTARA OBESI 1, Obesi, Kec. Mollo Utara, Kabupaten Timor Tengah Selatan, Nusa Tenggara Tim.",FALSE,TRUE,TRUE,-9.727025,124.275659,https://www.google.com/maps/place/SPPG+MOLLO+UTARA+O%27BESI+1/data=!4m7!3m6!1s0x2c55ed0046de70b5:0xbcce47f68e829ff7!8m2!3d-9.7270251!4d124.2756593!16s%2Fg%2F11zc3cvt1l!19sChIJtXDeRgDtVSwR95-CjvZHzrw?authuser=0&hl=id&g_ep=EgoyMDI2MDkxNi4wIJJjKgBIAVAD&rclk=1,,
SPPG MOLLO UTARA OBESI 21,Nusa Tenggara Timur,Mollo Utara,Timor Tengah Selatan,"77FG+89P SPPG MOLLO UTARA OBESI 21, Obesi, Kec. Mollo Utara, Kabupaten Timor Tengah Selatan, Nusa Tenggara Tim.",FALSE,TRUE,TRUE,-9.726662,124.275964,https://www.google.com/maps/place/SPPG+MOLLO+UTARA+O%27BESI+21/data=!4m7!3m6!1s0x2c55ed004491886d:0xceea2c53e923e948!8m2!3d-9.7266619!4d124.2759638!16s%2Fg%2F11npcj4qbw!19sChIJbYiRRADtVSwRSOkj6VMs6s4?authuser=0&hl=id&g_ep=EgoyMDI2MDkxNi4wIJJjKgBIAVAD&rclk=1,,
SPPG MALAKA WELIMAN UMALAWAIN,Nusa Tenggara Timur,Weliman,Malaka,"Jl.Ahmadyani,Rt.3/Rw.2, Dusun Umabot A, Desa umalawain, Kec.Weliman, Kab. Malaka, Nusa Tenggara Tim.",FALSE,TRUE,TRUE,-9.736406,124.519375,https://www.google.com/maps/place/SPPG+MALAKA+WELIMAN+UMALAWAIN/data=!4m7!3m6!1s0x2cff5f00198ecb7f:0x3f11d5a19c623998!8m2!3d-9.7364063!4d124.5193755!16s%2Fg%2F11zb707l4c!19sChIJf8uOGQBf_ywRmDlinKHVET8?authuser=0&hl=id&g_ep=EgoyMDI2MDkxNi4wIJJjKgBIAVAD&rclk=1,,
SPPG TIMOR TENGAH SELATAN KOTA SOE NUNUMEU,Nusa Tenggara Timur,Kota Soe,Timor Tengah Selatan,"47PW+Q62 SPPG Timor Tengah Selatan Kota Soe Nunumeu, 47PW+Q6QNunumeuKec, Kec. Kota Soe, Kabupaten Timor Tengah Selatan, Nusa Tenggara Tim.",FALSE,TRUE,TRUE,-9.86311,124.295507,https://www.google.com/maps/place/SPPG+Timor+Tengah+Selatan+Kota+Soe+Nunumeu/data=!4m7!3m6!1s0x2c55ef0029d6b753:0x3c6ac1bbfacf730!8m2!3d-9.8631099!4d124.2955073!16s%2Fg%2F11zc31v3z2!19sChIJU7fWKQDvVSwRMPesvxusxgM?authuser=0&hl=id&g_ep=EgoyMDI2MDkxNi4wIJJjKgBIAVAD&rclk=1,,
SPPG KOTA SOE 1,Nusa Tenggara Timur,Kota Soe,Timor Tengah Selatan,"47RM+VMQ Sppg kota soe 1, Taubneno, Kec. Kota Soe, Kabupaten Timor Tengah Selatan, Nusa Tenggara Tim.",FALSE,TRUE,TRUE,-9.857909,124.283938,https://www.google.com/maps/place/Sppg+kota+soe+1/data=!4m7!3m6!1s0x2c55ef00690f00e1:0xbc89298c230feb67!8m2!3d-9.8579095!4d124.2839382!16s%2Fg%2F11z836xwrc!19sChIJ4QAPaQDvVSwRZ-sPI4wpibw?authuser=0&hl=id&g_ep=EgoyMDI2MDkxNi4wIJJjKgBIAVAD&rclk=1,,
SPPG KEFAMENANU 2 DAPUR GRATIA PLENA,Nusa Tenggara Timur,Kota Kefamenanu,Timor Tengah Utara,"Jl. Kartini No.199, Kefamenanu Tengah, Kec. Kota Kefamenanu, Kabupaten Timor Tengah Utara, Nusa Tenggara Tim.",FALSE,TRUE,TRUE,-9.448818,124.477502,https://www.google.com/maps/place/SPPG+KEFAMENANU+2+DAPUR+GRATIA+PLENA/data=!4m7!3m6!1s0x2c5581004e5e3931:0x9671a100fdd8d320!8m2!3d-9.4488184!4d124.4775016!16s%2Fg%2F11zjc82kck!19sChIJMTleTgCBVSwRINPY_QChcZY?authuser=0&hl=id&g_ep=EgoyMDI2MDkxNi4wIJJjKgBIAVAD&rclk=1,,
SPPG SOE NUNUMEU 2,Nusa Tenggara Timur,Kota Soe,Timor Tengah Selatan,"47PV+MJ4 SPPG Soe Nunumeu 2, Jl. Kakatua, Nunumeu, Kec. Kota Soe, Kabupaten Timor Tengah Selatan, Nusa Tenggara Tim.",FALSE,TRUE,TRUE,-9.863354,124.294089,https://www.google.com/maps/place/SPPG+Soe+Nunumeu+2/data=!4m7!3m6!1s0x2c55ef006cf058b9:0x2599baba444582da!8m2!3d-9.8633543!4d124.2940888!16s%2Fg%2F11zb7rb4b7!19sChIJuVjwbADvVSwR2oJFRLq6mSU?authuser=0&hl=id&g_ep=EgoyMDI2MDkxNi4wIJJjKgBIAVAD&rclk=1,,
SPPG TTS KOTA SOE KOBEKAMUSA,Nusa Tenggara Timur,Kota Soe,Timor Tengah Selatan,"48H2+R6J SPPG TTS KOTA SOE KOBEKAMUSA, Jl. Ahmad Yani No.20, Kobekamusa, Kec. Kota Soe, Kabupaten Timor Tengah Selatan, Nusa Tenggara Tim.",FALSE,TRUE,TRUE,-9.870014,124.300636,https://www.google.com/maps/place/SPPG+TTS+KOTA+SOE+KOBEKAMUSA/data=!4m7!3m6!1s0x2c55e50049a9673d:0x10e579f96d7be911!8m2!3d-9.8700138!4d124.3006357!16s%2Fg%2F11zc36m9m_!19sChIJPWepSQDlVSwREel7bfl55RA?authuser=0&hl=id&g_ep=EgoyMDI2MDkxNi4wIJJjKgBIAVAD&rclk=1,,
SPPG KOTA SOE TAUBNENO,Nusa Tenggara Timur,Kota Soe,Timor Tengah Selatan,"Jl. Hayam Wuruk No.24, Taubneno, Kec. Kota Soe, Kabupaten Timor Tengah Selatan, Nusa Tenggara Tim.",FALSE,TRUE,TRUE,-9.859025,124.28429,https://www.google.com/maps/place/Kec.+Boking/data=!4m7!3m6!1s0x2cff4f797dcb34d7:0x4bf6c7875d49df05!8m2!3d-9.835531!4d124.7615919!16s%2Fg%2F1228944d!19sChIJ1zTLfXlP_ywRBd9JXYfH9ks?authuser=0&hl=id&g_ep=EgoyMDI2MDkxNi4wIJJjKgBIAVAD&rclk=1,,
SPPG BIKOMI SELATAN NAIOLA,Nusa Tenggara Timur,Bikomi Selatan,Timor Tengah Utara,"FG43+24J SPPG BIKOMI SELATAN NAIOLA, Jln.Timor Raya, Naiola, Kec. Bikomi Sel., Kabupaten Timor Tengah Utara, Nusa Tenggara Tim.",FALSE,TRUE,TRUE,-9.544916,124.50278,https://www.google.com/maps/place/SPPG+BIKOMI+SELATAN+NAIOLA/data=!4m7!3m6!1s0x2c5589000db5df5b:0x34b45c2d082dd004!8m2!3d-9.5449163!4d124.5027801!16s%2Fg%2F11z7bqgjj6!19sChIJW9-1DQCJVSwRBNAtCC1ctDQ?authuser=0&hl=id&g_ep=EgoyMDI2MDkxNi4wIJJjKgBIAVAD&rclk=1,,
SPPG NOINBILA,Bali,Selat,Timor Tengah Selatan,"57GP+RCW SPPG NOINBILA, Klani/Noinbila, Kec. Mollo Sel., Kabupaten Timor Tengah Selatan, Nusa Tenggara Tim.",FALSE,TRUE,TRUE,-9.822929,124.286997,https://www.google.com/maps/place/SPPG+NOINBILA/data=!4m7!3m6!1s0x2c55ef0001441a81:0xede4427c33a1b43f!8m2!3d-9.8229292!4d124.2869974!16s%2Fg%2F11zcvxc33t!19sChIJgRpEAQDvVSwRP7ShM3xC5O0?authuser=0&hl=id&g_ep=EgoyMDI2MDkxNi4wIJJjKgBIAVAD&rclk=1,,
"PERPINDAHAN SPPG SASIL,",Sulawesi Utara,Tenga,Timor Tengah Utara,"C8XC+2RR Perpindahan SPPG SASIL,, Eban, Kec. Miomaffo Bar., Kabupaten Timor Tengah Utara, Nusa Tenggara Tim.",FALSE,TRUE,TRUE,-9.55291,124.32127,"https://www.google.com/maps/place/Perpindahan+SPPG+SASIL,/data=!4m7!3m6!1s0x2c559b0062682f2b:0xb76d3a4c41defc1d!8m2!3d-9.55291!4d124.32127!16s%2Fg%2F11z2wt5bsc!19sChIJKy9oYgCbVSwRHfzeQUw6bbc?authuser=0&hl=id&g_ep=EgoyMDI2MDkxNi4wIJJjKgBIAVAD&rclk=1",,
LOKASI SPPG FATUNENO,Sulawesi Utara,Tenga,Timor Tengah Utara,"C7WV+FR7 LOKASI SPPG FATUNENO, Fatuneno, Kec. Miomaffo Bar., Kabupaten Timor Tengah Utara, Nusa Tenggara Tim.",FALSE,TRUE,TRUE,-9.553826,124.294552,https://www.google.com/maps/place/LOKASI+SPPG+FATUNENO/data=!4m7!3m6!1s0x2c559b0039da1277:0xd8e9d9a214efd87a!8m2!3d-9.553826!4d124.2945523!16s%2Fg%2F11ypt6m2qv!19sChIJdxLaOQCbVSwRetjvFKLZ6dg?authuser=0&hl=id&g_ep=EgoyMDI2MDkxNi4wIJJjKgBIAVAD&rclk=1,,
PERSIAPAN SPPG POLRI,Sulawesi Utara,Tenga,Timor Tengah Utara,"C9WM+GQ PERSIAPAN SPPG POLRI, Haulasi, Kec. Miomaffo Bar., Kabupaten Timor Tengah Utara, Nusa Tenggara Tim.",FALSE,TRUE,TRUE,-9.55366,124.384467,https://www.google.com/maps/place/PERSIAPAN+SPPG+POLRI/data=!4m7!3m6!1s0x2c558f003f236ea1:0x45d9caf33186dd7f!8m2!3d-9.5536598!4d124.3844672!16s%2Fg%2F11yrnbb_nt!19sChIJoW4jPwCPVSwRf92GMfPK2UU?authuser=0&hl=id&g_ep=EgoyMDI2MDkxNi4wIJJjKgBIAVAD&rclk=1,,
SPPG BIJELI,Nusa Tenggara Timur,Noemuti,Timor Tengah Utara,"CF8P+M73 SPPG BIJELI, Bijeli, Kec. Noemuti, Kabupaten Timor Tengah Utara, Nusa Tenggara Tim.",FALSE,TRUE,TRUE,-9.58403,124.486148,https://www.google.com/maps/place/SPPG+BIJELI/data=!4m7!3m6!1s0x2c55890050d44f25:0x5abaa40ec8d6701e!8m2!3d-9.58403!4d124.486148!16s%2Fg%2F11ynszgsxb!19sChIJJU_UUACJVSwRHnDWyA6kulo?authuser=0&hl=id&g_ep=EgoyMDI2MDkxNi4wIJJjKgBIAVAD&rclk=1,,
SPPG TOINEKE KUALIN,Nusa Tenggara Timur,Kualin,Timor Tengah Selatan,"R9QJ+JJ6 SPPG TOINEKE KUALIN, Tuafanu, Kec. Kualin, Kabupaten Timor Tengah Selatan, Nusa Tenggara Tim.",FALSE,TRUE,TRUE,-10.16096,124.3815,https://www.google.com/maps/place/SPPG+TOINEKE+KUALIN/data=!4m7!3m6!1s0x2c56050008a09b1d:0xa3a4bb1e857e606d!8m2!3d-10.16096!4d124.3815!16s%2Fg%2F11z83n7hz4!19sChIJHZugCAAFViwRbWB-hR67pKM?authuser=0&hl=id&g_ep=EgoyMDI2MDkxNi4wIJJjKgBIAVAD&rclk=1,,
DAPUR SPPG TOINEKE,Nusa Tenggara Timur,Kualin,Timor Tengah Selatan,"R8WQ+PV5 Dapur SPPG Toineke, Tuafanu, Kec. Kualin, Kabupaten Timor Tengah Selatan, Nusa Tenggara Tim.",FALSE,TRUE,TRUE,-10.153242,124.33974,https://www.google.com/maps/place/Dapur+SPPG+Toineke/data=!4m7!3m6!1s0x2c5605002e77805b:0xa415d13383321162!8m2!3d-10.1532425!4d124.3397396!16s%2Fg%2F11z83md9b3!19sChIJW4B3LgAFViwRYhEygzPRFaQ?authuser=0&hl=id&g_ep=EgoyMDI2MDkxNi4wIJJjKgBIAVAD&rclk=1,,
CALON SPPG LURASIK YNMM,Nusa Tenggara Timur,Biboki Utara,Timor Tengah Utara,"PR7Q+WR7 Calon SPPG Lurasik YNMM, Boronubaen, Kec. Biboki Utara, Kabupaten Timor Tengah Utara, Nusa Tenggara Tim.",FALSE,TRUE,TRUE,-9.285205,124.839557,"https://www.google.com/maps/place/Calon+SPPG+Lurasik+YNMM/@-9.285205,124.8395575,17z/data=!3m1!4b1!4m6!3m5!1s0x2cff9f0057528147:0x1c03f9641c4313a3!8m2!3d-9.285205!4d124.8395575!16s%2Fg%2F11mdty9wg2?hl=id&entry=ttu&g_ep=EgoyMDI2MDkxNi4wIKXMDSoASAFQAw%3D%3D",,
LOKASI SPPG,Nusa Tenggara Timur,Biboki Anleu,Timor Tengah Utara,"WM3V+8RP Lokasi Sppg, Ponu, Kec. Biboki Anleu, Kabupaten Timor Tengah Utara, Nusa Tenggara Tim.",FALSE,TRUE,TRUE,-9.096654,124.694581,https://www.google.com/maps/place/Lokasi+Sppg/data=!4m7!3m6!1s0x2cff930076d79003:0x1588f0d247f9dc8a!8m2!3d-9.0966542!4d124.6945805!16s%2Fg%2F11mrqtwj_q!19sChIJA5DXdgCT_ywRitz5R9LwiBU?authuser=0&hl=id&g_ep=EgoyMDI2MDkxNi4wIJJjKgBIAVAD&rclk=1,,
SPPG MOTADIK,Nusa Tenggara Timur,Biboki Anleu,Timor Tengah Utara,"WRV3+3J Sppg motadik, Motadik, Kec. Biboki Anleu, Kabupaten Timor Tengah Utara, Nusa Tenggara Tim.",FALSE,TRUE,TRUE,-9.057367,124.80398,https://www.google.com/maps/place/Sppg+motadik/data=!4m7!3m6!1s0x2cff950007f3cf6b:0x50485dafaecee51d!8m2!3d-9.0573674!4d124.80398!16s%2Fg%2F11yyqz2b0y!19sChIJa8_zBwCV_ywRHeXOrq9dSFA?authuser=0&hl=id&g_ep=EgoyMDI2MDkxNi4wIJJjKgBIAVAD&rclk=1,,
SPPG KOTA KEFAMENANU SASI 1,Nusa Tenggara Timur,Kota Kefamenanu,Timor Tengah Utara,"Jl. Eltari No.Km.09, Sasi, Kec. Kota Kefamenanu, Kabupaten Timor Tengah Utara, Nusa Tenggara Tim.",FALSE,TRUE,TRUE,-9.514882,124.495664,https://www.google.com/maps/place/SPPG+Kota+Kefamenanu+Sasi+1/data=!4m7!3m6!1s0x2c5587004bd56b43:0x773ce906d1e06c4f!8m2!3d-9.5148823!4d124.4956645!16s%2Fg%2F11ms8q7cfj!19sChIJQ2vVSwCHVSwRT2zg0QbpPHc?authuser=0&hl=id&g_ep=EgoyMDI2MDkxNi4wIJJjKgBIAVAD&rclk=1,,
SPPG KEFAMENANU SASI 2,Nusa Tenggara Timur,Kota Kefamenanu,Timor Tengah Utara,"GF6J+XJ SPPG KEFAMENANU SASI 2, Maubeli, Kec. Kota Kefamenanu, Kabupaten Timor Tengah Utara, Nusa Tenggara Tim.",FALSE,TRUE,TRUE,-9.489173,124.494868,https://www.google.com/maps/place/SPPG+KEFAMENANU+SASI+2/data=!4m7!3m6!1s0x2c5587005d03245d:0x4675c3d930e6d03e!8m2!3d-9.489173!4d124.4948679!16s%2Fg%2F11z77gbkn9!19sChIJXSQDXQCHVSwRPtDmMNnDdUY?authuser=0&hl=id&g_ep=EgoyMDI2MDkxNi4wIJJjKgBIAVAD&rclk=1,,
SPPG KEFAMENANU SASI 3,Nusa Tenggara Timur,Kota Kefamenanu,Timor Tengah Utara,"FFXQ+JPX SPPG KEFAMENANU SASI 3, Sasi, Kec. Kota Kefamenanu, Kabupaten Timor Tengah Utara, Nusa Tenggara Tim.",FALSE,TRUE,TRUE,-9.500844,124.489414,https://www.google.com/maps/place/SPPG+KEFAMENANU+SASI+3/data=!4m7!3m6!1s0x2c5587003f14a1d9:0x11a77e1773d81903!8m2!3d-9.5008438!4d124.4894136!16s%2Fg%2F11npr8gt3_!19sChIJ2aEUPwCHVSwRAxnYcxd-pxE?authuser=0&hl=id&g_ep=EgoyMDI2MDkxNi4wIJJjKgBIAVAD&rclk=1,,
SPPG KEFAMENANU TENGAH 2,Nusa Tenggara Timur,Kota Kefamenanu,Timor Tengah Utara,"HF5G+8X9 SPPG Kefamenanu Tengah 2, Jl. Soekarno, RT.035/RW.001, Kefamenanu Tengah, Kec. Kota Kefamenanu, Kabupaten Timor Tengah Utara, Nusa Tenggara Tim.",FALSE,TRUE,TRUE,-9.441705,124.477492,https://www.google.com/maps/place/SPPG+Kefamenanu+Tengah+2/data=!4m7!3m6!1s0x2c5581006e452667:0x35dacfda264e2dc6!8m2!3d-9.4417047!4d124.4774922!16s%2Fg%2F11z7bq6vnl!19sChIJZyZFbgCBVSwRxi1OJtrP2jU?authuser=0&hl=id&g_ep=EgoyMDI2MDkxNi4wIJJjKgBIAVAD&rclk=1,,
"RENCANA SPPG SASIL, KOTA KEFAMENANU#003",Nusa Tenggara Timur,Kota Kefamenanu,Timor Tengah Utara,"GFQM+VQ3 RENCANA SPPG SASIL, KOTA KEFAMENANU#003, Kefamenanu Sel., Kec. Kota Kefamenanu, Kabupaten Timor Tengah Utara, Nusa Tenggara Tim.",FALSE,TRUE,TRUE,-9.460369,124.484435,"https://www.google.com/maps/place/RENCANA+SPPG+SASIL,+KOTA+KEFAMENANU%23003/data=!4m7!3m6!1s0x2c5581005f00a97d:0x32e6a51a64bcbfa8!8m2!3d-9.4601623!4d124.4844458!16s%2Fg%2F11z3ywybwq!19sChIJfakAXwCBVSwRqL-8ZBql5jI?authuser=0&hl=id&g_ep=EgoyMDI2MDkxNi4wIJJjKgBIAVAD&rclk=1",,
SPPG KEFAMENANU TENGAH 4,Nusa Tenggara Timur,Kota Kefamenanu,Timor Tengah Utara,"HF4G+7G7 SPPG KEFAMENANU TENGAH 4, Jl. Sonbay, Kefamenanu Tengah, Kec. Kota Kefamenanu, Kabupaten Timor Tengah Utara, Nusa Tenggara Tim.",FALSE,TRUE,TRUE,-9.444271,124.476295,https://www.google.com/maps/place/SPPG+KEFAMENANU+TENGAH+4/data=!4m7!3m6!1s0x2c5581007c6f3fa1:0x39f430a42c183a25!8m2!3d-9.4442712!4d124.4762949!16s%2Fg%2F11z7bq8jff!19sChIJoT9vfACBVSwRJToYLKQw9Dk?authuser=0&hl=id&g_ep=EgoyMDI2MDkxNi4wIJJjKgBIAVAD&rclk=1,,
"RENCANA SPPG SASIL, KOTA KEFAMENANU#003",Nusa Tenggara Timur,Kota Kefamenanu,Timor Tengah Utara,"GFQM+WRM RENCANA SPPG SASIL, KOTA KEFAMENANU#003, Kefamenanu Tengah, Kec. Kota Kefamenanu, Kabupaten Timor Tengah Utara, Nusa Tenggara Tim.",FALSE,TRUE,TRUE,-9.460162,124.484446,"https://www.google.com/maps/place/RENCANA+SPPG+SASIL,+KOTA+KEFAMENANU%23003/data=!4m7!3m6!1s0x2c5581005f00a97d:0x32e6a51a64bcbfa8!8m2!3d-9.4601623!4d124.4844458!16s%2Fg%2F11z3ywybwq!19sChIJfakAXwCBVSwRqL-8ZBql5jI?authuser=0&hl=id&g_ep=EgoyMDI2MDkxNi4wIJJjKgBIAVAD&rclk=1",,
SPPG KEFAMENANU TENGAH 1 DAPUR GRATIA PLENA,Nusa Tenggara Timur,Kota Kefamenanu,Timor Tengah Utara,"HF2H+G5Q SPPG KEFAMENANU TENGAH 1 DAPUR GRATIA PLENA, Jl. Kartini, Kefamenanu Tengah, Kec. Kota Kefamenanu, Kabupaten Timor Tengah Utara, Nusa Tenggara Tim.",FALSE,TRUE,TRUE,-9.448657,124.477971,https://www.google.com/maps/place/SPPG+KEFAMENANU+TENGAH+1+DAPUR+GRATIA+PLENA/data=!4m7!3m6!1s0x2c5581000a723519:0x5641db16a1a95925!8m2!3d-9.4486567!4d124.477971!16s%2Fg%2F11zbbwz_yf!19sChIJGTVyCgCBVSwRJVmpoRbbQVY?authuser=0&hl=id&g_ep=EgoyMDI2MDkxNi4wIJJjKgBIAVAD&rclk=1,,
SPPG BENPASI KOTA KEFAMENANU,Nusa Tenggara Timur,Kota Kefamenanu,Kefamenanu,"Jl. Sisingamangaraja No.12, RT.10/RW.04, Benpasi, Kota Kefamenanu, North Central Timor Regency, East Nusa Tenggara 85613",FALSE,TRUE,TRUE,-9.459687,124.475374,https://www.google.com/maps/place/Sppg+benpasi+kota+kefamenanu/data=!4m7!3m6!1s0x2c5581001c54fd2b:0xa31878eb19bacf9a!8m2!3d-9.4596872!4d124.4753739!16s%2Fg%2F11mstc_cz_!19sChIJK_1UHACBVSwRms-6Get4GKM?authuser=0&hl=id&g_ep=EgoyMDI2MDkxNi4wIJJjKgBIAVAD&rclk=1,,
SPPG TAPENPAH,Nusa Tenggara Timur,Insana,Timor Tengah Utara,"HJ4X+9W6 Sppg Tapenpah, Tapenpah, Kec. Insana, Kabupaten Timor Tengah Utara, Nusa Tenggara Tim.",FALSE,TRUE,TRUE,-9.444072,124.649731,https://www.google.com/maps/place/Sppg+Tapenpah/data=!4m7!3m6!1s0x2cff79007ec23281:0x91a47b1300dbb0d6!8m2!3d-9.4440718!4d124.6497306!16s%2Fg%2F11z7bpwgbv!19sChIJgTLCfgB5_ywR1rDbABN7pJE?authuser=0&hl=id&g_ep=EgoyMDI2MDkxNi4wIJJjKgBIAVAD&rclk=1,,
SPPG INSANA TENGAH,Nusa Tenggara Timur,Insana Tengah,Timor Tengah Utara,"HHGG+PW SPPG INSANA TENGAH, Maubesi, Kec. Insana Tengah, Kabupaten Timor Tengah Utara, Nusa Tenggara Tim.",FALSE,TRUE,TRUE,-9.423453,124.577762,https://www.google.com/maps/place/SPPG+INSANA+TENGAH/data=!4m7!3m6!1s0x2cff7f002bf2a087:0xbeaaacc7838d7a32!8m2!3d-9.4234531!4d124.5777617!16s%2Fg%2F11zbbn53hh!19sChIJh6DyKwB__ywRMnqNg8esqr4?authuser=0&hl=id&g_ep=EgoyMDI2MDkxNi4wIJJjKgBIAVAD&rclk=1,,
SPPG OENBIT,Nusa Tenggara Timur,Insana,Timor Tengah Utara,"HPFW+XH SPPG Oenbit, Oinbit, Kec. Insana, Kabupaten Timor Tengah Utara, Nusa Tenggara Tim.",FALSE,TRUE,TRUE,-9.425011,124.746377,https://www.google.com/maps/place/SPPG+Oenbit/data=!4m7!3m6!1s0x2cff77005fa8834b:0x4fd8e624e5ad1dd6!8m2!3d-9.425011!4d124.746377!16s%2Fg%2F11ntkrljk9!19sChIJS4OoXwB3_ywR1h2t5STm2E8?authuser=0&hl=id&g_ep=EgoyMDI2MDkxNi4wIJJjKgBIAVAD&rclk=1,,
SPPG INSANA TBENGAH - MAUBESI,Nusa Tenggara Timur,Insana Tengah,Timor Tengah Utara,"HHP9+VQW SPPG INSANA TBENGAH - MAUBESI, Maubesi, Kec. Insana Tengah, Kabupaten Timor Tengah Utara, Nusa Tenggara Tim.",FALSE,TRUE,TRUE,-9.41275,124.569451,https://www.google.com/maps/place/SPPG+INSANA+TBENGAH+-+MAUBESI/data=!4m7!3m6!1s0x2cff7f0029eafc77:0x988d365a3bf5dfa2!8m2!3d-9.4127504!4d124.5694514!16s%2Fg%2F11zb9y5yp2!19sChIJd_zqKQB__ywRot_1O1o2jZg?authuser=0&hl=id&g_ep=EgoyMDI2MDkxNi4wIJJjKgBIAVAD&rclk=1,,
SPPG OEKOLO,Nusa Tenggara Timur,Insana Utara,Timor Tengah Utara,"QHHM+FV Sppg oekolo, Humusu B, Kec. Insana Utara, Kabupaten Timor Tengah Utara, Nusa Tenggara Tim.",FALSE,TRUE,TRUE,-9.221357,124.584634,"https://www.google.com/maps/place/Sekretariat+PAR+GKI+Ebenhaezer+Ridge/@-1.1594371,136.0788069,17z/data=!3m1!4b1!4m6!3m5!1s0x68038e6dbef8c7d7:0xaf6276d23925c244!8m2!3d-1.1594371!4d136.0788069!16s%2Fg%2F11byxg6wp4?hl=id&entry=ttu&g_ep=EgoyMDI2MDkxNi4wIKXMDSoASAFQAw%3D%3D",,
SPPG DAPUR KITA,Papua,Biak Kota,Biak Numfor,"R3R6+5FG SPPG DAPUR KITA, Sorido, Kec. Biak Kota, Biak-Papua, Papua 98111",TRUE,TRUE,FALSE,-1.159563,136.061187,https://www.google.com/maps/place/SPPG+DAPUR+KITA/data=!4m7!3m6!1s0x68038f000fe6fe3d:0x4f841c18b41892c2!8m2!3d-1.1595625!4d136.0611875!16s%2Fg%2F11ypd0m2sg!19sChIJPf7mDwCPA2gRwpIYtBgchE8?authuser=0&hl=id&g_ep=EgoyMDI2MDkxNi4wIJJjKgBIAVAD&rclk=1,,
SPPG YAYASAN PHINISI DAPUR CAHAYA NUMFOR,Papua,Numfor Timur,Biak Numfor,"3V67+W8 SPPG YAYASAN PHINISI DAPUR CAHAYA NUMFOR, Asaryendi, Numfor Tim., Kabupaten Biak Numfor, Papua 98171",TRUE,FALSE,TRUE,-0.938288,134.863751,https://www.google.com/maps/place/SPPG+YAYASAN+PHINISI+DAPUR+CAHAYA+NUMFOR/data=!4m7!3m6!1s0x2d5351006640b5a3:0x76c84c60de69572d!8m2!3d-0.9382876!4d134.8637512!16s%2Fg%2F11xlm5sk86!19sChIJo7VAZgBRUy0RLVdp3mBMyHY?authuser=0&hl=id&g_ep=EgoyMDI2MDkxNi4wIJJjKgBIAVAD&rclk=1,,
SPPG POLRESTA JAYAPURA KOTA,Papua,Muara Tami,Kota Jayapura,"8QJR+G3 SPPG Polresta Jayapura Kota, West Koya, Muara Tami, Jayapura City, Papua 99351",TRUE,TRUE,FALSE,-2.668698,140.790128,"https://www.google.com/maps/place/Distrik+unurumguay/@-2.673867,139.7728757,17z/data=!3m1!4b1!4m6!3m5!1s0x681341001b522393:0x86fc87c901f088b4!8m2!3d-2.673867!4d139.7728757!16s%2Fg%2F11xm7n269m?hl=id&entry=ttu&g_ep=EgoyMDI2MDkxNi4wIKXMDSoASAFQAw%3D%3D",,
"DAPUR SEHAT BGN, SATUAN PELAYANAN PEMENUHAN GIZI (SPPG), YAYASAN VAIMBARI SULUH PAPUA.",Papua,Jayapura,Ogan Komering Ulu Timur,"9JRW+QMW Dapur Sehat BGN, Satuan Pelayanan Pemenuhan Gizi (SPPG), Yayasan Vaimbari Suluh Papua., HM 1629, Jl. Raya Sentani Padang Bulan, Hedam, Heram, Jayapura City, Papua 99351",TRUE,TRUE,FALSE,-2.608015,140.646691,"https://www.google.com/maps/place/Dapur+Sehat+BGN,+Satuan+Pelayanan+Pemenuhan+Gizi+%28SPPG%29,+Yayasan+Vaimbari+Suluh+Papua./data=!4m7!3m6!1s0x686cf5001754efe1:0x6f57120f2df70c74!8m2!3d-2.6080149!4d140.646691!16s%2Fg%2F11m6bsq1ly!19sChIJ4e9UFwD1bGgRdAz3LQ8SV28?authuser=0&hl=id&g_ep=EgoyMDI2MDkxNi4wIJJjKgBIAVAD&rclk=1",,
"SPPG JAPSEL II, IMBI JAYAPURA",Papua,Jayapura Utara,Kota Jayapura,"Jl. Ahmad Yani No.3, Gurabesi, Jayapura Utara, Jayapura City, Papua",TRUE,TRUE,FALSE,-2.54202,140.704746,"https://www.google.com/maps/place/SPPG+JapSel+II,+Imbi+Jayapura/data=!4m7!3m6!1s0x686c590066c3e6cd:0x63aaca2c8104eb9!8m2!3d-2.5420203!4d140.7047464!16s%2Fg%2F11yv_55fnm!19sChIJzebDZgBZbGgRuU4QyKKsOgY?authuser=0&hl=id&g_ep=EgoyMDI2MDkxNi4wIJJjKgBIAVAD&rclk=1",,
SPPG TANJUNG RIA,Papua,Jayapura Utara,Kota Jayapura,"FPHM+3RX SPPG Tanjung Ria, Jl. Tj. Ria, Tanjung Ria, Jayapura Utara, Jayapura City, Papua",TRUE,TRUE,FALSE,-2.521336,140.734923,https://www.google.com/maps/place/SPPG+Tanjung+Ria/data=!4m7!3m6!1s0x686c57002aa19553:0xe3a2124776bc90b5!8m2!3d-2.5213357!4d140.7349233!16s%2Fg%2F11ywzjqs8t!19sChIJU5WhKgBXbGgRtZC8dkcSouM?authuser=0&hl=id&g_ep=EgoyMDI2MDkxNi4wIJJjKgBIAVAD&rclk=1,,
SPPG KAMPUNG MASYAI MEOSBEFONDI,Papua,Supiori Barat,Supiori,"H7R9+FPC SPPG Kampung Masyai Meosbefondi, Masyai, Supiori Bar., Kabupaten Supiori, Papua",TRUE,FALSE,TRUE,-0.408818,135.269259,https://www.google.com/maps/place/Kec.+Kepulauan+Aruri/data=!4m7!3m6!1s0x680185f69255fcb3:0xa0a3dc35b952cf39!8m2!3d-0.8189465!4d135.5031282!16s%2Fg%2F120q6ztw!19sChIJs_xVkvaFAWgROc9SuTXco6A?authuser=0&hl=id&g_ep=EgoyMDI2MDkxNi4wIJJjKgBIAVAD&rclk=1,,
SPPG CIKAKAK,Jawa Tengah,Banjarharjo,Brebes,"Jl. Ps. Manis, Area Sawah, Pende, Banjarharjo, Brebes Regency, Central Java 52265",FALSE,TRUE,TRUE,-6.965491,108.794775,https://www.google.com/maps/place/Distrik+Tlk.+Patipi/data=!4m7!3m6!1s0x2d45d35c0a36590d:0xc20fae114c05069d!8m2!3d-2.7115037!4d132.1613078!16s%2Fg%2F11b5v4gvgw!19sChIJDVk2ClzTRS0RnQYFTBGuD8I?authuser=0&hl=id&g_ep=EgoyMDI2MDkxNi4wIJJjKgBIAVAD&rclk=1,,
SPPG DESAY,,Prafi,Manokwari,"Desay, Prafi, Manokwari",FALSE,FALSE,FALSE,-0.864367,134.074098,https://www.google.com/maps/place/SPPG+DESAY/data=!4m7!3m6!1s0xc82723c8cb0f4e3:0xfc76b0a76e232d2d!8m2!3d-0.8643675!4d134.0740985!16s%2Fg%2F11z22xhbmg!19sChIJ4_SwjDxyggwRLS0jbqewdvw?authuser=0&hl=id&g_ep=EgoyMDI2MDkxNi4wIJJjKgBIAVAD&rclk=1,,
DAPUR SPPG PENDEM(BESON),Nusa Tenggara Barat,Janapria,Lombok Tengah,"89GG+RQC Dapur sppg Pendem(beson), Pendem, Kec. Janapria, Kabupaten Lombok Tengah, Nusa Tenggara Bar. 83554",FALSE,TRUE,TRUE,-8.672839,116.377023,https://www.google.com/maps/place/Tomu/data=!4m7!3m6!1s0x2d4e4bb809f25dc5:0x3ebc0177b26474d6!8m2!3d-2.0596458!4d133.058341!16s%2Fg%2F121kq4b8!19sChIJxV3yCbhLTi0R1nRksncBvD4?authuser=0&hl=id&g_ep=EgoyMDI2MDkxNi4wIJJjKgBIAVAD&rclk=1,,
SPPG RANGGAMEKAR 003,,Bogor Selatan,Bogor,"Bogor Selatan, Bogor",FALSE,FALSE,FALSE,-6.642644,106.809879,https://www.google.com/maps/place/Kec.+Windesi/data=!4m7!3m6!1s0x2d4c6f4ebf48b3fd:0x9b9a2ca4d233e89d!8m2!3d-2.601077!4d134.1340439!16s%2Fg%2F120v5ml1!19sChIJ_bNIv05vTC0Rnegz0qQsmps?authuser=0&hl=id&g_ep=EgoyMDI2MDkxNi4wIJJjKgBIAVAD&rclk=1,,
SPPG KOTA SORONG SORONG TIMUR KLAMANA,,Klaurung,Kota Sorong,"Jl. Teminabuan Jl. Sadewa IX, Klasaman, Kecamatan Klaurung, Kota Sorong, Papua Barat 98416",FALSE,FALSE,FALSE,-0.892907,131.264396,https://www.google.com/maps/place/SPPG+KOTA+SORONG+SORONG+TIMUR+KLAMANA/data=!4m7!3m6!1s0x40a94ccfa88c0b5b:0x30d5aa684ec1da29!8m2!3d-0.8929071!4d131.2643957!16s%2Fg%2F11zgw104cn!19sChIJWwuMqM9MqUARKdrBTmiq1TA?authuser=0&hl=id&g_ep=EgoyMDI2MDkxNi4wIJJjKgBIAVAD&rclk=1,,
SPPG KOTA SORONG SORONG MANOI REMU SELATAN,,Sorong Manoi,Kota Sorong,"477P+FW3, Jl. Selat Halmahera Rem, Remu Sel., Kecamatan Sorong Manoi, Kota Sorong, Papua Barat Daya 98412",FALSE,FALSE,FALSE,-0.886357,131.287306,https://www.google.com/maps/place/GOPANG+SORONG/data=!4m7!3m6!1s0x2d5eab005538670f:0xac0aa4cbc7d35eca!8m2!3d-0.8771045!4d131.2632346!16s%2Fg%2F11z4x8q_ln!19sChIJD2c4VQCrXi0Ryl7Tx8ukCqw?authuser=0&hl=id&g_ep=EgoyMDI2MDkxNi4wIJJjKgBIAVAD&rclk=1,,
SPPG WANGUNJAYA YAYASAN GENERASI PELAJAR INDONESIA,Jawa Barat,Naringgul,Cianjur,"H8CM+VMJ SPPG Wangunjaya Yayasan Generasi Pelajar Indonesia, Wangunjaya, Naringgul, Cianjur Regency, West Java 43274",FALSE,TRUE,TRUE,-7.427787,107.334141,https://www.google.com/maps/place/SPPG+Wangunjaya+Yayasan+Generasi+Pelajar+Indonesia/data=!4m7!3m6!1s0x2e6881005d7d9dc3:0x8e4ca31fcaa26b3b!8m2!3d-7.4277875!4d107.3341406!16s%2Fg%2F11m_653ts8!19sChIJw519XQCBaC4RO2uiyh-jTI4?authuser=0&hl=id&g_ep=EgoyMDI2MDkxNi4wIJJjKgBIAVAD&rclk=1,,
SPPG SUKABUMI GUNUNGGURUH KEBONMANGGU,Lampung,Gunung Guruh,Sukabumi,"Jl. Pelabuhan II, Kp, Jl. Cikaret No.Km 10, RT.002/RW.014, Kebonmanggu, Gunung Guruh, Sukabumi Regency, West Java 43156",FALSE,TRUE,TRUE,-6.973523,106.865156,https://www.google.com/maps/place/SPPG+SUKABUMI+GUNUNGGURUH+KEBONMANGGU/data=!4m7!3m6!1s0x2e6839001bd410db:0xfe5a0205de34df8a!8m2!3d-6.9735229!4d106.8651559!16s%2Fg%2F11zb9z2y2f!19sChIJ2xDUGwA5aC4Rit803gUCWv4?authuser=0&hl=id&g_ep=EgoyMDI2MDkxNi4wIJJjKgBIAVAD&rclk=1,,
SPPG AGATHA WARINGINSARI,Banten,Takokak,Cianjur,"RX5J+CR4 SPPG AGATHA WARINGINSARI, Kp. Cimanggu, RT.001/RW.005, Waringinsari, Takokak, Cianjur Regency, West Java 43265",FALSE,TRUE,TRUE,-7.191485,106.982071,https://www.google.com/maps/place/SPPG+AGATHA+WARINGINSARI/data=!4m7!3m6!1s0x2e686b0077667219:0xd06a1d48923be90e!8m2!3d-7.1914848!4d106.9820708!16s%2Fg%2F11n3n2klvl!19sChIJGXJmdwBraC4RDuk7kkgdatA?authuser=0&hl=id&g_ep=EgoyMDI2MDkxNi4wIJJjKgBIAVAD&rclk=1,,
SPPG KOTA LAMA,,Rengat Barat,Indragiri Hulu,"Jalan Lintas Sumatera, Kota Lama, Rengat Barat, Indragiri Hulu, Riau",FALSE,FALSE,FALSE,-0.380047,102.383139,https://www.google.com/maps/place/SPPG+KOTA+LAMA/data=!4m7!3m6!1s0xa478f15f5f5f7097:0x290296f030f15cbb!8m2!3d-0.3670605!4d102.3866716!16s%2Fg%2F11yqyxfg55!19sChIJl3BfX1_xeKQRu1zxMPCWAik?authuser=0&hl=id&g_ep=EgoyMDI2MDkxNi4wIJJjKgBIAVAD&rclk=1,,
SPPG KUMANTAN BANGKINANG KOTA,Riau,Bangkinang Kota,Kampar,"Jl. Profesor Moh. Yamin SH, Kumantan, Bangkinang, Kota, Riau 28463",TRUE,TRUE,FALSE,0.34798,101.035493,https://www.google.com/maps/place/SPPG+Kumantan+Bangkinang+Kota/data=!4m7!3m6!1s0x31d515006fdd5eaf:0x81659e5e21cb04cc!8m2!3d0.3479802!4d101.0354928!16s%2Fg%2F11n537dsh0!19sChIJr17dbwAV1TERzATLIV6eZYE?authuser=0&hl=id&g_ep=EgoyMDI2MDkxNi4wIJJjKgBIAVAD&rclk=1,,
SPPG KAMPAR SIAK HULU KUBANG JAYA 1,Riau,Siak Hulu,Kampar,"Perum citramas coloursland, SPPG Kampar Kubang Jaya 3, Kubang Jaya, Kec. Siak Hulu, Kabupaten Kampar, Riau 28452",FALSE,FALSE,FALSE,-2.44565,117.8888,https://www.google.com/maps/place/SPPG+Kampar+Siak+Hulu+Kubang+Jaya+1/data=!4m7!3m6!1s0x228650c6b6b9c07d:0xb537675dcf1e1ba7!8m2!3d-2.44565!4d117.8888!16s%2Fg%2F11npq20z0k!19sChIJfcC5tsZQhiIRpxsez11nN7U?authuser=0&hl=id&g_ep=EgoyMDI2MDkxNi4wIJJjKgBIAVAD&rclk=1,,
SPPG YMKC KAMPAR X TERUSAN,DKI Jakarta,Cilincing,Kota Jakarta Utara,"VW9G+M99 SPPG YMKC KAMPAR X TERUSAN, Jl. Sungai Kampar 10 Dalam, RT.14/RW.1, Semper Bar., Kec. Cilincing, Jkt Utara, Daerah Khusus Ibukota Jakarta 14130",FALSE,TRUE,TRUE,-6.130847,106.925974,https://www.google.com/maps/place/SPPG+YMKC+KAMPAR+X+TERUSAN/data=!4m7!3m6!1s0x2e6a2100256ade01:0x1f2bc7f693590b5b!8m2!3d-6.1308471!4d106.9259737!16s%2Fg%2F11yv06qdkf!19sChIJAd5qJQAhai4RWwtZk_bHKx8?authuser=0&hl=id&g_ep=EgoyMDI2MDkxNi4wIJJjKgBIAVAD&rclk=1,,
SPPG MURNI PONDOK BUNIAN,Riau,Dumai Barat,Kota Dumai,"Jalan Murni 2 No.14, Ratu Sima, Dumai Barat, Dumai City, Riau 28826",TRUE,TRUE,FALSE,1.668241,101.428341,https://www.google.com/maps/place/SPPG+Murni+Pondok+Bunian/data=!4m7!3m6!1s0x31d3a9002a88acc1:0x20b885206b599685!8m2!3d1.6682411!4d101.4283414!16s%2Fg%2F11zfbbb7db!19sChIJwayIKgCp0zERhZZZayCFuCA?authuser=0&hl=id&g_ep=EgoyMDI2MDkxNi4wIJJjKgBIAVAD&rclk=1,,
SPPG BUKIT BATREM,Riau,Dumai Timur,Kota Dumai,"Jl. Akasia, Bukit Batrem, Dumai Timur, Dumai City, Riau 28815",TRUE,TRUE,FALSE,1.650568,101.457115,https://www.google.com/maps/place/SPPG+BUKIT+BATREM/data=!4m7!3m6!1s0x31d3affe566f42ff:0xe982ade791dd4df5!8m2!3d1.6505676!4d101.4571153!16s%2Fg%2F11zbg1zc9r!19sChIJ_0JvVv6v0zER9U3dkeetguk?authuser=0&hl=id&g_ep=EgoyMDI2MDkxNi4wIJJjKgBIAVAD&rclk=1,,
SPPG UMBAN SARI,Riau,Rumbai,Kota Pekanbaru,"Jl. Pasir Sari No.12, Kelurahan Umban Sari, Rumbai, Pekanbaru City, Riau 28266",TRUE,TRUE,FALSE,0.571055,101.422651,https://www.google.com/maps/place/SPPG+UMBAN+SARI/data=!4m7!3m6!1s0x31d5ab007304b73f:0x63de400c610d443e!8m2!3d0.5710553!4d101.4226507!16s%2Fg%2F11ms50szpj!19sChIJP7cEcwCr1TERPkQNYQxA3mM?authuser=0&hl=id&g_ep=EgoyMDI2MDkxNi4wIJJjKgBIAVAD&rclk=1,,
SPPG SENAPELAN KAMPUNG BARU,Riau,Senapelan,Kota Pekanbaru,"Jl. Jati No.5, Kelurahan Kampung Baru, Senapelan, Pekanbaru City, Riau 28155",TRUE,TRUE,FALSE,0.537205,101.434864,https://www.google.com/maps/place/SPPG+Senapelan+Kampung+Baru/data=!4m7!3m6!1s0x31d5add2c4e5b621:0x9b70d8f608a20f86!8m2!3d0.5372046!4d101.4348641!16s%2Fg%2F11zcgppg16!19sChIJIbblxNKt1TERhg-iCPbYcJs?authuser=0&hl=id&g_ep=EgoyMDI2MDkxNi4wIJJjKgBIAVAD&rclk=1,,
SPPG SAIL BERKAH ARRAHMAN MULIA,Riau,Suka Mulia,Kota Pekanbaru,"No.122Suka, Jl. Dwikora, MuliaKec, Sail, Pekanbaru City, Riau 28111",TRUE,TRUE,FALSE,0.522804,101.464428,https://www.google.com/maps/place/SPPG+SAIL+BERKAH+ARRAHMAN+MULIA/data=!4m7!3m6!1s0x31d5ad004cd09eb5:0xa90da7c569882426!8m2!3d0.5228039!4d101.4644283!16s%2Fg%2F11njtp03qj!19sChIJtZ7QTACt1TERJiSIacWnDak?authuser=0&hl=id&g_ep=EgoyMDI2MDkxNi4wIJJjKgBIAVAD&rclk=1,,
SPPG BENCAHLESUNG,Riau,Tenayan Raya,Kota Pekanbaru,"Jl. Harapan Raya Ujung, Ruko ASL No.1 A, Kelurahan Sialang Sakti, Tenayan Raya, Pekanbaru City, Riau 28131",TRUE,TRUE,FALSE,0.49863,101.507099,https://www.google.com/maps/place/SPPG+BENCAHLESUNG/data=!4m7!3m6!1s0x31d5af002dcb7229:0xd01831e937bda131!8m2!3d0.4986304!4d101.5070994!16s%2Fg%2F11y0xqg5dy!19sChIJKXLLLQCv1TERMaG9N-kxGNA?authuser=0&hl=id&g_ep=EgoyMDI2MDkxNi4wIJJjKgBIAVAD&rclk=1,,
SPPG TUAH MADANI,Riau,Tuah madani,Kota Pekanbaru,"Jl. Swakarya No.14c, Kelurahan Tuah Karya, Kecamatan Tuah madani, Pekanbaru City, Riau 28293",TRUE,TRUE,FALSE,0.463586,101.380787,https://www.google.com/maps/place/SPPG+TUAH+MADANI/data=!4m7!3m6!1s0x31d5a9005a629443:0x7132ea1e11f624f3!8m2!3d0.4635856!4d101.3807869!16s%2Fg%2F11n9g1087h!19sChIJQ5RiWgCp1TER8yT2ER7qMnE?authuser=0&hl=id&g_ep=EgoyMDI2MDkxNi4wIJJjKgBIAVAD&rclk=1,,
SPPG KULIM MENTANGOR 002,,Kulim,Kota Pekanbaru,"Kulim, Kota Pekanbaru",FALSE,FALSE,FALSE,0.486891,101.550657,https://www.google.com/maps/place/SPPG+Kulim+Mentangor+002/data=!4m7!3m6!1s0x6a4846fcf41c5d69:0x2c7b9d732720c5e3!8m2!3d0.486891!4d101.5506566!16s%2Fg%2F11y_5qh3xw!19sChIJaV0c9PxGSGoR48UgJ3Odeyw?authuser=0&hl=id&g_ep=EgoyMDI2MDkxNi4wIJJjKgBIAVAD&rclk=1,,
DAPUR MBG - SPPG KAPAU SARI,Riau,Kulim,Kota Pekanbaru,"Jl. Kapau Sari No.46, Kelurahan Pematang Kapau, Kulim, Pekanbaru City, Riau 28131",TRUE,TRUE,FALSE,0.484776,101.495359,https://www.google.com/maps/place/Dapur+MBG+-+SPPG+Kapau+Sari/data=!4m7!3m6!1s0x31d5af004370e89f:0xb60cca11cbdb43bd!8m2!3d0.4847758!4d101.4953592!16s%2Fg%2F11yvx1nmxs!19sChIJn-hwQwCv1TERvUPbyxHKDLY?authuser=0&hl=id&g_ep=EgoyMDI2MDkxNi4wIJJjKgBIAVAD&rclk=1,,
SPPG TRI SAUDARA,Riau,Ujung Batu,Rokan Hulu,"Jl. Mangga I No.123, Ngaso, Kec. Ujung Batu, Kabupaten Rokan Hulu, Riau 28557",FALSE,FALSE,FALSE,0.712949655,100.534333,https://www.google.com/maps/place/SPPG+TRI+SAUDARA/data=!4m7!3m6!1s0x302b2d004e8f5475:0xa4a13e7eddeeeda!8m2!3d0.7129282!4d100.5343974!16s%2Fg%2F11yxqsx7hn!19sChIJdVSPTgAtKzAR2u7e7ecTSgo?authuser=0&hl=id&g_ep=EgoyMDI2MDkxNi4wIJJjKgBIAVAD&rclk=1,,
SPPG JAKBAR PAL MERAH SLIPI 1,DKI Jakarta,Palmerah,Jakarta Barat,"Jl. K.S. Tubun, RT.1/RW.1, Slipi, Kec. Palmerah, Kota Jakarta Barat, Daerah Khusus Ibukota Jakarta 11410",FALSE,TRUE,TRUE,-6.190832,106.805201,"https://www.google.com/maps/place/Kec.+Pagaran+Tapah+Darussalam,+Kabupaten+Rokan+Hulu,+Riau/@0.7667715,100.6062375,12z/data=!3m1!4b1!4m6!3m5!1s0x302b32c51abd5041:0xa8300cfb029dc224!8m2!3d0.7283569!4d100.5525793!16s%2Fg%2F12345rg5?hl=id&entry=ttu&g_ep=EgoyMDI2MDkxNi4wIKXMDSoASAFQAw%3D%3D",,
SPPG MAMUJU BINANGA2,Sulawesi Barat,Mamuju,Mamuju,"Jl. Pattalundru No.48, Binanga, Mamuju, Mamuju Regency, West Sulawesi 91511",FALSE,TRUE,TRUE,-2.679244,118.894115,https://www.google.com/maps/place/SPPG+Mamuju+Binanga2/data=!4m7!3m6!1s0x2d92d9004531c8c5:0x3efc86f377485084!8m2!3d-2.6792443!4d118.8941146!16s%2Fg%2F11nvf0jz6m!19sChIJxcgxRQDZki0RhFBId_OG_D4?authuser=0&hl=id&g_ep=EgoyMDI2MDkxNi4wIJJjKgBIAVAD&rclk=1,,
SPPG MAMUJU KALUKKU KALUKKU 2,,Kalukku,Mamuju,"C3W4+GPP, Kalukku, Kec. Kalukku, Kabupaten Mamuju, Sulawesi Barat 91561",FALSE,FALSE,FALSE,-2.553551,119.056906,https://www.google.com/maps/place/SPPG+MAMUJU+KALUKKU+KALUKKU+2/data=!4m7!3m6!1s0x2679285ebee8763d:0xe41f96d8265c6f48!8m2!3d-2.5975634!4d119.1034175!16s%2Fg%2F11zcglg9tn!19sChIJPXbovl4oeSYRSG9cJtiWH-Q?authuser=0&hl=id&g_ep=EgoyMDI2MDkxNi4wIJJjKgBIAVAD&rclk=1,,
SPPG SARUDU 1,Sulawesi Barat,Sarudu,Pasangkayu,"888R+VMW SPPG Sarudu 1, Bulu Mario, Sarudu, Pasangkayu, West Sulawesi 91573",FALSE,TRUE,TRUE,-1.682751,119.341712,https://www.google.com/maps/place/SPPG+Sarudu+1/data=!4m7!3m6!1s0x2d8d07002a943bf7:0xc58e6045ec79723a!8m2!3d-1.6827515!4d119.341712!16s%2Fg%2F11z7nx3jb1!19sChIJ9zuUKgAHjS0ROnJ57EVgjsU?authuser=0&hl=id&g_ep=EgoyMDI2MDkxNi4wIJJjKgBIAVAD&rclk=1,,
SPPG BAMBALAMOTU 02,Sulawesi Barat,Bambalamotu,Pasangkayu,"No.33BambalamotuKec, Jl. Poros Majene - Mamuju No.33, Bambalamotu, Pasangkayu, West Sulawesi 91574",FALSE,TRUE,TRUE,-1.083443,119.457918,https://www.google.com/maps/place/SPPG+Bambalamotu+02/data=!4m7!3m6!1s0x2d8c7f002843f793:0xdeb0c8eb556dc53a!8m2!3d-1.0834434!4d119.4579178!16s%2Fg%2F11npql7l3k!19sChIJk_dDKAB_jC0ROsVtVevIsN4?authuser=0&hl=id&g_ep=EgoyMDI2MDkxNi4wIJJjKgBIAVAD&rclk=1,,
SPPG TIKKEE PASANGKAYU,Sulawesi Barat,Pasangkayu,Majene,"R996+WGX SPPG Tikkee pasangkayu, Jalan Poros, Pasangkayu, majene, West Sulawesi 91574",FALSE,TRUE,TRUE,-1.180145,119.361356,https://www.google.com/maps/place/SPPG+Tikkee+pasangkayu/data=!4m7!3m6!1s0x2d8c87003b820c75:0x4fd511c846e86808!8m2!3d-1.1801449!4d119.3613563!16s%2Fg%2F11z7lzncp_!19sChIJdQyCOwCHjC0RCGjoRsgR1U8?authuser=0&hl=id&g_ep=EgoyMDI2MDkxNi4wIJJjKgBIAVAD&rclk=1,,
SPPG POLMAN POLEWALI TAKATIDUNG 1,Sulawesi Barat,Polewali,Polewali Mandar,"H8JF+2HC SPPG POLMAN POLEWALI TAKATIDUNG 1, Jl. H. A Jl. H. Andi Depu, Takatidung, Kec. Polewali, Prov, Sulawesi Barat 91311",TRUE,TRUE,FALSE,-3.419932,119.323903,https://www.google.com/maps/place/SPPG+POLMAN+POLEWALI+TAKATIDUNG+1/data=!4m7!3m6!1s0x2d948f002b258a03:0x8d4f9c395180f4ae!8m2!3d-3.4199323!4d119.3239029!16s%2Fg%2F11zd90grjj!19sChIJA4olKwCPlC0RrvSAUTmcT40?authuser=0&hl=id&g_ep=EgoyMDI2MDkxNi4wIJJjKgBIAVAD&rclk=1,,
SPPG POLRI POLRES POLMAN,Sulawesi Barat,Wonomulyo,Polewali Mandar,"J63F+P7V SPPG POLRI POLRES POLMAN, Jl. H. Abdullah Umar, Sumberejo, Wonomulyo, Polewali Mandar Regency, West Sulawesi 91352",FALSE,TRUE,TRUE,-3.395649,119.223186,https://www.google.com/maps/place/SPPG+POLRI+POLRES+POLMAN/data=!4m7!3m6!1s0x2d949b0059e5010d:0x5461cd6735ea13fd!8m2!3d-3.3956488!4d119.2231865!16s%2Fg%2F11zhlb_8jw!19sChIJDQHlWQCblC0R_RPqNWfNYVQ?authuser=0&hl=id&g_ep=EgoyMDI2MDkxNi4wIJJjKgBIAVAD&rclk=1,,
SPPG BATARA LABAKKANG,Sulawesi Selatan,Labakkang,Pangkajene Kepulauan,"6H7P+VP5 SPPG BATARA LABAKKANG, Jl. Poros Batiling, Batara, Labakkang, Pangkajene and Islands Regency, South Sulawesi 90616",FALSE,TRUE,FALSE,-4.785351,119.586844,https://www.google.com/maps/place/SPPG+BATARA+LABAKKANG/data=!4m7!3m6!1s0x2dbe4f007b1ffe89:0xbbab4bddce1562af!8m2!3d-4.7853506!4d119.5868445!16s%2Fg%2F11njcvdym8!19sChIJif4fewBPvi0Rr2IVzt1Lq7s?authuser=0&hl=id&g_ep=EgoyMDI2MDkxNi4wIJJjKgBIAVAD&rclk=1,,
SPPG SUMPANG BINANGAE,Sulawesi Selatan,Barru,Barru,"HJW3+JFH SPPG SUMPANG BINANGAE, Sumpang Binangae, Barru, Barru Regency, South Sulawesi 90712",FALSE,TRUE,TRUE,-4.403437,119.603747,https://www.google.com/maps/place/SPPG+SUMPANG+BINANGAE/data=!4m7!3m6!1s0x2dbe27000d68798d:0xe8e9b5989b044e53!8m2!3d-4.4034369!4d119.6037467!16s%2Fg%2F11zkx26vfw!19sChIJjXloDQAnvi0RU04Em5i16eg?authuser=0&hl=id&g_ep=EgoyMDI2MDkxNi4wIJJjKgBIAVAD&rclk=1,,
SPPG COPPO 2,Sulawesi Selatan,Barru,Barru,"Jl. H. A. Iskandar Unru, Coppo, Barru, Barru Regency, South Sulawesi 90712",FALSE,TRUE,TRUE,-4.414344,119.616435,https://www.google.com/maps/place/SPPG+COPPO+2/data=!4m7!3m6!1s0x2dbe270027c30de1:0x970a83afdc035aaf!8m2!3d-4.4143442!4d119.6164347!16s%2Fg%2F11y0ygv26q!19sChIJ4Q3DJwAnvi0Rr1oD3K-DCpc?authuser=0&hl=id&g_ep=EgoyMDI2MDkxNi4wIJJjKgBIAVAD&rclk=1,,
SPPG BONE DUA BOCCOE MATAJANG,Sulawesi Selatan,Dua Boccoe,Bone,"Rilau, RT./RW/RW.001/001, Matajang, Dua Boccoe, Bone Regency, South Sulawesi 92753",FALSE,TRUE,TRUE,-4.280019,120.209978,https://www.google.com/maps/place/SPPG+Bone+Dua+Boccoe+Matajang/data=!4m7!3m6!1s0x2d96071a52199173:0x4ec3921a7a4156fc!8m2!3d-4.2800188!4d120.2099777!16s%2Fg%2F11z0_p57mt!19sChIJc5EZUhoHli0R_FZBehqSw04?authuser=0&hl=id&g_ep=EgoyMDI2MDkxNi4wIJJjKgBIAVAD&rclk=1,,
SPPG GANTARANG 01,Sulawesi Barat,Polewali,Bulukumba,"F57W+6CM SPPG GANTARANG 01, Jl. Kusuma Bangsa, Polewali, Gantarang, Bulukumba Regency, South Sulawesi 92561",FALSE,TRUE,TRUE,-5.53691,120.196059,https://www.google.com/maps/place/SPPG+GANTARANG+01/data=!4m7!3m6!1s0x2dbc010014085e69:0xae79caa88ad2a9c2!8m2!3d-5.5369104!4d120.1960586!16s%2Fg%2F11yhh4zl1f!19sChIJaV4IFAABvC0RwqnSiqjKea4?authuser=0&hl=id&g_ep=EgoyMDI2MDkxNi4wIJJjKgBIAVAD&rclk=1,,
SPPG ENREKANG ANGGERAJA BUBUN LAMBA,Sulawesi Selatan,Anggeraja,Enrekang,"JQ7X+27G SPPG Enrekang Anggeraja Bubun Lamba, Bubun Lamba, Anggeraja, Enrekang Regency, South Sulawesi 91752",FALSE,TRUE,TRUE,-3.387429,119.798204,https://www.google.com/maps/place/SPPG+Enrekang+Anggeraja+Bubun+Lamba/data=!4m7!3m6!1s0x2d940d0002ad0f53:0xcc0447252acdeeb!8m2!3d-3.387429!4d119.7982038!16s%2Fg%2F11njmjc8_6!19sChIJUw-tAgANlC0R696sUnJEwAw?authuser=0&hl=id&g_ep=EgoyMDI2MDkxNi4wIJJjKgBIAVAD&rclk=1,,
SPPG ENREKANG MAIWA BANGKALA 3,Sulawesi Selatan,Enrekang,Enrekang,"Jl. WR. Monginsidi, Bangkala, Maiwa, Enrekang Regency, South Sulawesi 91761",FALSE,TRUE,TRUE,-3.742114,119.872565,https://www.google.com/maps/place/SPPG+ENREKANG+MAIWA+BANGKALA+3/data=!4m7!3m6!1s0x2d9437e868994b55:0x76263e724a18b22c!8m2!3d-3.7421143!4d119.872565!16s%2Fg%2F11z8k0wwqx!19sChIJVUuZaOg3lC0RLLIYSnI-JnY?authuser=0&hl=id&g_ep=EgoyMDI2MDkxNi4wIJJjKgBIAVAD&rclk=1,,
DAPUR MBG,Sulawesi Selatan,Enrekang,Enrekang,"Jl pendidikan No.11, Dusun Paje, Parinding, Baraka, Enrekang Regency, South Sulawesi 91753",FALSE,TRUE,TRUE,-3.451084,119.857185,https://www.google.com/maps/place/Dusun+pasongken/data=!4m7!3m6!1s0x2d941100291f8b91:0xdd219614aa64c470!8m2!3d-3.4319781!4d119.9278283!16s%2Fg%2F11nhblmtvw!19sChIJkYsfKQARlC0RcMRkqhSWId0?authuser=0&hl=id&g_ep=EgoyMDI2MDkxNi4wIJJjKgBIAVAD&rclk=1,,
DAPUR SPPG TAENG,Sulawesi Selatan,Alla,Gowa,"RC2H+X2H Dapur SPPG Taeng, Taeng, Pallangga, Gowa Regency, South Sulawesi 90224",FALSE,TRUE,TRUE,-5.197567,119.427622,https://www.google.com/maps/place/Dapur+SPPG+Taeng/data=!4m7!3m6!1s0x2dbee3000a6dd56f:0xa99b210e42d71dad!8m2!3d-5.1975668!4d119.4276223!16s%2Fg%2F11x90x1tp8!19sChIJb9VtCgDjvi0RrR3XQg4hm6k?authuser=0&hl=id&g_ep=EgoyMDI2MDkxNi4wIJJjKgBIAVAD&rclk=1,,
SPPG GOWA BONTOMARANNU BONTOMANAI,Sulawesi Selatan,Bontomarannu,Gowa,"Jl. Likukang, Bontomanai, Bontomarannu, Gowa Regency, South Sulawesi 92171",FALSE,TRUE,TRUE,-5.23398,119.510602,https://www.google.com/maps/place/SPPG+GOWA+BONTOMARANNU+BONTOMANAI/data=!4m7!3m6!1s0x2dbee1000b1549d5:0x407795b24459a2c0!8m2!3d-5.2339801!4d119.5106022!16s%2Fg%2F11njrx37xb!19sChIJ1UkVCwDhvi0RwKJZRLKVd0A?authuser=0&hl=id&g_ep=EgoyMDI2MDkxNi4wIJJjKgBIAVAD&rclk=1,,
SPPG ROMANGPOLONG,Sulawesi Selatan,Somba Opu,Gowa,"QGW7+4VH SPPG Romangpolong, Jl. Desa Sailong, Romangpolong, Somba Opu, Gowa Regency, South Sulawesi 92171",FALSE,TRUE,TRUE,-5.204613,119.514782,https://www.google.com/maps/place/SPPG+Romangpolong/data=!4m7!3m6!1s0x2dbee50078e9d7af:0x323e133f1eef36dd!8m2!3d-5.2046135!4d119.5147822!16s%2Fg%2F11yq1d8ynz!19sChIJr9fpeADlvi0R3TbvHj8TPjI?authuser=0&hl=id&g_ep=EgoyMDI2MDkxNi4wIJJjKgBIAVAD&rclk=1,,
SPPG PATTALLASSANG BORONGPALALA TIMBUSENG,,,,,FALSE,FALSE,FALSE,-5.330119,119.697896,https://www.google.com/maps/place/SPPG+PATTALLASSANG+BORONGPALA%27LA+TIMBUSENG/data=!4m7!3m6!1s0x287cd4c41f2eb7e7:0xd5320021e592d62!8m2!3d-5.330119!4d119.6978965!16s%2Fg%2F11ynsy31m8!19sChIJ57cuH8TUfCgRYi1ZHgIgUw0?authuser=0&hl=id&g_ep=EgoyMDI2MDkxNi4wIJJjKgBIAVAD&rclk=1,,
SPPG BABAKANSARI,Banten,Purwakarta,Purwakarta,"Kp. Cipadali, RT.02/RW.02, Babakansari, Plered, Purwakarta Regency, West Java 41162",FALSE,TRUE,TRUE,-6.640318,107.391595,https://www.google.com/maps/place/Sppg+Babakansari/data=!4m7!3m6!1s0x2e69050030113613:0xbfd3a571e260c622!8m2!3d-6.640318!4d107.3915951!16s%2Fg%2F11z4mb_1d5!19sChIJEzYRMAAFaS4RIsZg4nGl078?authuser=0&hl=id&g_ep=EgoyMDI2MDkxNi4wIJJjKgBIAVAD&rclk=1,,
SPPG KEP. SELAYAR BENTENG BENTENG SELATAN,Kepulauan Riau,Selayar,Lingga,"Jl. Jend. Ahmad Yani No.48, South Benteng, Benteng, Selayar Islands Regency, South Sulawesi 92812",FALSE,TRUE,FALSE,-6.126307,120.464415,https://www.google.com/maps/place/SPPG+KEP.+SELAYAR+BENTENG+BENTENG+SELATAN/data=!4m7!3m6!1s0x2dba35000883fb1b:0x73f47b35a17fde35!8m2!3d-6.1263065!4d120.4644147!16s%2Fg%2F11zb568tnr!19sChIJG_uDCAA1ui0RNd5_oTV79HM?authuser=0&hl=id&g_ep=EgoyMDI2MDkxNi4wIJJjKgBIAVAD&rclk=1,,
SPPG PASIMASUNGGU TIMUR,Sulawesi Selatan,Pasimasunggu Timur,Kepulauan Selayar,"WPCX+77X SPPG Pasimasunggu Timur, Bontobulaeng, Pasimassunggu Timur, Selayar Islands Regency, South Sulawesi 92861",FALSE,TRUE,FALSE,-7.079258,120.748233,"https://www.google.com/maps/place/SPPG+Pasimasunggu+Timur/@-7.0792579,120.7482334,17z/data=!3m1!4b1!4m6!3m5!1s0x2db0f10017db1069:0xca5a78fa0d69c86e!8m2!3d-7.0792579!4d120.7482334!16s%2Fg%2F11x08hyvlz?hl=id&entry=ttu&g_ep=EgoyMDI2MDkxNi4wIKXMDSoASAFQAw%3D%3D",,
SPPG MANGGALA BANGKALA 1 KOTA MAKASSAR,Sulawesi Selatan,Bangkala,Kota Makassar,"RF9M+J9W SPPG Manggala Bangkala 1 Kota Makassar, Tamangapa, Manggala, Makassar City, South Sulawesi 90235",FALSE,TRUE,TRUE,-5.181036,119.483198,https://www.google.com/maps/place/SPPG+Manggala+Bangkala+1+Kota+Makassar/data=!4m7!3m6!1s0x2dbee3006c913647:0x9aa50a58f4cb9e65!8m2!3d-5.1810355!4d119.4831982!16s%2Fg%2F11x1ff7p5w!19sChIJRzaRbADjvi0RZZ7L9FgKpZo?authuser=0&hl=id&g_ep=EgoyMDI2MDkxNi4wIJJjKgBIAVAD&rclk=1,,
SPPG KOPTU HARUN,Sulawesi Selatan,Ujung Tanah,Kota Makassar,"VCP9+J7G SPPG KOPTU HARUN, Jl. Koptu Harun, Totaka, Ujung Tanah, Makassar City, South Sulawesi",FALSE,TRUE,FALSE,-5.113444,119.418197,https://www.google.com/maps/place/SPPG+KOPTU+HARUN/data=!4m7!3m6!1s0x2dbefd005f3c175b:0x6e368527ef17e823!8m2!3d-5.1134441!4d119.4181967!16s%2Fg%2F11zcgrmxn8!19sChIJWxc8XwD9vi0RI-gX7yeFNm4?authuser=0&hl=id&g_ep=EgoyMDI2MDkxNi4wIJJjKgBIAVAD&rclk=1,,
SPPG TANJUNG MERDEKA 3,Sulawesi Selatan,Tamalate,Kota Makassar,"Jl. Gontang Raya No.15, Tanjung Merdeka, Tamalate, Makassar City, South Sulawesi 90224",FALSE,TRUE,FALSE,-5.184306,119.399306,https://www.google.com/maps/place/SPPG+TANJUNG+MERDEKA+3/data=!4m7!3m6!1s0x2dbf1d0002b8a30f:0x5229469898952e74!8m2!3d-5.1843064!4d119.3993064!16s%2Fg%2F11njs0w5wy!19sChIJD6O4AgAdvy0RdC6VmJhGKVI?authuser=0&hl=id&g_ep=EgoyMDI2MDkxNi4wIJJjKgBIAVAD&rclk=1,,
SPPG TANJUNG MERDEKA 2,Sulawesi Selatan,Makassar,Kota Makassar,"Jl. Gontang Raya, Tanjung Merdeka, Tamalate, Makassar City, South Sulawesi 90225",FALSE,TRUE,FALSE,-5.185232,119.400396,https://www.google.com/maps/place/SPPG+TANJUNG+MERDEKA+2/data=!4m7!3m6!1s0x2dbf1d42535c1653:0xba72cf9c4ba7d284!8m2!3d-5.1852318!4d119.4003959!16s%2Fg%2F11yn7h1v5r!19sChIJUxZcU0Idvy0RhNKnS5zPcro?authuser=0&hl=id&g_ep=EgoyMDI2MDkxNi4wIJJjKgBIAVAD&rclk=1,,
SPPG WAJO TEMPE MADDUKELLENG,Sulawesi Selatan,Tempe,Wajo,"V22X+J5M SPPG Wajo Tempe Maddukelleng, Jl. Kartika Chandra Kirana, Maddukelleng, Tempe, Wajo Regency, South Sulawesi 90911",FALSE,TRUE,TRUE,-4.148416,120.047915,https://www.google.com/maps/place/SPPG+Wajo+Tempe+Maddukelleng/data=!4m7!3m6!1s0x2d95e7001fd6a9fd:0xd5fb2ecf5cfc50a4!8m2!3d-4.1484165!4d120.0479155!16s%2Fg%2F11njcvrff6!19sChIJ_anWHwDnlS0RpFD8XM8u-9U?authuser=0&hl=id&g_ep=EgoyMDI2MDkxNi4wIJJjKgBIAVAD&rclk=1,,
SPPG PANAKKUKANG PANDANG,Sulawesi Selatan,Panakkukang,Kota Makassar,"RFR2+RQX SPPG PANAKKUKANG PANDANG, Mas No. 1, Jl. Meranti, Pandang, Panakkukang, Makassar City, South Sulawesi 90231",FALSE,TRUE,FALSE,-5.15788,119.451999,https://www.google.com/maps/place/SPPG+PANAKKUKANG+PANDANG/data=!4m7!3m6!1s0x2dbee30009a8314b:0x14d0cbb2d197e2bd!8m2!3d-5.1578802!4d119.4519994!16s%2Fg%2F11nj07grw2!19sChIJSzGoCQDjvi0RveKX0bLL0BQ?authuser=0&hl=id&g_ep=EgoyMDI2MDkxNi4wIJJjKgBIAVAD&rclk=1,,
SPPG PARANTAMBUNG,Sulawesi Selatan,Makassar,Kota Makassar,"Jl. Daeng Kuling No.8, Parang Tambung, Tamalate, Makassar City, South Sulawesi 90224",FALSE,TRUE,FALSE,-5.191803,119.420043,https://www.google.com/maps/place/SPPG+Parantambung/data=!4m7!3m6!1s0x2dbee30009305065:0x5bfa7216042d00d4!8m2!3d-5.1918029!4d119.4200433!16s%2Fg%2F11xzt42vcn!19sChIJZVAwCQDjvi0R1AAtBBZy-ls?authuser=0&hl=id&g_ep=EgoyMDI2MDkxNi4wIJJjKgBIAVAD&rclk=1,,
SPPG TAMALATE MAKASSAR (YCI),Sulawesi Selatan,Makassar,Kota Makassar,"Jl. Traktor IV No.4, Mangasa, Tamalate, Makassar City, South Sulawesi 90221",FALSE,TRUE,FALSE,-5.182108,119.432261,https://www.google.com/maps/place/SPPG+Tamalate+Makassar+%28YCI%29/data=!4m7!3m6!1s0x2dbee300585d3e69:0x9b8b1cb4add9c3d0!8m2!3d-5.182108!4d119.4322614!16s%2Fg%2F11m6b7s07m!19sChIJaT5dWADjvi0R0MPZrbQci5s?authuser=0&hl=id&g_ep=EgoyMDI2MDkxNi4wIJJjKgBIAVAD&rclk=1,,
SPPG UNHAS TAMALANREA 9,Sulawesi Selatan,Tamalanrea,Kota Makassar,"Jl. Perintis Kemerdekaan No.KM.10, Tamalanrea Indah, Tamalanrea, Makassar City, South Sulawesi 90245",FALSE,TRUE,FALSE,-5.138269,119.490404,https://www.google.com/maps/place/SPPG+Unhas+Tamalanrea+9/data=!4m7!3m6!1s0x2dbefd001de04105:0x82727f532281ac55!8m2!3d-5.1382694!4d119.4904043!16s%2Fg%2F11z8s84f0m!19sChIJBUHgHQD9vi0RVayBIlN_coI?authuser=0&hl=id&g_ep=EgoyMDI2MDkxNi4wIJJjKgBIAVAD&rclk=1,,
"SPPG TAMALANREA 3, KEC. TAMALANREA, KOTA MAKASSAR",Sulawesi Selatan,Tamalanrea,Kota Makassar,"Jl. Poros Jl. Bumi Tamalanrea Permai No.28 Blok AA, Tamalanrea, Makassar City, South Sulawesi 90245",FALSE,TRUE,FALSE,-5.138734,119.519093,"https://www.google.com/maps/place/Kantor+Kecamatan+Kepulauan+Sangkarrang/@-5.0478364,119.3297481,17z/data=!3m1!4b1!4m6!3m5!1s0x2dbf01e7ccc1122b:0x93b1abc3912973d0!8m2!3d-5.0478364!4d119.3297481!16s%2Fg%2F11hz2ykwg1?hl=id&entry=ttu&g_ep=EgoyMDI2MDkxNi4wIKXMDSoASAFQAw%3D%3D",,
SPPG MANGGALA BANGKALA 2,Sulawesi Selatan,Bangkala,Bangka,"Jl. Sipil Raya, Bangkala, Manggala, Makassar City, South Sulawesi 90234",FALSE,TRUE,TRUE,-5.173282,119.480519,https://www.google.com/maps/place/SPPG+Manggala+Bangkala+2/data=!4m7!3m6!1s0x2dbee33975fe2163:0xbf7df5bb9823f038!8m2!3d-5.1732824!4d119.4805192!16s%2Fg%2F11mz2db3nx!19sChIJYyH-dTnjvi0ROPAjmLv1fb8?authuser=0&hl=id&g_ep=EgoyMDI2MDkxNi4wIJJjKgBIAVAD&rclk=1,,
SPPG BARA TOBULUNG 01,Nusa Tenggara Timur,Tobu,Timor Tengah Selatan,"Jl. Dr. Ratulangi, Tobulung, North Wara, Palopo City, South Sulawesi 91958",FALSE,TRUE,FALSE,-2.944797,120.183689,https://www.google.com/maps/place/SPPG+BARA+TOBULUNG+01/data=!4m7!3m6!1s0x2d91610001d0ad4f:0xd78f77b2040eb0b5!8m2!3d-2.9447968!4d120.1836889!16s%2Fg%2F11zbbt81_1!19sChIJT63QAQBhkS0RtbAOBLJ3j9c?authuser=0&hl=id&g_ep=EgoyMDI2MDkxNi4wIJJjKgBIAVAD&rclk=1,,
"SPPG LUMINDA, WARA UTARA, KOTA PALOPO.",Sulawesi Selatan,Wara Utara,Kota Palopo,"253P+M5M SPPG LUMINDA, WARA UTARA, KOTA PALOPO., Jl. KHM Kasim, Pattene, North Wara, Palopo City, South Sulawesi 91913",FALSE,TRUE,TRUE,-2.995796,120.185432,"https://www.google.com/maps/place/SPPG+LUMINDA,+WARA+UTARA,+KOTA+PALOPO./data=!4m7!3m6!1s0x2d915f0027c75ae3:0x374add8913252813!8m2!3d-2.9957961!4d120.1854321!16s%2Fg%2F11mzphkq5j!19sChIJ41rHJwBfkS0REyglE4ndSjc?authuser=0&hl=id&g_ep=EgoyMDI2MDkxNi4wIJJjKgBIAVAD&rclk=1",,
SPPG KOTA PAREPARE BACUKIKI BARAT SUMPANG MINANGAE,Sulawesi Selatan,Bacukiki Barat,Parepare Bacukiki Barat Sumpang Minangae,"XJ3G+JGG SPPG Kota Parepare Bacukiki Barat Sumpang Minangae, Jl. Salo Karajae, Sumpang Minangae, Bacukiki Barat, Parepare, South Sulawesi 91123",FALSE,TRUE,TRUE,-4.045954,119.626145,https://www.google.com/maps/place/SPPG+Kota+Parepare+Bacukiki+Barat+Sumpang+Minangae/data=!4m7!3m6!1s0x2d95bd000ac8a769:0x655c4974511b923f!8m2!3d-4.0459538!4d119.6261453!16s%2Fg%2F11z24cc6z4!19sChIJaafICgC9lS0RP5IbUXRJXGU?authuser=0&hl=id&g_ep=EgoyMDI2MDkxNi4wIJJjKgBIAVAD&rclk=1,,
SPPG UJUNG LAPADDE,Sulawesi Selatan,Ujung,Kota Pare Pare,"Jl. Lagaligo No.119, Lapadde, Ujung, Parepare, South Sulawesi 91112",FALSE,TRUE,FALSE,-3.99502,119.652324,https://www.google.com/maps/place/SPPG+UJUNG+LAPADDE/data=!4m7!3m6!1s0x2d95bb003f24c131:0xc06614a0761d6b0!8m2!3d-3.9950205!4d119.652324!16s%2Fg%2F11nr4ftb5d!19sChIJMcEkPwC7lS0RsNZhB0phBgw?authuser=0&hl=id&g_ep=EgoyMDI2MDkxNi4wIJJjKgBIAVAD&rclk=1,,
SPPG LUWU TIMUR TOWUTI WAWONDULA,Sulawesi Selatan,Towuti,Luwu,"Jl. Terong No.10, Wawondula, Towuti, East Luwu Regency, South Sulawesi 92982",FALSE,TRUE,TRUE,-2.637886,121.371565,https://www.google.com/maps/place/SPPG+LUWU+TIMUR+TOWUTI+WAWONDULA/data=!4m7!3m6!1s0x2d90630051bdff9b:0xbfea65ee37f13062!8m2!3d-2.637886!4d121.3715653!16s%2Fg%2F11z73x9p0y!19sChIJm_-9UQBjkC0RYjDxN-5l6r8?authuser=0&hl=id&g_ep=EgoyMDI2MDkxNi4wIJJjKgBIAVAD&rclk=1,,
SPPG LUWU TIMUR MANGKUTANA MARGOLEMBO,Sulawesi Selatan,Mangkutana,Luwu Timur,"GRP7+MG3 SPPG Luwu Timur Mangkutana Margolembo, Panca Karsa, Mangkutana, East Luwu Regency, South Sulawesi 92972",FALSE,TRUE,TRUE,-2.463351,120.813784,https://www.google.com/maps/place/SPPG+Luwu+Timur+Mangkutana+Margolembo/data=!4m7!3m6!1s0x2d91b3004bde4421:0xb453b2340085d27f!8m2!3d-2.4633511!4d120.8137839!16s%2Fg%2F11njgz9gph!19sChIJIUTeSwCzkS0Rf9KFADSyU7Q?authuser=0&hl=id&g_ep=EgoyMDI2MDkxNi4wIJJjKgBIAVAD&rclk=1,,
SPPG NUHA-LUWU TIMUR,Riau,Nuha,Luwu Timut,"Jl. Tanah Merah No.01, Sorowako, Nuha, East Luwu Regency, South Sulawesi 92983",FALSE,TRUE,TRUE,-2.52465,121.3639,https://www.google.com/maps/place/Kantor+Desa+Kalaena/data=!4m7!3m6!1s0x2d90550060839c23:0x10ea6995af2739a1!8m2!3d-2.5922417!4d120.9002934!16s%2Fg%2F11vxmylc0r!19sChIJI5yDYABVkC0RoTknr5Vp6hA?authuser=0&hl=id&g_ep=EgoyMDI2MDkxNi4wIJJjKgBIAVAD&rclk=1,,
SPPG BONE TUA - MASAMBA 002,Sulawesi Selatan,Masamba,Luwu Utara,"Jl. Lkr. Selatan No.2, Kasimbong, Masamba, North Luwu Regency, South Sulawesi 92915",FALSE,TRUE,TRUE,-2.564971,120.331447,https://www.google.com/maps/place/SPPG+BONE+TUA+-+MASAMBA+002/data=!4m7!3m6!1s0x2d91857d87a85e69:0xe97974b0bd8e3b17!8m2!3d-2.5649706!4d120.3314469!16s%2Fg%2F11ywmgs57c!19sChIJaV6oh32FkS0RFzuOvbB0eek?authuser=0&hl=id&g_ep=EgoyMDI2MDkxNi4wIJJjKgBIAVAD&rclk=1,,
SPPG MAROS MANDAI BONTOA 2,Sulawesi Selatan,Mandai,Maros,"WHV4+PJR SPPG Maros Mandai Bontoa 2, Bontoa, Mandai, Maros Regency, South Sulawesi 90552",FALSE,TRUE,TRUE,-5.055637,119.556515,https://www.google.com/maps/place/SPPG+Maros+Mandai+Bontoa+2/data=!4m7!3m6!1s0x2dbef9007d674e7f:0x417def22791a0f3e!8m2!3d-5.0556373!4d119.5565147!16s%2Fg%2F11ynv9tbxp!19sChIJf05nfQD5vi0RPg8aeSLvfUE?authuser=0&hl=id&g_ep=EgoyMDI2MDkxNi4wIJJjKgBIAVAD&rclk=1,,
SPPG MONCONGLOE LAPPARA,Sulawesi Selatan,Moncong Loe,Maros,"RGQ4+C82 SPPG Moncongloe Lappara, Jl. Ayah Syekh Yusuf, Moncongloe Lappara, Moncong Loe, Maros Regency, South Sulawesi 90562",FALSE,TRUE,TRUE,-5.161497,119.50578,https://www.google.com/maps/place/SPPG+Moncongloe+Lappara/data=!4m7!3m6!1s0x2dbee30036561335:0x1e187caa2c6ee888!8m2!3d-5.1614973!4d119.5057801!16s%2Fg%2F11njsd6b17!19sChIJNRNWNgDjvi0RiOhuLKp8GB4?authuser=0&hl=id&g_ep=EgoyMDI2MDkxNi4wIJJjKgBIAVAD&rclk=1,,
SPPG LEMBANG TADDOKONG,Sulawesi Selatan,Lembang,Pinrang,"FG5J+P2R SPPG Lembang Taddokong, Taddokong, Lembang, Pinrang Regency, South Sulawesi 91254",FALSE,TRUE,TRUE,-3.540279,119.530209,https://www.google.com/maps/place/SPPG+Lembang+Taddokong/data=!4m7!3m6!1s0x2d94670016adfeb5:0xb6076cc728b42c6!8m2!3d-3.5402787!4d119.530209!16s%2Fg%2F11y_pt7pyj!19sChIJtf6tFgBnlC0RxkKLcsx2YAs?authuser=0&hl=id&g_ep=EgoyMDI2MDkxNi4wIJJjKgBIAVAD&rclk=1,,
SPPG DUAMPANUA DATA,Sulawesi Selatan,Duampanua,Pinrang,"9GJQ+R35 SPPG Duampanua Data, Jl. Poros Pinrang - Polman, Data, Duampanua, Pinrang Regency, South Sulawesi 91253",FALSE,TRUE,TRUE,-3.617999,119.537735,https://www.google.com/maps/place/SPPG+Duampanua+Data/data=!4m7!3m6!1s0x2d945b0018d9a7cd:0xa1f9b1a1da3a1213!8m2!3d-3.6179988!4d119.5377355!16s%2Fg%2F11mlgzd5rf!19sChIJzafZGABblC0RExI62qGx-aE?authuser=0&hl=id&g_ep=EgoyMDI2MDkxNi4wIJJjKgBIAVAD&rclk=1,,
SPPG LAUTANG BENTENG,Sulawesi Selatan,Maritengngae,Sidenreng Rappang,"3R82+9JM SPPG LAUTANG BENTENG, Lautang Benteng, Maritengngae, Sidenreng Rappang Regency, South Sulawesi 91611",FALSE,TRUE,TRUE,-3.934138,119.801886,https://www.google.com/maps/place/SPPG+LAUTANG+BENTENG/data=!4m7!3m6!1s0x2d95c9007ae4d44f:0x3b5f0dfe4a22685b!8m2!3d-3.9341383!4d119.8018857!16s%2Fg%2F11zbj7q13j!19sChIJT9TkegDJlS0RW2giSv4NXzs?authuser=0&hl=id&g_ep=EgoyMDI2MDkxNi4wIJJjKgBIAVAD&rclk=1,,
SPPG SUMPANG MANGO PITU RIAWA SIDRAP,,Pitu Riawa,Sidenreng Rappang,"Pitu Riawa, Sidenreng Rappang",FALSE,FALSE,FALSE,-3.899074,119.936488,https://www.google.com/maps/place/SPPG+SUMPANG+MANGO+PITU+RIAWA+SIDRAP/data=!4m7!3m6!1s0x87ffc3001bd58e73:0x11aaa5fc238b6c3e!8m2!3d-3.8990739!4d119.9364885!16s%2Fg%2F11n42g0mxr!19sChIJc47VGwDD_4cRPmyLI_ylqhE?authuser=0&hl=id&g_ep=EgoyMDI2MDkxNi4wIJJjKgBIAVAD&rclk=1,,
SPPG YAYASAN MALOMO PANCA LAUTANG,Sulawesi Selatan,Panca Lautang,Sidenreng Rappang,"XR29+2G2 SPPG YAYASAN MALOMO PANCA LAUTANG, Corawali, Panca Lautang, Sidenreng Rappang Regency, South Sulawesi 91672",FALSE,TRUE,TRUE,-4.049536,119.819033,https://www.google.com/maps/place/SPPG+YAYASAN+MALOMO+PANCA+LAUTANG/data=!4m7!3m6!1s0x2d95c10017893c9b:0x28e69bfd7072d9f4!8m2!3d-4.049536!4d119.819033!16s%2Fg%2F11yf4bjcfp!19sChIJmzyJFwDBlS0R9NlycP2b5ig?authuser=0&hl=id&g_ep=EgoyMDI2MDkxNi4wIJJjKgBIAVAD&rclk=1,,
SPPG WATANG PULU,Sulawesi Selatan,Watang Pulu,Sidenreng Rappang,"4Q72+PG8 SPPG Watang Pulu, Jl. Poros Pare-Pare - Rappang Rappang - Bangkae, Ciro-Ciroe, Watang Pulu, Sidenreng Rappang Regency, South Sulawesi 91661",FALSE,TRUE,TRUE,-3.885707,119.751338,https://www.google.com/maps/place/SPPG+Watang+Pulu/data=!4m7!3m6!1s0x2d95b500668bb2e1:0xfcb88f9ec730e69d!8m2!3d-3.8857072!4d119.7513382!16s%2Fg%2F11x2k91_tv!19sChIJ4bKLZgC1lS0RneYwx56PuPw?authuser=0&hl=id&g_ep=EgoyMDI2MDkxNi4wIJJjKgBIAVAD&rclk=1,,
SPPG SINJAI SINJAI TIMUR SALOHE,Sulawesi Selatan,Sinjai Timur,Sinjai,"R6GF+WM9 SPPG SINJAI SINJAI TIMUR SALOHE, Salohe, Sinjai Timur, Sinjai Regency, South Sulawesi 92671",FALSE,TRUE,TRUE,-5.173199,120.22396,https://www.google.com/maps/place/SPPG+SINJAI+SINJAI+TIMUR+SALOHE/data=!4m7!3m6!1s0x2dbc27005ee24d03:0x26ea1308ad80f696!8m2!3d-5.1731993!4d120.2239596!16s%2Fg%2F11z78sqmlz!19sChIJA03iXgAnvC0RlvaArQgT6iY?authuser=0&hl=id&g_ep=EgoyMDI2MDkxNi4wIJJjKgBIAVAD&rclk=1,,
SPPG LALABATA,Sulawesi Selatan,Lalabata,Soppeng,"Jl. Kemakmuran No.191, Lemba, Lalabata, Soppeng Regency, South Sulawesi 90811",FALSE,TRUE,TRUE,-4.355305,119.887656,https://www.google.com/maps/place/SPPG+Lalabata/data=!4m7!3m6!1s0x2d95f7006b83733b:0xb204e2f27991a5ac!8m2!3d-4.3553054!4d119.8876559!16s%2Fg%2F11ydtm_xy1!19sChIJO3ODawD3lS0RrKWRefLiBLI?authuser=0&hl=id&g_ep=EgoyMDI2MDkxNi4wIJJjKgBIAVAD&rclk=1,,
SPPG BONTOLEBANG 2,Sulawesi Selatan,Galesong Utara,Takalar,"P9XP+576 SPPG BONTOLEBANG 2, Bontolebang, Galesong Utara, Takalar Regency, South Sulawesi 92255",FALSE,TRUE,TRUE,-5.252096,119.385655,https://www.google.com/maps/place/SPPG+BONTOLEBANG+2/data=!4m7!3m6!1s0x2dbf1f003d7f0671:0x5406368287fb7e9c!8m2!3d-5.2520964!4d119.3856551!16s%2Fg%2F11mt7g18r3!19sChIJcQZ_PQAfvy0RnH77h4I2BlQ?authuser=0&hl=id&g_ep=EgoyMDI2MDkxNi4wIJJjKgBIAVAD&rclk=1,,
SPPG BOTANG,Sulawesi Selatan,Makale,Tana Toraja,"VVG6+HJ6 SPPG Botang, Botang, Makale, Tana Toraja Regency, South Sulawesi 91811",FALSE,TRUE,TRUE,-3.123582,119.861517,https://www.google.com/maps/place/SPPG+Botang/data=!4m7!3m6!1s0x2d93f3004a9b9755:0x3bd42deb5760b330!8m2!3d-3.1235818!4d119.8615174!16s%2Fg%2F11yzvwd7cg!19sChIJVZebSgDzky0RMLNgV-st1Ds?authuser=0&hl=id&g_ep=EgoyMDI2MDkxNi4wIJJjKgBIAVAD&rclk=1,,
SPPG TANA TORAJA REMBON REMBON,,Rembon,Tana Toraja,"Rembon, Tana Toraja",FALSE,FALSE,FALSE,-3.112369,119.773584,https://www.google.com/maps/place/SPPG+TANA+TORAJA+REMBON+REMBON/data=!4m7!3m6!1s0x2393d2f61765f79:0x2c61e14d8ed523b7!8m2!3d-3.112369!4d119.773584!16s%2Fg%2F11zbhj30r5!19sChIJeV92YS89OQIRtyPVjk3hYSw?authuser=0&hl=id&g_ep=EgoyMDI2MDkxNi4wIJJjKgBIAVAD&rclk=1,,
SPPG BUNTAO TONGKONAN BASSE,Sulawesi Selatan,Rantebua,Toraja Utara,"XXFH+RRX SPPG BUNTAO TONGKONAN BASSE, Jl. Poros, Bokin, Rantebua, North Toraja Regency, South Sulawesi 91853",FALSE,TRUE,FALSE,-3.025247,119.97927,https://www.google.com/maps/place/SPPG+BUNTAO%27+TONGKONAN+BASSE/data=!4m7!3m6!1s0x2d93e7006cd3b5a3:0x81d252841716ccd7!8m2!3d-3.0252466!4d119.9792698!16s%2Fg%2F11zwzn7mzx!19sChIJo7XTbADnky0R18wWF4RS0oE?authuser=0&hl=id&g_ep=EgoyMDI2MDkxNi4wIJJjKgBIAVAD&rclk=1,,
SPPG WAJO TEMPE ATAKKAE 3,Sulawesi Selatan,Tempe,Wajo,"LINGKUNGAN BOLATELLUE, Attakkae, Tempe, Wajo Regency, South Sulawesi 90914",FALSE,TRUE,TRUE,-4.137649,120.040523,https://www.google.com/maps/place/SPPG+WAJO+TEMPE+ATAKKAE+3/data=!4m7!3m6!1s0x2d95e7ef862dabed:0xe4861485bf76fce2!8m2!3d-4.137649!4d120.0405228!16s%2Fg%2F11z0_cm537!19sChIJ7asthu_nlS0R4vx2v4UUhuQ?authuser=0&hl=id&g_ep=EgoyMDI2MDkxNi4wIJJjKgBIAVAD&rclk=1,,
SPPG - PELING TENGAH,Sulawesi Tengah,Peling Tengah,Banggai,"H59P+F8C SPPG - Peling Tengah, Patukuki, Peling Tengah, Banggai Islands Regency, Central Sulawesi 94883",FALSE,TRUE,TRUE,-1.431307,123.185752,https://www.google.com/maps/place/Kantor+Camat+Moilong/data=!4m7!3m6!1s0x2d845371e3a2a103:0x9d9be776e0281015!8m2!3d-1.4424278!4d122.4046764!16s%2Fg%2F11ghy8wy8p!19sChIJA6Gi43FThC0RFRAo4Hbnm50?authuser=0&hl=id&g_ep=EgoyMDI2MDkxNi4wIJJjKgBIAVAD&rclk=1,,
SPPG BONEBALANTAK BATUI SELATAN,Sulawesi Tengah,Batui Selatan,Banggai,"JCJX+X8F SPPG BONEBALANTAK BATUI SELATAN, Jalan trans Batui - Toili, Bone Balantak, Batui Selatan, Banggai Regency, Central Sulawesi 94762",FALSE,TRUE,TRUE,-1.367554,122.448301,https://www.google.com/maps/place/Polsek+Batui/data=!4m7!3m6!1s0x2d84380aba223b67:0x5fc8ae0e4b41d225!8m2!3d-1.28046!4d122.5524574!16s%2Fg%2F11cjkpzpr0!19sChIJZzsiugo4hC0RJdJBSw6uyF8?authuser=0&hl=id&g_ep=EgoyMDI2MDkxNi4wIJJjKgBIAVAD&rclk=1,,
SPPG HUNDUHON,Sulawesi Tengah,Banggai,Banggai,"42H8+GQ2 SPPG Hunduhon, Hunduhon, East Luwuk, Banggai Regency, Central Sulawesi 94723",FALSE,TRUE,TRUE,-0.871053,123.016954,https://www.google.com/maps/place/SPPG+Hunduhon/data=!4m7!3m6!1s0x2d86b300241cfe25:0x9c3bd23da15975c3!8m2!3d-0.8710534!4d123.0169536!16s%2Fg%2F11nv19qkl8!19sChIJJf4cJACzhi0Rw3VZoT3SO5w?authuser=0&hl=id&g_ep=EgoyMDI2MDkxNi4wIJJjKgBIAVAD&rclk=1,,
SPPG BUKO,Sulawesi Tengah,Banggai,Banggai Laut,"Jl. Kampis No.8, Tataba, Kec. Buko, Kabupaten Banggai Kepulauan, Sulawesi Tengah 94881",TRUE,TRUE,FALSE,-1.295338,122.825496,https://www.google.com/maps/place/SPPG+Buko/data=!4m7!3m6!1s0x2d846d00439f4c67:0x5852ad0be26f253!8m2!3d-1.2953312!4d122.8255747!16s%2Fg%2F11yqs3tgl3!19sChIJZ0yfQwBthC0RU_ImvtAqhQU?authuser=0&hl=id&g_ep=EgoyMDI2MDkxNi4wIJJjKgBIAVAD&rclk=1,,
SPPG TINANGKUNG SALAKAN,Sulawesi Tengah,Tinangkung,Banggai,"Jl. Trans Peling, Salakan, Tinangkung, Banggai Islands Regency, Central Sulawesi 94885",FALSE,TRUE,TRUE,-1.307065,123.300494,"https://www.google.com/maps/place/SPPG+TINANGKUNG+SALAKAN/@-1.3070653,123.3004941,17z/data=!3m1!4b1!4m6!3m5!1s0x2d8393dd0deb5b75:0xc4bf6bc7f250f858!8m2!3d-1.3070653!4d123.3004941!16s%2Fg%2F11yrm_tm5g?hl=id&entry=ttu&g_ep=EgoyMDI2MDkxNi4wIKXMDSoASAFQAw%3D%3D",,
SPPG DODUNG,Sulawesi Tengah,Banggai,Banggai Laut,"CF8X+W25 SPPG Dodung, Jl. R Tadja, Dodung, Banggai, Banggai Laut, Central Sulawesi 94891",FALSE,TRUE,TRUE,-1.582578,123.497408,https://www.google.com/maps/place/SPPG+Dodung/data=!4m7!3m6!1s0x2d830b00083a54bf:0xb069fa79ba0c2297!8m2!3d-1.5825776!4d123.497408!16s%2Fg%2F11zf8fj2_5!19sChIJv1Q6CAALgy0RlyIMunn6abA?authuser=0&hl=id&g_ep=EgoyMDI2MDkxNi4wIJJjKgBIAVAD&rclk=1,,
SPPG LOMPIO 1 BATARA ALHIJAZ,Sulawesi Tengah,Banggai,Banggai Laut,"Jl. Pattimura No.35, Lompio, Banggai, Banggai Laut, Central Sulawesi 94891",FALSE,TRUE,TRUE,-1.59277,123.502011,https://www.google.com/maps/place/SPPG+Lompio+1+Batara+Alhijaz/data=!4m7!3m6!1s0x2d830b003063df5d:0xe1e8138569bdab32!8m2!3d-1.5927698!4d123.5020113!16s%2Fg%2F11zx5cnw3x!19sChIJXd9jMAALgy0RMqu9aYUT6OE?authuser=0&hl=id&g_ep=EgoyMDI2MDkxNi4wIJJjKgBIAVAD&rclk=1,,
SPPG TOBOLI BARAT,Sulawesi Tengah,Parigi Utara,Parigi Moutong,"Parigi Utara, Parigi Moutong",FALSE,FALSE,FALSE,-0.721814,120.056125,https://www.google.com/maps/place/SPPG+Toboli+Barat/data=!4m7!3m6!1s0x40bb93434d0453e3:0x60d6ba266d483f6f!8m2!3d-0.7218145!4d120.056125!16s%2Fg%2F11zd9dwqvs!19sChIJ41METUOTu0ARbz9IbSa61mA?authuser=0&hl=id&g_ep=EgoyMDI2MDkxNi4wIJJjKgBIAVAD&rclk=1,,
SPPG TAMBU,Sulawesi Tengah,Balaesang,Donggala,"WWH2+X32, Tovia Tambu, Kec. Balaesang, Kabupaten Donggala, Sulawesi Tengah 94355",FALSE,FALSE,FALSE,-0.080465,119.892979,"https://www.google.com/maps/place/Kantor+Kecamatan+Balaesang+Tanjung/@-0.1228887,119.6867206,17z/data=!3m1!4b1!4m6!3m5!1s0x2d8a71880b91f4bf:0xae2a1d8e6241a82a!8m2!3d-0.1228887!4d119.6867206!16s%2Fg%2F11h_y_rp5v?hl=id&entry=ttu&g_ep=EgoyMDI2MDkxNi4wIKXMDSoASAFQAw%3D%3D",,
SPPG RESIFA GELATIK,Sulawesi Tengah,Palu Selatan,Kota Palu,"Jl. Merak Lrg. I No.41, Birobuli Utara, Palu Selatan, Palu City, Central Sulawesi 94111",FALSE,TRUE,FALSE,-0.916592,119.894854,https://www.google.com/maps/place/SPPG+Resifa+Gelatik/data=!4m7!3m6!1s0x2d8bef003cfc69a5:0xedc74d8e0ce2239!8m2!3d-0.9165924!4d119.8948543!16s%2Fg%2F11zkg3f0pw!19sChIJpWn8PADviy0ROSLO4Nh03A4?authuser=0&hl=id&g_ep=EgoyMDI2MDkxNi4wIJJjKgBIAVAD&rclk=1,,
SPPG RAJAMOILI SEHATI,Sulawesi Tengah,Palu Timur,Kota Palu,"Jl. Rajamoili II No.1, Besusu Barat, Palu Timur, Palu City, Central Sulawesi 94112",FALSE,TRUE,FALSE,-0.886293,119.864728,https://www.google.com/maps/place/SPPG+Rajamoili+Sehati/data=!4m7!3m6!1s0x2d8bed00620bf5fb:0xf7154b9bc46aac4!8m2!3d-0.8862928!4d119.8647284!16s%2Fg%2F11z082476k!19sChIJ-_ULYgDtiy0RxKpGvLlUcQ8?authuser=0&hl=id&g_ep=EgoyMDI2MDkxNi4wIJJjKgBIAVAD&rclk=1,,
SPPG KOTA PALU MANTIKULORE TALISE 2,Sulawesi Tengah,Mantikulore,Kota Palu,"dekat STQ, Jl. Soekarno Hatta, Talise, Mantikulore, Palu City, Central Sulawesi 94118",FALSE,TRUE,FALSE,-0.872804,119.887552,https://www.google.com/maps/place/Sppg+Kota+Palu+Mantikulore+Talise+2/data=!4m7!3m6!1s0x2d8bef0fe1285ef7:0x4dd761a3f1307fa6!8m2!3d-0.8728044!4d119.8875518!16s%2Fg%2F11y02zfry1!19sChIJ914o4Q_viy0Rpn8w8aNh100?authuser=0&hl=id&g_ep=EgoyMDI2MDkxNi4wIJJjKgBIAVAD&rclk=1,,
SPPG PALU TIMUR 003,Sulawesi Tengah,Palu Timur,Kota Palu,"Jl. Otista No.76 D, Besusu Timur, Palu Timur, Palu City, Central Sulawesi 94111",FALSE,TRUE,FALSE,-0.893704,119.885059,https://www.google.com/maps/place/SPPG+PALU+TIMUR+003/data=!4m7!3m6!1s0x2d8befc8b941f0fb:0xeaa09d43be6dfc7f!8m2!3d-0.8937043!4d119.8850595!16s%2Fg%2F11mr_hrysl!19sChIJ-_BBucjviy0Rf_xtvkOdoOo?authuser=0&hl=id&g_ep=EgoyMDI2MDkxNi4wIJJjKgBIAVAD&rclk=1,,
SPPG BIROBULI UTARA 2,Sulawesi Tengah,Palu Selatan,Kota Palu,"3VFV+GCR SPPG BIROBULI UTARA 2, Jl. Kijang Utara VII, Birobuli Utara, Palu Selatan, Palu City, Central Sulawesi 94111",FALSE,TRUE,FALSE,-0.926186,119.893525,https://www.google.com/maps/place/SPPG+BIROBULI+UTARA+2/data=!4m7!3m6!1s0x2d8bf1005fc8f753:0xf5a9ce1f86da02b8!8m2!3d-0.9261859!4d119.8935249!16s%2Fg%2F11zcfhywq5!19sChIJU_fIXwDxiy0RuALahh_OqfU?authuser=0&hl=id&g_ep=EgoyMDI2MDkxNi4wIJJjKgBIAVAD&rclk=1,,
SPPG YAYASAN TARE KARSA NUSANTARA SATUAN PELAYANAN PEMENUHAN GIZI PALUPI TATANGA,Sulawesi Tengah,Tatanga,Kota Palu,"3VF4+2M9 SPPG Yayasan Tare Karsa Nusantara Satuan Pelayanan Pemenuhan Gizi Palupi Tatanga, Jl. Pue Bongo II, Palupi, Tatanga, Palu City, Central Sulawesi 94222",FALSE,TRUE,FALSE,-0.927475,119.856722,https://www.google.com/maps/place/SPPG+Yayasan+Tare+Karsa+Nusantara+Satuan+Pelayanan+Pemenuhan+Gizi+Palupi+Tatanga/data=!4m7!3m6!1s0x2d8bf300441eaa59:0x54f462673160b7ab!8m2!3d-0.9274747!4d119.856722!16s%2Fg%2F11x_18k38q!19sChIJWaoeRADziy0Rq7dgMWdi9FQ?authuser=0&hl=id&g_ep=EgoyMDI2MDkxNi4wIJJjKgBIAVAD&rclk=1,,
SPPG BUMIRAYA,Sulawesi Tengah,Bumi Raya,Morowali,"QM8F+Q6X SPPG BUMIRAYA, Pebatae, Bumi Raya, Morowali Regency, Central Sulawesi 94976",FALSE,TRUE,TRUE,-2.23301,121.673116,https://www.google.com/maps/place/SPPG+BUMIRAYA/data=!4m7!3m6!1s0x2d9aa7006bbd8f05:0x83d44b3683d9194b!8m2!3d-2.2330098!4d121.6731156!16s%2Fg%2F11njzp_w05!19sChIJBY-9awCnmi0RSxnZgzZL1IM?authuser=0&hl=id&g_ep=EgoyMDI2MDkxNi4wIJJjKgBIAVAD&rclk=1,,
SPPG POLRI POLRES KONUT,Sulawesi Tenggara,Wiwirano,Konawe Utara,"P575+RX3 SPPG POLRI POLRES KONUT, Hialu Utama (Upt. Hialu II), Wiwirano, North Konawe Regency, South East Sulawesi 93353",FALSE,TRUE,TRUE,-3.28614,122.160487,https://www.google.com/maps/place/SPPG+POLRI+POLRES+KONUT/data=!4m7!3m6!1s0x2d998f003371bdd3:0x364357ac5b7bb23e!8m2!3d-3.28614!4d122.160487!16s%2Fg%2F11y_v71d7f!19sChIJ071xMwCPmS0RPrJ7W6xXQzY?authuser=0&hl=id&g_ep=EgoyMDI2MDkxNi4wIJJjKgBIAVAD&rclk=1,,
KARYA KASIH (SPPG TOMADO LINDU),Sulawesi Tengah,Lindu,Kota Palu,"Tomado, Kec. Lindu, Palu, Sulawesi Tengah 94363",TRUE,TRUE,FALSE,-1.33016,120.048585,https://www.google.com/maps/place/Karya+Kasih+%28SPPG+TOMADO+LINDU%29/data=!4m7!3m6!1s0x2d8c232545e6fb57:0x350a3694d7682fc2!8m2!3d-1.3301602!4d120.0485851!16s%2Fg%2F11mlcz1trc!19sChIJV_vmRSUjjC0Rwi9o15Q2CjU?authuser=0&hl=id&g_ep=EgoyMDI2MDkxNi4wIJJjKgBIAVAD&rclk=1,,
SPPG SIGI GUMBASA PAKULI,Sulawesi Tengah,Gumbasa,Sigi,"QW6V+63G SPPG Sigi Gumbasa Pakuli, Jl. Poros Palu - Kulawi, Pulu City, Gumbasa, Sigi Regency, Central Sulawesi 94361",FALSE,TRUE,TRUE,-1.239435,119.942696,https://www.google.com/maps/place/SPPG+Sigi+Gumbasa+Pakuli/data=!4m7!3m6!1s0x2d8c1100568e61b9:0xc3fc089d87d8dd80!8m2!3d-1.2394349!4d119.9426962!16s%2Fg%2F11y_ybyzfd!19sChIJuWGOVgARjC0RgN3Yh50I_MM?authuser=0&hl=id&g_ep=EgoyMDI2MDkxNi4wIJJjKgBIAVAD&rclk=1,,
SPPG LOLU SIGI BIROMARU,Sulawesi Tengah,Sigi Biromaru,Sigi,"2WQ8+WGJ SPPG LOLU SIGI BIROMARU, Jl. Lasoso, Lolu, Sigi Biromaru, Sigi Regency, Central Sulawesi 94231",FALSE,TRUE,TRUE,-0.960314,119.916562,https://www.google.com/maps/place/SPPG+LOLU+SIGI+BIROMARU/data=!4m7!3m6!1s0x2d8bf1001e084c9d:0x17d8671f3211b8c!8m2!3d-0.9603136!4d119.9165617!16s%2Fg%2F11ms5df4_s!19sChIJnUwIHgDxiy0RjBsh83GGfQE?authuser=0&hl=id&g_ep=EgoyMDI2MDkxNi4wIJJjKgBIAVAD&rclk=1,,
KARYA KASIH (SPPG DOMBU MARAWOLA BARAT),Sulawesi Tengah,Marawola Barat,Kota Palu,"Dombu, Kec. Marawola Barat, Palu, Sulawesi Tengah 94226",TRUE,TRUE,FALSE,-0.958292,119.784675,https://www.google.com/maps/place/Kec.+Walea+Kepulauan/data=!4m7!3m6!1s0x2d87bb7215180e25:0xaa230538b3a05de9!8m2!3d-0.330267!4d122.0947725!16s%2Fg%2F12269c9z!19sChIJJQ4YFXK7hy0R6V2gszgFI6o?authuser=0&hl=id&g_ep=EgoyMDI2MDkxNi4wIJJjKgBIAVAD&rclk=1,,
